result,table,time,controller,site,power_factor_avg,units,current_l1,current_l2,current_l3,volts_l1_n,volts_l2_n,volts_l3_n,power_total
_result,2,2025-10-30 08:15:14+00:00,E0107,wach,,V,,,,232.8,230.6,232.8,
_result,0,2025-10-30 08:15:15+00:00,E0107,wach,0.75,,,,,,,,
_result,0,2025-10-30 08:16:26+00:00,E0107,wach,0.75,,,,,,,,
_result,1,2025-10-30 08:21:16+00:00,E0107,wach,,A,4.55,3.97,,,,,
_result,0,2025-10-30 08:21:17+00:00,E0107,wach,0.75,,,,,,,,
_result,0,2025-10-30 08:25:48+00:00,E0107,wach,0.75,,,,,,,,
_result,1,2025-10-30 08:30:47+00:00,E0107,wach,,A,4.56,3.97,4.25,,,,
_result,0,2025-10-30 08:30:48+00:00,E0107,wach,0.75,,,,,,,,
_result,0,2025-10-30 08:35:49+00:00,E0107,wach,0.75,,,,,,,,
_result,1,2025-10-30 08:40:46+00:00,E0107,wach,,A,4.56,3.97,4.24,,,,
_result,0,2025-10-30 08:40:47+00:00,E0107,wach,0.75,,,,,,,,
_result,0,2025-10-30 08:45:48+00:00,E0107,wach,0.75,,,,,,,,
_result,1,2025-10-30 08:50:47+00:00,E0107,wach,,A,4.56,3.96,4.24,,,,
_result,0,2025-10-30 08:50:48+00:00,E0107,wach,0.75,,,,,,,,
_result,1,2025-10-30 08:55:53+00:00,E0107,wach,,A,4.56,3.96,4.24,,,,
_result,0,2025-10-30 08:55:54+00:00,E0107,wach,0.75,,,,,,,,
_result,1,2025-10-30 09:00:50+00:00,E0107,wach,,A,4.57,3.98,4.26,,,,
_result,0,2025-10-30 09:00:51+00:00,E0107,wach,0.75,,,,,,,,
_result,1,2025-10-30 09:05:47+00:00,E0107,wach,,A,4.58,3.99,4.27,,,,
_result,0,2025-10-30 09:05:48+00:00,E0107,wach,0.75,,,,,,,,
_result,1,2025-10-30 09:10:50+00:00,E0107,wach,,A,4.58,3.99,4.27,,,,
_result,0,2025-10-30 09:10:51+00:00,E0107,wach,0.75,,,,,,,,
_result,1,2025-10-30 09:15:52+00:00,E0107,wach,,A,4.58,3.99,4.27,,,,
_result,0,2025-10-30 09:15:53+00:00,E0107,wach,0.75,,,,,,,,
_result,1,2025-10-30 09:21:43+00:00,E0107,wach,,A,4.58,3.98,4.26,,,,
_result,0,2025-10-30 09:21:44+00:00,E0107,wach,0.75,,,,,,,,
_result,2,2025-10-30 09:31:43+00:00,E0107,wach,,V,,,,235.4,,,
_result,0,2025-10-30 09:31:44+00:00,E0107,wach,0.75,,,,,,,,
_result,2,2025-10-30 09:35:48+00:00,E0107,wach,,V,,,,236.0,,,
_result,2,2025-10-30 09:35:55+00:00,E0107,wach,,V,,,,,234.1,,
_result,2,2025-10-30 09:35:58+00:00,E0107,wach,,V,,,,,,236.4,
_result,1,2025-10-30 09:36:07+00:00,E0107,wach,,A,4.6,4.01,4.3,,,,
_result,0,2025-10-30 09:36:08+00:00,E0107,wach,0.75,,,,,,,,
_result,2,2025-10-30 09:40:46+00:00,E0107,wach,,V,,,,236.0,,,
_result,0,2025-10-30 09:40:47+00:00,E0107,wach,0.74,,,,,,,,
_result,1,2025-10-30 09:45:50+00:00,E0107,wach,,A,4.62,4.01,4.31,,,,
_result,0,2025-10-30 09:45:51+00:00,E0107,wach,0.74,,,,,,,,
_result,1,2025-10-30 09:51:01+00:00,E0107,wach,,A,4.6,4.01,4.29,,,,
_result,0,2025-10-30 09:51:02+00:00,E0107,wach,0.74,,,,,,,,
_result,1,2025-10-30 09:55:49+00:00,E0107,wach,,A,4.61,4.02,4.3,,,,
_result,0,2025-10-30 09:55:50+00:00,E0107,wach,0.74,,,,,,,,
_result,1,2025-10-30 10:00:50+00:00,E0107,wach,,A,4.61,4.02,4.3,,,,
_result,0,2025-10-30 10:00:51+00:00,E0107,wach,0.74,,,,,,,,
_result,1,2025-10-30 10:05:47+00:00,E0107,wach,,A,4.63,4.03,4.32,,,,
_result,0,2025-10-30 10:05:48+00:00,E0107,wach,0.74,,,,,,,,
_result,0,2025-10-30 10:10:49+00:00,E0107,wach,0.73,,,,,,,,
_result,1,2025-10-30 10:15:50+00:00,E0107,wach,,A,4.64,4.03,4.33,,,,
_result,3,2025-10-30 10:15:51+00:00,E0107,wach,,kW,,,,,,,2.26957
_result,0,2025-10-30 10:15:52+00:00,E0107,wach,0.73,,,,,,,,
_result,1,2025-10-30 10:20:49+00:00,E0107,wach,,A,4.64,4.03,4.33,,,,
_result,0,2025-10-30 10:20:50+00:00,E0107,wach,0.73,,,,,,,,
_result,2,2025-10-30 10:25:49+00:00,E0107,wach,,V,,,,238.1,236.1,238.3,
_result,0,2025-10-30 10:25:50+00:00,E0107,wach,0.73,,,,,,,,
_result,0,2025-10-30 10:30:53+00:00,E0107,wach,0.74,,,,,,,,
_result,1,2025-10-30 10:35:49+00:00,E0107,wach,,A,4.65,4.03,4.34,,,,
_result,0,2025-10-30 10:35:50+00:00,E0107,wach,0.74,,,,,,,,
_result,2,2025-10-30 10:40:49+00:00,E0107,wach,,V,,,,238.1,,,
_result,2,2025-10-30 10:40:50+00:00,E0107,wach,,V,,,,,236.0,,
_result,2,2025-10-30 10:40:51+00:00,E0107,wach,,V,,,,,,238.4,
_result,0,2025-10-30 10:40:52+00:00,E0107,wach,0.74,,,,,,,,
_result,1,2025-10-30 10:45:54+00:00,E0107,wach,,A,4.64,4.03,4.34,,,,
_result,0,2025-10-30 10:45:55+00:00,E0107,wach,0.73,,,,,,,,
_result,1,2025-10-30 10:50:51+00:00,E0107,wach,,A,4.65,4.03,4.36,,,,
_result,0,2025-10-30 10:50:52+00:00,E0107,wach,0.73,,,,,,,,
_result,0,2025-10-30 10:55:47+00:00,E0107,wach,0.73,,,,,,,,
_result,2,2025-10-30 11:00:51+00:00,E0107,wach,,V,,,,238.4,236.4,238.7,
_result,0,2025-10-30 11:00:52+00:00,E0107,wach,0.73,,,,,,,,
_result,0,2025-10-30 11:05:53+00:00,E0107,wach,0.73,,,,,,,,
_result,1,2025-10-30 11:10:48+00:00,E0107,wach,,A,0.66,0.2,0.27,,,,
_result,0,2025-10-30 11:10:49+00:00,E0107,wach,0.9,,,,,,,,
_result,0,2025-10-30 11:15:49+00:00,E0107,wach,0.9,,,,,,,,
_result,1,2025-10-30 11:20:50+00:00,E0107,wach,,A,0.66,0.2,0.27,,,,
_result,0,2025-10-30 11:20:51+00:00,E0107,wach,0.9,,,,,,,,
_result,1,2025-10-30 11:25:50+00:00,E0107,wach,,A,0.66,0.2,0.26,,,,
_result,0,2025-10-30 11:25:51+00:00,E0107,wach,0.9,,,,,,,,
_result,2,2025-10-30 11:30:47+00:00,E0107,wach,,V,,,,238.9,236.9,239.5,
_result,0,2025-10-30 11:30:48+00:00,E0107,wach,0.9,,,,,,,,
_result,1,2025-10-30 11:35:48+00:00,E0107,wach,,A,0.66,0.2,0.26,,,,
_result,0,2025-10-30 11:35:49+00:00,E0107,wach,0.9,,,,,,,,
_result,1,2025-10-30 11:40:50+00:00,E0107,wach,,A,0.66,0.2,0.26,,,,
_result,0,2025-10-30 11:40:51+00:00,E0107,wach,0.9,,,,,,,,
_result,2,2025-10-30 11:45:50+00:00,E0107,wach,,V,,,,238.7,236.8,,
_result,1,2025-10-30 11:45:51+00:00,E0107,wach,,A,0.66,0.2,0.26,,,,
_result,0,2025-10-30 11:45:52+00:00,E0107,wach,0.9,,,,,,,,
_result,1,2025-10-30 11:50:48+00:00,E0107,wach,,A,0.66,0.2,0.26,,,,
_result,0,2025-10-30 11:50:49+00:00,E0107,wach,0.9,,,,,,,,
_result,0,2025-10-30 11:55:50+00:00,E0107,wach,0.9,,,,,,,,
_result,2,2025-10-30 12:00:52+00:00,E0107,wach,,V,,,,238.9,236.9,239.4,
_result,0,2025-10-30 12:00:53+00:00,E0107,wach,0.9,,,,,,,,
_result,2,2025-10-30 12:05:49+00:00,E0107,wach,,V,,,,238.9,236.9,,
_result,1,2025-10-30 12:05:50+00:00,E0107,wach,,A,0.66,0.2,0.26,,,,
_result,0,2025-10-30 12:05:51+00:00,E0107,wach,0.9,,,,,,,,
_result,1,2025-10-30 12:10:51+00:00,E0107,wach,,A,0.66,0.2,0.27,,,,
_result,0,2025-10-30 12:10:52+00:00,E0107,wach,0.9,,,,,,,,
_result,1,2025-10-30 12:15:51+00:00,E0107,wach,,A,0.66,0.2,0.26,,,,
_result,0,2025-10-30 12:15:52+00:00,E0107,wach,0.9,,,,,,,,
_result,2,2025-10-30 12:20:50+00:00,E0107,wach,,V,,,,238.9,236.2,238.4,
_result,0,2025-10-30 12:20:51+00:00,E0107,wach,0.9,,,,,,,,
_result,2,2025-10-30 12:26:02+00:00,E0107,wach,,V,,,,238.9,236.2,238.4,
_result,0,2025-10-30 12:26:03+00:00,E0107,wach,0.9,,,,,,,,
_result,1,2025-10-30 12:30:58+00:00,E0107,wach,,A,0.66,0.2,0.26,,,,
_result,0,2025-10-30 12:30:59+00:00,E0107,wach,0.9,,,,,,,,
_result,1,2025-10-30 12:35:47+00:00,E0107,wach,,A,0.66,0.2,0.27,,,,
_result,0,2025-10-30 12:35:48+00:00,E0107,wach,0.9,,,,,,,,
_result,0,2025-10-30 12:40:56+00:00,E0107,wach,0.9,,,,,,,,
_result,1,2025-10-30 12:45:46+00:00,E0107,wach,,A,0.66,0.2,0.27,,,,
_result,0,2025-10-30 12:45:47+00:00,E0107,wach,0.9,,,,,,,,
_result,0,2025-10-30 12:50:53+00:00,E0107,wach,0.9,,,,,,,,
_result,1,2025-10-30 12:55:58+00:00,E0107,wach,,A,0.66,0.2,0.27,,,,
_result,0,2025-10-30 12:56:00+00:00,E0107,wach,0.89,,,,,,,,
_result,1,2025-10-30 13:00:51+00:00,E0107,wach,,A,0.66,0.2,0.27,,,,
_result,0,2025-10-30 13:00:52+00:00,E0107,wach,0.89,,,,,,,,
_result,1,2025-10-30 13:05:50+00:00,E0107,wach,,A,0.66,,,,,,
_result,0,2025-10-30 13:05:51+00:00,E0107,wach,0.89,,,,,,,,
_result,1,2025-10-30 13:10:50+00:00,E0107,wach,,A,0.66,0.2,0.27,,,,
_result,0,2025-10-30 13:10:51+00:00,E0107,wach,0.89,,,,,,,,
_result,0,2025-10-30 13:15:52+00:00,E0107,wach,0.89,,,,,,,,
_result,1,2025-10-30 13:20:53+00:00,E0107,wach,,A,0.66,0.2,0.27,,,,
_result,0,2025-10-30 13:20:54+00:00,E0107,wach,0.89,,,,,,,,
_result,1,2025-10-30 13:25:51+00:00,E0107,wach,,A,0.66,0.2,,,,,
_result,0,2025-10-30 13:25:52+00:00,E0107,wach,0.89,,,,,,,,
_result,0,2025-10-30 13:30:54+00:00,E0107,wach,0.89,,,,,,,,
_result,0,2025-10-30 13:35:51+00:00,E0107,wach,0.89,,,,,,,,
_result,2,2025-10-30 13:40:55+00:00,E0107,wach,,V,,,,240.3,238.3,240.9,
_result,0,2025-10-30 13:40:56+00:00,E0107,wach,0.89,,,,,,,,
_result,1,2025-10-30 13:45:54+00:00,E0107,wach,,A,0.66,0.2,0.26,,,,
_result,0,2025-10-30 13:45:55+00:00,E0107,wach,0.9,,,,,,,,
_result,1,2025-10-30 13:50:53+00:00,E0107,wach,,A,0.66,,,,,,
_result,1,2025-10-30 13:50:54+00:00,E0107,wach,,A,,0.2,0.26,,,,
_result,0,2025-10-30 13:50:55+00:00,E0107,wach,0.9,,,,,,,,
_result,1,2025-10-30 13:55:59+00:00,E0107,wach,,A,0.66,0.2,0.26,,,,
_result,0,2025-10-30 13:56:01+00:00,E0107,wach,0.9,,,,,,,,
_result,1,2025-10-30 14:00:52+00:00,E0107,wach,,A,0.66,0.2,,,,,
_result,0,2025-10-30 14:00:53+00:00,E0107,wach,0.9,,,,,,,,
_result,2,2025-10-30 14:05:51+00:00,E0107,wach,,V,,,,237.3,235.1,237.9,
_result,1,2025-10-30 14:05:52+00:00,E0107,wach,,A,0.66,0.2,0.26,,,,
_result,0,2025-10-30 14:05:53+00:00,E0107,wach,0.9,,,,,,,,
_result,1,2025-10-30 14:10:53+00:00,E0107,wach,,A,0.66,,,,,,
_result,0,2025-10-30 14:10:54+00:00,E0107,wach,0.9,,,,,,,,
_result,1,2025-10-30 14:15:53+00:00,E0107,wach,,A,0.66,0.2,0.26,,,,
_result,0,2025-10-30 14:15:54+00:00,E0107,wach,0.9,,,,,,,,
_result,0,2025-10-30 14:20:53+00:00,E0107,wach,0.9,,,,,,,,
_result,1,2025-10-30 14:25:56+00:00,E0107,wach,,A,0.66,0.2,0.26,,,,
_result,0,2025-10-30 14:25:57+00:00,E0107,wach,0.9,,,,,,,,
_result,1,2025-10-30 14:30:51+00:00,E0107,wach,,A,0.66,0.2,0.26,,,,
_result,0,2025-10-30 14:30:52+00:00,E0107,wach,0.9,,,,,,,,
_result,0,2025-10-30 14:35:53+00:00,E0107,wach,0.9,,,,,,,,
_result,0,2025-10-30 14:40:52+00:00,E0107,wach,0.9,,,,,,,,
_result,1,2025-10-30 14:45:51+00:00,E0107,wach,,A,0.66,0.2,0.26,,,,
_result,0,2025-10-30 14:45:52+00:00,E0107,wach,0.9,,,,,,,,
_result,0,2025-10-30 14:50:54+00:00,E0107,wach,0.9,,,,,,,,
_result,1,2025-10-30 14:55:55+00:00,E0107,wach,,A,0.66,0.2,0.26,,,,
_result,0,2025-10-30 14:55:56+00:00,E0107,wach,0.9,,,,,,,,
_result,2,2025-10-30 15:00:50+00:00,E0107,wach,,V,,,,237.9,235.8,,
_result,1,2025-10-30 15:00:51+00:00,E0107,wach,,A,0.66,0.2,0.26,,,,
_result,0,2025-10-30 15:00:52+00:00,E0107,wach,0.9,,,,,,,,
_result,1,2025-10-30 15:05:50+00:00,E0107,wach,,A,0.66,0.2,0.26,,,,
_result,0,2025-10-30 15:05:51+00:00,E0107,wach,0.9,,,,,,,,
_result,1,2025-10-30 15:10:57+00:00,E0107,wach,,A,0.66,0.2,0.26,,,,
_result,0,2025-10-30 15:10:58+00:00,E0107,wach,0.9,,,,,,,,
_result,0,2025-10-30 15:15:50+00:00,E0107,wach,0.9,,,,,,,,
_result,1,2025-10-30 15:20:53+00:00,E0107,wach,,A,0.66,0.2,0.26,,,,
_result,0,2025-10-30 15:20:54+00:00,E0107,wach,0.9,,,,,,,,
_result,1,2025-10-30 15:25:50+00:00,E0107,wach,,A,0.66,0.2,0.26,,,,
_result,0,2025-10-30 15:25:51+00:00,E0107,wach,0.9,,,,,,,,
_result,2,2025-10-30 15:30:54+00:00,E0107,wach,,V,,,,239.1,237.0,239.7,
_result,0,2025-10-30 15:30:55+00:00,E0107,wach,0.9,,,,,,,,
_result,0,2025-10-30 15:35:55+00:00,E0107,wach,0.9,,,,,,,,
_result,0,2025-10-30 15:40:52+00:00,E0107,wach,0.9,,,,,,,,
_result,2,2025-10-30 15:45:49+00:00,E0107,wach,,V,,,,238.4,236.4,239.0,
_result,0,2025-10-30 15:45:50+00:00,E0107,wach,0.9,,,,,,,,
_result,1,2025-10-30 15:51:53+00:00,E0107,wach,,A,0.66,0.2,0.26,,,,
_result,0,2025-10-30 15:51:54+00:00,E0107,wach,0.9,,,,,,,,
_result,2,2025-10-30 15:55:48+00:00,E0107,wach,,V,,,,238.7,,,
_result,2,2025-10-30 15:55:49+00:00,E0107,wach,,V,,,,,236.6,239.3,
_result,1,2025-10-30 15:55:50+00:00,E0107,wach,,A,0.66,0.2,,,,,
_result,1,2025-10-30 15:55:51+00:00,E0107,wach,,A,,,0.26,,,,
_result,0,2025-10-30 15:55:52+00:00,E0107,wach,0.9,,,,,,,,
_result,1,2025-10-30 16:00:52+00:00,E0107,wach,,A,0.66,0.2,0.26,,,,
_result,0,2025-10-30 16:00:53+00:00,E0107,wach,0.9,,,,,,,,
_result,1,2025-10-30 16:05:52+00:00,E0107,wach,,A,0.66,0.2,0.26,,,,
_result,0,2025-10-30 16:05:53+00:00,E0107,wach,0.9,,,,,,,,
_result,1,2025-10-30 16:10:54+00:00,E0107,wach,,A,0.66,0.2,0.26,,,,
_result,0,2025-10-30 16:10:55+00:00,E0107,wach,0.9,,,,,,,,
_result,0,2025-10-30 16:15:52+00:00,E0107,wach,0.9,,,,,,,,
_result,2,2025-10-30 16:20:49+00:00,E0107,wach,,V,,,,238.9,236.9,,
_result,1,2025-10-30 16:20:50+00:00,E0107,wach,,A,0.66,0.2,0.26,,,,
_result,0,2025-10-30 16:20:51+00:00,E0107,wach,0.9,,,,,,,,
_result,1,2025-10-30 16:25:53+00:00,E0107,wach,,A,0.66,0.2,0.26,,,,
_result,0,2025-10-30 16:25:54+00:00,E0107,wach,0.9,,,,,,,,
_result,2,2025-10-30 16:30:50+00:00,E0107,wach,,V,,,,238.9,236.9,239.6,
_result,1,2025-10-30 16:30:51+00:00,E0107,wach,,A,0.66,0.2,0.26,,,,
_result,0,2025-10-30 16:30:52+00:00,E0107,wach,0.9,,,,,,,,
_result,0,2025-10-30 16:35:54+00:00,E0107,wach,0.9,,,,,,,,
_result,0,2025-10-30 16:40:54+00:00,E0107,wach,0.9,,,,,,,,
_result,0,2025-10-30 16:45:50+00:00,E0107,wach,0.9,,,,,,,,
_result,0,2025-10-30 16:50:53+00:00,E0107,wach,0.9,,,,,,,,
_result,2,2025-10-30 16:55:53+00:00,E0107,wach,,V,,,,239.9,237.7,240.4,
_result,0,2025-10-30 16:55:54+00:00,E0107,wach,0.9,,,,,,,,
_result,1,2025-10-30 17:00:54+00:00,E0107,wach,,A,0.66,0.2,0.27,,,,
_result,0,2025-10-30 17:00:55+00:00,E0107,wach,0.9,,,,,,,,
_result,1,2025-10-30 17:05:55+00:00,E0107,wach,,A,0.66,0.2,0.27,,,,
_result,0,2025-10-30 17:05:56+00:00,E0107,wach,0.89,,,,,,,,
_result,1,2025-10-30 17:10:54+00:00,E0107,wach,,A,0.66,0.2,0.27,,,,
_result,0,2025-10-30 17:10:55+00:00,E0107,wach,0.89,,,,,,,,
_result,2,2025-10-30 17:15:53+00:00,E0107,wach,,V,,,,237.0,234.9,237.4,
_result,0,2025-10-30 17:15:54+00:00,E0107,wach,0.9,,,,,,,,
_result,1,2025-10-30 17:20:51+00:00,E0107,wach,,A,0.66,0.2,0.26,,,,
_result,0,2025-10-30 17:20:52+00:00,E0107,wach,0.9,,,,,,,,
_result,0,2025-10-30 17:25:50+00:00,E0107,wach,0.9,,,,,,,,
_result,1,2025-10-30 17:30:52+00:00,E0107,wach,,A,0.66,0.2,,,,,
_result,0,2025-10-30 17:30:53+00:00,E0107,wach,0.9,,,,,,,,
_result,1,2025-10-30 17:35:53+00:00,E0107,wach,,A,0.66,0.2,0.26,,,,
_result,0,2025-10-30 17:35:54+00:00,E0107,wach,0.9,,,,,,,,
_result,1,2025-10-30 17:40:50+00:00,E0107,wach,,A,0.66,0.2,0.26,,,,
_result,0,2025-10-30 17:40:51+00:00,E0107,wach,0.9,,,,,,,,
_result,1,2025-10-30 17:46:03+00:00,E0107,wach,,A,0.66,0.2,0.26,,,,
_result,0,2025-10-30 17:46:04+00:00,E0107,wach,0.9,,,,,,,,
_result,1,2025-10-30 17:50:50+00:00,E0107,wach,,A,0.66,0.2,0.26,,,,
_result,0,2025-10-30 17:50:51+00:00,E0107,wach,0.9,,,,,,,,
_result,2,2025-10-30 17:55:53+00:00,E0107,wach,,V,,,,237.4,235.5,238.1,
_result,0,2025-10-30 17:55:54+00:00,E0107,wach,0.9,,,,,,,,
_result,2,2025-10-30 18:00:58+00:00,E0107,wach,,V,,,,237.2,,,
_result,0,2025-10-30 18:00:59+00:00,E0107,wach,0.9,,,,,,,,
_result,0,2025-10-30 18:05:53+00:00,E0107,wach,0.9,,,,,,,,
_result,0,2025-10-30 18:10:56+00:00,E0107,wach,0.9,,,,,,,,
_result,0,2025-10-30 18:15:53+00:00,E0107,wach,0.9,,,,,,,,
_result,1,2025-10-30 18:20:53+00:00,E0107,wach,,A,0.66,0.2,0.26,,,,
_result,0,2025-10-30 18:20:54+00:00,E0107,wach,0.9,,,,,,,,
_result,1,2025-10-30 18:25:54+00:00,E0107,wach,,A,0.66,0.2,0.26,,,,
_result,0,2025-10-30 18:25:55+00:00,E0107,wach,0.9,,,,,,,,
_result,0,2025-10-30 18:30:50+00:00,E0107,wach,0.9,,,,,,,,
_result,0,2025-10-30 18:35:55+00:00,E0107,wach,0.9,,,,,,,,
_result,0,2025-10-30 18:40:54+00:00,E0107,wach,0.9,,,,,,,,
_result,2,2025-10-30 18:46:14+00:00,E0107,wach,,V,,,,237.7,,,
_result,0,2025-10-30 18:46:15+00:00,E0107,wach,0.9,,,,,,,,
_result,1,2025-10-30 18:50:53+00:00,E0107,wach,,A,0.66,0.2,0.26,,,,
_result,0,2025-10-30 18:50:54+00:00,E0107,wach,0.9,,,,,,,,
_result,1,2025-10-30 18:55:52+00:00,E0107,wach,,A,0.66,0.2,0.26,,,,
_result,0,2025-10-30 18:55:53+00:00,E0107,wach,0.9,,,,,,,,
_result,0,2025-10-30 19:00:53+00:00,E0107,wach,0.9,,,,,,,,
_result,2,2025-10-30 19:05:51+00:00,E0107,wach,,V,,,,238.1,,,
_result,0,2025-10-30 19:05:52+00:00,E0107,wach,0.9,,,,,,,,
_result,0,2025-10-30 19:10:49+00:00,E0107,wach,0.9,,,,,,,,
_result,1,2025-10-30 19:15:54+00:00,E0107,wach,,A,0.66,0.2,0.26,,,,
_result,0,2025-10-30 19:15:55+00:00,E0107,wach,0.9,,,,,,,,
_result,0,2025-10-30 19:20:53+00:00,E0107,wach,0.9,,,,,,,,
_result,0,2025-10-30 19:25:53+00:00,E0107,wach,0.9,,,,,,,,
_result,1,2025-10-30 19:30:53+00:00,E0107,wach,,A,0.66,0.2,0.26,,,,
_result,0,2025-10-30 19:30:54+00:00,E0107,wach,0.9,,,,,,,,
_result,2,2025-10-30 19:35:54+00:00,E0107,wach,,V,,,,238.3,236.3,,
_result,0,2025-10-30 19:35:55+00:00,E0107,wach,0.9,,,,,,,,
_result,0,2025-10-30 19:40:52+00:00,E0107,wach,0.9,,,,,,,,
_result,0,2025-10-30 19:45:55+00:00,E0107,wach,0.9,,,,,,,,
_result,0,2025-10-30 19:50:57+00:00,E0107,wach,0.9,,,,,,,,
_result,2,2025-10-30 19:55:54+00:00,E0107,wach,,V,,,,238.9,237.0,239.4,
_result,0,2025-10-30 19:55:55+00:00,E0107,wach,0.9,,,,,,,,
_result,0,2025-10-30 20:00:54+00:00,E0107,wach,0.9,,,,,,,,
_result,1,2025-10-30 20:05:49+00:00,E0107,wach,,A,0.66,0.2,0.26,,,,
_result,3,2025-10-30 20:05:50+00:00,E0107,wach,,kW,,,,,,,0.239459
_result,0,2025-10-30 20:05:51+00:00,E0107,wach,0.9,,,,,,,,
_result,1,2025-10-30 20:10:49+00:00,E0107,wach,,A,0.66,0.2,0.26,,,,
_result,0,2025-10-30 20:10:50+00:00,E0107,wach,0.9,,,,,,,,
_result,1,2025-10-30 20:15:50+00:00,E0107,wach,,A,0.66,0.2,0.26,,,,
_result,0,2025-10-30 20:15:51+00:00,E0107,wach,0.9,,,,,,,,
_result,1,2025-10-30 20:20:54+00:00,E0107,wach,,A,0.66,0.2,,,,,
_result,0,2025-10-30 20:20:55+00:00,E0107,wach,0.9,,,,,,,,
_result,2,2025-10-30 20:25:51+00:00,E0107,wach,,V,,,,238.9,237.0,239.4,
_result,0,2025-10-30 20:25:52+00:00,E0107,wach,0.9,,,,,,,,
_result,0,2025-10-30 20:30:56+00:00,E0107,wach,0.9,,,,,,,,
_result,1,2025-10-30 20:36:04+00:00,E0107,wach,,A,0.66,0.2,0.26,,,,
_result,0,2025-10-30 20:36:05+00:00,E0107,wach,0.9,,,,,,,,
_result,0,2025-10-30 20:40:53+00:00,E0107,wach,0.9,,,,,,,,
_result,2,2025-10-30 20:45:50+00:00,E0107,wach,,V,,,,238.0,,,
_result,0,2025-10-30 20:45:51+00:00,E0107,wach,0.9,,,,,,,,
_result,0,2025-10-30 20:50:53+00:00,E0107,wach,0.9,,,,,,,,
_result,0,2025-10-30 20:55:55+00:00,E0107,wach,0.9,,,,,,,,
_result,1,2025-10-30 21:00:53+00:00,E0107,wach,,A,0.66,0.2,0.26,,,,
_result,0,2025-10-30 21:00:54+00:00,E0107,wach,0.9,,,,,,,,
_result,2,2025-10-30 21:05:53+00:00,E0107,wach,,V,,,,238.7,236.4,238.9,
_result,0,2025-10-30 21:05:54+00:00,E0107,wach,0.9,,,,,,,,
_result,1,2025-10-30 21:10:52+00:00,E0107,wach,,A,0.66,0.2,0.26,,,,
_result,0,2025-10-30 21:10:53+00:00,E0107,wach,0.9,,,,,,,,
_result,1,2025-10-30 21:15:50+00:00,E0107,wach,,A,0.66,0.2,0.26,,,,
_result,0,2025-10-30 21:15:51+00:00,E0107,wach,0.9,,,,,,,,
_result,1,2025-10-30 21:20:57+00:00,E0107,wach,,A,0.66,0.2,0.26,,,,
_result,0,2025-10-30 21:20:58+00:00,E0107,wach,0.9,,,,,,,,
_result,2,2025-10-30 21:25:58+00:00,E0107,wach,,V,,,,237.7,,,
_result,0,2025-10-30 21:25:59+00:00,E0107,wach,0.9,,,,,,,,
_result,2,2025-10-30 21:30:53+00:00,E0107,wach,,V,,,,237.7,235.8,238.1,
_result,0,2025-10-30 21:30:54+00:00,E0107,wach,0.9,,,,,,,,
_result,0,2025-10-30 21:35:51+00:00,E0107,wach,0.9,,,,,,,,
_result,2,2025-10-30 21:40:52+00:00,E0107,wach,,V,,,,237.7,235.8,238.2,
_result,0,2025-10-30 21:40:53+00:00,E0107,wach,0.9,,,,,,,,
_result,0,2025-10-30 21:45:58+00:00,E0107,wach,0.9,,,,,,,,
_result,0,2025-10-30 21:50:52+00:00,E0107,wach,0.9,,,,,,,,
_result,1,2025-10-30 21:55:51+00:00,E0107,wach,,A,0.66,0.2,0.26,,,,
_result,0,2025-10-30 21:55:52+00:00,E0107,wach,0.9,,,,,,,,
_result,2,2025-10-30 22:00:51+00:00,E0107,wach,,V,,,,237.4,235.5,237.9,
_result,0,2025-10-30 22:00:52+00:00,E0107,wach,0.9,,,,,,,,
_result,0,2025-10-30 22:05:53+00:00,E0107,wach,0.9,,,,,,,,
_result,0,2025-10-30 22:10:50+00:00,E0107,wach,0.9,,,,,,,,
_result,0,2025-10-30 22:15:56+00:00,E0107,wach,0.9,,,,,,,,
_result,2,2025-10-30 22:20:54+00:00,E0107,wach,,V,,,,236.6,234.6,,
_result,0,2025-10-30 22:20:55+00:00,E0107,wach,0.9,,,,,,,,
_result,2,2025-10-30 22:25:58+00:00,E0107,wach,,V,,,,236.6,234.6,236.9,
_result,0,2025-10-30 22:25:59+00:00,E0107,wach,0.9,,,,,,,,
_result,1,2025-10-30 22:30:54+00:00,E0107,wach,,A,0.66,0.2,0.26,,,,
_result,0,2025-10-30 22:30:55+00:00,E0107,wach,0.9,,,,,,,,
_result,0,2025-10-30 22:37:09+00:00,E0107,wach,0.9,,,,,,,,
_result,2,2025-10-30 22:40:53+00:00,E0107,wach,,V,,,,236.2,234.3,236.8,
_result,0,2025-10-30 22:40:54+00:00,E0107,wach,0.9,,,,,,,,
_result,0,2025-10-30 22:45:53+00:00,E0107,wach,0.9,,,,,,,,
_result,0,2025-10-30 22:50:55+00:00,E0107,wach,0.9,,,,,,,,
_result,0,2025-10-30 22:55:55+00:00,E0107,wach,0.9,,,,,,,,
_result,0,2025-10-30 23:00:52+00:00,E0107,wach,0.9,,,,,,,,
_result,1,2025-10-30 23:05:52+00:00,E0107,wach,,A,4.62,4.02,4.3,,,,
_result,0,2025-10-30 23:05:53+00:00,E0107,wach,0.74,,,,,,,,
_result,0,2025-10-30 23:10:54+00:00,E0107,wach,0.75,,,,,,,,
_result,0,2025-10-30 23:15:53+00:00,E0107,wach,0.75,,,,,,,,
_result,2,2025-10-30 23:20:51+00:00,E0107,wach,,V,,,,234.1,,,
_result,0,2025-10-30 23:20:52+00:00,E0107,wach,0.75,,,,,,,,
_result,2,2025-10-30 23:25:54+00:00,E0107,wach,,V,,,,233.0,230.9,233.1,
_result,0,2025-10-30 23:25:55+00:00,E0107,wach,0.75,,,,,,,,
_result,0,2025-10-30 23:30:51+00:00,E0107,wach,0.75,,,,,,,,
_result,0,2025-10-30 23:36:02+00:00,E0107,wach,0.76,,,,,,,,
_result,0,2025-10-30 23:40:57+00:00,E0107,wach,0.76,,,,,,,,
_result,0,2025-10-30 23:45:55+00:00,E0107,wach,0.76,,,,,,,,
_result,0,2025-10-30 23:52:24+00:00,E0107,wach,0.76,,,,,,,,
_result,2,2025-10-30 23:55:53+00:00,E0107,wach,,V,,,,231.8,,,
_result,0,2025-10-30 23:55:55+00:00,E0107,wach,0.76,,,,,,,,
_result,0,2025-10-31 00:01:00+00:00,E0107,wach,0.76,,,,,,,,
_result,2,2025-10-31 00:05:50+00:00,E0107,wach,,V,,,,234.1,232.1,234.2,
_result,0,2025-10-31 00:05:51+00:00,E0107,wach,0.75,,,,,,,,
_result,2,2025-10-31 00:11:09+00:00,E0107,wach,,V,,,,233.1,231.1,233.3,
_result,0,2025-10-31 00:11:10+00:00,E0107,wach,0.75,,,,,,,,
_result,0,2025-10-31 00:16:25+00:00,E0107,wach,0.75,,,,,,,,
_result,0,2025-10-31 00:21:25+00:00,E0107,wach,0.75,,,,,,,,
_result,1,2025-10-31 00:25:56+00:00,E0107,wach,,A,4.57,3.99,4.25,,,,
_result,0,2025-10-31 00:25:57+00:00,E0107,wach,0.75,,,,,,,,
_result,1,2025-10-31 00:30:56+00:00,E0107,wach,,A,4.57,4.0,4.24,,,,
_result,0,2025-10-31 00:30:57+00:00,E0107,wach,0.76,,,,,,,,
_result,1,2025-10-31 00:35:54+00:00,E0107,wach,,A,4.56,3.99,4.23,,,,
_result,0,2025-10-31 00:35:55+00:00,E0107,wach,0.76,,,,,,,,
_result,2,2025-10-31 00:40:50+00:00,E0107,wach,,V,,,,231.4,,,
_result,0,2025-10-31 00:40:51+00:00,E0107,wach,0.76,,,,,,,,
_result,2,2025-10-31 00:45:53+00:00,E0107,wach,,V,,,,231.4,229.3,231.4,
_result,0,2025-10-31 00:45:54+00:00,E0107,wach,0.76,,,,,,,,
_result,0,2025-10-31 00:50:52+00:00,E0107,wach,0.76,,,,,,,,
_result,0,2025-10-31 00:55:52+00:00,E0107,wach,0.75,,,,,,,,
_result,0,2025-10-31 01:00:51+00:00,E0107,wach,0.75,,,,,,,,
_result,1,2025-10-31 01:06:03+00:00,E0107,wach,,A,4.6,4.01,4.28,,,,
_result,0,2025-10-31 01:06:04+00:00,E0107,wach,0.75,,,,,,,,
_result,1,2025-10-31 01:10:54+00:00,E0107,wach,,A,4.62,4.03,4.3,,,,
_result,0,2025-10-31 01:10:55+00:00,E0107,wach,0.75,,,,,,,,
_result,0,2025-10-31 01:15:52+00:00,E0107,wach,0.75,,,,,,,,
_result,1,2025-10-31 01:20:55+00:00,E0107,wach,,A,4.61,,,,,,
_result,0,2025-10-31 01:20:56+00:00,E0107,wach,0.75,,,,,,,,
_result,0,2025-10-31 01:25:59+00:00,E0107,wach,0.75,,,,,,,,
_result,1,2025-10-31 01:35:51+00:00,E0107,wach,,A,4.61,4.02,4.29,,,,
_result,0,2025-10-31 01:35:52+00:00,E0107,wach,0.75,,,,,,,,
_result,0,2025-10-31 01:40:24+00:00,E0107,wach,0.75,,,,,,,,
_result,2,2025-10-31 01:48:28+00:00,E0107,wach,,V,,,,234.7,232.6,234.9,
_result,0,2025-10-31 01:48:29+00:00,E0107,wach,0.75,,,,,,,,
_result,1,2025-10-31 01:56:28+00:00,E0107,wach,,A,4.6,4.0,4.27,,,,
_result,0,2025-10-31 01:56:29+00:00,E0107,wach,0.75,,,,,,,,
_result,1,2025-10-31 01:59:33+00:00,E0107,wach,,A,4.59,,,,,,
_result,0,2025-10-31 01:59:34+00:00,E0107,wach,0.75,,,,,,,,
_result,0,2025-10-31 02:06:55+00:00,E0107,wach,0.75,,,,,,,,
_result,1,2025-10-31 02:16:53+00:00,E0107,wach,,A,4.59,4.0,4.27,,,,
_result,0,2025-10-31 02:16:54+00:00,E0107,wach,0.75,,,,,,,,
_result,2,2025-10-31 02:26:46+00:00,E0107,wach,,V,,,,233.4,231.3,233.5,
_result,1,2025-10-31 02:26:47+00:00,E0107,wach,,A,4.58,4.0,4.26,,,,
_result,0,2025-10-31 02:26:53+00:00,E0107,wach,0.75,,,,,,,,
_result,1,2025-10-31 02:36:52+00:00,E0107,wach,,A,4.58,4.01,4.26,,,,
_result,0,2025-10-31 02:36:53+00:00,E0107,wach,0.76,,,,,,,,
_result,2,2025-10-31 02:55:26+00:00,E0107,wach,,V,,,,233.4,231.4,233.5,
_result,0,2025-10-31 02:55:27+00:00,E0107,wach,0.75,,,,,,,,
_result,0,2025-10-31 02:58:13+00:00,E0107,wach,0.75,,,,,,,,
_result,2,2025-10-31 03:00:08+00:00,E0107,wach,,V,,,,233.7,231.6,233.8,
_result,0,2025-10-31 03:00:09+00:00,E0107,wach,0.75,,,,,,,,
_result,2,2025-10-31 03:02:06+00:00,E0107,wach,,V,,,,233.7,231.6,233.8,
_result,0,2025-10-31 03:02:07+00:00,E0107,wach,0.75,,,,,,,,
_result,0,2025-10-31 03:04:09+00:00,E0107,wach,0.75,,,,,,,,
_result,0,2025-10-31 03:06:09+00:00,E0107,wach,0.75,,,,,,,,
_result,2,2025-10-31 03:08:04+00:00,E0107,wach,,V,,,,233.5,231.5,233.7,
_result,0,2025-10-31 03:08:05+00:00,E0107,wach,0.75,,,,,,,,
_result,0,2025-10-31 03:10:16+00:00,E0107,wach,0.75,,,,,,,,
_result,0,2025-10-31 03:12:06+00:00,E0107,wach,0.75,,,,,,,,
_result,2,2025-10-31 03:14:10+00:00,E0107,wach,,V,,,,233.3,,,
_result,1,2025-10-31 03:14:11+00:00,E0107,wach,,A,4.57,3.98,4.26,,,,
_result,3,2025-10-31 03:14:12+00:00,E0107,wach,,kW,,,,,,,2.23998
_result,0,2025-10-31 03:14:13+00:00,E0107,wach,0.76,,,,,,,,
_result,2,2025-10-31 03:16:09+00:00,E0107,wach,,V,,,,233.3,,,
_result,0,2025-10-31 03:16:10+00:00,E0107,wach,0.76,,,,,,,,
_result,0,2025-10-31 03:18:10+00:00,E0107,wach,0.76,,,,,,,,
_result,0,2025-10-31 03:20:27+00:00,E0107,wach,0.76,,,,,,,,
_result,1,2025-10-31 03:22:13+00:00,E0107,wach,,A,4.57,3.98,4.26,,,,
_result,0,2025-10-31 03:22:14+00:00,E0107,wach,0.76,,,,,,,,
_result,1,2025-10-31 03:24:11+00:00,E0107,wach,,A,4.57,3.98,,,,,
_result,0,2025-10-31 03:24:12+00:00,E0107,wach,0.76,,,,,,,,
_result,0,2025-10-31 03:26:56+00:00,E0107,wach,0.76,,,,,,,,
_result,1,2025-10-31 03:28:08+00:00,E0107,wach,,A,4.58,3.99,4.27,,,,
_result,0,2025-10-31 03:28:09+00:00,E0107,wach,0.75,,,,,,,,
_result,1,2025-10-31 03:30:09+00:00,E0107,wach,,A,4.58,3.99,4.27,,,,
_result,3,2025-10-31 03:30:10+00:00,E0107,wach,,kW,,,,,,,2.25376
_result,0,2025-10-31 03:30:11+00:00,E0107,wach,0.75,,,,,,,,
_result,2,2025-10-31 03:32:15+00:00,E0107,wach,,V,,,,233.6,,,
_result,0,2025-10-31 03:32:16+00:00,E0107,wach,0.75,,,,,,,,
_result,0,2025-10-31 03:34:09+00:00,E0107,wach,0.76,,,,,,,,
_result,1,2025-10-31 03:36:14+00:00,E0107,wach,,A,4.58,3.99,4.26,,,,
_result,0,2025-10-31 03:36:15+00:00,E0107,wach,0.76,,,,,,,,
_result,2,2025-10-31 03:38:09+00:00,E0107,wach,,V,,,,233.1,230.9,233.3,
_result,0,2025-10-31 03:38:10+00:00,E0107,wach,0.76,,,,,,,,
_result,1,2025-10-31 03:40:08+00:00,E0107,wach,,A,4.58,3.99,4.26,,,,
_result,0,2025-10-31 03:40:09+00:00,E0107,wach,0.76,,,,,,,,
_result,1,2025-10-31 03:42:06+00:00,E0107,wach,,A,4.58,3.99,4.26,,,,
_result,0,2025-10-31 03:42:07+00:00,E0107,wach,0.76,,,,,,,,
_result,1,2025-10-31 03:44:11+00:00,E0107,wach,,A,4.58,3.99,4.26,,,,
_result,0,2025-10-31 03:44:12+00:00,E0107,wach,0.76,,,,,,,,
_result,2,2025-10-31 03:46:17+00:00,E0107,wach,,V,,,,233.1,230.9,,
_result,0,2025-10-31 03:46:18+00:00,E0107,wach,0.76,,,,,,,,
_result,2,2025-10-31 03:48:06+00:00,E0107,wach,,V,,,,232.6,230.4,232.7,
_result,0,2025-10-31 03:48:07+00:00,E0107,wach,0.76,,,,,,,,
_result,1,2025-10-31 03:50:15+00:00,E0107,wach,,A,4.57,3.99,4.25,,,,
_result,0,2025-10-31 03:50:16+00:00,E0107,wach,0.76,,,,,,,,
_result,2,2025-10-31 03:52:08+00:00,E0107,wach,,V,,,,232.6,230.4,232.7,
_result,0,2025-10-31 03:52:09+00:00,E0107,wach,0.76,,,,,,,,
_result,0,2025-10-31 03:54:09+00:00,E0107,wach,0.76,,,,,,,,
_result,1,2025-10-31 03:57:14+00:00,E0107,wach,,A,4.57,3.99,4.25,,,,
_result,0,2025-10-31 03:57:15+00:00,E0107,wach,0.76,,,,,,,,
_result,0,2025-10-31 03:59:34+00:00,E0107,wach,0.76,,,,,,,,
_result,0,2025-10-31 04:00:15+00:00,E0107,wach,0.76,,,,,,,,
_result,1,2025-10-31 04:02:22+00:00,E0107,wach,,A,4.58,3.99,4.26,,,,
_result,0,2025-10-31 04:02:23+00:00,E0107,wach,0.75,,,,,,,,
_result,0,2025-10-31 04:04:17+00:00,E0107,wach,0.75,,,,,,,,
_result,1,2025-10-31 04:06:10+00:00,E0107,wach,,A,4.58,3.99,4.26,,,,
_result,0,2025-10-31 04:06:11+00:00,E0107,wach,0.75,,,,,,,,
_result,2,2025-10-31 04:08:11+00:00,E0107,wach,,V,,,,233.6,231.5,,
_result,0,2025-10-31 04:08:12+00:00,E0107,wach,0.75,,,,,,,,
_result,1,2025-10-31 04:11:12+00:00,E0107,wach,,A,4.58,4.0,4.27,,,,
_result,0,2025-10-31 04:11:13+00:00,E0107,wach,0.75,,,,,,,,
_result,0,2025-10-31 04:12:12+00:00,E0107,wach,0.75,,,,,,,,
_result,0,2025-10-31 04:14:12+00:00,E0107,wach,0.75,,,,,,,,
_result,0,2025-10-31 04:16:03+00:00,E0107,wach,0.75,,,,,,,,
_result,0,2025-10-31 04:18:10+00:00,E0107,wach,0.75,,,,,,,,
_result,1,2025-10-31 04:20:13+00:00,E0107,wach,,A,4.58,4.0,4.27,,,,
_result,0,2025-10-31 04:20:14+00:00,E0107,wach,0.75,,,,,,,,
_result,1,2025-10-31 04:22:09+00:00,E0107,wach,,A,4.58,4.0,4.27,,,,
_result,0,2025-10-31 04:22:10+00:00,E0107,wach,0.75,,,,,,,,
_result,0,2025-10-31 04:24:08+00:00,E0107,wach,0.75,,,,,,,,
_result,1,2025-10-31 04:26:23+00:00,E0107,wach,,A,4.58,4.0,4.27,,,,
_result,0,2025-10-31 04:26:24+00:00,E0107,wach,0.75,,,,,,,,
_result,0,2025-10-31 04:28:10+00:00,E0107,wach,0.75,,,,,,,,
_result,1,2025-10-31 04:30:05+00:00,E0107,wach,,A,4.58,4.0,4.27,,,,
_result,0,2025-10-31 04:30:06+00:00,E0107,wach,0.75,,,,,,,,
_result,0,2025-10-31 04:32:13+00:00,E0107,wach,0.75,,,,,,,,
_result,0,2025-10-31 04:34:14+00:00,E0107,wach,0.75,,,,,,,,
_result,0,2025-10-31 04:36:08+00:00,E0107,wach,0.75,,,,,,,,
_result,0,2025-10-31 04:38:11+00:00,E0107,wach,0.75,,,,,,,,
_result,0,2025-10-31 04:40:15+00:00,E0107,wach,0.75,,,,,,,,
_result,0,2025-10-31 04:43:00+00:00,E0107,wach,0.75,,,,,,,,
_result,1,2025-10-31 04:44:09+00:00,E0107,wach,,A,4.59,4.0,4.26,,,,
_result,0,2025-10-31 04:44:10+00:00,E0107,wach,0.75,,,,,,,,
_result,0,2025-10-31 04:46:11+00:00,E0107,wach,0.75,,,,,,,,
_result,0,2025-10-31 04:48:34+00:00,E0107,wach,0.75,,,,,,,,
_result,1,2025-10-31 04:50:11+00:00,E0107,wach,,A,4.58,4.0,4.26,,,,
_result,0,2025-10-31 04:50:12+00:00,E0107,wach,0.75,,,,,,,,
_result,0,2025-10-31 04:52:12+00:00,E0107,wach,0.75,,,,,,,,
_result,0,2025-10-31 04:54:15+00:00,E0107,wach,0.75,,,,,,,,
_result,1,2025-10-31 04:56:07+00:00,E0107,wach,,A,4.59,4.0,4.27,,,,
_result,0,2025-10-31 04:56:08+00:00,E0107,wach,0.75,,,,,,,,
_result,0,2025-10-31 04:58:09+00:00,E0107,wach,0.75,,,,,,,,
_result,2,2025-10-31 05:00:16+00:00,E0107,wach,,V,,,,233.8,231.7,233.9,
_result,0,2025-10-31 05:00:17+00:00,E0107,wach,0.75,,,,,,,,
_result,0,2025-10-31 05:02:04+00:00,E0107,wach,0.75,,,,,,,,
_result,1,2025-10-31 05:04:08+00:00,E0107,wach,,A,4.58,4.0,4.26,,,,
_result,0,2025-10-31 05:04:09+00:00,E0107,wach,0.75,,,,,,,,
_result,0,2025-10-31 05:06:08+00:00,E0107,wach,0.75,,,,,,,,
_result,1,2025-10-31 05:08:10+00:00,E0107,wach,,A,4.58,4.0,4.25,,,,
_result,0,2025-10-31 05:08:11+00:00,E0107,wach,0.75,,,,,,,,
_result,0,2025-10-31 05:10:08+00:00,E0107,wach,0.75,,,,,,,,
_result,1,2025-10-31 05:12:10+00:00,E0107,wach,,A,4.58,,,,,,
_result,0,2025-10-31 05:12:11+00:00,E0107,wach,0.75,,,,,,,,
_result,0,2025-10-31 05:14:09+00:00,E0107,wach,0.75,,,,,,,,
_result,0,2025-10-31 05:16:11+00:00,E0107,wach,0.75,,,,,,,,
_result,0,2025-10-31 05:18:09+00:00,E0107,wach,0.75,,,,,,,,
_result,0,2025-10-31 05:20:16+00:00,E0107,wach,0.75,,,,,,,,
_result,0,2025-10-31 05:22:07+00:00,E0107,wach,0.75,,,,,,,,
_result,0,2025-10-31 05:24:10+00:00,E0107,wach,0.75,,,,,,,,
_result,0,2025-10-31 05:26:06+00:00,E0107,wach,0.75,,,,,,,,
_result,2,2025-10-31 05:28:43+00:00,E0107,wach,,V,,,,234.1,232.1,234.2,
_result,0,2025-10-31 05:28:44+00:00,E0107,wach,0.75,,,,,,,,
_result,0,2025-10-31 05:30:11+00:00,E0107,wach,0.75,,,,,,,,
_result,0,2025-10-31 05:32:15+00:00,E0107,wach,0.75,,,,,,,,
_result,0,2025-10-31 05:34:14+00:00,E0107,wach,0.75,,,,,,,,
_result,0,2025-10-31 05:36:12+00:00,E0107,wach,0.75,,,,,,,,
_result,0,2025-10-31 05:38:11+00:00,E0107,wach,0.75,,,,,,,,
_result,1,2025-10-31 05:40:14+00:00,E0107,wach,,A,4.58,3.99,4.26,,,,
_result,0,2025-10-31 05:40:15+00:00,E0107,wach,0.75,,,,,,,,
_result,1,2025-10-31 05:42:09+00:00,E0107,wach,,A,4.58,3.99,4.26,,,,
_result,0,2025-10-31 05:42:10+00:00,E0107,wach,0.75,,,,,,,,
_result,1,2025-10-31 05:44:10+00:00,E0107,wach,,A,4.58,3.99,4.26,,,,
_result,0,2025-10-31 05:44:11+00:00,E0107,wach,0.75,,,,,,,,
_result,0,2025-10-31 05:46:10+00:00,E0107,wach,0.75,,,,,,,,
_result,1,2025-10-31 05:48:09+00:00,E0107,wach,,A,4.58,3.98,4.26,,,,
_result,0,2025-10-31 05:48:10+00:00,E0107,wach,0.75,,,,,,,,
_result,0,2025-10-31 05:50:14+00:00,E0107,wach,0.75,,,,,,,,
_result,1,2025-10-31 05:52:10+00:00,E0107,wach,,A,4.57,3.99,4.26,,,,
_result,0,2025-10-31 05:52:11+00:00,E0107,wach,0.75,,,,,,,,
_result,0,2025-10-31 05:54:10+00:00,E0107,wach,0.75,,,,,,,,
_result,0,2025-10-31 05:56:09+00:00,E0107,wach,0.75,,,,,,,,
_result,0,2025-10-31 05:58:13+00:00,E0107,wach,0.75,,,,,,,,
_result,2,2025-10-31 06:00:09+00:00,E0107,wach,,V,,,,233.2,,,
_result,1,2025-10-31 06:00:10+00:00,E0107,wach,,A,4.57,3.99,4.25,,,,
_result,0,2025-10-31 06:00:11+00:00,E0107,wach,0.75,,,,,,,,
_result,2,2025-10-31 06:02:08+00:00,E0107,wach,,V,,,,233.2,231.1,233.3,
_result,0,2025-10-31 06:02:09+00:00,E0107,wach,0.75,,,,,,,,
_result,1,2025-10-31 06:04:06+00:00,E0107,wach,,A,4.57,3.99,4.25,,,,
_result,0,2025-10-31 06:04:07+00:00,E0107,wach,0.75,,,,,,,,
_result,2,2025-10-31 06:06:11+00:00,E0107,wach,,V,,,,233.1,231.1,233.2,
_result,0,2025-10-31 06:06:12+00:00,E0107,wach,0.75,,,,,,,,
_result,0,2025-10-31 06:08:11+00:00,E0107,wach,0.75,,,,,,,,
_result,2,2025-10-31 06:10:13+00:00,E0107,wach,,V,,,,233.1,231.1,233.2,
_result,0,2025-10-31 06:10:14+00:00,E0107,wach,0.75,,,,,,,,
_result,0,2025-10-31 06:12:12+00:00,E0107,wach,0.75,,,,,,,,
_result,1,2025-10-31 06:15:12+00:00,E0107,wach,,A,4.59,3.98,4.26,,,,
_result,0,2025-10-31 06:15:13+00:00,E0107,wach,0.75,,,,,,,,
_result,1,2025-10-31 06:16:08+00:00,E0107,wach,,A,4.59,3.98,4.26,,,,
_result,0,2025-10-31 06:16:09+00:00,E0107,wach,0.75,,,,,,,,
_result,0,2025-10-31 06:18:35+00:00,E0107,wach,0.75,,,,,,,,
_result,0,2025-10-31 06:20:13+00:00,E0107,wach,0.75,,,,,,,,
_result,0,2025-10-31 06:22:08+00:00,E0107,wach,0.75,,,,,,,,
_result,0,2025-10-31 06:24:09+00:00,E0107,wach,0.75,,,,,,,,
_result,2,2025-10-31 06:26:05+00:00,E0107,wach,,V,,,,234.4,232.3,,
_result,0,2025-10-31 06:26:06+00:00,E0107,wach,0.75,,,,,,,,
_result,0,2025-10-31 06:28:04+00:00,E0107,wach,0.75,,,,,,,,
_result,0,2025-10-31 06:30:06+00:00,E0107,wach,0.75,,,,,,,,
_result,0,2025-10-31 06:32:03+00:00,E0107,wach,0.75,,,,,,,,
_result,2,2025-10-31 06:34:14+00:00,E0107,wach,,V,,,,234.4,232.3,234.5,
_result,0,2025-10-31 06:34:15+00:00,E0107,wach,0.75,,,,,,,,
_result,1,2025-10-31 06:36:11+00:00,E0107,wach,,A,4.59,3.99,4.27,,,,
_result,0,2025-10-31 06:36:12+00:00,E0107,wach,0.75,,,,,,,,
_result,2,2025-10-31 06:38:10+00:00,E0107,wach,,V,,,,234.2,232.1,234.4,
_result,0,2025-10-31 06:38:11+00:00,E0107,wach,0.75,,,,,,,,
_result,0,2025-10-31 06:40:11+00:00,E0107,wach,0.75,,,,,,,,
_result,0,2025-10-31 06:44:27+00:00,E0107,wach,0.75,,,,,,,,
_result,1,2025-10-31 06:46:39+00:00,E0107,wach,,A,4.59,4.0,4.27,,,,
_result,0,2025-10-31 06:46:40+00:00,E0107,wach,0.75,,,,,,,,
_result,0,2025-10-31 06:48:10+00:00,E0107,wach,0.75,,,,,,,,
_result,2,2025-10-31 06:50:42+00:00,E0107,wach,,V,,,,234.6,232.4,234.5,
_result,0,2025-10-31 06:50:43+00:00,E0107,wach,0.75,,,,,,,,
_result,0,2025-10-31 06:52:10+00:00,E0107,wach,0.75,,,,,,,,
_result,1,2025-10-31 06:54:08+00:00,E0107,wach,,A,4.58,3.99,4.26,,,,
_result,0,2025-10-31 06:54:09+00:00,E0107,wach,0.75,,,,,,,,
_result,1,2025-10-31 06:56:12+00:00,E0107,wach,,A,4.58,3.99,4.26,,,,
_result,0,2025-10-31 06:56:13+00:00,E0107,wach,0.75,,,,,,,,
_result,0,2025-10-31 06:58:07+00:00,E0107,wach,0.75,,,,,,,,
_result,0,2025-10-31 07:00:17+00:00,E0107,wach,0.75,,,,,,,,
_result,0,2025-10-31 07:02:11+00:00,E0107,wach,0.75,,,,,,,,
_result,0,2025-10-31 07:04:11+00:00,E0107,wach,0.75,,,,,,,,
_result,1,2025-10-31 07:06:08+00:00,E0107,wach,,A,4.59,3.99,4.27,,,,
_result,0,2025-10-31 07:06:09+00:00,E0107,wach,0.75,,,,,,,,
_result,1,2025-10-31 07:08:09+00:00,E0107,wach,,A,4.59,3.99,4.27,,,,
_result,0,2025-10-31 07:08:10+00:00,E0107,wach,0.75,,,,,,,,
_result,1,2025-10-31 07:10:07+00:00,E0107,wach,,A,4.59,3.99,4.27,,,,
_result,0,2025-10-31 07:10:08+00:00,E0107,wach,0.75,,,,,,,,
_result,0,2025-10-31 07:12:11+00:00,E0107,wach,0.75,,,,,,,,
_result,2,2025-10-31 07:14:07+00:00,E0107,wach,,V,,,,234.6,232.5,234.7,
_result,0,2025-10-31 07:14:08+00:00,E0107,wach,0.75,,,,,,,,
_result,1,2025-10-31 07:16:08+00:00,E0107,wach,,A,4.58,3.98,4.26,,,,
_result,0,2025-10-31 07:16:09+00:00,E0107,wach,0.75,,,,,,,,
_result,1,2025-10-31 07:18:05+00:00,E0107,wach,,A,4.58,3.98,4.26,,,,
_result,0,2025-10-31 07:18:06+00:00,E0107,wach,0.75,,,,,,,,
_result,1,2025-10-31 07:20:46+00:00,E0107,wach,,A,4.58,3.98,,,,,
_result,0,2025-10-31 07:20:47+00:00,E0107,wach,0.75,,,,,,,,
_result,1,2025-10-31 07:23:29+00:00,E0107,wach,,A,4.58,3.98,4.26,,,,
_result,0,2025-10-31 07:23:30+00:00,E0107,wach,0.75,,,,,,,,
_result,0,2025-10-31 07:24:10+00:00,E0107,wach,0.75,,,,,,,,
_result,0,2025-10-31 07:26:12+00:00,E0107,wach,0.75,,,,,,,,
_result,1,2025-10-31 07:28:04+00:00,E0107,wach,,A,4.57,3.98,4.26,,,,
_result,0,2025-10-31 07:28:05+00:00,E0107,wach,0.75,,,,,,,,
_result,0,2025-10-31 07:30:28+00:00,E0107,wach,0.75,,,,,,,,
_result,0,2025-10-31 07:32:04+00:00,E0107,wach,0.75,,,,,,,,
_result,0,2025-10-31 07:34:07+00:00,E0107,wach,0.75,,,,,,,,
_result,1,2025-10-31 07:36:10+00:00,E0107,wach,,A,4.57,3.98,4.27,,,,
_result,0,2025-10-31 07:36:11+00:00,E0107,wach,0.75,,,,,,,,
_result,0,2025-10-31 07:38:09+00:00,E0107,wach,0.75,,,,,,,,
_result,1,2025-10-31 07:40:12+00:00,E0107,wach,,A,4.57,3.98,4.27,,,,
_result,0,2025-10-31 07:40:13+00:00,E0107,wach,0.75,,,,,,,,
_result,2,2025-10-31 07:42:09+00:00,E0107,wach,,V,,,,233.9,231.9,234.1,
_result,0,2025-10-31 07:42:10+00:00,E0107,wach,0.75,,,,,,,,
_result,0,2025-10-31 07:44:11+00:00,E0107,wach,0.75,,,,,,,,
_result,0,2025-10-31 07:46:11+00:00,E0107,wach,0.75,,,,,,,,
_result,0,2025-10-31 07:48:14+00:00,E0107,wach,0.75,,,,,,,,
_result,0,2025-10-31 07:50:07+00:00,E0107,wach,0.75,,,,,,,,
_result,0,2025-10-31 07:52:08+00:00,E0107,wach,0.75,,,,,,,,
_result,2,2025-10-31 07:54:10+00:00,E0107,wach,,V,,,,234.4,232.3,,
_result,0,2025-10-31 07:54:11+00:00,E0107,wach,0.75,,,,,,,,
_result,0,2025-10-31 07:56:04+00:00,E0107,wach,0.75,,,,,,,,
_result,0,2025-10-31 07:58:22+00:00,E0107,wach,0.75,,,,,,,,
_result,0,2025-10-31 08:10:24+00:00,E0107,wach,0.75,,,,,,,,
_result,2,2025-10-31 08:12:08+00:00,E0107,wach,,V,,,,234.2,232.0,234.2,
_result,0,2025-10-31 08:12:09+00:00,E0107,wach,0.75,,,,,,,,
_result,0,2025-10-31 08:14:43+00:00,E0107,wach,0.75,,,,,,,,
_result,0,2025-10-31 08:16:04+00:00,E0107,wach,0.75,,,,,,,,
_result,0,2025-10-31 08:18:15+00:00,E0107,wach,0.75,,,,,,,,
_result,0,2025-10-31 08:20:17+00:00,E0107,wach,0.75,,,,,,,,
_result,0,2025-10-31 08:22:14+00:00,E0107,wach,0.75,,,,,,,,
_result,1,2025-10-31 08:24:08+00:00,E0107,wach,,A,4.57,3.98,,,,,
_result,1,2025-10-31 08:24:09+00:00,E0107,wach,,A,,,4.26,,,,
_result,0,2025-10-31 08:24:10+00:00,E0107,wach,0.75,,,,,,,,
_result,0,2025-10-31 08:26:08+00:00,E0107,wach,0.75,,,,,,,,
_result,1,2025-10-31 08:28:08+00:00,E0107,wach,,A,4.57,3.98,4.26,,,,
_result,0,2025-10-31 08:28:09+00:00,E0107,wach,0.75,,,,,,,,
_result,0,2025-10-31 08:30:07+00:00,E0107,wach,0.75,,,,,,,,
_result,0,2025-10-31 08:32:12+00:00,E0107,wach,0.75,,,,,,,,
_result,1,2025-10-31 08:34:11+00:00,E0107,wach,,A,4.57,3.98,4.26,,,,
_result,0,2025-10-31 08:34:12+00:00,E0107,wach,0.75,,,,,,,,
_result,1,2025-10-31 08:36:09+00:00,E0107,wach,,A,4.57,3.98,4.26,,,,
_result,0,2025-10-31 08:36:10+00:00,E0107,wach,0.75,,,,,,,,
_result,0,2025-10-31 08:38:18+00:00,E0107,wach,0.75,,,,,,,,
_result,0,2025-10-31 08:40:11+00:00,E0107,wach,0.75,,,,,,,,
_result,0,2025-10-31 08:42:14+00:00,E0107,wach,0.75,,,,,,,,
_result,2,2025-10-31 08:44:17+00:00,E0107,wach,,V,,,,233.5,231.4,233.8,
_result,0,2025-10-31 08:44:18+00:00,E0107,wach,0.75,,,,,,,,
_result,0,2025-10-31 08:46:16+00:00,E0107,wach,0.75,,,,,,,,
_result,1,2025-10-31 08:48:06+00:00,E0107,wach,,A,4.57,3.98,4.26,,,,
_result,0,2025-10-31 08:48:07+00:00,E0107,wach,0.75,,,,,,,,
_result,1,2025-10-31 08:50:07+00:00,E0107,wach,,A,4.57,3.98,4.27,,,,
_result,0,2025-10-31 08:50:08+00:00,E0107,wach,0.75,,,,,,,,
_result,2,2025-10-31 08:52:56+00:00,E0107,wach,,V,,,,234.1,,,
_result,0,2025-10-31 08:52:57+00:00,E0107,wach,0.75,,,,,,,,
_result,2,2025-10-31 08:54:06+00:00,E0107,wach,,V,,,,234.1,232.0,234.2,
_result,0,2025-10-31 08:54:07+00:00,E0107,wach,0.75,,,,,,,,
_result,0,2025-10-31 08:56:08+00:00,E0107,wach,0.75,,,,,,,,
_result,1,2025-10-31 08:58:08+00:00,E0107,wach,,A,4.57,3.98,4.27,,,,
_result,0,2025-10-31 08:58:09+00:00,E0107,wach,0.75,,,,,,,,
_result,1,2025-10-31 09:00:12+00:00,E0107,wach,,A,4.57,3.98,4.27,,,,
_result,0,2025-10-31 09:00:13+00:00,E0107,wach,0.75,,,,,,,,
_result,0,2025-10-31 09:02:13+00:00,E0107,wach,0.75,,,,,,,,
_result,0,2025-10-31 09:04:10+00:00,E0107,wach,0.74,,,,,,,,
_result,0,2025-10-31 09:06:10+00:00,E0107,wach,0.74,,,,,,,,
_result,1,2025-10-31 09:08:07+00:00,E0107,wach,,A,4.59,4.0,4.29,,,,
_result,0,2025-10-31 09:08:08+00:00,E0107,wach,0.74,,,,,,,,
_result,0,2025-10-31 09:10:23+00:00,E0107,wach,0.74,,,,,,,,
_result,1,2025-10-31 09:12:07+00:00,E0107,wach,,A,4.6,4.01,4.29,,,,
_result,0,2025-10-31 09:12:08+00:00,E0107,wach,0.74,,,,,,,,
_result,1,2025-10-31 09:14:13+00:00,E0107,wach,,A,4.6,4.01,4.29,,,,
_result,0,2025-10-31 09:14:14+00:00,E0107,wach,0.74,,,,,,,,
_result,1,2025-10-31 09:16:08+00:00,E0107,wach,,A,4.59,4.0,4.28,,,,
_result,0,2025-10-31 09:16:09+00:00,E0107,wach,0.74,,,,,,,,
_result,0,2025-10-31 09:18:19+00:00,E0107,wach,0.74,,,,,,,,
_result,0,2025-10-31 09:20:20+00:00,E0107,wach,0.74,,,,,,,,
_result,0,2025-10-31 09:23:34+00:00,E0107,wach,0.74,,,,,,,,
_result,0,2025-10-31 09:24:09+00:00,E0107,wach,0.74,,,,,,,,
_result,1,2025-10-31 09:26:09+00:00,E0107,wach,,A,4.6,4.0,4.29,,,,
_result,0,2025-10-31 09:26:10+00:00,E0107,wach,0.74,,,,,,,,
_result,2,2025-10-31 09:28:21+00:00,E0107,wach,,V,,,,236.1,234.0,236.2,
_result,0,2025-10-31 09:28:22+00:00,E0107,wach,0.74,,,,,,,,
_result,0,2025-10-31 09:30:23+00:00,E0107,wach,0.74,,,,,,,,
_result,0,2025-10-31 09:32:37+00:00,E0107,wach,0.74,,,,,,,,
_result,0,2025-10-31 09:34:10+00:00,E0107,wach,0.74,,,,,,,,
_result,1,2025-10-31 09:36:12+00:00,E0107,wach,,A,4.63,4.02,4.31,,,,
_result,0,2025-10-31 09:36:13+00:00,E0107,wach,0.74,,,,,,,,
_result,0,2025-10-31 09:38:09+00:00,E0107,wach,0.74,,,,,,,,
_result,0,2025-10-31 09:40:31+00:00,E0107,wach,0.74,,,,,,,,
_result,0,2025-10-31 09:42:10+00:00,E0107,wach,0.74,,,,,,,,
_result,1,2025-10-31 09:44:07+00:00,E0107,wach,,A,4.63,4.02,4.31,,,,
_result,0,2025-10-31 09:44:08+00:00,E0107,wach,0.74,,,,,,,,
_result,0,2025-10-31 09:46:03+00:00,E0107,wach,0.74,,,,,,,,
_result,0,2025-10-31 09:48:13+00:00,E0107,wach,0.73,,,,,,,,
_result,1,2025-10-31 09:50:24+00:00,E0107,wach,,A,4.64,4.03,4.32,,,,
_result,0,2025-10-31 09:50:25+00:00,E0107,wach,0.73,,,,,,,,
_result,0,2025-10-31 09:52:06+00:00,E0107,wach,0.73,,,,,,,,
_result,2,2025-10-31 09:54:06+00:00,E0107,wach,,V,,,,238.4,236.5,238.3,
_result,0,2025-10-31 09:54:07+00:00,E0107,wach,0.73,,,,,,,,
_result,0,2025-10-31 09:56:09+00:00,E0107,wach,0.73,,,,,,,,
_result,2,2025-10-31 09:58:12+00:00,E0107,wach,,V,,,,238.4,,,
_result,0,2025-10-31 09:58:13+00:00,E0107,wach,0.73,,,,,,,,
_result,0,2025-10-31 10:00:16+00:00,E0107,wach,0.73,,,,,,,,
_result,1,2025-10-31 10:02:18+00:00,E0107,wach,,A,4.66,4.05,4.35,,,,
_result,0,2025-10-31 10:02:19+00:00,E0107,wach,0.73,,,,,,,,
_result,0,2025-10-31 10:04:14+00:00,E0107,wach,0.73,,,,,,,,
_result,1,2025-10-31 10:06:31+00:00,E0107,wach,,A,4.66,4.05,,,,,
_result,0,2025-10-31 10:06:32+00:00,E0107,wach,0.73,,,,,,,,
_result,1,2025-10-31 10:08:08+00:00,E0107,wach,,A,4.59,4.0,,,,,
_result,0,2025-10-31 10:08:09+00:00,E0107,wach,0.75,,,,,,,,
_result,0,2025-10-31 10:10:14+00:00,E0107,wach,0.75,,,,,,,,
_result,1,2025-10-31 10:12:56+00:00,E0107,wach,,A,4.59,4.0,4.28,,,,
_result,0,2025-10-31 10:12:57+00:00,E0107,wach,0.75,,,,,,,,
_result,0,2025-10-31 10:14:15+00:00,E0107,wach,0.74,,,,,,,,
_result,0,2025-10-31 10:16:15+00:00,E0107,wach,0.74,,,,,,,,
_result,1,2025-10-31 10:18:11+00:00,E0107,wach,,A,4.61,4.0,,,,,
_result,0,2025-10-31 10:18:12+00:00,E0107,wach,0.74,,,,,,,,
_result,2,2025-10-31 10:20:04+00:00,E0107,wach,,V,,,,236.0,234.0,236.2,
_result,0,2025-10-31 10:20:05+00:00,E0107,wach,0.74,,,,,,,,
_result,1,2025-10-31 10:22:14+00:00,E0107,wach,,A,4.61,4.01,4.3,,,,
_result,0,2025-10-31 10:22:15+00:00,E0107,wach,0.74,,,,,,,,
_result,1,2025-10-31 10:24:07+00:00,E0107,wach,,A,4.61,,,,,,
_result,0,2025-10-31 10:24:08+00:00,E0107,wach,0.74,,,,,,,,
_result,0,2025-10-31 10:26:08+00:00,E0107,wach,0.74,,,,,,,,
_result,1,2025-10-31 10:28:11+00:00,E0107,wach,,A,4.6,4.01,4.29,,,,
_result,0,2025-10-31 10:28:12+00:00,E0107,wach,0.74,,,,,,,,
_result,2,2025-10-31 10:30:46+00:00,E0107,wach,,V,,,,235.8,,,
_result,0,2025-10-31 10:30:47+00:00,E0107,wach,0.74,,,,,,,,
_result,1,2025-10-31 10:32:08+00:00,E0107,wach,,A,4.6,4.01,,,,,
_result,0,2025-10-31 10:32:09+00:00,E0107,wach,0.74,,,,,,,,
_result,0,2025-10-31 10:34:08+00:00,E0107,wach,0.74,,,,,,,,
_result,0,2025-10-31 10:36:11+00:00,E0107,wach,0.74,,,,,,,,
_result,1,2025-10-31 10:38:08+00:00,E0107,wach,,A,4.61,4.01,4.29,,,,
_result,0,2025-10-31 10:38:09+00:00,E0107,wach,0.74,,,,,,,,
_result,1,2025-10-31 10:40:15+00:00,E0107,wach,,A,4.61,,,,,,
_result,0,2025-10-31 10:40:16+00:00,E0107,wach,0.74,,,,,,,,
_result,0,2025-10-31 10:42:17+00:00,E0107,wach,0.74,,,,,,,,
_result,0,2025-10-31 10:44:16+00:00,E0107,wach,0.74,,,,,,,,
_result,0,2025-10-31 10:46:12+00:00,E0107,wach,0.74,,,,,,,,
_result,0,2025-10-31 10:48:15+00:00,E0107,wach,0.74,,,,,,,,
_result,0,2025-10-31 10:50:12+00:00,E0107,wach,0.74,,,,,,,,
_result,0,2025-10-31 10:53:34+00:00,E0107,wach,0.74,,,,,,,,
_result,0,2025-10-31 10:54:06+00:00,E0107,wach,0.74,,,,,,,,
_result,0,2025-10-31 10:56:11+00:00,E0107,wach,0.74,,,,,,,,
_result,0,2025-10-31 10:58:11+00:00,E0107,wach,0.74,,,,,,,,
_result,2,2025-10-31 11:00:14+00:00,E0107,wach,,V,,,,236.1,234.1,236.2,
_result,0,2025-10-31 11:00:15+00:00,E0107,wach,0.74,,,,,,,,
_result,1,2025-10-31 11:02:09+00:00,E0107,wach,,A,4.62,,,,,,
_result,0,2025-10-31 11:02:10+00:00,E0107,wach,0.74,,,,,,,,
_result,0,2025-10-31 11:04:09+00:00,E0107,wach,0.74,,,,,,,,
_result,2,2025-10-31 11:06:10+00:00,E0107,wach,,V,,,,236.6,,,
_result,2,2025-10-31 11:06:13+00:00,E0107,wach,,V,,,,,234.7,,
_result,2,2025-10-31 11:06:15+00:00,E0107,wach,,V,,,,,,237.1,
_result,1,2025-10-31 11:06:17+00:00,E0107,wach,,A,4.62,4.0,4.33,,,,
_result,0,2025-10-31 11:06:18+00:00,E0107,wach,0.74,,,,,,,,
_result,0,2025-10-31 11:08:12+00:00,E0107,wach,0.9,,,,,,,,
_result,0,2025-10-31 11:10:15+00:00,E0107,wach,0.9,,,,,,,,
_result,1,2025-10-31 11:12:09+00:00,E0107,wach,,A,0.66,0.2,0.26,,,,
_result,0,2025-10-31 11:12:10+00:00,E0107,wach,0.9,,,,,,,,
_result,0,2025-10-31 11:14:09+00:00,E0107,wach,0.9,,,,,,,,
_result,0,2025-10-31 11:16:05+00:00,E0107,wach,0.9,,,,,,,,
_result,0,2025-10-31 11:18:12+00:00,E0107,wach,0.9,,,,,,,,
_result,0,2025-10-31 11:20:12+00:00,E0107,wach,0.9,,,,,,,,
_result,1,2025-10-31 11:22:13+00:00,E0107,wach,,A,0.66,0.2,0.26,,,,
_result,0,2025-10-31 11:22:14+00:00,E0107,wach,0.9,,,,,,,,
_result,1,2025-10-31 11:24:08+00:00,E0107,wach,,A,0.66,0.2,0.26,,,,
_result,0,2025-10-31 11:24:09+00:00,E0107,wach,0.9,,,,,,,,
_result,0,2025-10-31 11:26:13+00:00,E0107,wach,0.9,,,,,,,,
_result,0,2025-10-31 11:28:10+00:00,E0107,wach,0.9,,,,,,,,
_result,1,2025-10-31 11:30:10+00:00,E0107,wach,,A,0.66,0.2,0.26,,,,
_result,0,2025-10-31 11:30:11+00:00,E0107,wach,0.9,,,,,,,,
_result,0,2025-10-31 11:32:12+00:00,E0107,wach,0.9,,,,,,,,
_result,0,2025-10-31 11:34:13+00:00,E0107,wach,0.9,,,,,,,,
_result,0,2025-10-31 11:37:16+00:00,E0107,wach,0.9,,,,,,,,
_result,0,2025-10-31 11:38:07+00:00,E0107,wach,0.9,,,,,,,,
_result,0,2025-10-31 11:40:28+00:00,E0107,wach,0.9,,,,,,,,
_result,0,2025-10-31 11:42:11+00:00,E0107,wach,0.9,,,,,,,,
_result,0,2025-10-31 11:44:36+00:00,E0107,wach,0.9,,,,,,,,
_result,0,2025-10-31 11:46:07+00:00,E0107,wach,0.9,,,,,,,,
_result,2,2025-10-31 11:48:07+00:00,E0107,wach,,V,,,,236.7,234.6,237.2,
_result,0,2025-10-31 11:48:08+00:00,E0107,wach,0.9,,,,,,,,
_result,2,2025-10-31 11:50:17+00:00,E0107,wach,,V,,,,236.7,234.6,,
_result,0,2025-10-31 11:50:18+00:00,E0107,wach,0.9,,,,,,,,
_result,1,2025-10-31 11:52:11+00:00,E0107,wach,,A,0.66,0.2,0.26,,,,
_result,0,2025-10-31 11:52:12+00:00,E0107,wach,0.9,,,,,,,,
_result,1,2025-10-31 11:54:10+00:00,E0107,wach,,A,0.66,0.2,0.26,,,,
_result,0,2025-10-31 11:54:11+00:00,E0107,wach,0.9,,,,,,,,
_result,0,2025-10-31 11:56:13+00:00,E0107,wach,0.9,,,,,,,,
_result,0,2025-10-31 11:58:26+00:00,E0107,wach,0.9,,,,,,,,
_result,0,2025-10-31 12:00:13+00:00,E0107,wach,0.9,,,,,,,,
_result,0,2025-10-31 12:02:14+00:00,E0107,wach,0.9,,,,,,,,
_result,0,2025-10-31 12:04:10+00:00,E0107,wach,0.9,,,,,,,,
_result,1,2025-10-31 12:06:09+00:00,E0107,wach,,A,0.66,0.2,0.26,,,,
_result,0,2025-10-31 12:06:10+00:00,E0107,wach,0.9,,,,,,,,
_result,0,2025-10-31 12:08:11+00:00,E0107,wach,0.9,,,,,,,,
_result,1,2025-10-31 12:11:22+00:00,E0107,wach,,A,0.66,0.2,0.26,,,,
_result,0,2025-10-31 12:11:23+00:00,E0107,wach,0.9,,,,,,,,
_result,0,2025-10-31 12:12:09+00:00,E0107,wach,0.9,,,,,,,,
_result,0,2025-10-31 12:14:13+00:00,E0107,wach,0.9,,,,,,,,
_result,0,2025-10-31 12:16:13+00:00,E0107,wach,0.9,,,,,,,,
_result,0,2025-10-31 12:18:13+00:00,E0107,wach,0.9,,,,,,,,
_result,2,2025-10-31 12:20:06+00:00,E0107,wach,,V,,,,237.3,235.5,237.9,
_result,0,2025-10-31 12:20:07+00:00,E0107,wach,0.9,,,,,,,,
_result,2,2025-10-31 12:22:13+00:00,E0107,wach,,V,,,,237.4,235.4,237.9,
_result,0,2025-10-31 12:22:14+00:00,E0107,wach,0.9,,,,,,,,
_result,0,2025-10-31 12:24:05+00:00,E0107,wach,0.9,,,,,,,,
_result,1,2025-10-31 12:26:09+00:00,E0107,wach,,A,0.66,0.2,,,,,
_result,0,2025-10-31 12:26:10+00:00,E0107,wach,0.9,,,,,,,,
_result,0,2025-10-31 12:28:15+00:00,E0107,wach,0.9,,,,,,,,
_result,1,2025-10-31 12:30:13+00:00,E0107,wach,,A,0.66,0.2,0.26,,,,
_result,0,2025-10-31 12:30:14+00:00,E0107,wach,0.9,,,,,,,,
_result,0,2025-10-31 12:32:43+00:00,E0107,wach,0.9,,,,,,,,
_result,2,2025-10-31 12:34:14+00:00,E0107,wach,,V,,,,237.3,,,
_result,0,2025-10-31 12:34:15+00:00,E0107,wach,0.9,,,,,,,,
_result,1,2025-10-31 12:36:28+00:00,E0107,wach,,A,0.66,0.2,,,,,
_result,0,2025-10-31 12:36:29+00:00,E0107,wach,0.9,,,,,,,,
_result,0,2025-10-31 12:38:13+00:00,E0107,wach,0.9,,,,,,,,
_result,1,2025-10-31 12:40:09+00:00,E0107,wach,,A,0.66,0.2,0.26,,,,
_result,0,2025-10-31 12:40:10+00:00,E0107,wach,0.9,,,,,,,,
_result,0,2025-10-31 12:42:10+00:00,E0107,wach,0.9,,,,,,,,
_result,1,2025-10-31 12:44:14+00:00,E0107,wach,,A,0.66,0.2,0.26,,,,
_result,0,2025-10-31 12:44:15+00:00,E0107,wach,0.9,,,,,,,,
_result,0,2025-10-31 12:46:05+00:00,E0107,wach,0.9,,,,,,,,
_result,1,2025-10-31 12:48:08+00:00,E0107,wach,,A,0.66,0.2,0.26,,,,
_result,0,2025-10-31 12:48:09+00:00,E0107,wach,0.9,,,,,,,,
_result,2,2025-10-31 12:50:14+00:00,E0107,wach,,V,,,,237.7,,,
_result,0,2025-10-31 12:50:15+00:00,E0107,wach,0.9,,,,,,,,
_result,0,2025-10-31 12:52:10+00:00,E0107,wach,0.9,,,,,,,,
_result,0,2025-10-31 12:54:11+00:00,E0107,wach,0.9,,,,,,,,
_result,1,2025-10-31 12:56:12+00:00,E0107,wach,,A,0.66,0.2,0.26,,,,
_result,0,2025-10-31 12:56:13+00:00,E0107,wach,0.9,,,,,,,,
_result,1,2025-10-31 12:58:14+00:00,E0107,wach,,A,0.66,0.2,0.26,,,,
_result,0,2025-10-31 12:58:15+00:00,E0107,wach,0.9,,,,,,,,
_result,1,2025-10-31 13:00:15+00:00,E0107,wach,,A,0.66,0.2,0.26,,,,
_result,0,2025-10-31 13:00:16+00:00,E0107,wach,0.9,,,,,,,,
_result,1,2025-10-31 13:02:10+00:00,E0107,wach,,A,0.66,0.2,0.26,,,,
_result,0,2025-10-31 13:02:11+00:00,E0107,wach,0.9,,,,,,,,
_result,2,2025-10-31 13:04:14+00:00,E0107,wach,,V,,,,238.0,236.0,238.5,
_result,0,2025-10-31 13:04:15+00:00,E0107,wach,0.9,,,,,,,,
_result,1,2025-10-31 13:06:08+00:00,E0107,wach,,A,0.66,0.2,0.26,,,,
_result,0,2025-10-31 13:06:09+00:00,E0107,wach,0.9,,,,,,,,
_result,0,2025-10-31 13:08:12+00:00,E0107,wach,0.9,,,,,,,,
_result,0,2025-10-31 13:10:14+00:00,E0107,wach,0.9,,,,,,,,
_result,1,2025-10-31 13:13:17+00:00,E0107,wach,,A,0.66,0.2,0.26,,,,
_result,0,2025-10-31 13:13:18+00:00,E0107,wach,0.9,,,,,,,,
_result,2,2025-10-31 13:14:11+00:00,E0107,wach,,V,,,,236.3,234.3,,
_result,0,2025-10-31 13:14:12+00:00,E0107,wach,0.9,,,,,,,,
_result,1,2025-10-31 13:16:11+00:00,E0107,wach,,A,0.66,0.2,0.26,,,,
_result,0,2025-10-31 13:16:12+00:00,E0107,wach,0.9,,,,,,,,
_result,1,2025-10-31 13:18:09+00:00,E0107,wach,,A,0.66,0.2,0.26,,,,
_result,0,2025-10-31 13:18:10+00:00,E0107,wach,0.9,,,,,,,,
_result,0,2025-10-31 13:20:39+00:00,E0107,wach,0.9,,,,,,,,
_result,0,2025-10-31 13:22:16+00:00,E0107,wach,0.9,,,,,,,,
_result,2,2025-10-31 13:24:07+00:00,E0107,wach,,V,,,,236.2,,,
_result,0,2025-10-31 13:24:08+00:00,E0107,wach,0.9,,,,,,,,
_result,0,2025-10-31 13:26:10+00:00,E0107,wach,0.9,,,,,,,,
_result,0,2025-10-31 13:28:09+00:00,E0107,wach,0.9,,,,,,,,
_result,0,2025-10-31 13:30:07+00:00,E0107,wach,0.9,,,,,,,,
_result,0,2025-10-31 13:32:11+00:00,E0107,wach,0.9,,,,,,,,
_result,1,2025-10-31 13:34:13+00:00,E0107,wach,,A,0.66,0.2,0.26,,,,
_result,0,2025-10-31 13:34:14+00:00,E0107,wach,0.9,,,,,,,,
_result,0,2025-10-31 13:36:12+00:00,E0107,wach,0.9,,,,,,,,
_result,0,2025-10-31 13:38:18+00:00,E0107,wach,0.9,,,,,,,,
_result,0,2025-10-31 13:40:21+00:00,E0107,wach,0.9,,,,,,,,
_result,0,2025-10-31 13:42:07+00:00,E0107,wach,0.9,,,,,,,,
_result,0,2025-10-31 13:45:51+00:00,E0107,wach,0.9,,,,,,,,
_result,0,2025-10-31 13:46:14+00:00,E0107,wach,0.9,,,,,,,,
_result,0,2025-10-31 13:48:09+00:00,E0107,wach,0.9,,,,,,,,
_result,0,2025-10-31 13:50:12+00:00,E0107,wach,0.9,,,,,,,,
_result,0,2025-10-31 13:52:14+00:00,E0107,wach,0.9,,,,,,,,
_result,0,2025-10-31 13:54:11+00:00,E0107,wach,0.9,,,,,,,,
_result,0,2025-10-31 13:56:09+00:00,E0107,wach,0.9,,,,,,,,
_result,0,2025-10-31 13:58:11+00:00,E0107,wach,0.9,,,,,,,,
_result,0,2025-10-31 14:00:30+00:00,E0107,wach,0.9,,,,,,,,
_result,0,2025-10-31 14:02:06+00:00,E0107,wach,0.9,,,,,,,,
_result,0,2025-10-31 14:04:11+00:00,E0107,wach,0.9,,,,,,,,
_result,1,2025-10-31 14:06:11+00:00,E0107,wach,,A,0.66,0.2,0.26,,,,
_result,0,2025-10-31 14:06:12+00:00,E0107,wach,0.9,,,,,,,,
_result,0,2025-10-31 14:08:11+00:00,E0107,wach,0.9,,,,,,,,
_result,1,2025-10-31 14:10:21+00:00,E0107,wach,,A,0.66,,,,,,
_result,0,2025-10-31 14:10:22+00:00,E0107,wach,0.9,,,,,,,,
_result,0,2025-10-31 14:12:13+00:00,E0107,wach,0.9,,,,,,,,
_result,1,2025-10-31 14:14:12+00:00,E0107,wach,,A,0.66,0.2,0.26,,,,
_result,0,2025-10-31 14:14:13+00:00,E0107,wach,0.9,,,,,,,,
_result,1,2025-10-31 14:16:29+00:00,E0107,wach,,A,0.66,0.2,0.26,,,,
_result,0,2025-10-31 14:16:30+00:00,E0107,wach,0.9,,,,,,,,
_result,0,2025-10-31 14:18:44+00:00,E0107,wach,0.9,,,,,,,,
_result,0,2025-10-31 14:20:25+00:00,E0107,wach,0.9,,,,,,,,
_result,2,2025-10-31 14:22:09+00:00,E0107,wach,,V,,,,238.0,236.0,238.6,
_result,0,2025-10-31 14:22:10+00:00,E0107,wach,0.9,,,,,,,,
_result,1,2025-10-31 14:24:08+00:00,E0107,wach,,A,0.66,0.2,0.26,,,,
_result,0,2025-10-31 14:24:09+00:00,E0107,wach,0.9,,,,,,,,
_result,0,2025-10-31 14:26:07+00:00,E0107,wach,0.9,,,,,,,,
_result,0,2025-10-31 14:28:14+00:00,E0107,wach,0.9,,,,,,,,
_result,0,2025-10-31 14:30:17+00:00,E0107,wach,0.9,,,,,,,,
_result,1,2025-10-31 14:32:07+00:00,E0107,wach,,A,0.66,,,,,,
_result,0,2025-10-31 14:32:08+00:00,E0107,wach,0.9,,,,,,,,
_result,0,2025-10-31 14:34:10+00:00,E0107,wach,0.9,,,,,,,,
_result,0,2025-10-31 14:37:15+00:00,E0107,wach,0.9,,,,,,,,
_result,1,2025-10-31 14:38:11+00:00,E0107,wach,,A,0.66,0.2,0.26,,,,
_result,0,2025-10-31 14:38:12+00:00,E0107,wach,0.9,,,,,,,,
_result,2,2025-10-31 14:41:10+00:00,E0107,wach,,V,,,,238.1,236.1,238.9,
_result,0,2025-10-31 14:41:11+00:00,E0107,wach,0.9,,,,,,,,
_result,0,2025-10-31 14:42:11+00:00,E0107,wach,0.9,,,,,,,,
_result,0,2025-10-31 14:44:15+00:00,E0107,wach,0.9,,,,,,,,
_result,0,2025-10-31 14:46:12+00:00,E0107,wach,0.9,,,,,,,,
_result,0,2025-10-31 14:48:14+00:00,E0107,wach,0.9,,,,,,,,
_result,0,2025-10-31 14:50:14+00:00,E0107,wach,0.9,,,,,,,,
_result,1,2025-10-31 14:52:14+00:00,E0107,wach,,A,0.66,0.2,0.26,,,,
_result,0,2025-10-31 14:52:15+00:00,E0107,wach,0.9,,,,,,,,
_result,2,2025-10-31 14:54:11+00:00,E0107,wach,,V,,,,238.3,,,
_result,2,2025-10-31 14:54:12+00:00,E0107,wach,,V,,,,,236.1,239.0,
_result,1,2025-10-31 14:54:16+00:00,E0107,wach,,A,0.66,0.2,,,,,
_result,1,2025-10-31 14:54:17+00:00,E0107,wach,,A,,,0.26,,,,
_result,3,2025-10-31 14:54:18+00:00,E0107,wach,,kW,,,,,,,0.23883
_result,0,2025-10-31 14:54:25+00:00,E0107,wach,0.9,,,,,,,,
_result,0,2025-10-31 14:56:10+00:00,E0107,wach,0.9,,,,,,,,
_result,0,2025-10-31 14:58:10+00:00,E0107,wach,0.9,,,,,,,,
_result,0,2025-10-31 15:00:18+00:00,E0107,wach,0.9,,,,,,,,
_result,1,2025-10-31 15:02:12+00:00,E0107,wach,,A,0.66,0.2,0.26,,,,
_result,0,2025-10-31 15:02:13+00:00,E0107,wach,0.9,,,,,,,,
_result,0,2025-10-31 15:04:08+00:00,E0107,wach,0.9,,,,,,,,
_result,0,2025-10-31 15:06:08+00:00,E0107,wach,0.9,,,,,,,,
_result,1,2025-10-31 15:08:11+00:00,E0107,wach,,A,0.66,0.2,0.26,,,,
_result,0,2025-10-31 15:08:12+00:00,E0107,wach,0.9,,,,,,,,
_result,0,2025-10-31 15:11:37+00:00,E0107,wach,0.9,,,,,,,,
_result,0,2025-10-31 15:12:20+00:00,E0107,wach,0.9,,,,,,,,
_result,0,2025-10-31 15:14:13+00:00,E0107,wach,0.9,,,,,,,,
_result,0,2025-10-31 15:16:11+00:00,E0107,wach,0.9,,,,,,,,
_result,2,2025-10-31 15:18:09+00:00,E0107,wach,,V,,,,239.1,237.1,239.8,
_result,0,2025-10-31 15:18:10+00:00,E0107,wach,0.9,,,,,,,,
_result,1,2025-10-31 15:20:14+00:00,E0107,wach,,A,0.66,0.2,0.26,,,,
_result,0,2025-10-31 15:20:15+00:00,E0107,wach,0.9,,,,,,,,
_result,0,2025-10-31 15:22:09+00:00,E0107,wach,0.9,,,,,,,,
_result,1,2025-10-31 15:24:09+00:00,E0107,wach,,A,0.66,0.2,0.26,,,,
_result,0,2025-10-31 15:24:10+00:00,E0107,wach,0.9,,,,,,,,
_result,1,2025-10-31 15:26:10+00:00,E0107,wach,,A,0.66,0.2,0.26,,,,
_result,0,2025-10-31 15:26:11+00:00,E0107,wach,0.9,,,,,,,,
_result,1,2025-10-31 15:28:12+00:00,E0107,wach,,A,0.66,0.2,0.26,,,,
_result,0,2025-10-31 15:28:13+00:00,E0107,wach,0.9,,,,,,,,
_result,0,2025-10-31 15:30:09+00:00,E0107,wach,0.9,,,,,,,,
_result,0,2025-10-31 15:32:13+00:00,E0107,wach,0.9,,,,,,,,
_result,1,2025-10-31 15:34:09+00:00,E0107,wach,,A,0.66,0.2,0.26,,,,
_result,0,2025-10-31 15:34:10+00:00,E0107,wach,0.9,,,,,,,,
_result,1,2025-10-31 15:36:10+00:00,E0107,wach,,A,0.66,0.2,0.26,,,,
_result,0,2025-10-31 15:36:11+00:00,E0107,wach,0.9,,,,,,,,
_result,1,2025-10-31 15:38:13+00:00,E0107,wach,,A,0.66,0.2,0.26,,,,
_result,0,2025-10-31 15:38:14+00:00,E0107,wach,0.9,,,,,,,,
_result,1,2025-10-31 15:40:09+00:00,E0107,wach,,A,0.66,0.2,0.26,,,,
_result,0,2025-10-31 15:40:11+00:00,E0107,wach,0.9,,,,,,,,
_result,0,2025-10-31 15:42:10+00:00,E0107,wach,0.9,,,,,,,,
_result,0,2025-10-31 15:44:14+00:00,E0107,wach,0.9,,,,,,,,
_result,1,2025-10-31 15:46:06+00:00,E0107,wach,,A,0.66,0.2,0.26,,,,
_result,0,2025-10-31 15:46:07+00:00,E0107,wach,0.9,,,,,,,,
_result,0,2025-10-31 15:48:12+00:00,E0107,wach,0.9,,,,,,,,
_result,2,2025-10-31 15:50:12+00:00,E0107,wach,,V,,,,239.1,237.0,239.8,
_result,0,2025-10-31 15:50:13+00:00,E0107,wach,0.9,,,,,,,,
_result,1,2025-10-31 15:52:08+00:00,E0107,wach,,A,0.66,0.2,0.26,,,,
_result,0,2025-10-31 15:52:09+00:00,E0107,wach,0.9,,,,,,,,
_result,0,2025-10-31 15:54:10+00:00,E0107,wach,0.9,,,,,,,,
_result,0,2025-10-31 15:56:09+00:00,E0107,wach,0.9,,,,,,,,
_result,0,2025-10-31 15:58:11+00:00,E0107,wach,0.9,,,,,,,,
_result,2,2025-10-31 16:00:09+00:00,E0107,wach,,V,,,,239.1,237.0,239.7,
_result,1,2025-10-31 16:00:10+00:00,E0107,wach,,A,0.66,0.2,0.26,,,,
_result,0,2025-10-31 16:00:11+00:00,E0107,wach,0.9,,,,,,,,
_result,1,2025-10-31 16:02:10+00:00,E0107,wach,,A,0.66,0.2,0.26,,,,
_result,0,2025-10-31 16:02:11+00:00,E0107,wach,0.9,,,,,,,,
_result,1,2025-10-31 16:04:12+00:00,E0107,wach,,A,0.66,0.2,0.26,,,,
_result,0,2025-10-31 16:04:13+00:00,E0107,wach,0.9,,,,,,,,
_result,0,2025-10-31 16:06:10+00:00,E0107,wach,0.9,,,,,,,,
_result,0,2025-10-31 16:08:11+00:00,E0107,wach,0.9,,,,,,,,
_result,0,2025-10-31 16:10:12+00:00,E0107,wach,0.9,,,,,,,,
_result,0,2025-10-31 16:12:09+00:00,E0107,wach,0.9,,,,,,,,
_result,0,2025-10-31 16:14:12+00:00,E0107,wach,0.9,,,,,,,,
_result,1,2025-10-31 16:16:08+00:00,E0107,wach,,A,0.66,0.2,0.26,,,,
_result,0,2025-10-31 16:16:09+00:00,E0107,wach,0.9,,,,,,,,
_result,0,2025-10-31 16:18:04+00:00,E0107,wach,0.9,,,,,,,,
_result,0,2025-10-31 16:20:15+00:00,E0107,wach,0.9,,,,,,,,
_result,0,2025-10-31 16:22:12+00:00,E0107,wach,0.9,,,,,,,,
_result,0,2025-10-31 16:24:07+00:00,E0107,wach,0.9,,,,,,,,
_result,2,2025-10-31 16:26:09+00:00,E0107,wach,,V,,,,238.7,236.7,239.5,
_result,0,2025-10-31 16:26:10+00:00,E0107,wach,0.9,,,,,,,,
_result,2,2025-10-31 16:28:06+00:00,E0107,wach,,V,,,,238.7,236.7,,
_result,0,2025-10-31 16:28:07+00:00,E0107,wach,0.9,,,,,,,,
_result,0,2025-10-31 16:30:12+00:00,E0107,wach,0.9,,,,,,,,
_result,0,2025-10-31 16:32:14+00:00,E0107,wach,0.9,,,,,,,,
_result,1,2025-10-31 16:34:09+00:00,E0107,wach,,A,0.66,0.2,0.27,,,,
_result,0,2025-10-31 16:34:10+00:00,E0107,wach,0.9,,,,,,,,
_result,0,2025-10-31 16:36:13+00:00,E0107,wach,0.9,,,,,,,,
_result,2,2025-10-31 16:38:06+00:00,E0107,wach,,V,,,,239.1,237.0,,
_result,0,2025-10-31 16:38:07+00:00,E0107,wach,0.9,,,,,,,,
_result,1,2025-10-31 16:40:12+00:00,E0107,wach,,A,0.66,,,,,,
_result,0,2025-10-31 16:40:13+00:00,E0107,wach,0.9,,,,,,,,
_result,0,2025-10-31 16:42:14+00:00,E0107,wach,0.9,,,,,,,,
_result,1,2025-10-31 16:44:10+00:00,E0107,wach,,A,0.66,0.2,0.27,,,,
_result,0,2025-10-31 16:44:11+00:00,E0107,wach,0.9,,,,,,,,
_result,1,2025-10-31 16:46:09+00:00,E0107,wach,,A,0.66,0.2,0.27,,,,
_result,0,2025-10-31 16:46:10+00:00,E0107,wach,0.9,,,,,,,,
_result,0,2025-10-31 16:49:23+00:00,E0107,wach,0.9,,,,,,,,
_result,2,2025-10-31 16:50:12+00:00,E0107,wach,,V,,,,239.3,237.1,239.7,
_result,0,2025-10-31 16:50:13+00:00,E0107,wach,0.9,,,,,,,,
_result,0,2025-10-31 16:52:11+00:00,E0107,wach,0.9,,,,,,,,
_result,0,2025-10-31 16:54:13+00:00,E0107,wach,0.9,,,,,,,,
_result,0,2025-10-31 16:56:22+00:00,E0107,wach,0.9,,,,,,,,
_result,0,2025-10-31 16:58:11+00:00,E0107,wach,0.9,,,,,,,,
_result,0,2025-10-31 17:00:22+00:00,E0107,wach,0.9,,,,,,,,
_result,1,2025-10-31 17:02:10+00:00,E0107,wach,,A,0.66,0.2,0.27,,,,
_result,0,2025-10-31 17:02:11+00:00,E0107,wach,0.9,,,,,,,,
_result,0,2025-10-31 17:04:11+00:00,E0107,wach,0.9,,,,,,,,
_result,2,2025-10-31 17:06:09+00:00,E0107,wach,,V,,,,239.8,237.9,240.6,
_result,1,2025-10-31 17:06:11+00:00,E0107,wach,,A,0.66,0.2,0.27,,,,
_result,0,2025-10-31 17:06:12+00:00,E0107,wach,0.89,,,,,,,,
_result,0,2025-10-31 17:08:16+00:00,E0107,wach,0.89,,,,,,,,
_result,1,2025-10-31 17:10:22+00:00,E0107,wach,,A,0.66,0.2,0.27,,,,
_result,0,2025-10-31 17:10:23+00:00,E0107,wach,0.89,,,,,,,,
_result,0,2025-10-31 17:12:06+00:00,E0107,wach,0.89,,,,,,,,
_result,0,2025-10-31 17:14:28+00:00,E0107,wach,0.89,,,,,,,,
_result,0,2025-10-31 17:16:07+00:00,E0107,wach,0.89,,,,,,,,
_result,0,2025-10-31 17:18:15+00:00,E0107,wach,0.89,,,,,,,,
_result,1,2025-10-31 17:20:12+00:00,E0107,wach,,A,0.66,0.2,0.27,,,,
_result,0,2025-10-31 17:20:13+00:00,E0107,wach,0.89,,,,,,,,
_result,1,2025-10-31 17:22:13+00:00,E0107,wach,,A,0.66,,,,,,
_result,0,2025-10-31 17:22:14+00:00,E0107,wach,0.89,,,,,,,,
_result,1,2025-10-31 17:24:08+00:00,E0107,wach,,A,0.66,0.2,0.27,,,,
_result,0,2025-10-31 17:24:09+00:00,E0107,wach,0.89,,,,,,,,
_result,1,2025-10-31 17:26:10+00:00,E0107,wach,,A,0.66,0.2,0.27,,,,
_result,0,2025-10-31 17:26:11+00:00,E0107,wach,0.89,,,,,,,,
_result,0,2025-10-31 17:28:14+00:00,E0107,wach,0.9,,,,,,,,
_result,0,2025-10-31 17:30:14+00:00,E0107,wach,0.9,,,,,,,,
_result,0,2025-10-31 17:32:18+00:00,E0107,wach,0.9,,,,,,,,
_result,2,2025-10-31 17:34:10+00:00,E0107,wach,,V,,,,240.6,238.7,241.3,
_result,0,2025-10-31 17:34:11+00:00,E0107,wach,0.89,,,,,,,,
_result,2,2025-10-31 17:36:12+00:00,E0107,wach,,V,,,,240.6,238.7,,
_result,0,2025-10-31 17:36:13+00:00,E0107,wach,0.89,,,,,,,,
_result,0,2025-10-31 17:38:10+00:00,E0107,wach,0.89,,,,,,,,
_result,0,2025-10-31 17:40:12+00:00,E0107,wach,0.9,,,,,,,,
_result,0,2025-10-31 17:42:11+00:00,E0107,wach,0.9,,,,,,,,
_result,0,2025-10-31 17:44:45+00:00,E0107,wach,0.9,,,,,,,,
_result,0,2025-10-31 17:46:10+00:00,E0107,wach,0.9,,,,,,,,
_result,2,2025-10-31 17:48:10+00:00,E0107,wach,,V,,,,236.8,234.8,,
_result,0,2025-10-31 17:48:11+00:00,E0107,wach,0.9,,,,,,,,
_result,2,2025-10-31 17:50:09+00:00,E0107,wach,,V,,,,236.8,234.8,237.5,
_result,1,2025-10-31 17:50:10+00:00,E0107,wach,,A,0.66,0.2,0.26,,,,
_result,0,2025-10-31 17:50:11+00:00,E0107,wach,0.9,,,,,,,,
_result,0,2025-10-31 17:52:15+00:00,E0107,wach,0.9,,,,,,,,
_result,1,2025-10-31 17:54:10+00:00,E0107,wach,,A,0.66,0.2,0.26,,,,
_result,0,2025-10-31 17:54:11+00:00,E0107,wach,0.9,,,,,,,,
_result,1,2025-10-31 17:56:11+00:00,E0107,wach,,A,0.66,0.2,0.26,,,,
_result,0,2025-10-31 17:56:12+00:00,E0107,wach,0.9,,,,,,,,
_result,0,2025-10-31 17:58:11+00:00,E0107,wach,0.9,,,,,,,,
_result,0,2025-10-31 18:00:14+00:00,E0107,wach,0.9,,,,,,,,
_result,0,2025-10-31 18:02:07+00:00,E0107,wach,0.9,,,,,,,,
_result,0,2025-10-31 18:04:13+00:00,E0107,wach,0.9,,,,,,,,
_result,0,2025-10-31 18:06:14+00:00,E0107,wach,0.9,,,,,,,,
_result,0,2025-10-31 18:08:12+00:00,E0107,wach,0.9,,,,,,,,
_result,1,2025-10-31 18:11:01+00:00,E0107,wach,,A,0.66,0.2,0.26,,,,
_result,0,2025-10-31 18:11:02+00:00,E0107,wach,0.9,,,,,,,,
_result,0,2025-10-31 18:12:24+00:00,E0107,wach,0.9,,,,,,,,
_result,0,2025-10-31 18:14:14+00:00,E0107,wach,0.9,,,,,,,,
_result,1,2025-10-31 18:16:10+00:00,E0107,wach,,A,0.66,0.2,0.26,,,,
_result,0,2025-10-31 18:16:11+00:00,E0107,wach,0.9,,,,,,,,
_result,2,2025-10-31 18:18:10+00:00,E0107,wach,,V,,,,237.8,,,
_result,0,2025-10-31 18:18:11+00:00,E0107,wach,0.9,,,,,,,,
_result,0,2025-10-31 18:20:06+00:00,E0107,wach,0.9,,,,,,,,
_result,1,2025-10-31 18:22:07+00:00,E0107,wach,,A,0.66,0.2,0.26,,,,
_result,0,2025-10-31 18:22:08+00:00,E0107,wach,0.9,,,,,,,,
_result,1,2025-10-31 18:24:11+00:00,E0107,wach,,A,0.66,0.2,0.26,,,,
_result,0,2025-10-31 18:24:12+00:00,E0107,wach,0.9,,,,,,,,
_result,1,2025-10-31 18:26:14+00:00,E0107,wach,,A,0.66,,,,,,
_result,0,2025-10-31 18:26:15+00:00,E0107,wach,0.9,,,,,,,,
_result,1,2025-10-31 18:28:20+00:00,E0107,wach,,A,0.66,0.2,0.26,,,,
_result,0,2025-10-31 18:28:21+00:00,E0107,wach,0.9,,,,,,,,
_result,2,2025-10-31 18:30:09+00:00,E0107,wach,,V,,,,237.9,,,
_result,1,2025-10-31 18:30:10+00:00,E0107,wach,,A,0.66,0.2,0.26,,,,
_result,0,2025-10-31 18:30:11+00:00,E0107,wach,0.9,,,,,,,,
_result,1,2025-10-31 18:32:13+00:00,E0107,wach,,A,0.66,0.2,0.26,,,,
_result,0,2025-10-31 18:32:14+00:00,E0107,wach,0.9,,,,,,,,
_result,0,2025-10-31 18:34:07+00:00,E0107,wach,0.9,,,,,,,,
_result,0,2025-10-31 18:36:08+00:00,E0107,wach,0.9,,,,,,,,
_result,1,2025-10-31 18:38:08+00:00,E0107,wach,,A,0.66,0.2,0.26,,,,
_result,0,2025-10-31 18:38:09+00:00,E0107,wach,0.9,,,,,,,,
_result,1,2025-10-31 18:40:17+00:00,E0107,wach,,A,0.66,0.2,0.26,,,,
_result,0,2025-10-31 18:40:18+00:00,E0107,wach,0.9,,,,,,,,
_result,0,2025-10-31 18:42:13+00:00,E0107,wach,0.9,,,,,,,,
_result,2,2025-10-31 18:44:14+00:00,E0107,wach,,V,,,,238.1,236.2,,
_result,0,2025-10-31 18:44:15+00:00,E0107,wach,0.9,,,,,,,,
_result,0,2025-10-31 18:46:11+00:00,E0107,wach,0.9,,,,,,,,
_result,0,2025-10-31 18:48:08+00:00,E0107,wach,0.9,,,,,,,,
_result,0,2025-10-31 18:50:57+00:00,E0107,wach,0.9,,,,,,,,
_result,2,2025-10-31 18:52:10+00:00,E0107,wach,,V,,,,238.1,236.2,238.6,
_result,0,2025-10-31 18:52:11+00:00,E0107,wach,0.9,,,,,,,,
_result,2,2025-10-31 18:54:21+00:00,E0107,wach,,V,,,,238.1,236.2,238.6,
_result,0,2025-10-31 18:54:22+00:00,E0107,wach,0.9,,,,,,,,
_result,1,2025-10-31 18:56:08+00:00,E0107,wach,,A,0.66,0.2,0.26,,,,
_result,0,2025-10-31 18:56:09+00:00,E0107,wach,0.9,,,,,,,,
_result,0,2025-10-31 18:58:09+00:00,E0107,wach,0.9,,,,,,,,
_result,0,2025-10-31 19:00:11+00:00,E0107,wach,0.9,,,,,,,,
_result,2,2025-10-31 19:02:13+00:00,E0107,wach,,V,,,,238.1,236.1,,
_result,0,2025-10-31 19:02:14+00:00,E0107,wach,0.9,,,,,,,,
_result,0,2025-10-31 19:04:14+00:00,E0107,wach,0.9,,,,,,,,
_result,2,2025-10-31 19:06:11+00:00,E0107,wach,,V,,,,238.1,236.1,238.7,
_result,0,2025-10-31 19:06:12+00:00,E0107,wach,0.9,,,,,,,,
_result,0,2025-10-31 19:08:13+00:00,E0107,wach,0.9,,,,,,,,
_result,2,2025-10-31 19:10:16+00:00,E0107,wach,,V,,,,238.4,236.5,,
_result,0,2025-10-31 19:10:17+00:00,E0107,wach,0.9,,,,,,,,
_result,1,2025-10-31 19:12:10+00:00,E0107,wach,,A,0.66,0.2,0.26,,,,
_result,0,2025-10-31 19:12:11+00:00,E0107,wach,0.9,,,,,,,,
_result,1,2025-10-31 19:14:14+00:00,E0107,wach,,A,0.66,0.2,0.26,,,,
_result,0,2025-10-31 19:14:15+00:00,E0107,wach,0.9,,,,,,,,
_result,2,2025-10-31 19:16:26+00:00,E0107,wach,,V,,,,238.4,236.5,239.0,
_result,0,2025-10-31 19:16:27+00:00,E0107,wach,0.9,,,,,,,,
_result,0,2025-10-31 19:18:13+00:00,E0107,wach,0.9,,,,,,,,
_result,2,2025-10-31 19:20:12+00:00,E0107,wach,,V,,,,238.5,236.6,,
_result,2,2025-10-31 19:20:13+00:00,E0107,wach,,V,,,,,,239.0,
_result,1,2025-10-31 19:20:15+00:00,E0107,wach,,A,0.66,0.2,,,,,
_result,1,2025-10-31 19:20:16+00:00,E0107,wach,,A,,,0.26,,,,
_result,0,2025-10-31 19:20:17+00:00,E0107,wach,0.9,,,,,,,,
_result,1,2025-10-31 19:22:12+00:00,E0107,wach,,A,0.66,,,,,,
_result,0,2025-10-31 19:22:13+00:00,E0107,wach,0.9,,,,,,,,
_result,0,2025-10-31 19:24:19+00:00,E0107,wach,0.9,,,,,,,,
_result,0,2025-10-31 19:26:15+00:00,E0107,wach,0.9,,,,,,,,
_result,0,2025-10-31 19:28:13+00:00,E0107,wach,0.9,,,,,,,,
_result,0,2025-10-31 19:30:14+00:00,E0107,wach,0.9,,,,,,,,
_result,0,2025-10-31 19:32:14+00:00,E0107,wach,0.9,,,,,,,,
_result,2,2025-10-31 19:34:07+00:00,E0107,wach,,V,,,,238.7,236.7,239.2,
_result,0,2025-10-31 19:34:08+00:00,E0107,wach,0.9,,,,,,,,
_result,0,2025-10-31 19:36:18+00:00,E0107,wach,0.9,,,,,,,,
_result,0,2025-10-31 19:38:12+00:00,E0107,wach,0.9,,,,,,,,
_result,0,2025-10-31 19:40:13+00:00,E0107,wach,0.9,,,,,,,,
_result,0,2025-10-31 19:42:13+00:00,E0107,wach,0.9,,,,,,,,
_result,0,2025-10-31 19:44:12+00:00,E0107,wach,0.9,,,,,,,,
_result,0,2025-10-31 19:46:12+00:00,E0107,wach,0.9,,,,,,,,
_result,0,2025-10-31 19:48:15+00:00,E0107,wach,0.9,,,,,,,,
_result,0,2025-10-31 19:50:09+00:00,E0107,wach,0.9,,,,,,,,
_result,0,2025-10-31 19:52:07+00:00,E0107,wach,0.9,,,,,,,,
_result,0,2025-10-31 19:54:11+00:00,E0107,wach,0.9,,,,,,,,
_result,0,2025-10-31 19:56:14+00:00,E0107,wach,0.9,,,,,,,,
_result,1,2025-10-31 19:58:10+00:00,E0107,wach,,A,0.66,0.2,0.26,,,,
_result,0,2025-10-31 19:58:11+00:00,E0107,wach,0.9,,,,,,,,
_result,0,2025-10-31 20:00:14+00:00,E0107,wach,0.9,,,,,,,,
_result,1,2025-10-31 20:02:13+00:00,E0107,wach,,A,0.66,0.2,0.26,,,,
_result,0,2025-10-31 20:02:14+00:00,E0107,wach,0.9,,,,,,,,
_result,2,2025-10-31 20:04:08+00:00,E0107,wach,,V,,,,239.3,,,
_result,0,2025-10-31 20:04:09+00:00,E0107,wach,0.9,,,,,,,,
_result,2,2025-10-31 20:06:11+00:00,E0107,wach,,V,,,,238.9,237.0,239.4,
_result,0,2025-10-31 20:06:12+00:00,E0107,wach,0.9,,,,,,,,
_result,0,2025-10-31 20:08:12+00:00,E0107,wach,0.9,,,,,,,,
_result,2,2025-10-31 20:10:12+00:00,E0107,wach,,V,,,,238.9,237.0,239.4,
_result,0,2025-10-31 20:10:13+00:00,E0107,wach,0.9,,,,,,,,
_result,1,2025-10-31 20:12:13+00:00,E0107,wach,,A,0.66,0.2,0.26,,,,
_result,0,2025-10-31 20:12:14+00:00,E0107,wach,0.9,,,,,,,,
_result,2,2025-10-31 20:14:13+00:00,E0107,wach,,V,,,,238.9,,,
_result,0,2025-10-31 20:14:14+00:00,E0107,wach,0.9,,,,,,,,
_result,1,2025-10-31 20:16:10+00:00,E0107,wach,,A,0.66,0.2,0.26,,,,
_result,0,2025-10-31 20:16:11+00:00,E0107,wach,0.9,,,,,,,,
_result,0,2025-10-31 20:18:10+00:00,E0107,wach,0.9,,,,,,,,
_result,0,2025-10-31 20:20:13+00:00,E0107,wach,0.9,,,,,,,,
_result,0,2025-10-31 20:22:13+00:00,E0107,wach,0.9,,,,,,,,
_result,1,2025-10-31 20:24:05+00:00,E0107,wach,,A,0.66,0.2,0.26,,,,
_result,0,2025-10-31 20:24:06+00:00,E0107,wach,0.9,,,,,,,,
_result,0,2025-10-31 20:26:12+00:00,E0107,wach,0.9,,,,,,,,
_result,1,2025-10-31 20:28:11+00:00,E0107,wach,,A,0.66,0.2,0.26,,,,
_result,0,2025-10-31 20:28:12+00:00,E0107,wach,0.9,,,,,,,,
_result,0,2025-10-31 20:30:17+00:00,E0107,wach,0.9,,,,,,,,
_result,0,2025-10-31 20:32:12+00:00,E0107,wach,0.9,,,,,,,,
_result,1,2025-10-31 20:34:12+00:00,E0107,wach,,A,0.66,0.2,0.26,,,,
_result,0,2025-10-31 20:34:13+00:00,E0107,wach,0.9,,,,,,,,
_result,0,2025-10-31 20:36:15+00:00,E0107,wach,0.9,,,,,,,,
_result,0,2025-10-31 20:38:13+00:00,E0107,wach,0.9,,,,,,,,
_result,0,2025-10-31 20:40:18+00:00,E0107,wach,0.9,,,,,,,,
_result,2,2025-10-31 20:42:10+00:00,E0107,wach,,V,,,,239.3,237.3,239.7,
_result,0,2025-10-31 20:42:11+00:00,E0107,wach,0.9,,,,,,,,
_result,1,2025-10-31 20:44:07+00:00,E0107,wach,,A,0.66,0.2,0.27,,,,
_result,0,2025-10-31 20:44:08+00:00,E0107,wach,0.9,,,,,,,,
_result,0,2025-10-31 20:46:13+00:00,E0107,wach,0.9,,,,,,,,
_result,1,2025-10-31 20:48:12+00:00,E0107,wach,,A,0.66,,,,,,
_result,0,2025-10-31 20:48:13+00:00,E0107,wach,0.9,,,,,,,,
_result,0,2025-10-31 20:50:21+00:00,E0107,wach,0.9,,,,,,,,
_result,1,2025-10-31 20:52:11+00:00,E0107,wach,,A,0.66,0.2,0.27,,,,
_result,0,2025-10-31 20:52:12+00:00,E0107,wach,0.9,,,,,,,,
_result,0,2025-10-31 20:54:09+00:00,E0107,wach,0.9,,,,,,,,
_result,2,2025-10-31 20:56:07+00:00,E0107,wach,,V,,,,239.8,237.9,,
_result,0,2025-10-31 20:56:08+00:00,E0107,wach,0.9,,,,,,,,
_result,1,2025-10-31 20:58:11+00:00,E0107,wach,,A,0.66,0.2,0.27,,,,
_result,0,2025-10-31 20:58:12+00:00,E0107,wach,0.9,,,,,,,,
_result,0,2025-10-31 21:00:15+00:00,E0107,wach,0.9,,,,,,,,
_result,0,2025-10-31 21:02:12+00:00,E0107,wach,0.9,,,,,,,,
_result,0,2025-10-31 21:04:11+00:00,E0107,wach,0.9,,,,,,,,
_result,0,2025-10-31 21:06:15+00:00,E0107,wach,0.9,,,,,,,,
_result,1,2025-10-31 21:08:09+00:00,E0107,wach,,A,0.66,0.2,0.27,,,,
_result,0,2025-10-31 21:08:10+00:00,E0107,wach,0.9,,,,,,,,
_result,0,2025-10-31 21:10:12+00:00,E0107,wach,0.9,,,,,,,,
_result,1,2025-10-31 21:12:10+00:00,E0107,wach,,A,0.66,0.2,0.27,,,,
_result,0,2025-10-31 21:12:11+00:00,E0107,wach,0.9,,,,,,,,
_result,0,2025-10-31 21:14:11+00:00,E0107,wach,0.9,,,,,,,,
_result,1,2025-10-31 21:16:16+00:00,E0107,wach,,A,0.66,0.2,0.27,,,,
_result,0,2025-10-31 21:16:17+00:00,E0107,wach,0.9,,,,,,,,
_result,0,2025-10-31 21:18:13+00:00,E0107,wach,0.9,,,,,,,,
_result,1,2025-10-31 21:20:15+00:00,E0107,wach,,A,0.66,0.2,0.27,,,,
_result,0,2025-10-31 21:20:16+00:00,E0107,wach,0.9,,,,,,,,
_result,2,2025-10-31 21:22:12+00:00,E0107,wach,,V,,,,239.4,237.5,239.9,
_result,0,2025-10-31 21:22:13+00:00,E0107,wach,0.9,,,,,,,,
_result,1,2025-10-31 21:24:14+00:00,E0107,wach,,A,0.66,0.2,0.27,,,,
_result,0,2025-10-31 21:24:15+00:00,E0107,wach,0.9,,,,,,,,
_result,2,2025-10-31 21:26:13+00:00,E0107,wach,,V,,,,239.4,237.6,239.9,
_result,0,2025-10-31 21:26:14+00:00,E0107,wach,0.9,,,,,,,,
_result,0,2025-10-31 21:28:07+00:00,E0107,wach,0.9,,,,,,,,
_result,2,2025-10-31 21:30:21+00:00,E0107,wach,,V,,,,239.3,237.5,239.9,
_result,0,2025-10-31 21:30:22+00:00,E0107,wach,0.9,,,,,,,,
_result,0,2025-10-31 21:32:20+00:00,E0107,wach,0.9,,,,,,,,
_result,0,2025-10-31 21:34:14+00:00,E0107,wach,0.9,,,,,,,,
_result,0,2025-10-31 21:36:17+00:00,E0107,wach,0.9,,,,,,,,
_result,1,2025-10-31 21:38:11+00:00,E0107,wach,,A,0.66,0.2,0.27,,,,
_result,0,2025-10-31 21:38:12+00:00,E0107,wach,0.9,,,,,,,,
_result,0,2025-10-31 21:40:15+00:00,E0107,wach,0.9,,,,,,,,
_result,0,2025-10-31 21:42:09+00:00,E0107,wach,0.9,,,,,,,,
_result,0,2025-10-31 21:44:13+00:00,E0107,wach,0.9,,,,,,,,
_result,0,2025-10-31 21:46:11+00:00,E0107,wach,0.9,,,,,,,,
_result,1,2025-10-31 21:48:09+00:00,E0107,wach,,A,0.66,0.2,0.27,,,,
_result,0,2025-10-31 21:48:10+00:00,E0107,wach,0.9,,,,,,,,
_result,2,2025-10-31 21:50:09+00:00,E0107,wach,,V,,,,238.7,,,
_result,1,2025-10-31 21:50:10+00:00,E0107,wach,,A,0.66,0.2,0.26,,,,
_result,0,2025-10-31 21:50:11+00:00,E0107,wach,0.9,,,,,,,,
_result,0,2025-10-31 21:52:11+00:00,E0107,wach,0.9,,,,,,,,
_result,2,2025-10-31 21:54:10+00:00,E0107,wach,,V,,,,238.7,,,
_result,1,2025-10-31 21:54:11+00:00,E0107,wach,,A,0.66,0.2,0.26,,,,
_result,0,2025-10-31 21:54:12+00:00,E0107,wach,0.9,,,,,,,,
_result,0,2025-10-31 21:56:16+00:00,E0107,wach,0.9,,,,,,,,
_result,1,2025-10-31 21:58:11+00:00,E0107,wach,,A,0.66,0.2,0.27,,,,
_result,0,2025-10-31 21:58:12+00:00,E0107,wach,0.9,,,,,,,,
_result,1,2025-10-31 22:00:14+00:00,E0107,wach,,A,0.66,0.2,0.27,,,,
_result,0,2025-10-31 22:00:15+00:00,E0107,wach,0.9,,,,,,,,
_result,1,2025-10-31 22:02:13+00:00,E0107,wach,,A,0.66,0.2,0.27,,,,
_result,0,2025-10-31 22:02:14+00:00,E0107,wach,0.9,,,,,,,,
_result,0,2025-10-31 22:04:17+00:00,E0107,wach,0.9,,,,,,,,
_result,0,2025-10-31 22:06:12+00:00,E0107,wach,0.9,,,,,,,,
_result,0,2025-10-31 22:08:35+00:00,E0107,wach,0.9,,,,,,,,
_result,1,2025-10-31 22:10:10+00:00,E0107,wach,,A,0.66,0.2,0.26,,,,
_result,0,2025-10-31 22:10:11+00:00,E0107,wach,0.9,,,,,,,,
_result,0,2025-10-31 22:12:14+00:00,E0107,wach,0.9,,,,,,,,
_result,0,2025-10-31 22:14:09+00:00,E0107,wach,0.9,,,,,,,,
_result,0,2025-10-31 22:16:12+00:00,E0107,wach,0.9,,,,,,,,
_result,0,2025-10-31 22:19:05+00:00,E0107,wach,0.9,,,,,,,,
_result,0,2025-10-31 22:20:19+00:00,E0107,wach,0.9,,,,,,,,
_result,0,2025-10-31 22:22:13+00:00,E0107,wach,0.9,,,,,,,,
_result,1,2025-10-31 22:24:10+00:00,E0107,wach,,A,0.66,0.2,0.26,,,,
_result,0,2025-10-31 22:24:11+00:00,E0107,wach,0.9,,,,,,,,
_result,1,2025-10-31 22:26:08+00:00,E0107,wach,,A,0.66,0.2,0.26,,,,
_result,0,2025-10-31 22:26:09+00:00,E0107,wach,0.9,,,,,,,,
_result,1,2025-10-31 22:28:10+00:00,E0107,wach,,A,0.66,0.2,0.26,,,,
_result,0,2025-10-31 22:28:11+00:00,E0107,wach,0.9,,,,,,,,
_result,0,2025-10-31 22:30:11+00:00,E0107,wach,0.9,,,,,,,,
_result,0,2025-10-31 22:32:16+00:00,E0107,wach,0.9,,,,,,,,
_result,0,2025-10-31 22:34:12+00:00,E0107,wach,0.9,,,,,,,,
_result,0,2025-10-31 22:36:12+00:00,E0107,wach,0.9,,,,,,,,
_result,0,2025-10-31 22:38:10+00:00,E0107,wach,0.9,,,,,,,,
_result,2,2025-10-31 22:40:15+00:00,E0107,wach,,V,,,,237.9,,,
_result,0,2025-10-31 22:40:16+00:00,E0107,wach,0.9,,,,,,,,
_result,0,2025-10-31 22:42:11+00:00,E0107,wach,0.9,,,,,,,,
_result,1,2025-10-31 22:44:11+00:00,E0107,wach,,A,0.66,0.2,0.26,,,,
_result,0,2025-10-31 22:44:12+00:00,E0107,wach,0.9,,,,,,,,
_result,0,2025-10-31 22:46:16+00:00,E0107,wach,0.9,,,,,,,,
_result,2,2025-10-31 22:48:05+00:00,E0107,wach,,V,,,,237.9,236.0,238.4,
_result,0,2025-10-31 22:48:06+00:00,E0107,wach,0.9,,,,,,,,
_result,1,2025-10-31 22:50:13+00:00,E0107,wach,,A,0.66,0.2,0.26,,,,
_result,0,2025-10-31 22:50:14+00:00,E0107,wach,0.9,,,,,,,,
_result,1,2025-10-31 22:52:10+00:00,E0107,wach,,A,0.66,0.2,0.26,,,,
_result,0,2025-10-31 22:52:11+00:00,E0107,wach,0.9,,,,,,,,
_result,0,2025-10-31 22:54:07+00:00,E0107,wach,0.9,,,,,,,,
_result,1,2025-10-31 22:56:07+00:00,E0107,wach,,A,0.66,0.2,0.26,,,,
_result,0,2025-10-31 22:56:08+00:00,E0107,wach,0.9,,,,,,,,
_result,0,2025-10-31 22:58:08+00:00,E0107,wach,0.9,,,,,,,,
_result,0,2025-10-31 23:00:16+00:00,E0107,wach,0.9,,,,,,,,
_result,0,2025-10-31 23:02:11+00:00,E0107,wach,0.9,,,,,,,,
_result,0,2025-10-31 23:04:13+00:00,E0107,wach,0.9,,,,,,,,
_result,2,2025-10-31 23:06:16+00:00,E0107,wach,,V,,,,237.5,235.7,238.0,
_result,1,2025-10-31 23:06:17+00:00,E0107,wach,,A,0.66,0.2,0.26,,,,
_result,0,2025-10-31 23:06:18+00:00,E0107,wach,0.9,,,,,,,,
_result,0,2025-10-31 23:08:14+00:00,E0107,wach,0.9,,,,,,,,
_result,1,2025-10-31 23:10:12+00:00,E0107,wach,,A,4.67,4.06,4.36,,,,
_result,0,2025-10-31 23:10:13+00:00,E0107,wach,0.74,,,,,,,,
_result,0,2025-10-31 23:12:11+00:00,E0107,wach,0.74,,,,,,,,
_result,1,2025-10-31 23:14:10+00:00,E0107,wach,,A,4.67,4.06,4.36,,,,
_result,3,2025-10-31 23:14:11+00:00,E0107,wach,,kW,,,,,,,2.26691
_result,0,2025-10-31 23:14:12+00:00,E0107,wach,0.74,,,,,,,,
_result,0,2025-10-31 23:16:20+00:00,E0107,wach,0.74,,,,,,,,
_result,0,2025-10-31 23:18:11+00:00,E0107,wach,0.74,,,,,,,,
_result,2,2025-10-31 23:20:12+00:00,E0107,wach,,V,,,,236.7,234.7,236.9,
_result,0,2025-10-31 23:20:13+00:00,E0107,wach,0.74,,,,,,,,
_result,1,2025-10-31 23:22:10+00:00,E0107,wach,,A,4.65,4.04,4.34,,,,
_result,0,2025-10-31 23:22:11+00:00,E0107,wach,0.74,,,,,,,,
_result,0,2025-10-31 23:24:12+00:00,E0107,wach,0.74,,,,,,,,
_result,0,2025-10-31 23:26:11+00:00,E0107,wach,0.74,,,,,,,,
_result,0,2025-10-31 23:28:12+00:00,E0107,wach,0.74,,,,,,,,
_result,1,2025-10-31 23:30:10+00:00,E0107,wach,,A,4.64,4.05,4.32,,,,
_result,0,2025-10-31 23:30:11+00:00,E0107,wach,0.74,,,,,,,,
_result,0,2025-10-31 23:32:16+00:00,E0107,wach,0.74,,,,,,,,
_result,0,2025-10-31 23:34:08+00:00,E0107,wach,0.74,,,,,,,,
_result,0,2025-10-31 23:36:20+00:00,E0107,wach,0.74,,,,,,,,
_result,2,2025-10-31 23:38:07+00:00,E0107,wach,,V,,,,236.9,,,
_result,0,2025-10-31 23:38:08+00:00,E0107,wach,0.74,,,,,,,,
_result,0,2025-10-31 23:40:14+00:00,E0107,wach,0.74,,,,,,,,
_result,1,2025-10-31 23:42:12+00:00,E0107,wach,,A,4.65,4.05,4.32,,,,
_result,0,2025-10-31 23:42:13+00:00,E0107,wach,0.74,,,,,,,,
_result,0,2025-10-31 23:44:11+00:00,E0107,wach,0.74,,,,,,,,
_result,1,2025-10-31 23:46:14+00:00,E0107,wach,,A,4.65,4.05,4.32,,,,
_result,0,2025-10-31 23:46:15+00:00,E0107,wach,0.74,,,,,,,,
_result,1,2025-10-31 23:48:12+00:00,E0107,wach,,A,4.65,4.05,4.32,,,,
_result,0,2025-10-31 23:48:13+00:00,E0107,wach,0.74,,,,,,,,
_result,0,2025-10-31 23:50:12+00:00,E0107,wach,0.74,,,,,,,,
_result,0,2025-10-31 23:52:14+00:00,E0107,wach,0.74,,,,,,,,
_result,0,2025-10-31 23:54:14+00:00,E0107,wach,0.74,,,,,,,,
_result,0,2025-10-31 23:56:13+00:00,E0107,wach,0.74,,,,,,,,
_result,0,2025-10-31 23:58:11+00:00,E0107,wach,0.74,,,,,,,,
_result,0,2025-11-01 00:00:12+00:00,E0107,wach,0.74,,,,,,,,
_result,0,2025-11-01 00:02:13+00:00,E0107,wach,0.74,,,,,,,,
_result,0,2025-11-01 00:04:12+00:00,E0107,wach,0.74,,,,,,,,
_result,0,2025-11-01 00:06:10+00:00,E0107,wach,0.74,,,,,,,,
_result,1,2025-11-01 00:08:09+00:00,E0107,wach,,A,4.61,4.02,4.29,,,,
_result,0,2025-11-01 00:08:10+00:00,E0107,wach,0.74,,,,,,,,
_result,0,2025-11-01 00:10:14+00:00,E0107,wach,0.74,,,,,,,,
_result,0,2025-11-01 00:12:07+00:00,E0107,wach,0.75,,,,,,,,
_result,2,2025-11-01 00:14:07+00:00,E0107,wach,,V,,,,234.9,233.2,235.2,
_result,0,2025-11-01 00:14:08+00:00,E0107,wach,0.75,,,,,,,,
_result,0,2025-11-01 00:16:12+00:00,E0107,wach,0.75,,,,,,,,
_result,2,2025-11-01 00:18:10+00:00,E0107,wach,,V,,,,234.6,232.9,234.9,
_result,0,2025-11-01 00:18:11+00:00,E0107,wach,0.75,,,,,,,,
_result,1,2025-11-01 00:20:12+00:00,E0107,wach,,A,4.6,4.02,4.27,,,,
_result,3,2025-11-01 00:20:13+00:00,E0107,wach,,kW,,,,,,,2.25568
_result,0,2025-11-01 00:20:14+00:00,E0107,wach,0.75,,,,,,,,
_result,0,2025-11-01 00:22:13+00:00,E0107,wach,0.75,,,,,,,,
_result,0,2025-11-01 00:24:13+00:00,E0107,wach,0.75,,,,,,,,
_result,1,2025-11-01 00:26:12+00:00,E0107,wach,,A,4.6,4.01,4.28,,,,
_result,0,2025-11-01 00:26:13+00:00,E0107,wach,0.75,,,,,,,,
_result,2,2025-11-01 00:28:34+00:00,E0107,wach,,V,,,,234.5,232.7,234.9,
_result,0,2025-11-01 00:28:35+00:00,E0107,wach,0.75,,,,,,,,
_result,0,2025-11-01 00:30:14+00:00,E0107,wach,0.75,,,,,,,,
_result,1,2025-11-01 00:32:09+00:00,E0107,wach,,A,4.6,4.01,4.28,,,,
_result,0,2025-11-01 00:32:10+00:00,E0107,wach,0.75,,,,,,,,
_result,2,2025-11-01 00:34:11+00:00,E0107,wach,,V,,,,234.5,232.7,234.9,
_result,0,2025-11-01 00:34:12+00:00,E0107,wach,0.75,,,,,,,,
_result,0,2025-11-01 00:36:18+00:00,E0107,wach,0.75,,,,,,,,
_result,0,2025-11-01 00:38:12+00:00,E0107,wach,0.75,,,,,,,,
_result,1,2025-11-01 00:40:15+00:00,E0107,wach,,A,4.6,4.01,4.28,,,,
_result,0,2025-11-01 00:40:16+00:00,E0107,wach,0.75,,,,,,,,
_result,0,2025-11-01 00:42:13+00:00,E0107,wach,0.75,,,,,,,,
_result,0,2025-11-01 00:44:36+00:00,E0107,wach,0.75,,,,,,,,
_result,1,2025-11-01 00:46:09+00:00,E0107,wach,,A,4.57,4.01,4.24,,,,
_result,0,2025-11-01 00:46:10+00:00,E0107,wach,0.75,,,,,,,,
_result,1,2025-11-01 00:48:09+00:00,E0107,wach,,A,4.57,4.01,4.24,,,,
_result,0,2025-11-01 00:48:10+00:00,E0107,wach,0.75,,,,,,,,
_result,0,2025-11-01 00:50:18+00:00,E0107,wach,0.76,,,,,,,,
_result,0,2025-11-01 00:52:12+00:00,E0107,wach,0.76,,,,,,,,
_result,1,2025-11-01 00:54:16+00:00,E0107,wach,,A,4.57,4.01,4.25,,,,
_result,0,2025-11-01 00:54:17+00:00,E0107,wach,0.76,,,,,,,,
_result,0,2025-11-01 00:56:12+00:00,E0107,wach,0.76,,,,,,,,
_result,0,2025-11-01 00:58:08+00:00,E0107,wach,0.76,,,,,,,,
_result,2,2025-11-01 01:00:16+00:00,E0107,wach,,V,,,,232.9,231.1,233.1,
_result,0,2025-11-01 01:00:17+00:00,E0107,wach,0.76,,,,,,,,
_result,0,2025-11-01 01:02:11+00:00,E0107,wach,0.76,,,,,,,,
_result,0,2025-11-01 01:04:10+00:00,E0107,wach,0.76,,,,,,,,
_result,0,2025-11-01 01:06:17+00:00,E0107,wach,0.76,,,,,,,,
_result,0,2025-11-01 01:08:12+00:00,E0107,wach,0.76,,,,,,,,
_result,0,2025-11-01 01:10:15+00:00,E0107,wach,0.76,,,,,,,,
_result,0,2025-11-01 01:12:15+00:00,E0107,wach,0.76,,,,,,,,
_result,1,2025-11-01 01:14:11+00:00,E0107,wach,,A,4.57,3.99,4.24,,,,
_result,0,2025-11-01 01:14:12+00:00,E0107,wach,0.76,,,,,,,,
_result,1,2025-11-01 01:16:07+00:00,E0107,wach,,A,4.61,4.03,4.28,,,,
_result,0,2025-11-01 01:16:08+00:00,E0107,wach,0.75,,,,,,,,
_result,0,2025-11-01 01:18:14+00:00,E0107,wach,0.75,,,,,,,,
_result,0,2025-11-01 01:20:14+00:00,E0107,wach,0.75,,,,,,,,
_result,0,2025-11-01 01:22:10+00:00,E0107,wach,0.75,,,,,,,,
_result,1,2025-11-01 01:24:13+00:00,E0107,wach,,A,4.6,,,,,,
_result,0,2025-11-01 01:24:14+00:00,E0107,wach,0.75,,,,,,,,
_result,1,2025-11-01 01:26:09+00:00,E0107,wach,,A,4.6,4.03,4.28,,,,
_result,0,2025-11-01 01:26:10+00:00,E0107,wach,0.75,,,,,,,,
_result,0,2025-11-01 01:28:18+00:00,E0107,wach,0.75,,,,,,,,
_result,0,2025-11-01 01:30:17+00:00,E0107,wach,0.75,,,,,,,,
_result,1,2025-11-01 01:32:13+00:00,E0107,wach,,A,4.61,4.01,4.28,,,,
_result,0,2025-11-01 01:32:14+00:00,E0107,wach,0.75,,,,,,,,
_result,0,2025-11-01 01:34:14+00:00,E0107,wach,0.75,,,,,,,,
_result,0,2025-11-01 01:36:12+00:00,E0107,wach,0.75,,,,,,,,
_result,0,2025-11-01 01:38:23+00:00,E0107,wach,0.75,,,,,,,,
_result,1,2025-11-01 01:40:13+00:00,E0107,wach,,A,4.61,4.02,4.28,,,,
_result,0,2025-11-01 01:40:14+00:00,E0107,wach,0.75,,,,,,,,
_result,2,2025-11-01 01:42:09+00:00,E0107,wach,,V,,,,234.8,233.1,235.1,
_result,0,2025-11-01 01:42:10+00:00,E0107,wach,0.75,,,,,,,,
_result,1,2025-11-01 01:44:10+00:00,E0107,wach,,A,4.61,4.02,4.28,,,,
_result,0,2025-11-01 01:44:11+00:00,E0107,wach,0.75,,,,,,,,
_result,2,2025-11-01 01:46:12+00:00,E0107,wach,,V,,,,234.8,233.1,235.1,
_result,0,2025-11-01 01:46:13+00:00,E0107,wach,0.75,,,,,,,,
_result,0,2025-11-01 01:48:12+00:00,E0107,wach,0.75,,,,,,,,
_result,0,2025-11-01 01:50:15+00:00,E0107,wach,0.75,,,,,,,,
_result,1,2025-11-01 01:52:06+00:00,E0107,wach,,A,4.6,4.01,4.27,,,,
_result,0,2025-11-01 01:52:07+00:00,E0107,wach,0.75,,,,,,,,
_result,0,2025-11-01 01:54:18+00:00,E0107,wach,0.75,,,,,,,,
_result,0,2025-11-01 01:56:12+00:00,E0107,wach,0.75,,,,,,,,
_result,0,2025-11-01 01:58:18+00:00,E0107,wach,0.75,,,,,,,,
_result,1,2025-11-01 02:00:16+00:00,E0107,wach,,A,4.59,4.0,4.27,,,,
_result,0,2025-11-01 02:00:17+00:00,E0107,wach,0.75,,,,,,,,
_result,0,2025-11-01 02:02:07+00:00,E0107,wach,0.75,,,,,,,,
_result,2,2025-11-01 02:04:17+00:00,E0107,wach,,V,,,,233.3,231.6,233.8,
_result,0,2025-11-01 02:04:18+00:00,E0107,wach,0.75,,,,,,,,
_result,0,2025-11-01 02:06:19+00:00,E0107,wach,0.75,,,,,,,,
_result,1,2025-11-01 02:08:07+00:00,E0107,wach,,A,4.58,4.0,4.26,,,,
_result,0,2025-11-01 02:08:08+00:00,E0107,wach,0.75,,,,,,,,
_result,0,2025-11-01 02:10:15+00:00,E0107,wach,0.75,,,,,,,,
_result,0,2025-11-01 02:12:12+00:00,E0107,wach,0.75,,,,,,,,
_result,0,2025-11-01 02:14:16+00:00,E0107,wach,0.75,,,,,,,,
_result,0,2025-11-01 02:16:16+00:00,E0107,wach,0.75,,,,,,,,
_result,2,2025-11-01 02:18:13+00:00,E0107,wach,,V,,,,233.2,,,
_result,0,2025-11-01 02:18:14+00:00,E0107,wach,0.75,,,,,,,,
_result,1,2025-11-01 02:20:17+00:00,E0107,wach,,A,4.57,4.0,4.26,,,,
_result,0,2025-11-01 02:20:18+00:00,E0107,wach,0.75,,,,,,,,
_result,0,2025-11-01 02:22:14+00:00,E0107,wach,0.75,,,,,,,,
_result,0,2025-11-01 02:24:12+00:00,E0107,wach,0.75,,,,,,,,
_result,0,2025-11-01 02:26:14+00:00,E0107,wach,0.75,,,,,,,,
_result,2,2025-11-01 02:28:10+00:00,E0107,wach,,V,,,,233.2,231.4,233.5,
_result,0,2025-11-01 02:28:11+00:00,E0107,wach,0.75,,,,,,,,
_result,1,2025-11-01 02:30:10+00:00,E0107,wach,,A,4.58,4.0,4.26,,,,
_result,0,2025-11-01 02:30:11+00:00,E0107,wach,0.75,,,,,,,,
_result,0,2025-11-01 02:32:14+00:00,E0107,wach,0.75,,,,,,,,
_result,0,2025-11-01 02:34:31+00:00,E0107,wach,0.75,,,,,,,,
_result,1,2025-11-01 02:36:09+00:00,E0107,wach,,A,4.58,4.0,4.26,,,,
_result,0,2025-11-01 02:36:10+00:00,E0107,wach,0.75,,,,,,,,
_result,1,2025-11-01 02:38:13+00:00,E0107,wach,,A,4.58,4.0,4.26,,,,
_result,0,2025-11-01 02:38:14+00:00,E0107,wach,0.75,,,,,,,,
_result,2,2025-11-01 02:40:13+00:00,E0107,wach,,V,,,,233.0,231.2,,
_result,0,2025-11-01 02:40:14+00:00,E0107,wach,0.75,,,,,,,,
_result,2,2025-11-01 02:42:10+00:00,E0107,wach,,V,,,,233.0,231.2,233.3,
_result,0,2025-11-01 02:42:11+00:00,E0107,wach,0.75,,,,,,,,
_result,0,2025-11-01 02:44:16+00:00,E0107,wach,0.75,,,,,,,,
_result,0,2025-11-01 02:46:13+00:00,E0107,wach,0.75,,,,,,,,
_result,0,2025-11-01 02:48:12+00:00,E0107,wach,0.75,,,,,,,,
_result,0,2025-11-01 02:50:17+00:00,E0107,wach,0.75,,,,,,,,
_result,0,2025-11-01 02:52:28+00:00,E0107,wach,0.75,,,,,,,,
_result,1,2025-11-01 02:54:16+00:00,E0107,wach,,A,4.58,4.0,4.26,,,,
_result,0,2025-11-01 02:54:17+00:00,E0107,wach,0.75,,,,,,,,
_result,2,2025-11-01 02:56:15+00:00,E0107,wach,,V,,,,233.0,231.2,,
_result,0,2025-11-01 02:56:16+00:00,E0107,wach,0.75,,,,,,,,
_result,1,2025-11-01 02:58:08+00:00,E0107,wach,,A,4.58,4.0,4.26,,,,
_result,0,2025-11-01 02:58:09+00:00,E0107,wach,0.75,,,,,,,,
_result,2,2025-11-01 03:00:18+00:00,E0107,wach,,V,,,,233.0,231.2,233.3,
_result,0,2025-11-01 03:00:19+00:00,E0107,wach,0.75,,,,,,,,
_result,2,2025-11-01 03:02:09+00:00,E0107,wach,,V,,,,233.8,232.1,234.1,
_result,0,2025-11-01 03:02:10+00:00,E0107,wach,0.75,,,,,,,,
_result,1,2025-11-01 03:04:08+00:00,E0107,wach,,A,4.59,4.01,4.26,,,,
_result,0,2025-11-01 03:04:09+00:00,E0107,wach,0.75,,,,,,,,
_result,0,2025-11-01 03:06:13+00:00,E0107,wach,0.75,,,,,,,,
_result,0,2025-11-01 03:08:15+00:00,E0107,wach,0.75,,,,,,,,
_result,0,2025-11-01 03:10:13+00:00,E0107,wach,0.75,,,,,,,,
_result,0,2025-11-01 03:12:08+00:00,E0107,wach,0.75,,,,,,,,
_result,0,2025-11-01 03:14:14+00:00,E0107,wach,0.75,,,,,,,,
_result,0,2025-11-01 03:16:15+00:00,E0107,wach,0.75,,,,,,,,
_result,1,2025-11-01 03:18:13+00:00,E0107,wach,,A,4.58,4.0,4.27,,,,
_result,0,2025-11-01 03:18:14+00:00,E0107,wach,0.75,,,,,,,,
_result,0,2025-11-01 03:20:23+00:00,E0107,wach,0.75,,,,,,,,
_result,2,2025-11-01 03:22:09+00:00,E0107,wach,,V,,,,234.2,232.5,234.5,
_result,0,2025-11-01 03:22:10+00:00,E0107,wach,0.75,,,,,,,,
_result,0,2025-11-01 03:24:12+00:00,E0107,wach,0.75,,,,,,,,
_result,2,2025-11-01 03:26:13+00:00,E0107,wach,,V,,,,234.2,232.5,234.5,
_result,0,2025-11-01 03:26:14+00:00,E0107,wach,0.75,,,,,,,,
_result,1,2025-11-01 03:28:14+00:00,E0107,wach,,A,4.6,,,,,,
_result,0,2025-11-01 03:28:15+00:00,E0107,wach,0.75,,,,,,,,
_result,2,2025-11-01 03:30:21+00:00,E0107,wach,,V,,,,234.2,232.5,234.6,
_result,0,2025-11-01 03:30:22+00:00,E0107,wach,0.75,,,,,,,,
_result,0,2025-11-01 03:32:07+00:00,E0107,wach,0.75,,,,,,,,
_result,0,2025-11-01 03:34:23+00:00,E0107,wach,0.75,,,,,,,,
_result,0,2025-11-01 03:36:13+00:00,E0107,wach,0.75,,,,,,,,
_result,0,2025-11-01 03:38:08+00:00,E0107,wach,0.75,,,,,,,,
_result,1,2025-11-01 03:40:17+00:00,E0107,wach,,A,4.58,4.01,4.26,,,,
_result,0,2025-11-01 03:40:18+00:00,E0107,wach,0.75,,,,,,,,
_result,2,2025-11-01 03:42:15+00:00,E0107,wach,,V,,,,233.8,232.0,234.1,
_result,0,2025-11-01 03:42:16+00:00,E0107,wach,0.75,,,,,,,,
_result,0,2025-11-01 03:44:14+00:00,E0107,wach,0.75,,,,,,,,
_result,2,2025-11-01 03:46:09+00:00,E0107,wach,,V,,,,233.9,232.2,234.3,
_result,1,2025-11-01 03:46:10+00:00,E0107,wach,,A,4.58,4.01,4.27,,,,
_result,0,2025-11-01 03:46:11+00:00,E0107,wach,0.75,,,,,,,,
_result,0,2025-11-01 03:48:15+00:00,E0107,wach,0.75,,,,,,,,
_result,0,2025-11-01 03:50:16+00:00,E0107,wach,0.75,,,,,,,,
_result,0,2025-11-01 03:52:14+00:00,E0107,wach,0.75,,,,,,,,
_result,0,2025-11-01 03:54:14+00:00,E0107,wach,0.75,,,,,,,,
_result,1,2025-11-01 03:56:13+00:00,E0107,wach,,A,4.59,,,,,,
_result,0,2025-11-01 03:56:14+00:00,E0107,wach,0.75,,,,,,,,
_result,0,2025-11-01 03:58:16+00:00,E0107,wach,0.75,,,,,,,,
_result,0,2025-11-01 04:00:16+00:00,E0107,wach,0.75,,,,,,,,
_result,1,2025-11-01 04:02:15+00:00,E0107,wach,,A,4.6,4.01,4.27,,,,
_result,0,2025-11-01 04:02:16+00:00,E0107,wach,0.75,,,,,,,,
_result,0,2025-11-01 04:04:14+00:00,E0107,wach,0.75,,,,,,,,
_result,0,2025-11-01 04:06:14+00:00,E0107,wach,0.75,,,,,,,,
_result,0,2025-11-01 04:08:14+00:00,E0107,wach,0.75,,,,,,,,
_result,0,2025-11-01 04:10:16+00:00,E0107,wach,0.75,,,,,,,,
_result,0,2025-11-01 04:12:16+00:00,E0107,wach,0.75,,,,,,,,
_result,1,2025-11-01 04:14:12+00:00,E0107,wach,,A,4.6,4.01,4.27,,,,
_result,0,2025-11-01 04:14:13+00:00,E0107,wach,0.75,,,,,,,,
_result,1,2025-11-01 04:16:09+00:00,E0107,wach,,A,4.6,4.01,4.27,,,,
_result,0,2025-11-01 04:16:10+00:00,E0107,wach,0.75,,,,,,,,
_result,0,2025-11-01 04:18:15+00:00,E0107,wach,0.75,,,,,,,,
_result,0,2025-11-01 04:20:22+00:00,E0107,wach,0.75,,,,,,,,
_result,2,2025-11-01 04:22:17+00:00,E0107,wach,,V,,,,234.6,232.9,235.0,
_result,0,2025-11-01 04:22:18+00:00,E0107,wach,0.75,,,,,,,,
_result,0,2025-11-01 04:24:12+00:00,E0107,wach,0.75,,,,,,,,
_result,0,2025-11-01 04:26:13+00:00,E0107,wach,0.75,,,,,,,,
_result,2,2025-11-01 04:28:15+00:00,E0107,wach,,V,,,,234.6,232.9,235.0,
_result,0,2025-11-01 04:28:16+00:00,E0107,wach,0.75,,,,,,,,
_result,0,2025-11-01 04:30:20+00:00,E0107,wach,0.75,,,,,,,,
_result,0,2025-11-01 04:33:18+00:00,E0107,wach,0.75,,,,,,,,
_result,0,2025-11-01 04:34:13+00:00,E0107,wach,0.75,,,,,,,,
_result,0,2025-11-01 04:36:13+00:00,E0107,wach,0.75,,,,,,,,
_result,1,2025-11-01 04:38:14+00:00,E0107,wach,,A,4.6,4.01,4.28,,,,
_result,0,2025-11-01 04:38:15+00:00,E0107,wach,0.75,,,,,,,,
_result,0,2025-11-01 04:40:17+00:00,E0107,wach,0.75,,,,,,,,
_result,1,2025-11-01 04:42:15+00:00,E0107,wach,,A,4.6,4.01,4.28,,,,
_result,0,2025-11-01 04:42:16+00:00,E0107,wach,0.75,,,,,,,,
_result,0,2025-11-01 04:44:16+00:00,E0107,wach,0.75,,,,,,,,
_result,1,2025-11-01 04:46:11+00:00,E0107,wach,,A,4.6,3.99,4.27,,,,
_result,0,2025-11-01 04:46:12+00:00,E0107,wach,0.75,,,,,,,,
_result,2,2025-11-01 04:48:10+00:00,E0107,wach,,V,,,,234.7,232.7,,
_result,0,2025-11-01 04:48:11+00:00,E0107,wach,0.75,,,,,,,,
_result,1,2025-11-01 04:50:14+00:00,E0107,wach,,A,4.6,3.99,4.27,,,,
_result,0,2025-11-01 04:50:15+00:00,E0107,wach,0.75,,,,,,,,
_result,0,2025-11-01 04:52:21+00:00,E0107,wach,0.75,,,,,,,,
_result,0,2025-11-01 04:54:13+00:00,E0107,wach,0.75,,,,,,,,
_result,0,2025-11-01 04:56:19+00:00,E0107,wach,0.75,,,,,,,,
_result,2,2025-11-01 04:58:14+00:00,E0107,wach,,V,,,,235.3,233.6,235.6,
_result,0,2025-11-01 04:58:15+00:00,E0107,wach,0.75,,,,,,,,
_result,0,2025-11-01 05:00:19+00:00,E0107,wach,0.75,,,,,,,,
_result,0,2025-11-01 05:02:15+00:00,E0107,wach,0.75,,,,,,,,
_result,1,2025-11-01 05:04:12+00:00,E0107,wach,,A,4.6,4.01,4.28,,,,
_result,0,2025-11-01 05:04:13+00:00,E0107,wach,0.75,,,,,,,,
_result,2,2025-11-01 05:06:16+00:00,E0107,wach,,V,,,,235.4,,,
_result,0,2025-11-01 05:06:17+00:00,E0107,wach,0.75,,,,,,,,
_result,0,2025-11-01 05:08:12+00:00,E0107,wach,0.75,,,,,,,,
_result,2,2025-11-01 05:10:14+00:00,E0107,wach,,V,,,,235.4,233.7,235.7,
_result,0,2025-11-01 05:10:15+00:00,E0107,wach,0.75,,,,,,,,
_result,0,2025-11-01 05:12:13+00:00,E0107,wach,0.75,,,,,,,,
_result,0,2025-11-01 05:14:15+00:00,E0107,wach,0.75,,,,,,,,
_result,1,2025-11-01 05:16:18+00:00,E0107,wach,,A,4.59,4.01,4.27,,,,
_result,0,2025-11-01 05:16:19+00:00,E0107,wach,0.75,,,,,,,,
_result,1,2025-11-01 05:18:12+00:00,E0107,wach,,A,4.59,4.01,4.27,,,,
_result,0,2025-11-01 05:18:13+00:00,E0107,wach,0.75,,,,,,,,
_result,0,2025-11-01 05:20:15+00:00,E0107,wach,0.75,,,,,,,,
_result,1,2025-11-01 05:22:16+00:00,E0107,wach,,A,4.59,4.01,4.26,,,,
_result,0,2025-11-01 05:22:17+00:00,E0107,wach,0.75,,,,,,,,
_result,1,2025-11-01 05:24:12+00:00,E0107,wach,,A,4.59,4.01,,,,,
_result,0,2025-11-01 05:24:13+00:00,E0107,wach,0.75,,,,,,,,
_result,0,2025-11-01 05:26:12+00:00,E0107,wach,0.75,,,,,,,,
_result,0,2025-11-01 05:28:12+00:00,E0107,wach,0.75,,,,,,,,
_result,0,2025-11-01 05:30:17+00:00,E0107,wach,0.75,,,,,,,,
_result,0,2025-11-01 05:32:15+00:00,E0107,wach,0.75,,,,,,,,
_result,0,2025-11-01 05:34:19+00:00,E0107,wach,0.75,,,,,,,,
_result,0,2025-11-01 05:36:16+00:00,E0107,wach,0.75,,,,,,,,
_result,0,2025-11-01 05:38:15+00:00,E0107,wach,0.75,,,,,,,,
_result,2,2025-11-01 05:41:26+00:00,E0107,wach,,V,,,,234.6,232.9,234.8,
_result,0,2025-11-01 05:41:27+00:00,E0107,wach,0.75,,,,,,,,
_result,1,2025-11-01 05:43:27+00:00,E0107,wach,,A,4.59,4.01,4.26,,,,
_result,0,2025-11-01 05:43:28+00:00,E0107,wach,0.75,,,,,,,,
_result,0,2025-11-01 05:44:15+00:00,E0107,wach,0.75,,,,,,,,
_result,0,2025-11-01 05:46:17+00:00,E0107,wach,0.75,,,,,,,,
_result,1,2025-11-01 05:48:18+00:00,E0107,wach,,A,4.6,4.01,4.27,,,,
_result,0,2025-11-01 05:48:19+00:00,E0107,wach,0.75,,,,,,,,
_result,0,2025-11-01 05:50:20+00:00,E0107,wach,0.75,,,,,,,,
_result,1,2025-11-01 05:52:10+00:00,E0107,wach,,A,4.6,4.01,4.27,,,,
_result,0,2025-11-01 05:52:11+00:00,E0107,wach,0.75,,,,,,,,
_result,0,2025-11-01 05:54:18+00:00,E0107,wach,0.75,,,,,,,,
_result,2,2025-11-01 05:56:22+00:00,E0107,wach,,V,,,,235.4,,,
_result,0,2025-11-01 05:56:23+00:00,E0107,wach,0.75,,,,,,,,
_result,1,2025-11-01 05:58:13+00:00,E0107,wach,,A,4.6,4.01,4.27,,,,
_result,0,2025-11-01 05:58:14+00:00,E0107,wach,0.75,,,,,,,,
_result,1,2025-11-01 06:00:13+00:00,E0107,wach,,A,4.6,4.01,4.27,,,,
_result,0,2025-11-01 06:00:14+00:00,E0107,wach,0.75,,,,,,,,
_result,2,2025-11-01 06:02:16+00:00,E0107,wach,,V,,,,235.3,233.5,235.4,
_result,0,2025-11-01 06:02:17+00:00,E0107,wach,0.75,,,,,,,,
_result,2,2025-11-01 06:04:07+00:00,E0107,wach,,V,,,,235.3,233.5,235.4,
_result,0,2025-11-01 06:04:08+00:00,E0107,wach,0.75,,,,,,,,
_result,1,2025-11-01 06:06:09+00:00,E0107,wach,,A,4.6,4.01,4.27,,,,
_result,0,2025-11-01 06:06:10+00:00,E0107,wach,0.75,,,,,,,,
_result,0,2025-11-01 06:08:13+00:00,E0107,wach,0.75,,,,,,,,
_result,2,2025-11-01 06:10:15+00:00,E0107,wach,,V,,,,235.3,233.5,235.4,
_result,1,2025-11-01 06:10:16+00:00,E0107,wach,,A,4.6,4.01,4.27,,,,
_result,0,2025-11-01 06:10:17+00:00,E0107,wach,0.75,,,,,,,,
_result,0,2025-11-01 06:12:30+00:00,E0107,wach,0.75,,,,,,,,
_result,1,2025-11-01 06:14:16+00:00,E0107,wach,,A,4.6,4.01,4.27,,,,
_result,0,2025-11-01 06:14:17+00:00,E0107,wach,0.75,,,,,,,,
_result,0,2025-11-01 06:16:14+00:00,E0107,wach,0.75,,,,,,,,
_result,2,2025-11-01 06:18:14+00:00,E0107,wach,,V,,,,235.2,233.4,235.4,
_result,0,2025-11-01 06:18:15+00:00,E0107,wach,0.75,,,,,,,,
_result,0,2025-11-01 06:20:19+00:00,E0107,wach,0.75,,,,,,,,
_result,1,2025-11-01 06:22:13+00:00,E0107,wach,,A,4.61,4.01,4.28,,,,
_result,0,2025-11-01 06:22:14+00:00,E0107,wach,0.75,,,,,,,,
_result,0,2025-11-01 06:24:08+00:00,E0107,wach,0.75,,,,,,,,
_result,2,2025-11-01 06:28:24+00:00,E0107,wach,,V,,,,235.4,233.5,235.7,
_result,0,2025-11-01 06:28:25+00:00,E0107,wach,0.75,,,,,,,,
_result,1,2025-11-01 06:30:10+00:00,E0107,wach,,A,4.6,4.0,,,,,
_result,0,2025-11-01 06:30:11+00:00,E0107,wach,0.75,,,,,,,,
_result,0,2025-11-01 06:32:15+00:00,E0107,wach,0.74,,,,,,,,
_result,0,2025-11-01 06:34:14+00:00,E0107,wach,0.74,,,,,,,,
_result,2,2025-11-01 06:36:14+00:00,E0107,wach,,V,,,,235.5,233.6,235.7,
_result,0,2025-11-01 06:36:15+00:00,E0107,wach,0.74,,,,,,,,
_result,0,2025-11-01 06:38:15+00:00,E0107,wach,0.75,,,,,,,,
_result,0,2025-11-01 06:42:49+00:00,E0107,wach,0.75,,,,,,,,
_result,0,2025-11-01 06:44:37+00:00,E0107,wach,0.75,,,,,,,,
_result,0,2025-11-01 06:46:14+00:00,E0107,wach,0.74,,,,,,,,
_result,0,2025-11-01 06:48:12+00:00,E0107,wach,0.74,,,,,,,,
_result,0,2025-11-01 06:50:23+00:00,E0107,wach,0.74,,,,,,,,
_result,0,2025-11-01 06:52:15+00:00,E0107,wach,0.75,,,,,,,,
_result,0,2025-11-01 06:54:18+00:00,E0107,wach,0.75,,,,,,,,
_result,0,2025-11-01 06:56:17+00:00,E0107,wach,0.75,,,,,,,,
_result,0,2025-11-01 06:58:15+00:00,E0107,wach,0.75,,,,,,,,
_result,0,2025-11-01 07:00:20+00:00,E0107,wach,0.75,,,,,,,,
_result,1,2025-11-01 07:02:09+00:00,E0107,wach,,A,4.61,4.01,4.28,,,,
_result,0,2025-11-01 07:02:10+00:00,E0107,wach,0.75,,,,,,,,
_result,0,2025-11-01 07:04:24+00:00,E0107,wach,0.75,,,,,,,,
_result,1,2025-11-01 07:06:08+00:00,E0107,wach,,A,4.59,4.01,,,,,
_result,0,2025-11-01 07:06:09+00:00,E0107,wach,0.75,,,,,,,,
_result,0,2025-11-01 07:08:14+00:00,E0107,wach,0.75,,,,,,,,
_result,1,2025-11-01 07:10:16+00:00,E0107,wach,,A,4.59,4.01,4.27,,,,
_result,0,2025-11-01 07:10:17+00:00,E0107,wach,0.75,,,,,,,,
_result,1,2025-11-01 07:12:13+00:00,E0107,wach,,A,4.59,4.0,4.27,,,,
_result,0,2025-11-01 07:12:14+00:00,E0107,wach,0.75,,,,,,,,
_result,0,2025-11-01 07:14:48+00:00,E0107,wach,0.75,,,,,,,,
_result,0,2025-11-01 07:16:15+00:00,E0107,wach,0.75,,,,,,,,
_result,1,2025-11-01 07:18:45+00:00,E0107,wach,,A,4.58,3.99,4.27,,,,
_result,0,2025-11-01 07:18:46+00:00,E0107,wach,0.75,,,,,,,,
_result,0,2025-11-01 07:20:15+00:00,E0107,wach,0.75,,,,,,,,
_result,1,2025-11-01 07:22:11+00:00,E0107,wach,,A,4.58,3.99,4.27,,,,
_result,0,2025-11-01 07:22:12+00:00,E0107,wach,0.75,,,,,,,,
_result,0,2025-11-01 07:24:31+00:00,E0107,wach,0.75,,,,,,,,
_result,0,2025-11-01 07:26:14+00:00,E0107,wach,0.75,,,,,,,,
_result,1,2025-11-01 07:28:16+00:00,E0107,wach,,A,4.59,4.0,,,,,
_result,0,2025-11-01 07:28:17+00:00,E0107,wach,0.75,,,,,,,,
_result,2,2025-11-01 07:30:17+00:00,E0107,wach,,V,,,,234.3,232.5,234.6,
_result,0,2025-11-01 07:30:18+00:00,E0107,wach,0.75,,,,,,,,
_result,0,2025-11-01 07:32:15+00:00,E0107,wach,0.75,,,,,,,,
_result,0,2025-11-01 07:34:51+00:00,E0107,wach,0.75,,,,,,,,
_result,0,2025-11-01 07:36:37+00:00,E0107,wach,0.75,,,,,,,,
_result,0,2025-11-01 07:38:13+00:00,E0107,wach,0.75,,,,,,,,
_result,1,2025-11-01 07:40:12+00:00,E0107,wach,,A,4.59,4.0,4.27,,,,
_result,0,2025-11-01 07:40:13+00:00,E0107,wach,0.75,,,,,,,,
_result,0,2025-11-01 07:42:40+00:00,E0107,wach,0.75,,,,,,,,
_result,0,2025-11-01 07:44:08+00:00,E0107,wach,0.75,,,,,,,,
_result,0,2025-11-01 07:46:16+00:00,E0107,wach,0.75,,,,,,,,
_result,2,2025-11-01 07:48:13+00:00,E0107,wach,,V,,,,234.6,232.6,234.8,
_result,0,2025-11-01 07:48:14+00:00,E0107,wach,0.75,,,,,,,,
_result,2,2025-11-01 07:51:38+00:00,E0107,wach,,V,,,,234.6,232.6,234.8,
_result,0,2025-11-01 07:51:39+00:00,E0107,wach,0.75,,,,,,,,
_result,1,2025-11-01 07:52:12+00:00,E0107,wach,,A,4.59,4.0,4.28,,,,
_result,0,2025-11-01 07:52:13+00:00,E0107,wach,0.75,,,,,,,,
_result,1,2025-11-01 07:54:13+00:00,E0107,wach,,A,4.59,4.0,4.28,,,,
_result,0,2025-11-01 07:54:14+00:00,E0107,wach,0.75,,,,,,,,
_result,0,2025-11-01 07:56:16+00:00,E0107,wach,0.75,,,,,,,,
_result,0,2025-11-01 07:58:15+00:00,E0107,wach,0.75,,,,,,,,
_result,2,2025-11-01 08:00:15+00:00,E0107,wach,,V,,,,234.2,232.4,234.7,
_result,0,2025-11-01 08:00:16+00:00,E0107,wach,0.75,,,,,,,,
_result,1,2025-11-01 08:02:12+00:00,E0107,wach,,A,4.59,,,,,,
_result,0,2025-11-01 08:02:13+00:00,E0107,wach,0.75,,,,,,,,
_result,0,2025-11-01 08:04:15+00:00,E0107,wach,0.75,,,,,,,,
_result,0,2025-11-01 08:06:17+00:00,E0107,wach,0.75,,,,,,,,
_result,0,2025-11-01 08:08:13+00:00,E0107,wach,0.75,,,,,,,,
_result,1,2025-11-01 08:10:11+00:00,E0107,wach,,A,4.58,3.99,4.27,,,,
_result,0,2025-11-01 08:10:12+00:00,E0107,wach,0.75,,,,,,,,
_result,0,2025-11-01 08:12:18+00:00,E0107,wach,0.75,,,,,,,,
_result,2,2025-11-01 08:14:09+00:00,E0107,wach,,V,,,,234.3,,,
_result,2,2025-11-01 08:14:10+00:00,E0107,wach,,V,,,,,232.4,234.6,
_result,0,2025-11-01 08:14:11+00:00,E0107,wach,0.75,,,,,,,,
_result,2,2025-11-01 08:16:16+00:00,E0107,wach,,V,,,,234.2,,,
_result,0,2025-11-01 08:16:17+00:00,E0107,wach,0.75,,,,,,,,
_result,0,2025-11-01 08:18:13+00:00,E0107,wach,0.75,,,,,,,,
_result,0,2025-11-01 08:20:20+00:00,E0107,wach,0.75,,,,,,,,
_result,2,2025-11-01 08:22:10+00:00,E0107,wach,,V,,,,234.2,232.3,,
_result,1,2025-11-01 08:22:11+00:00,E0107,wach,,A,4.58,3.99,4.27,,,,
_result,3,2025-11-01 08:22:12+00:00,E0107,wach,,kW,,,,,,,2.25174
_result,0,2025-11-01 08:22:14+00:00,E0107,wach,0.75,,,,,,,,
_result,0,2025-11-01 08:24:13+00:00,E0107,wach,0.75,,,,,,,,
_result,0,2025-11-01 08:26:16+00:00,E0107,wach,0.75,,,,,,,,
_result,0,2025-11-01 08:28:15+00:00,E0107,wach,0.75,,,,,,,,
_result,0,2025-11-01 08:30:17+00:00,E0107,wach,0.75,,,,,,,,
_result,0,2025-11-01 08:32:16+00:00,E0107,wach,0.75,,,,,,,,
_result,0,2025-11-01 08:34:53+00:00,E0107,wach,0.75,,,,,,,,
_result,0,2025-11-01 08:36:15+00:00,E0107,wach,0.75,,,,,,,,
_result,0,2025-11-01 08:38:14+00:00,E0107,wach,0.75,,,,,,,,
_result,1,2025-11-01 08:40:14+00:00,E0107,wach,,A,4.57,3.99,4.27,,,,
_result,0,2025-11-01 08:40:15+00:00,E0107,wach,0.75,,,,,,,,
_result,0,2025-11-01 08:42:15+00:00,E0107,wach,0.75,,,,,,,,
_result,0,2025-11-01 08:44:17+00:00,E0107,wach,0.75,,,,,,,,
_result,1,2025-11-01 08:46:14+00:00,E0107,wach,,A,4.57,3.99,4.27,,,,
_result,0,2025-11-01 08:46:15+00:00,E0107,wach,0.75,,,,,,,,
_result,2,2025-11-01 08:48:50+00:00,E0107,wach,,V,,,,233.6,231.7,234.0,
_result,0,2025-11-01 08:48:51+00:00,E0107,wach,0.75,,,,,,,,
_result,0,2025-11-01 08:51:28+00:00,E0107,wach,0.75,,,,,,,,
_result,2,2025-11-01 08:52:17+00:00,E0107,wach,,V,,,,233.6,231.7,234.0,
_result,0,2025-11-01 08:52:18+00:00,E0107,wach,0.75,,,,,,,,
_result,0,2025-11-01 08:54:14+00:00,E0107,wach,0.75,,,,,,,,
_result,0,2025-11-01 08:56:14+00:00,E0107,wach,0.75,,,,,,,,
_result,0,2025-11-01 08:58:17+00:00,E0107,wach,0.75,,,,,,,,
_result,0,2025-11-01 09:00:26+00:00,E0107,wach,0.75,,,,,,,,
_result,2,2025-11-01 09:02:14+00:00,E0107,wach,,V,,,,234.4,232.5,234.8,
_result,0,2025-11-01 09:02:15+00:00,E0107,wach,0.75,,,,,,,,
_result,0,2025-11-01 09:04:16+00:00,E0107,wach,0.75,,,,,,,,
_result,0,2025-11-01 09:06:17+00:00,E0107,wach,0.75,,,,,,,,
_result,2,2025-11-01 09:08:14+00:00,E0107,wach,,V,,,,234.3,232.3,234.5,
_result,0,2025-11-01 09:08:15+00:00,E0107,wach,0.75,,,,,,,,
_result,0,2025-11-01 09:10:16+00:00,E0107,wach,0.75,,,,,,,,
_result,1,2025-11-01 09:12:14+00:00,E0107,wach,,A,4.58,3.99,,,,,
_result,0,2025-11-01 09:12:15+00:00,E0107,wach,0.75,,,,,,,,
_result,0,2025-11-01 09:14:14+00:00,E0107,wach,0.75,,,,,,,,
_result,0,2025-11-01 09:16:15+00:00,E0107,wach,0.75,,,,,,,,
_result,1,2025-11-01 09:18:16+00:00,E0107,wach,,A,4.59,3.99,4.28,,,,
_result,0,2025-11-01 09:18:17+00:00,E0107,wach,0.75,,,,,,,,
_result,1,2025-11-01 09:20:21+00:00,E0107,wach,,A,4.59,3.99,4.28,,,,
_result,0,2025-11-01 09:20:22+00:00,E0107,wach,0.75,,,,,,,,
_result,2,2025-11-01 09:22:13+00:00,E0107,wach,,V,,,,234.5,232.7,235.0,
_result,0,2025-11-01 09:22:14+00:00,E0107,wach,0.75,,,,,,,,
_result,1,2025-11-01 09:24:13+00:00,E0107,wach,,A,4.59,3.99,4.28,,,,
_result,0,2025-11-01 09:24:14+00:00,E0107,wach,0.75,,,,,,,,
_result,1,2025-11-01 09:26:13+00:00,E0107,wach,,A,4.59,3.99,4.28,,,,
_result,0,2025-11-01 09:26:14+00:00,E0107,wach,0.75,,,,,,,,
_result,0,2025-11-01 09:28:15+00:00,E0107,wach,0.75,,,,,,,,
_result,2,2025-11-01 09:30:29+00:00,E0107,wach,,V,,,,234.7,233.0,235.1,
_result,0,2025-11-01 09:30:30+00:00,E0107,wach,0.75,,,,,,,,
_result,0,2025-11-01 09:32:15+00:00,E0107,wach,0.75,,,,,,,,
_result,0,2025-11-01 09:34:14+00:00,E0107,wach,0.75,,,,,,,,
_result,0,2025-11-01 09:36:20+00:00,E0107,wach,0.75,,,,,,,,
_result,2,2025-11-01 09:38:12+00:00,E0107,wach,,V,,,,234.9,232.9,,
_result,1,2025-11-01 09:38:13+00:00,E0107,wach,,A,4.59,3.99,4.28,,,,
_result,0,2025-11-01 09:38:14+00:00,E0107,wach,0.75,,,,,,,,
_result,0,2025-11-01 09:40:13+00:00,E0107,wach,0.75,,,,,,,,
_result,1,2025-11-01 09:42:10+00:00,E0107,wach,,A,4.59,3.99,4.28,,,,
_result,0,2025-11-01 09:42:11+00:00,E0107,wach,0.75,,,,,,,,
_result,0,2025-11-01 09:44:23+00:00,E0107,wach,0.75,,,,,,,,
_result,0,2025-11-01 09:46:13+00:00,E0107,wach,0.75,,,,,,,,
_result,0,2025-11-01 09:48:14+00:00,E0107,wach,0.75,,,,,,,,
_result,0,2025-11-01 09:50:18+00:00,E0107,wach,0.75,,,,,,,,
_result,1,2025-11-01 09:52:20+00:00,E0107,wach,,A,4.59,3.99,4.28,,,,
_result,0,2025-11-01 09:52:21+00:00,E0107,wach,0.75,,,,,,,,
_result,0,2025-11-01 09:54:17+00:00,E0107,wach,0.75,,,,,,,,
_result,0,2025-11-01 09:57:01+00:00,E0107,wach,0.75,,,,,,,,
_result,1,2025-11-01 09:58:14+00:00,E0107,wach,,A,4.6,3.99,4.29,,,,
_result,0,2025-11-01 09:58:15+00:00,E0107,wach,0.75,,,,,,,,
_result,0,2025-11-01 10:00:10+00:00,E0107,wach,0.75,,,,,,,,
_result,1,2025-11-01 10:02:17+00:00,E0107,wach,,A,4.6,3.99,4.29,,,,
_result,0,2025-11-01 10:02:18+00:00,E0107,wach,0.75,,,,,,,,
_result,2,2025-11-01 10:04:17+00:00,E0107,wach,,V,,,,235.9,234.0,236.2,
_result,0,2025-11-01 10:04:18+00:00,E0107,wach,0.75,,,,,,,,
_result,1,2025-11-01 10:06:16+00:00,E0107,wach,,A,4.61,3.99,4.29,,,,
_result,0,2025-11-01 10:06:17+00:00,E0107,wach,0.74,,,,,,,,
_result,1,2025-11-01 10:08:17+00:00,E0107,wach,,A,4.61,3.99,4.29,,,,
_result,0,2025-11-01 10:08:18+00:00,E0107,wach,0.74,,,,,,,,
_result,0,2025-11-01 10:10:15+00:00,E0107,wach,0.74,,,,,,,,
_result,1,2025-11-01 10:12:17+00:00,E0107,wach,,A,4.61,3.99,4.3,,,,
_result,0,2025-11-01 10:12:18+00:00,E0107,wach,0.74,,,,,,,,
_result,2,2025-11-01 10:14:37+00:00,E0107,wach,,V,,,,235.6,233.7,236.0,
_result,0,2025-11-01 10:14:38+00:00,E0107,wach,0.74,,,,,,,,
_result,2,2025-11-01 10:16:39+00:00,E0107,wach,,V,,,,235.6,,,
_result,0,2025-11-01 10:16:40+00:00,E0107,wach,0.74,,,,,,,,
_result,0,2025-11-01 10:18:17+00:00,E0107,wach,0.74,,,,,,,,
_result,2,2025-11-01 10:21:26+00:00,E0107,wach,,V,,,,235.5,233.7,235.9,
_result,0,2025-11-01 10:21:27+00:00,E0107,wach,0.74,,,,,,,,
_result,1,2025-11-01 10:22:14+00:00,E0107,wach,,A,4.6,3.99,4.3,,,,
_result,0,2025-11-01 10:22:15+00:00,E0107,wach,0.74,,,,,,,,
_result,0,2025-11-01 10:24:16+00:00,E0107,wach,0.74,,,,,,,,
_result,2,2025-11-01 10:26:15+00:00,E0107,wach,,V,,,,235.5,233.7,235.9,
_result,0,2025-11-01 10:26:16+00:00,E0107,wach,0.74,,,,,,,,
_result,1,2025-11-01 10:28:09+00:00,E0107,wach,,A,4.6,3.99,4.29,,,,
_result,0,2025-11-01 10:28:10+00:00,E0107,wach,0.74,,,,,,,,
_result,2,2025-11-01 10:30:17+00:00,E0107,wach,,V,,,,235.5,,,
_result,0,2025-11-01 10:30:18+00:00,E0107,wach,0.74,,,,,,,,
_result,1,2025-11-01 10:32:18+00:00,E0107,wach,,A,4.6,3.99,4.29,,,,
_result,0,2025-11-01 10:32:19+00:00,E0107,wach,0.74,,,,,,,,
_result,2,2025-11-01 10:34:17+00:00,E0107,wach,,V,,,,235.1,233.3,235.6,
_result,0,2025-11-01 10:34:18+00:00,E0107,wach,0.75,,,,,,,,
_result,1,2025-11-01 10:36:17+00:00,E0107,wach,,A,4.6,4.0,4.29,,,,
_result,0,2025-11-01 10:36:18+00:00,E0107,wach,0.75,,,,,,,,
_result,0,2025-11-01 10:38:16+00:00,E0107,wach,0.75,,,,,,,,
_result,1,2025-11-01 10:40:16+00:00,E0107,wach,,A,4.6,3.99,4.29,,,,
_result,0,2025-11-01 10:40:17+00:00,E0107,wach,0.75,,,,,,,,
_result,0,2025-11-01 10:42:16+00:00,E0107,wach,0.75,,,,,,,,
_result,1,2025-11-01 10:44:18+00:00,E0107,wach,,A,4.6,3.99,,,,,
_result,0,2025-11-01 10:44:19+00:00,E0107,wach,0.75,,,,,,,,
_result,0,2025-11-01 10:46:15+00:00,E0107,wach,0.75,,,,,,,,
_result,0,2025-11-01 10:48:21+00:00,E0107,wach,0.75,,,,,,,,
_result,2,2025-11-01 10:50:12+00:00,E0107,wach,,V,,,,235.2,233.4,235.7,
_result,0,2025-11-01 10:50:13+00:00,E0107,wach,0.75,,,,,,,,
_result,0,2025-11-01 10:52:52+00:00,E0107,wach,0.75,,,,,,,,
_result,0,2025-11-01 10:54:08+00:00,E0107,wach,0.75,,,,,,,,
_result,0,2025-11-01 10:56:09+00:00,E0107,wach,0.75,,,,,,,,
_result,0,2025-11-01 10:58:16+00:00,E0107,wach,0.75,,,,,,,,
_result,0,2025-11-01 11:00:16+00:00,E0107,wach,0.74,,,,,,,,
_result,1,2025-11-01 11:02:13+00:00,E0107,wach,,A,4.6,3.98,4.31,,,,
_result,0,2025-11-01 11:02:14+00:00,E0107,wach,0.74,,,,,,,,
_result,1,2025-11-01 11:04:08+00:00,E0107,wach,,A,4.6,3.98,4.31,,,,
_result,0,2025-11-01 11:04:09+00:00,E0107,wach,0.74,,,,,,,,
_result,1,2025-11-01 11:06:12+00:00,E0107,wach,,A,0.66,0.2,0.26,,,,
_result,0,2025-11-01 11:06:13+00:00,E0107,wach,0.9,,,,,,,,
_result,1,2025-11-01 11:08:10+00:00,E0107,wach,,A,0.66,,,,,,
_result,0,2025-11-01 11:08:11+00:00,E0107,wach,0.9,,,,,,,,
_result,1,2025-11-01 11:10:15+00:00,E0107,wach,,A,0.66,0.2,0.26,,,,
_result,0,2025-11-01 11:10:16+00:00,E0107,wach,0.9,,,,,,,,
_result,0,2025-11-01 11:12:11+00:00,E0107,wach,0.9,,,,,,,,
_result,0,2025-11-01 11:14:17+00:00,E0107,wach,0.9,,,,,,,,
_result,2,2025-11-01 11:16:15+00:00,E0107,wach,,V,,,,235.7,233.8,,
_result,2,2025-11-01 11:16:16+00:00,E0107,wach,,V,,,,,,236.3,
_result,0,2025-11-01 11:16:17+00:00,E0107,wach,0.9,,,,,,,,
_result,0,2025-11-01 11:18:12+00:00,E0107,wach,0.9,,,,,,,,
_result,2,2025-11-01 11:20:21+00:00,E0107,wach,,V,,,,235.7,233.8,236.3,
_result,0,2025-11-01 11:20:22+00:00,E0107,wach,0.9,,,,,,,,
_result,1,2025-11-01 11:22:13+00:00,E0107,wach,,A,0.66,0.2,0.26,,,,
_result,0,2025-11-01 11:22:14+00:00,E0107,wach,0.9,,,,,,,,
_result,0,2025-11-01 11:24:15+00:00,E0107,wach,0.9,,,,,,,,
_result,1,2025-11-01 11:26:11+00:00,E0107,wach,,A,0.66,,,,,,
_result,0,2025-11-01 11:26:12+00:00,E0107,wach,0.9,,,,,,,,
_result,2,2025-11-01 11:28:35+00:00,E0107,wach,,V,,,,236.0,233.9,236.5,
_result,0,2025-11-01 11:28:36+00:00,E0107,wach,0.9,,,,,,,,
_result,0,2025-11-01 11:30:26+00:00,E0107,wach,0.9,,,,,,,,
_result,1,2025-11-01 11:33:16+00:00,E0107,wach,,A,0.66,0.2,0.26,,,,
_result,0,2025-11-01 11:33:17+00:00,E0107,wach,0.9,,,,,,,,
_result,1,2025-11-01 11:34:14+00:00,E0107,wach,,A,0.66,0.2,0.26,,,,
_result,0,2025-11-01 11:34:15+00:00,E0107,wach,0.9,,,,,,,,
_result,0,2025-11-01 11:36:29+00:00,E0107,wach,0.9,,,,,,,,
_result,2,2025-11-01 11:38:16+00:00,E0107,wach,,V,,,,236.0,,,
_result,0,2025-11-01 11:38:17+00:00,E0107,wach,0.9,,,,,,,,
_result,0,2025-11-01 11:40:19+00:00,E0107,wach,0.9,,,,,,,,
_result,0,2025-11-01 11:42:16+00:00,E0107,wach,0.9,,,,,,,,
_result,0,2025-11-01 11:44:17+00:00,E0107,wach,0.9,,,,,,,,
_result,0,2025-11-01 11:46:16+00:00,E0107,wach,0.9,,,,,,,,
_result,0,2025-11-01 11:48:15+00:00,E0107,wach,0.9,,,,,,,,
_result,0,2025-11-01 11:50:15+00:00,E0107,wach,0.9,,,,,,,,
_result,1,2025-11-01 11:52:44+00:00,E0107,wach,,A,0.66,0.2,0.26,,,,
_result,0,2025-11-01 11:52:45+00:00,E0107,wach,0.9,,,,,,,,
_result,1,2025-11-01 11:54:17+00:00,E0107,wach,,A,0.66,0.2,0.26,,,,
_result,0,2025-11-01 11:54:18+00:00,E0107,wach,0.9,,,,,,,,
_result,0,2025-11-01 11:56:17+00:00,E0107,wach,0.9,,,,,,,,
_result,0,2025-11-01 11:58:16+00:00,E0107,wach,0.9,,,,,,,,
_result,0,2025-11-01 12:00:20+00:00,E0107,wach,0.9,,,,,,,,
_result,1,2025-11-01 12:02:15+00:00,E0107,wach,,A,0.66,0.2,0.26,,,,
_result,0,2025-11-01 12:02:16+00:00,E0107,wach,0.9,,,,,,,,
_result,0,2025-11-01 12:04:13+00:00,E0107,wach,0.9,,,,,,,,
_result,0,2025-11-01 12:06:18+00:00,E0107,wach,0.9,,,,,,,,
_result,2,2025-11-01 12:08:16+00:00,E0107,wach,,V,,,,236.4,234.4,237.0,
_result,0,2025-11-01 12:08:17+00:00,E0107,wach,0.9,,,,,,,,
_result,0,2025-11-01 12:10:15+00:00,E0107,wach,0.9,,,,,,,,
_result,1,2025-11-01 12:12:13+00:00,E0107,wach,,A,0.66,0.2,0.26,,,,
_result,0,2025-11-01 12:12:14+00:00,E0107,wach,0.9,,,,,,,,
_result,0,2025-11-01 12:14:31+00:00,E0107,wach,0.9,,,,,,,,
_result,0,2025-11-01 12:16:13+00:00,E0107,wach,0.9,,,,,,,,
_result,2,2025-11-01 12:18:14+00:00,E0107,wach,,V,,,,236.1,234.1,,
_result,0,2025-11-01 12:18:15+00:00,E0107,wach,0.9,,,,,,,,
_result,1,2025-11-01 12:20:34+00:00,E0107,wach,,A,0.66,0.2,0.26,,,,
_result,0,2025-11-01 12:20:35+00:00,E0107,wach,0.9,,,,,,,,
_result,0,2025-11-01 12:22:20+00:00,E0107,wach,0.9,,,,,,,,
_result,0,2025-11-01 12:24:15+00:00,E0107,wach,0.9,,,,,,,,
_result,0,2025-11-01 12:26:10+00:00,E0107,wach,0.9,,,,,,,,
_result,0,2025-11-01 12:28:14+00:00,E0107,wach,0.9,,,,,,,,
_result,1,2025-11-01 12:30:13+00:00,E0107,wach,,A,0.66,,,,,,
_result,0,2025-11-01 12:30:14+00:00,E0107,wach,0.9,,,,,,,,
_result,1,2025-11-01 12:32:54+00:00,E0107,wach,,A,0.66,0.2,0.26,,,,
_result,0,2025-11-01 12:32:55+00:00,E0107,wach,0.9,,,,,,,,
_result,0,2025-11-01 12:35:24+00:00,E0107,wach,0.9,,,,,,,,
_result,1,2025-11-01 12:36:09+00:00,E0107,wach,,A,0.66,0.2,0.26,,,,
_result,0,2025-11-01 12:36:10+00:00,E0107,wach,0.9,,,,,,,,
_result,2,2025-11-01 12:38:16+00:00,E0107,wach,,V,,,,236.7,234.7,,
_result,0,2025-11-01 12:38:17+00:00,E0107,wach,0.9,,,,,,,,
_result,2,2025-11-01 12:40:16+00:00,E0107,wach,,V,,,,236.6,,,
_result,0,2025-11-01 12:40:17+00:00,E0107,wach,0.9,,,,,,,,
_result,2,2025-11-01 12:42:13+00:00,E0107,wach,,V,,,,236.6,234.6,,
_result,0,2025-11-01 12:42:14+00:00,E0107,wach,0.9,,,,,,,,
_result,1,2025-11-01 12:44:12+00:00,E0107,wach,,A,0.66,0.2,0.26,,,,
_result,0,2025-11-01 12:44:13+00:00,E0107,wach,0.9,,,,,,,,
_result,0,2025-11-01 12:46:17+00:00,E0107,wach,0.9,,,,,,,,
_result,0,2025-11-01 12:48:14+00:00,E0107,wach,0.9,,,,,,,,
_result,1,2025-11-01 12:50:14+00:00,E0107,wach,,A,0.66,0.2,,,,,
_result,0,2025-11-01 12:50:15+00:00,E0107,wach,0.9,,,,,,,,
_result,0,2025-11-01 12:52:16+00:00,E0107,wach,0.9,,,,,,,,
_result,2,2025-11-01 12:54:11+00:00,E0107,wach,,V,,,,236.6,234.6,237.2,
_result,0,2025-11-01 12:54:12+00:00,E0107,wach,0.9,,,,,,,,
_result,0,2025-11-01 12:56:14+00:00,E0107,wach,0.9,,,,,,,,
_result,1,2025-11-01 12:58:13+00:00,E0107,wach,,A,0.66,0.2,0.26,,,,
_result,0,2025-11-01 12:58:14+00:00,E0107,wach,0.9,,,,,,,,
_result,0,2025-11-01 13:00:20+00:00,E0107,wach,0.9,,,,,,,,
_result,0,2025-11-01 13:02:14+00:00,E0107,wach,0.9,,,,,,,,
_result,1,2025-11-01 13:04:12+00:00,E0107,wach,,A,0.66,0.2,0.26,,,,
_result,0,2025-11-01 13:04:13+00:00,E0107,wach,0.9,,,,,,,,
_result,0,2025-11-01 13:06:09+00:00,E0107,wach,0.9,,,,,,,,
_result,0,2025-11-01 13:08:14+00:00,E0107,wach,0.9,,,,,,,,
_result,0,2025-11-01 13:10:27+00:00,E0107,wach,0.9,,,,,,,,
_result,0,2025-11-01 13:12:17+00:00,E0107,wach,0.9,,,,,,,,
_result,0,2025-11-01 13:14:15+00:00,E0107,wach,0.9,,,,,,,,
_result,0,2025-11-01 13:16:16+00:00,E0107,wach,0.9,,,,,,,,
_result,1,2025-11-01 13:18:25+00:00,E0107,wach,,A,0.66,0.2,0.26,,,,
_result,0,2025-11-01 13:18:26+00:00,E0107,wach,0.9,,,,,,,,
_result,1,2025-11-01 13:20:22+00:00,E0107,wach,,A,0.66,0.2,0.26,,,,
_result,0,2025-11-01 13:20:23+00:00,E0107,wach,0.9,,,,,,,,
_result,0,2025-11-01 13:22:16+00:00,E0107,wach,0.9,,,,,,,,
_result,0,2025-11-01 13:24:14+00:00,E0107,wach,0.9,,,,,,,,
_result,0,2025-11-01 13:26:23+00:00,E0107,wach,0.9,,,,,,,,
_result,0,2025-11-01 13:28:15+00:00,E0107,wach,0.9,,,,,,,,
_result,1,2025-11-01 13:30:16+00:00,E0107,wach,,A,0.66,0.2,0.26,,,,
_result,0,2025-11-01 13:30:17+00:00,E0107,wach,0.9,,,,,,,,
_result,1,2025-11-01 13:32:14+00:00,E0107,wach,,A,0.66,0.2,0.26,,,,
_result,0,2025-11-01 13:32:15+00:00,E0107,wach,0.9,,,,,,,,
_result,0,2025-11-01 13:34:18+00:00,E0107,wach,0.9,,,,,,,,
_result,1,2025-11-01 13:36:18+00:00,E0107,wach,,A,0.66,0.2,0.26,,,,
_result,0,2025-11-01 13:36:19+00:00,E0107,wach,0.9,,,,,,,,
_result,0,2025-11-01 13:38:15+00:00,E0107,wach,0.9,,,,,,,,
_result,0,2025-11-01 13:40:39+00:00,E0107,wach,0.9,,,,,,,,
_result,0,2025-11-01 13:42:13+00:00,E0107,wach,0.9,,,,,,,,
_result,0,2025-11-01 13:44:14+00:00,E0107,wach,0.9,,,,,,,,
_result,0,2025-11-01 13:46:14+00:00,E0107,wach,0.9,,,,,,,,
_result,1,2025-11-01 13:48:15+00:00,E0107,wach,,A,0.66,0.2,0.26,,,,
_result,0,2025-11-01 13:48:16+00:00,E0107,wach,0.9,,,,,,,,
_result,0,2025-11-01 13:50:11+00:00,E0107,wach,0.9,,,,,,,,
_result,0,2025-11-01 13:52:16+00:00,E0107,wach,0.9,,,,,,,,
_result,0,2025-11-01 13:54:18+00:00,E0107,wach,0.9,,,,,,,,
_result,0,2025-11-01 13:56:13+00:00,E0107,wach,0.9,,,,,,,,
_result,0,2025-11-01 13:58:15+00:00,E0107,wach,0.9,,,,,,,,
_result,0,2025-11-01 14:00:18+00:00,E0107,wach,0.9,,,,,,,,
_result,0,2025-11-01 14:02:18+00:00,E0107,wach,0.9,,,,,,,,
_result,1,2025-11-01 14:04:16+00:00,E0107,wach,,A,0.66,0.2,0.26,,,,
_result,0,2025-11-01 14:04:17+00:00,E0107,wach,0.9,,,,,,,,
_result,2,2025-11-01 14:06:16+00:00,E0107,wach,,V,,,,237.9,235.9,,
_result,2,2025-11-01 14:06:18+00:00,E0107,wach,,V,,,,,,238.5,
_result,1,2025-11-01 14:06:24+00:00,E0107,wach,,A,0.66,,,,,,
_result,0,2025-11-01 14:06:25+00:00,E0107,wach,0.9,,,,,,,,
_result,0,2025-11-01 14:08:09+00:00,E0107,wach,0.9,,,,,,,,
_result,0,2025-11-01 14:10:25+00:00,E0107,wach,0.9,,,,,,,,
_result,0,2025-11-01 14:12:14+00:00,E0107,wach,0.9,,,,,,,,
_result,0,2025-11-01 14:14:25+00:00,E0107,wach,0.9,,,,,,,,
_result,0,2025-11-01 14:16:12+00:00,E0107,wach,0.9,,,,,,,,
_result,0,2025-11-01 14:18:15+00:00,E0107,wach,0.9,,,,,,,,
_result,0,2025-11-01 14:20:16+00:00,E0107,wach,0.9,,,,,,,,
_result,0,2025-11-01 14:22:15+00:00,E0107,wach,0.9,,,,,,,,
_result,0,2025-11-01 14:24:14+00:00,E0107,wach,0.9,,,,,,,,
_result,0,2025-11-01 14:26:13+00:00,E0107,wach,0.9,,,,,,,,
_result,2,2025-11-01 14:28:14+00:00,E0107,wach,,V,,,,238.8,236.8,239.3,
_result,0,2025-11-01 14:28:15+00:00,E0107,wach,0.9,,,,,,,,
_result,1,2025-11-01 14:30:12+00:00,E0107,wach,,A,0.66,0.2,0.26,,,,
_result,0,2025-11-01 14:30:13+00:00,E0107,wach,0.9,,,,,,,,
_result,0,2025-11-01 14:32:16+00:00,E0107,wach,0.9,,,,,,,,
_result,1,2025-11-01 14:34:14+00:00,E0107,wach,,A,0.66,0.2,0.26,,,,
_result,0,2025-11-01 14:34:15+00:00,E0107,wach,0.9,,,,,,,,
_result,0,2025-11-01 14:36:13+00:00,E0107,wach,0.9,,,,,,,,
_result,0,2025-11-01 14:38:19+00:00,E0107,wach,0.9,,,,,,,,
_result,0,2025-11-01 14:40:50+00:00,E0107,wach,0.9,,,,,,,,
_result,0,2025-11-01 14:42:15+00:00,E0107,wach,0.9,,,,,,,,
_result,0,2025-11-01 14:44:31+00:00,E0107,wach,0.9,,,,,,,,
_result,1,2025-11-01 14:46:13+00:00,E0107,wach,,A,0.66,0.2,0.26,,,,
_result,0,2025-11-01 14:46:14+00:00,E0107,wach,0.9,,,,,,,,
_result,0,2025-11-01 14:48:21+00:00,E0107,wach,0.9,,,,,,,,
_result,0,2025-11-01 14:50:17+00:00,E0107,wach,0.9,,,,,,,,
_result,1,2025-11-01 14:52:11+00:00,E0107,wach,,A,0.66,0.2,0.26,,,,
_result,0,2025-11-01 14:52:12+00:00,E0107,wach,0.9,,,,,,,,
_result,0,2025-11-01 14:54:24+00:00,E0107,wach,0.9,,,,,,,,
_result,0,2025-11-01 14:56:16+00:00,E0107,wach,0.9,,,,,,,,
_result,0,2025-11-01 14:58:21+00:00,E0107,wach,0.9,,,,,,,,
_result,0,2025-11-01 15:00:25+00:00,E0107,wach,0.9,,,,,,,,
_result,2,2025-11-01 15:02:14+00:00,E0107,wach,,V,,,,238.7,236.8,239.3,
_result,0,2025-11-01 15:02:15+00:00,E0107,wach,0.9,,,,,,,,
_result,2,2025-11-01 15:04:15+00:00,E0107,wach,,V,,,,238.7,,,
_result,2,2025-11-01 15:04:16+00:00,E0107,wach,,V,,,,,236.8,239.3,
_result,0,2025-11-01 15:04:17+00:00,E0107,wach,0.9,,,,,,,,
_result,1,2025-11-01 15:06:13+00:00,E0107,wach,,A,0.66,0.2,0.26,,,,
_result,0,2025-11-01 15:06:14+00:00,E0107,wach,0.9,,,,,,,,
_result,1,2025-11-01 15:08:10+00:00,E0107,wach,,A,0.66,0.2,0.26,,,,
_result,0,2025-11-01 15:08:11+00:00,E0107,wach,0.9,,,,,,,,
_result,0,2025-11-01 15:10:17+00:00,E0107,wach,0.9,,,,,,,,
_result,0,2025-11-01 15:12:16+00:00,E0107,wach,0.9,,,,,,,,
_result,0,2025-11-01 15:14:18+00:00,E0107,wach,0.9,,,,,,,,
_result,0,2025-11-01 15:16:16+00:00,E0107,wach,0.9,,,,,,,,
_result,1,2025-11-01 15:18:10+00:00,E0107,wach,,A,0.66,0.2,0.26,,,,
_result,0,2025-11-01 15:18:11+00:00,E0107,wach,0.9,,,,,,,,
_result,1,2025-11-01 15:20:16+00:00,E0107,wach,,A,0.66,0.2,0.26,,,,
_result,0,2025-11-01 15:20:17+00:00,E0107,wach,0.9,,,,,,,,
_result,0,2025-11-01 15:22:18+00:00,E0107,wach,0.9,,,,,,,,
_result,0,2025-11-01 15:24:12+00:00,E0107,wach,0.9,,,,,,,,
_result,1,2025-11-01 15:26:18+00:00,E0107,wach,,A,0.66,0.2,,,,,
_result,0,2025-11-01 15:26:19+00:00,E0107,wach,0.9,,,,,,,,
_result,2,2025-11-01 15:28:11+00:00,E0107,wach,,V,,,,238.8,236.7,239.5,
_result,0,2025-11-01 15:28:12+00:00,E0107,wach,0.9,,,,,,,,
_result,0,2025-11-01 15:30:15+00:00,E0107,wach,0.9,,,,,,,,
_result,0,2025-11-01 15:32:15+00:00,E0107,wach,0.9,,,,,,,,
_result,0,2025-11-01 15:34:09+00:00,E0107,wach,0.9,,,,,,,,
_result,0,2025-11-01 15:36:27+00:00,E0107,wach,0.9,,,,,,,,
_result,0,2025-11-01 15:38:12+00:00,E0107,wach,0.9,,,,,,,,
_result,1,2025-11-01 15:40:12+00:00,E0107,wach,,A,0.66,0.2,0.26,,,,
_result,0,2025-11-01 15:40:13+00:00,E0107,wach,0.9,,,,,,,,
_result,1,2025-11-01 15:42:17+00:00,E0107,wach,,A,0.66,0.2,0.26,,,,
_result,0,2025-11-01 15:42:18+00:00,E0107,wach,0.9,,,,,,,,
_result,0,2025-11-01 15:44:15+00:00,E0107,wach,0.9,,,,,,,,
_result,1,2025-11-01 15:46:11+00:00,E0107,wach,,A,0.66,0.2,0.26,,,,
_result,0,2025-11-01 15:46:12+00:00,E0107,wach,0.9,,,,,,,,
_result,0,2025-11-01 15:48:25+00:00,E0107,wach,0.9,,,,,,,,
_result,0,2025-11-01 15:50:15+00:00,E0107,wach,0.9,,,,,,,,
_result,0,2025-11-01 15:52:13+00:00,E0107,wach,0.9,,,,,,,,
_result,1,2025-11-01 15:54:15+00:00,E0107,wach,,A,0.66,0.2,0.26,,,,
_result,0,2025-11-01 15:54:16+00:00,E0107,wach,0.9,,,,,,,,
_result,0,2025-11-01 15:56:17+00:00,E0107,wach,0.9,,,,,,,,
_result,0,2025-11-01 15:58:15+00:00,E0107,wach,0.9,,,,,,,,
_result,1,2025-11-01 16:00:17+00:00,E0107,wach,,A,0.66,,,,,,
_result,0,2025-11-01 16:00:18+00:00,E0107,wach,0.9,,,,,,,,
_result,0,2025-11-01 16:02:18+00:00,E0107,wach,0.9,,,,,,,,
_result,0,2025-11-01 16:04:14+00:00,E0107,wach,0.9,,,,,,,,
_result,0,2025-11-01 16:06:16+00:00,E0107,wach,0.9,,,,,,,,
_result,1,2025-11-01 16:08:15+00:00,E0107,wach,,A,0.66,0.2,0.26,,,,
_result,0,2025-11-01 16:08:16+00:00,E0107,wach,0.9,,,,,,,,
_result,1,2025-11-01 16:10:18+00:00,E0107,wach,,A,0.66,0.2,0.26,,,,
_result,0,2025-11-01 16:10:19+00:00,E0107,wach,0.9,,,,,,,,
_result,2,2025-11-01 16:12:17+00:00,E0107,wach,,V,,,,239.0,237.0,239.6,
_result,0,2025-11-01 16:12:18+00:00,E0107,wach,0.9,,,,,,,,
_result,0,2025-11-01 16:14:15+00:00,E0107,wach,0.9,,,,,,,,
_result,0,2025-11-01 16:16:15+00:00,E0107,wach,0.9,,,,,,,,
_result,0,2025-11-01 16:18:12+00:00,E0107,wach,0.9,,,,,,,,
_result,0,2025-11-01 16:20:16+00:00,E0107,wach,0.9,,,,,,,,
_result,1,2025-11-01 16:22:19+00:00,E0107,wach,,A,0.66,0.2,0.26,,,,
_result,0,2025-11-01 16:22:20+00:00,E0107,wach,0.9,,,,,,,,
_result,0,2025-11-01 16:24:20+00:00,E0107,wach,0.9,,,,,,,,
_result,0,2025-11-01 16:26:21+00:00,E0107,wach,0.9,,,,,,,,
_result,0,2025-11-01 16:28:14+00:00,E0107,wach,0.9,,,,,,,,
_result,1,2025-11-01 16:30:14+00:00,E0107,wach,,A,0.66,0.2,0.27,,,,
_result,0,2025-11-01 16:30:15+00:00,E0107,wach,0.9,,,,,,,,
_result,0,2025-11-01 16:32:15+00:00,E0107,wach,0.9,,,,,,,,
_result,0,2025-11-01 16:34:18+00:00,E0107,wach,0.9,,,,,,,,
_result,0,2025-11-01 16:36:14+00:00,E0107,wach,0.9,,,,,,,,
_result,0,2025-11-01 16:38:15+00:00,E0107,wach,0.9,,,,,,,,
_result,0,2025-11-01 16:40:15+00:00,E0107,wach,0.9,,,,,,,,
_result,1,2025-11-01 16:42:17+00:00,E0107,wach,,A,0.66,0.2,0.27,,,,
_result,0,2025-11-01 16:42:18+00:00,E0107,wach,0.9,,,,,,,,
_result,0,2025-11-01 16:44:16+00:00,E0107,wach,0.89,,,,,,,,
_result,0,2025-11-01 16:46:12+00:00,E0107,wach,0.89,,,,,,,,
_result,0,2025-11-01 16:48:15+00:00,E0107,wach,0.89,,,,,,,,
_result,2,2025-11-01 16:50:16+00:00,E0107,wach,,V,,,,239.7,237.6,,
_result,0,2025-11-01 16:50:17+00:00,E0107,wach,0.89,,,,,,,,
_result,1,2025-11-01 16:52:18+00:00,E0107,wach,,A,0.66,0.2,0.27,,,,
_result,0,2025-11-01 16:52:19+00:00,E0107,wach,0.9,,,,,,,,
_result,0,2025-11-01 16:54:15+00:00,E0107,wach,0.9,,,,,,,,
_result,0,2025-11-01 16:56:20+00:00,E0107,wach,0.9,,,,,,,,
_result,0,2025-11-01 16:58:15+00:00,E0107,wach,0.9,,,,,,,,
_result,0,2025-11-01 17:00:22+00:00,E0107,wach,0.9,,,,,,,,
_result,0,2025-11-01 17:02:21+00:00,E0107,wach,0.9,,,,,,,,
_result,2,2025-11-01 17:04:10+00:00,E0107,wach,,V,,,,240.0,,,
_result,2,2025-11-01 17:04:11+00:00,E0107,wach,,V,,,,,238.0,,
_result,1,2025-11-01 17:04:13+00:00,E0107,wach,,A,0.66,0.2,0.27,,,,
_result,0,2025-11-01 17:04:14+00:00,E0107,wach,0.9,,,,,,,,
_result,1,2025-11-01 17:06:14+00:00,E0107,wach,,A,0.66,0.2,0.27,,,,
_result,0,2025-11-01 17:06:15+00:00,E0107,wach,0.9,,,,,,,,
_result,2,2025-11-01 17:08:09+00:00,E0107,wach,,V,,,,240.0,238.0,240.7,
_result,0,2025-11-01 17:08:10+00:00,E0107,wach,0.9,,,,,,,,
_result,0,2025-11-01 17:10:16+00:00,E0107,wach,0.9,,,,,,,,
_result,0,2025-11-01 17:12:15+00:00,E0107,wach,0.89,,,,,,,,
_result,1,2025-11-01 17:14:16+00:00,E0107,wach,,A,0.66,0.2,,,,,
_result,0,2025-11-01 17:14:17+00:00,E0107,wach,0.89,,,,,,,,
_result,2,2025-11-01 17:16:13+00:00,E0107,wach,,V,,,,240.1,,,
_result,0,2025-11-01 17:16:14+00:00,E0107,wach,0.89,,,,,,,,
_result,2,2025-11-01 17:18:15+00:00,E0107,wach,,V,,,,240.1,238.1,,
_result,0,2025-11-01 17:18:16+00:00,E0107,wach,0.89,,,,,,,,
_result,0,2025-11-01 17:20:11+00:00,E0107,wach,0.89,,,,,,,,
_result,1,2025-11-01 17:22:18+00:00,E0107,wach,,A,0.66,0.2,0.27,,,,
_result,0,2025-11-01 17:22:19+00:00,E0107,wach,0.89,,,,,,,,
_result,1,2025-11-01 17:24:15+00:00,E0107,wach,,A,0.66,0.2,0.27,,,,
_result,0,2025-11-01 17:24:16+00:00,E0107,wach,0.89,,,,,,,,
_result,1,2025-11-01 17:26:18+00:00,E0107,wach,,A,0.66,0.2,0.27,,,,
_result,0,2025-11-01 17:26:19+00:00,E0107,wach,0.89,,,,,,,,
_result,1,2025-11-01 17:28:15+00:00,E0107,wach,,A,0.66,0.2,0.27,,,,
_result,0,2025-11-01 17:28:16+00:00,E0107,wach,0.89,,,,,,,,
_result,1,2025-11-01 17:30:21+00:00,E0107,wach,,A,0.66,0.2,0.27,,,,
_result,0,2025-11-01 17:30:22+00:00,E0107,wach,0.89,,,,,,,,
_result,0,2025-11-01 17:32:09+00:00,E0107,wach,0.89,,,,,,,,
_result,0,2025-11-01 17:34:16+00:00,E0107,wach,0.89,,,,,,,,
_result,0,2025-11-01 17:36:56+00:00,E0107,wach,0.89,,,,,,,,
_result,0,2025-11-01 17:38:16+00:00,E0107,wach,0.89,,,,,,,,
_result,2,2025-11-01 17:40:16+00:00,E0107,wach,,V,,,,240.1,238.1,240.5,
_result,0,2025-11-01 17:40:17+00:00,E0107,wach,0.89,,,,,,,,
_result,1,2025-11-01 17:42:15+00:00,E0107,wach,,A,0.66,,,,,,
_result,0,2025-11-01 17:42:16+00:00,E0107,wach,0.89,,,,,,,,
_result,1,2025-11-01 17:45:28+00:00,E0107,wach,,A,0.67,0.2,0.27,,,,
_result,0,2025-11-01 17:45:29+00:00,E0107,wach,0.89,,,,,,,,
_result,1,2025-11-01 17:46:14+00:00,E0107,wach,,A,0.67,0.2,0.27,,,,
_result,0,2025-11-01 17:46:15+00:00,E0107,wach,0.89,,,,,,,,
_result,1,2025-11-01 17:48:15+00:00,E0107,wach,,A,0.67,0.2,0.27,,,,
_result,0,2025-11-01 17:48:16+00:00,E0107,wach,0.89,,,,,,,,
_result,1,2025-11-01 17:50:14+00:00,E0107,wach,,A,0.67,0.2,0.27,,,,
_result,0,2025-11-01 17:50:15+00:00,E0107,wach,0.89,,,,,,,,
_result,0,2025-11-01 17:52:11+00:00,E0107,wach,0.9,,,,,,,,
_result,1,2025-11-01 17:54:14+00:00,E0107,wach,,A,0.66,0.2,0.26,,,,
_result,0,2025-11-01 17:54:15+00:00,E0107,wach,0.9,,,,,,,,
_result,2,2025-11-01 17:56:14+00:00,E0107,wach,,V,,,,236.9,234.8,237.4,
_result,0,2025-11-01 17:56:15+00:00,E0107,wach,0.9,,,,,,,,
_result,0,2025-11-01 17:58:16+00:00,E0107,wach,0.9,,,,,,,,
_result,0,2025-11-01 18:00:16+00:00,E0107,wach,0.9,,,,,,,,
_result,0,2025-11-01 18:02:17+00:00,E0107,wach,0.9,,,,,,,,
_result,0,2025-11-01 18:04:16+00:00,E0107,wach,0.9,,,,,,,,
_result,2,2025-11-01 18:06:15+00:00,E0107,wach,,V,,,,237.3,235.3,237.8,
_result,0,2025-11-01 18:06:16+00:00,E0107,wach,0.9,,,,,,,,
_result,1,2025-11-01 18:08:11+00:00,E0107,wach,,A,0.66,0.2,0.26,,,,
_result,0,2025-11-01 18:08:12+00:00,E0107,wach,0.9,,,,,,,,
_result,1,2025-11-01 18:10:16+00:00,E0107,wach,,A,0.66,0.2,0.26,,,,
_result,0,2025-11-01 18:10:17+00:00,E0107,wach,0.9,,,,,,,,
_result,1,2025-11-01 18:12:14+00:00,E0107,wach,,A,0.66,0.2,0.26,,,,
_result,0,2025-11-01 18:12:15+00:00,E0107,wach,0.9,,,,,,,,
_result,1,2025-11-01 18:14:17+00:00,E0107,wach,,A,0.66,0.2,0.26,,,,
_result,0,2025-11-01 18:14:18+00:00,E0107,wach,0.9,,,,,,,,
_result,0,2025-11-01 18:16:17+00:00,E0107,wach,0.9,,,,,,,,
_result,0,2025-11-01 18:18:11+00:00,E0107,wach,0.9,,,,,,,,
_result,0,2025-11-01 18:20:11+00:00,E0107,wach,0.9,,,,,,,,
_result,0,2025-11-01 18:22:15+00:00,E0107,wach,0.9,,,,,,,,
_result,0,2025-11-01 18:24:18+00:00,E0107,wach,0.9,,,,,,,,
_result,1,2025-11-01 18:26:17+00:00,E0107,wach,,A,0.66,0.2,0.26,,,,
_result,0,2025-11-01 18:26:18+00:00,E0107,wach,0.9,,,,,,,,
_result,0,2025-11-01 18:28:15+00:00,E0107,wach,0.9,,,,,,,,
_result,0,2025-11-01 18:30:19+00:00,E0107,wach,0.9,,,,,,,,
_result,1,2025-11-01 18:32:15+00:00,E0107,wach,,A,0.66,0.2,0.26,,,,
_result,0,2025-11-01 18:32:16+00:00,E0107,wach,0.9,,,,,,,,
_result,0,2025-11-01 18:34:16+00:00,E0107,wach,0.9,,,,,,,,
_result,2,2025-11-01 18:36:13+00:00,E0107,wach,,V,,,,237.6,,,
_result,2,2025-11-01 18:36:15+00:00,E0107,wach,,V,,,,,235.7,,
_result,2,2025-11-01 18:36:16+00:00,E0107,wach,,V,,,,,,238.1,
_result,0,2025-11-01 18:36:17+00:00,E0107,wach,0.9,,,,,,,,
_result,0,2025-11-01 18:38:13+00:00,E0107,wach,0.9,,,,,,,,
_result,0,2025-11-01 18:40:16+00:00,E0107,wach,0.9,,,,,,,,
_result,0,2025-11-01 18:42:15+00:00,E0107,wach,0.9,,,,,,,,
_result,0,2025-11-01 18:44:15+00:00,E0107,wach,0.9,,,,,,,,
_result,2,2025-11-01 18:46:18+00:00,E0107,wach,,V,,,,237.9,235.9,238.3,
_result,0,2025-11-01 18:46:19+00:00,E0107,wach,0.9,,,,,,,,
_result,0,2025-11-01 18:49:00+00:00,E0107,wach,0.9,,,,,,,,
_result,1,2025-11-01 18:50:18+00:00,E0107,wach,,A,0.66,0.2,0.26,,,,
_result,0,2025-11-01 18:50:19+00:00,E0107,wach,0.9,,,,,,,,
_result,0,2025-11-01 18:52:17+00:00,E0107,wach,0.9,,,,,,,,
_result,0,2025-11-01 18:54:15+00:00,E0107,wach,0.9,,,,,,,,
_result,0,2025-11-01 18:56:17+00:00,E0107,wach,0.9,,,,,,,,
_result,0,2025-11-01 18:58:13+00:00,E0107,wach,0.9,,,,,,,,
_result,1,2025-11-01 19:00:11+00:00,E0107,wach,,A,0.66,0.2,0.26,,,,
_result,0,2025-11-01 19:00:12+00:00,E0107,wach,0.9,,,,,,,,
_result,0,2025-11-01 19:02:17+00:00,E0107,wach,0.9,,,,,,,,
_result,0,2025-11-01 19:04:10+00:00,E0107,wach,0.9,,,,,,,,
_result,2,2025-11-01 19:06:13+00:00,E0107,wach,,V,,,,238.4,236.4,238.8,
_result,0,2025-11-01 19:06:14+00:00,E0107,wach,0.9,,,,,,,,
_result,0,2025-11-01 19:08:15+00:00,E0107,wach,0.9,,,,,,,,
_result,0,2025-11-01 19:10:16+00:00,E0107,wach,0.9,,,,,,,,
_result,0,2025-11-01 19:12:16+00:00,E0107,wach,0.9,,,,,,,,
_result,1,2025-11-01 19:14:13+00:00,E0107,wach,,A,0.66,0.2,0.26,,,,
_result,0,2025-11-01 19:14:14+00:00,E0107,wach,0.9,,,,,,,,
_result,1,2025-11-01 19:16:12+00:00,E0107,wach,,A,0.66,0.2,0.26,,,,
_result,0,2025-11-01 19:16:13+00:00,E0107,wach,0.9,,,,,,,,
_result,0,2025-11-01 19:18:19+00:00,E0107,wach,0.9,,,,,,,,
_result,1,2025-11-01 19:20:11+00:00,E0107,wach,,A,0.66,0.2,0.26,,,,
_result,0,2025-11-01 19:20:12+00:00,E0107,wach,0.9,,,,,,,,
_result,1,2025-11-01 19:22:15+00:00,E0107,wach,,A,0.66,0.2,0.26,,,,
_result,0,2025-11-01 19:22:16+00:00,E0107,wach,0.9,,,,,,,,
_result,2,2025-11-01 19:24:15+00:00,E0107,wach,,V,,,,239.0,237.1,239.4,
_result,0,2025-11-01 19:24:16+00:00,E0107,wach,0.9,,,,,,,,
_result,0,2025-11-01 19:26:13+00:00,E0107,wach,0.9,,,,,,,,
_result,1,2025-11-01 19:28:25+00:00,E0107,wach,,A,0.66,0.2,0.26,,,,
_result,0,2025-11-01 19:28:26+00:00,E0107,wach,0.9,,,,,,,,
_result,0,2025-11-01 19:30:09+00:00,E0107,wach,0.9,,,,,,,,
_result,0,2025-11-01 19:32:15+00:00,E0107,wach,0.9,,,,,,,,
_result,1,2025-11-01 19:34:16+00:00,E0107,wach,,A,0.66,0.2,0.26,,,,
_result,0,2025-11-01 19:34:17+00:00,E0107,wach,0.9,,,,,,,,
_result,1,2025-11-01 19:36:12+00:00,E0107,wach,,A,0.66,0.2,0.26,,,,
_result,0,2025-11-01 19:36:13+00:00,E0107,wach,0.9,,,,,,,,
_result,0,2025-11-01 19:38:24+00:00,E0107,wach,0.9,,,,,,,,
_result,0,2025-11-01 19:40:17+00:00,E0107,wach,0.9,,,,,,,,
_result,0,2025-11-01 19:42:16+00:00,E0107,wach,0.9,,,,,,,,
_result,2,2025-11-01 19:44:10+00:00,E0107,wach,,V,,,,238.8,236.9,239.3,
_result,0,2025-11-01 19:44:11+00:00,E0107,wach,0.9,,,,,,,,
_result,1,2025-11-01 19:46:16+00:00,E0107,wach,,A,0.66,0.2,0.26,,,,
_result,0,2025-11-01 19:46:17+00:00,E0107,wach,0.9,,,,,,,,
_result,0,2025-11-01 19:48:14+00:00,E0107,wach,0.9,,,,,,,,
_result,2,2025-11-01 19:50:15+00:00,E0107,wach,,V,,,,239.5,237.6,239.9,
_result,0,2025-11-01 19:50:16+00:00,E0107,wach,0.9,,,,,,,,
_result,0,2025-11-01 19:52:14+00:00,E0107,wach,0.9,,,,,,,,
_result,0,2025-11-01 19:54:18+00:00,E0107,wach,0.9,,,,,,,,
_result,1,2025-11-01 19:56:14+00:00,E0107,wach,,A,0.66,0.2,0.27,,,,
_result,0,2025-11-01 19:56:15+00:00,E0107,wach,0.9,,,,,,,,
_result,0,2025-11-01 19:58:16+00:00,E0107,wach,0.9,,,,,,,,
_result,0,2025-11-01 20:00:16+00:00,E0107,wach,0.9,,,,,,,,
_result,0,2025-11-01 20:02:13+00:00,E0107,wach,0.9,,,,,,,,
_result,2,2025-11-01 20:04:16+00:00,E0107,wach,,V,,,,239.2,,,
_result,0,2025-11-01 20:04:17+00:00,E0107,wach,0.89,,,,,,,,
_result,0,2025-11-01 20:06:15+00:00,E0107,wach,0.89,,,,,,,,
_result,0,2025-11-01 20:08:15+00:00,E0107,wach,0.89,,,,,,,,
_result,2,2025-11-01 20:10:14+00:00,E0107,wach,,V,,,,239.2,237.3,239.7,
_result,0,2025-11-01 20:10:15+00:00,E0107,wach,0.89,,,,,,,,
_result,1,2025-11-01 20:12:17+00:00,E0107,wach,,A,0.66,0.19,0.27,,,,
_result,0,2025-11-01 20:12:18+00:00,E0107,wach,0.89,,,,,,,,
_result,1,2025-11-01 20:14:13+00:00,E0107,wach,,A,0.66,0.19,0.27,,,,
_result,0,2025-11-01 20:14:14+00:00,E0107,wach,0.89,,,,,,,,
_result,1,2025-11-01 20:16:10+00:00,E0107,wach,,A,0.66,0.19,0.27,,,,
_result,0,2025-11-01 20:16:11+00:00,E0107,wach,0.89,,,,,,,,
_result,0,2025-11-01 20:18:16+00:00,E0107,wach,0.89,,,,,,,,
_result,1,2025-11-01 20:20:17+00:00,E0107,wach,,A,0.66,0.19,0.27,,,,
_result,0,2025-11-01 20:20:18+00:00,E0107,wach,0.89,,,,,,,,
_result,1,2025-11-01 20:22:18+00:00,E0107,wach,,A,0.66,0.19,0.27,,,,
_result,0,2025-11-01 20:22:19+00:00,E0107,wach,0.89,,,,,,,,
_result,0,2025-11-01 20:24:14+00:00,E0107,wach,0.89,,,,,,,,
_result,0,2025-11-01 20:26:12+00:00,E0107,wach,0.89,,,,,,,,
_result,1,2025-11-01 20:28:14+00:00,E0107,wach,,A,0.66,0.19,0.26,,,,
_result,0,2025-11-01 20:28:15+00:00,E0107,wach,0.89,,,,,,,,
_result,1,2025-11-01 20:30:16+00:00,E0107,wach,,A,0.66,0.19,0.26,,,,
_result,0,2025-11-01 20:30:17+00:00,E0107,wach,0.89,,,,,,,,
_result,0,2025-11-01 20:32:16+00:00,E0107,wach,0.89,,,,,,,,
_result,1,2025-11-01 20:34:17+00:00,E0107,wach,,A,0.66,0.19,0.26,,,,
_result,0,2025-11-01 20:34:18+00:00,E0107,wach,0.89,,,,,,,,
_result,0,2025-11-01 20:36:16+00:00,E0107,wach,0.89,,,,,,,,
_result,0,2025-11-01 20:38:13+00:00,E0107,wach,0.9,,,,,,,,
_result,0,2025-11-01 20:40:22+00:00,E0107,wach,0.9,,,,,,,,
_result,0,2025-11-01 20:42:24+00:00,E0107,wach,0.9,,,,,,,,
_result,0,2025-11-01 20:44:16+00:00,E0107,wach,0.9,,,,,,,,
_result,0,2025-11-01 20:46:15+00:00,E0107,wach,0.9,,,,,,,,
_result,0,2025-11-01 20:48:16+00:00,E0107,wach,0.9,,,,,,,,
_result,1,2025-11-01 20:50:10+00:00,E0107,wach,,A,0.66,0.2,0.27,,,,
_result,0,2025-11-01 20:50:11+00:00,E0107,wach,0.9,,,,,,,,
_result,0,2025-11-01 20:52:18+00:00,E0107,wach,0.89,,,,,,,,
_result,1,2025-11-01 20:54:11+00:00,E0107,wach,,A,0.66,0.2,0.27,,,,
_result,0,2025-11-01 20:54:12+00:00,E0107,wach,0.89,,,,,,,,
_result,1,2025-11-01 20:56:14+00:00,E0107,wach,,A,0.66,0.2,0.27,,,,
_result,0,2025-11-01 20:56:15+00:00,E0107,wach,0.89,,,,,,,,
_result,0,2025-11-01 20:58:25+00:00,E0107,wach,0.89,,,,,,,,
_result,1,2025-11-01 21:00:12+00:00,E0107,wach,,A,0.66,0.2,0.27,,,,
_result,0,2025-11-01 21:00:13+00:00,E0107,wach,0.89,,,,,,,,
_result,0,2025-11-01 21:02:16+00:00,E0107,wach,0.89,,,,,,,,
_result,0,2025-11-01 21:04:16+00:00,E0107,wach,0.89,,,,,,,,
_result,0,2025-11-01 21:06:16+00:00,E0107,wach,0.89,,,,,,,,
_result,0,2025-11-01 21:08:15+00:00,E0107,wach,0.89,,,,,,,,
_result,2,2025-11-01 21:10:16+00:00,E0107,wach,,V,,,,239.9,238.0,240.2,
_result,0,2025-11-01 21:10:17+00:00,E0107,wach,0.89,,,,,,,,
_result,0,2025-11-01 21:12:15+00:00,E0107,wach,0.9,,,,,,,,
_result,0,2025-11-01 21:14:15+00:00,E0107,wach,0.9,,,,,,,,
_result,1,2025-11-01 21:16:11+00:00,E0107,wach,,A,0.66,0.2,0.27,,,,
_result,0,2025-11-01 21:16:12+00:00,E0107,wach,0.9,,,,,,,,
_result,1,2025-11-01 21:18:10+00:00,E0107,wach,,A,0.66,0.2,0.27,,,,
_result,0,2025-11-01 21:18:11+00:00,E0107,wach,0.9,,,,,,,,
_result,1,2025-11-01 21:20:14+00:00,E0107,wach,,A,0.66,0.2,0.27,,,,
_result,0,2025-11-01 21:20:15+00:00,E0107,wach,0.9,,,,,,,,
_result,1,2025-11-01 21:22:15+00:00,E0107,wach,,A,0.66,0.2,0.27,,,,
_result,0,2025-11-01 21:22:16+00:00,E0107,wach,0.9,,,,,,,,
_result,0,2025-11-01 21:24:18+00:00,E0107,wach,0.89,,,,,,,,
_result,1,2025-11-01 21:26:17+00:00,E0107,wach,,A,0.66,0.2,0.27,,,,
_result,0,2025-11-01 21:26:18+00:00,E0107,wach,0.89,,,,,,,,
_result,0,2025-11-01 21:28:15+00:00,E0107,wach,0.89,,,,,,,,
_result,0,2025-11-01 21:30:40+00:00,E0107,wach,0.89,,,,,,,,
_result,0,2025-11-01 21:32:21+00:00,E0107,wach,0.89,,,,,,,,
_result,1,2025-11-01 21:34:16+00:00,E0107,wach,,A,0.66,0.2,0.27,,,,
_result,0,2025-11-01 21:34:17+00:00,E0107,wach,0.89,,,,,,,,
_result,0,2025-11-01 21:36:16+00:00,E0107,wach,0.89,,,,,,,,
_result,0,2025-11-01 21:38:14+00:00,E0107,wach,0.9,,,,,,,,
_result,0,2025-11-01 21:40:17+00:00,E0107,wach,0.9,,,,,,,,
_result,1,2025-11-01 21:42:17+00:00,E0107,wach,,A,0.66,0.2,0.27,,,,
_result,0,2025-11-01 21:42:18+00:00,E0107,wach,0.9,,,,,,,,
_result,0,2025-11-01 21:44:20+00:00,E0107,wach,0.89,,,,,,,,
_result,0,2025-11-01 21:46:16+00:00,E0107,wach,0.89,,,,,,,,
_result,2,2025-11-01 21:48:12+00:00,E0107,wach,,V,,,,239.6,237.7,239.9,
_result,1,2025-11-01 21:48:13+00:00,E0107,wach,,A,0.66,0.2,0.27,,,,
_result,0,2025-11-01 21:48:14+00:00,E0107,wach,0.89,,,,,,,,
_result,0,2025-11-01 21:50:16+00:00,E0107,wach,0.89,,,,,,,,
_result,0,2025-11-01 21:52:14+00:00,E0107,wach,0.89,,,,,,,,
_result,2,2025-11-01 21:54:10+00:00,E0107,wach,,V,,,,239.8,,,
_result,1,2025-11-01 21:54:11+00:00,E0107,wach,,A,0.66,0.2,0.27,,,,
_result,0,2025-11-01 21:54:12+00:00,E0107,wach,0.89,,,,,,,,
_result,2,2025-11-01 21:56:15+00:00,E0107,wach,,V,,,,239.8,238.0,240.2,
_result,0,2025-11-01 21:56:16+00:00,E0107,wach,0.89,,,,,,,,
_result,2,2025-11-01 21:58:13+00:00,E0107,wach,,V,,,,240.0,238.2,240.5,
_result,0,2025-11-01 21:58:14+00:00,E0107,wach,0.9,,,,,,,,
_result,0,2025-11-01 22:00:27+00:00,E0107,wach,0.9,,,,,,,,
_result,1,2025-11-01 22:02:16+00:00,E0107,wach,,A,0.66,,,,,,
_result,0,2025-11-01 22:02:17+00:00,E0107,wach,0.9,,,,,,,,
_result,2,2025-11-01 22:04:12+00:00,E0107,wach,,V,,,,240.0,238.2,240.5,
_result,0,2025-11-01 22:04:13+00:00,E0107,wach,0.9,,,,,,,,
_result,1,2025-11-01 22:06:10+00:00,E0107,wach,,A,0.66,0.2,0.27,,,,
_result,0,2025-11-01 22:06:11+00:00,E0107,wach,0.89,,,,,,,,
_result,2,2025-11-01 22:08:18+00:00,E0107,wach,,V,,,,239.8,238.1,240.2,
_result,0,2025-11-01 22:08:19+00:00,E0107,wach,0.89,,,,,,,,
_result,0,2025-11-01 22:10:16+00:00,E0107,wach,0.89,,,,,,,,
_result,0,2025-11-01 22:12:18+00:00,E0107,wach,0.89,,,,,,,,
_result,0,2025-11-01 22:14:17+00:00,E0107,wach,0.9,,,,,,,,
_result,1,2025-11-01 22:16:15+00:00,E0107,wach,,A,0.66,0.2,0.27,,,,
_result,0,2025-11-01 22:16:16+00:00,E0107,wach,0.9,,,,,,,,
_result,0,2025-11-01 22:18:15+00:00,E0107,wach,0.9,,,,,,,,
_result,0,2025-11-01 22:20:16+00:00,E0107,wach,0.9,,,,,,,,
_result,1,2025-11-01 22:22:14+00:00,E0107,wach,,A,0.66,0.2,0.27,,,,
_result,0,2025-11-01 22:22:15+00:00,E0107,wach,0.9,,,,,,,,
_result,1,2025-11-01 22:24:16+00:00,E0107,wach,,A,0.66,0.2,0.27,,,,
_result,0,2025-11-01 22:24:17+00:00,E0107,wach,0.9,,,,,,,,
_result,1,2025-11-01 22:26:12+00:00,E0107,wach,,A,0.66,0.2,0.27,,,,
_result,0,2025-11-01 22:26:13+00:00,E0107,wach,0.9,,,,,,,,
_result,0,2025-11-01 22:28:21+00:00,E0107,wach,0.89,,,,,,,,
_result,0,2025-11-01 22:30:16+00:00,E0107,wach,0.89,,,,,,,,
_result,0,2025-11-01 22:32:36+00:00,E0107,wach,0.89,,,,,,,,
_result,1,2025-11-01 22:34:13+00:00,E0107,wach,,A,0.66,0.2,0.26,,,,
_result,0,2025-11-01 22:34:14+00:00,E0107,wach,0.9,,,,,,,,
_result,0,2025-11-01 22:36:16+00:00,E0107,wach,0.9,,,,,,,,
_result,2,2025-11-01 22:38:13+00:00,E0107,wach,,V,,,,239.1,237.3,239.5,
_result,0,2025-11-01 22:38:14+00:00,E0107,wach,0.9,,,,,,,,
_result,1,2025-11-01 22:40:11+00:00,E0107,wach,,A,0.66,,,,,,
_result,0,2025-11-01 22:40:12+00:00,E0107,wach,0.9,,,,,,,,
_result,0,2025-11-01 22:42:20+00:00,E0107,wach,0.9,,,,,,,,
_result,1,2025-11-01 22:44:39+00:00,E0107,wach,,A,0.66,0.2,0.27,,,,
_result,0,2025-11-01 22:44:40+00:00,E0107,wach,0.9,,,,,,,,
_result,0,2025-11-01 22:47:30+00:00,E0107,wach,0.9,,,,,,,,
_result,0,2025-11-01 22:48:14+00:00,E0107,wach,0.9,,,,,,,,
_result,0,2025-11-01 22:50:18+00:00,E0107,wach,0.9,,,,,,,,
_result,1,2025-11-01 22:53:25+00:00,E0107,wach,,A,0.66,0.2,0.27,,,,
_result,0,2025-11-01 22:53:26+00:00,E0107,wach,0.9,,,,,,,,
_result,0,2025-11-01 22:54:18+00:00,E0107,wach,0.9,,,,,,,,
_result,0,2025-11-01 22:56:18+00:00,E0107,wach,0.9,,,,,,,,
_result,1,2025-11-01 22:58:16+00:00,E0107,wach,,A,0.66,0.2,0.26,,,,
_result,0,2025-11-01 22:58:17+00:00,E0107,wach,0.9,,,,,,,,
_result,1,2025-11-01 23:00:19+00:00,E0107,wach,,A,0.66,0.2,,,,,
_result,0,2025-11-01 23:00:20+00:00,E0107,wach,0.9,,,,,,,,
_result,2,2025-11-01 23:02:16+00:00,E0107,wach,,V,,,,236.0,234.2,236.4,
_result,0,2025-11-01 23:02:17+00:00,E0107,wach,0.9,,,,,,,,
_result,0,2025-11-01 23:04:17+00:00,E0107,wach,0.9,,,,,,,,
_result,2,2025-11-01 23:06:17+00:00,E0107,wach,,V,,,,236.0,234.2,236.4,
_result,1,2025-11-01 23:06:18+00:00,E0107,wach,,A,0.66,0.2,0.26,,,,
_result,0,2025-11-01 23:06:19+00:00,E0107,wach,0.9,,,,,,,,
_result,0,2025-11-01 23:08:14+00:00,E0107,wach,0.9,,,,,,,,
_result,1,2025-11-01 23:10:15+00:00,E0107,wach,,A,0.66,0.2,0.26,,,,
_result,0,2025-11-01 23:10:16+00:00,E0107,wach,0.9,,,,,,,,
_result,0,2025-11-01 23:12:16+00:00,E0107,wach,0.9,,,,,,,,
_result,0,2025-11-01 23:14:18+00:00,E0107,wach,0.9,,,,,,,,
_result,1,2025-11-01 23:16:23+00:00,E0107,wach,,A,4.65,4.03,4.33,,,,
_result,0,2025-11-01 23:16:24+00:00,E0107,wach,0.74,,,,,,,,
_result,0,2025-11-01 23:18:11+00:00,E0107,wach,0.74,,,,,,,,
_result,2,2025-11-01 23:20:14+00:00,E0107,wach,,V,,,,236.2,234.2,,
_result,0,2025-11-01 23:20:15+00:00,E0107,wach,0.74,,,,,,,,
_result,1,2025-11-01 23:22:16+00:00,E0107,wach,,A,4.65,4.03,4.33,,,,
_result,0,2025-11-01 23:22:17+00:00,E0107,wach,0.74,,,,,,,,
_result,1,2025-11-01 23:24:22+00:00,E0107,wach,,A,4.65,4.03,4.33,,,,
_result,0,2025-11-01 23:24:23+00:00,E0107,wach,0.74,,,,,,,,
_result,0,2025-11-01 23:26:15+00:00,E0107,wach,0.74,,,,,,,,
_result,0,2025-11-01 23:28:19+00:00,E0107,wach,0.74,,,,,,,,
_result,0,2025-11-01 23:30:16+00:00,E0107,wach,0.74,,,,,,,,
_result,2,2025-11-01 23:32:14+00:00,E0107,wach,,V,,,,236.3,,,
_result,0,2025-11-01 23:32:15+00:00,E0107,wach,0.74,,,,,,,,
_result,0,2025-11-01 23:34:12+00:00,E0107,wach,0.74,,,,,,,,
_result,0,2025-11-01 23:36:18+00:00,E0107,wach,0.74,,,,,,,,
_result,1,2025-11-01 23:38:14+00:00,E0107,wach,,A,4.63,4.03,4.31,,,,
_result,0,2025-11-01 23:38:15+00:00,E0107,wach,0.74,,,,,,,,
_result,0,2025-11-01 23:40:13+00:00,E0107,wach,0.74,,,,,,,,
_result,1,2025-11-01 23:42:11+00:00,E0107,wach,,A,4.63,4.03,,,,,
_result,0,2025-11-01 23:42:12+00:00,E0107,wach,0.74,,,,,,,,
_result,1,2025-11-01 23:44:13+00:00,E0107,wach,,A,4.63,4.03,4.3,,,,
_result,0,2025-11-01 23:44:14+00:00,E0107,wach,0.74,,,,,,,,
_result,0,2025-11-01 23:46:17+00:00,E0107,wach,0.74,,,,,,,,
_result,1,2025-11-01 23:48:11+00:00,E0107,wach,,A,4.63,4.03,4.3,,,,
_result,0,2025-11-01 23:48:12+00:00,E0107,wach,0.74,,,,,,,,
_result,0,2025-11-01 23:50:17+00:00,E0107,wach,0.74,,,,,,,,
_result,2,2025-11-01 23:52:15+00:00,E0107,wach,,V,,,,235.9,,,
_result,0,2025-11-01 23:52:16+00:00,E0107,wach,0.74,,,,,,,,
_result,2,2025-11-01 23:54:15+00:00,E0107,wach,,V,,,,235.9,234.0,236.1,
_result,0,2025-11-01 23:54:16+00:00,E0107,wach,0.74,,,,,,,,
_result,0,2025-11-01 23:56:13+00:00,E0107,wach,0.74,,,,,,,,
_result,1,2025-11-01 23:58:14+00:00,E0107,wach,,A,4.63,4.03,4.3,,,,
_result,0,2025-11-01 23:58:15+00:00,E0107,wach,0.74,,,,,,,,
_result,2,2025-11-02 00:00:29+00:00,E0107,wach,,V,,,,236.2,,,
_result,1,2025-11-02 00:00:30+00:00,E0107,wach,,A,4.63,4.03,4.3,,,,
_result,0,2025-11-02 00:00:31+00:00,E0107,wach,0.74,,,,,,,,
_result,0,2025-11-02 00:02:18+00:00,E0107,wach,0.74,,,,,,,,
_result,0,2025-11-02 00:04:16+00:00,E0107,wach,0.74,,,,,,,,
_result,0,2025-11-02 00:06:15+00:00,E0107,wach,0.74,,,,,,,,
_result,0,2025-11-02 00:08:14+00:00,E0107,wach,0.74,,,,,,,,
_result,0,2025-11-02 00:10:15+00:00,E0107,wach,0.74,,,,,,,,
_result,2,2025-11-02 00:12:15+00:00,E0107,wach,,V,,,,235.2,233.2,235.3,
_result,0,2025-11-02 00:12:16+00:00,E0107,wach,0.75,,,,,,,,
_result,0,2025-11-02 00:14:16+00:00,E0107,wach,0.75,,,,,,,,
_result,0,2025-11-02 00:16:17+00:00,E0107,wach,0.75,,,,,,,,
_result,0,2025-11-02 00:18:16+00:00,E0107,wach,0.75,,,,,,,,
_result,0,2025-11-02 00:20:26+00:00,E0107,wach,0.75,,,,,,,,
_result,0,2025-11-02 00:22:16+00:00,E0107,wach,0.75,,,,,,,,
_result,1,2025-11-02 00:24:17+00:00,E0107,wach,,A,4.61,,,,,,
_result,0,2025-11-02 00:24:18+00:00,E0107,wach,0.75,,,,,,,,
_result,0,2025-11-02 00:26:15+00:00,E0107,wach,0.75,,,,,,,,
_result,2,2025-11-02 00:28:18+00:00,E0107,wach,,V,,,,235.2,233.3,235.3,
_result,0,2025-11-02 00:28:19+00:00,E0107,wach,0.75,,,,,,,,
_result,2,2025-11-02 00:30:26+00:00,E0107,wach,,V,,,,235.2,233.3,,
_result,0,2025-11-02 00:30:27+00:00,E0107,wach,0.75,,,,,,,,
_result,0,2025-11-02 00:32:15+00:00,E0107,wach,0.75,,,,,,,,
_result,0,2025-11-02 00:34:51+00:00,E0107,wach,0.75,,,,,,,,
_result,1,2025-11-02 00:36:26+00:00,E0107,wach,,A,4.61,4.02,4.28,,,,
_result,0,2025-11-02 00:36:27+00:00,E0107,wach,0.75,,,,,,,,
_result,0,2025-11-02 00:38:16+00:00,E0107,wach,0.75,,,,,,,,
_result,1,2025-11-02 00:40:14+00:00,E0107,wach,,A,4.6,,,,,,
_result,0,2025-11-02 00:40:15+00:00,E0107,wach,0.75,,,,,,,,
_result,0,2025-11-02 00:42:18+00:00,E0107,wach,0.75,,,,,,,,
_result,2,2025-11-02 00:44:15+00:00,E0107,wach,,V,,,,234.7,,,
_result,0,2025-11-02 00:44:16+00:00,E0107,wach,0.75,,,,,,,,
_result,1,2025-11-02 00:46:19+00:00,E0107,wach,,A,4.6,4.01,4.28,,,,
_result,0,2025-11-02 00:46:20+00:00,E0107,wach,0.75,,,,,,,,
_result,2,2025-11-02 00:48:16+00:00,E0107,wach,,V,,,,234.4,232.5,234.5,
_result,0,2025-11-02 00:48:17+00:00,E0107,wach,0.75,,,,,,,,
_result,2,2025-11-02 00:50:14+00:00,E0107,wach,,V,,,,234.4,,,
_result,0,2025-11-02 00:50:15+00:00,E0107,wach,0.75,,,,,,,,
_result,1,2025-11-02 00:52:14+00:00,E0107,wach,,A,4.6,4.0,4.28,,,,
_result,0,2025-11-02 00:52:15+00:00,E0107,wach,0.75,,,,,,,,
_result,0,2025-11-02 00:54:10+00:00,E0107,wach,0.75,,,,,,,,
_result,0,2025-11-02 00:56:16+00:00,E0107,wach,0.75,,,,,,,,
_result,0,2025-11-02 00:58:15+00:00,E0107,wach,0.75,,,,,,,,
_result,1,2025-11-02 01:00:22+00:00,E0107,wach,,A,4.59,4.0,4.27,,,,
_result,0,2025-11-02 01:00:23+00:00,E0107,wach,0.75,,,,,,,,
_result,0,2025-11-02 01:02:10+00:00,E0107,wach,0.75,,,,,,,,
_result,0,2025-11-02 01:04:13+00:00,E0107,wach,0.75,,,,,,,,
_result,2,2025-11-02 01:06:16+00:00,E0107,wach,,V,,,,233.7,,,
_result,1,2025-11-02 01:06:17+00:00,E0107,wach,,A,4.59,4.0,4.27,,,,
_result,0,2025-11-02 01:06:18+00:00,E0107,wach,0.75,,,,,,,,
_result,0,2025-11-02 01:08:18+00:00,E0107,wach,0.75,,,,,,,,
_result,0,2025-11-02 01:10:12+00:00,E0107,wach,0.75,,,,,,,,
_result,0,2025-11-02 01:12:16+00:00,E0107,wach,0.75,,,,,,,,
_result,2,2025-11-02 01:14:13+00:00,E0107,wach,,V,,,,233.4,231.5,233.7,
_result,0,2025-11-02 01:14:14+00:00,E0107,wach,0.75,,,,,,,,
_result,1,2025-11-02 01:16:15+00:00,E0107,wach,,A,4.59,4.0,4.26,,,,
_result,0,2025-11-02 01:16:16+00:00,E0107,wach,0.76,,,,,,,,
_result,2,2025-11-02 01:18:15+00:00,E0107,wach,,V,,,,233.1,,,
_result,0,2025-11-02 01:18:16+00:00,E0107,wach,0.76,,,,,,,,
_result,0,2025-11-02 01:21:00+00:00,E0107,wach,0.76,,,,,,,,
_result,0,2025-11-02 01:22:18+00:00,E0107,wach,0.76,,,,,,,,
_result,0,2025-11-02 01:24:18+00:00,E0107,wach,0.75,,,,,,,,
_result,2,2025-11-02 01:26:14+00:00,E0107,wach,,V,,,,233.2,231.3,233.5,
_result,0,2025-11-02 01:26:15+00:00,E0107,wach,0.75,,,,,,,,
_result,0,2025-11-02 01:28:16+00:00,E0107,wach,0.75,,,,,,,,
_result,2,2025-11-02 01:30:28+00:00,E0107,wach,,V,,,,233.3,,,
_result,0,2025-11-02 01:30:29+00:00,E0107,wach,0.76,,,,,,,,
_result,1,2025-11-02 01:32:13+00:00,E0107,wach,,A,4.59,3.99,4.27,,,,
_result,0,2025-11-02 01:32:14+00:00,E0107,wach,0.76,,,,,,,,
_result,1,2025-11-02 01:34:14+00:00,E0107,wach,,A,4.59,3.99,4.27,,,,
_result,0,2025-11-02 01:34:15+00:00,E0107,wach,0.76,,,,,,,,
_result,0,2025-11-02 01:36:16+00:00,E0107,wach,0.76,,,,,,,,
_result,0,2025-11-02 01:38:15+00:00,E0107,wach,0.76,,,,,,,,
_result,1,2025-11-02 01:40:15+00:00,E0107,wach,,A,4.58,3.99,4.26,,,,
_result,0,2025-11-02 01:40:16+00:00,E0107,wach,0.76,,,,,,,,
_result,0,2025-11-02 01:42:15+00:00,E0107,wach,0.76,,,,,,,,
_result,0,2025-11-02 01:44:18+00:00,E0107,wach,0.76,,,,,,,,
_result,1,2025-11-02 01:46:17+00:00,E0107,wach,,A,4.58,3.99,4.26,,,,
_result,0,2025-11-02 01:46:18+00:00,E0107,wach,0.76,,,,,,,,
_result,0,2025-11-02 01:48:19+00:00,E0107,wach,0.74,,,,,,,,
_result,0,2025-11-02 01:51:29+00:00,E0107,wach,0.74,,,,,,,,
_result,0,2025-11-02 01:52:18+00:00,E0107,wach,0.74,,,,,,,,
_result,0,2025-11-02 01:54:17+00:00,E0107,wach,0.74,,,,,,,,
_result,0,2025-11-02 01:56:14+00:00,E0107,wach,0.74,,,,,,,,
_result,1,2025-11-02 01:58:15+00:00,E0107,wach,,A,4.62,4.02,4.29,,,,
_result,0,2025-11-02 01:58:16+00:00,E0107,wach,0.74,,,,,,,,
_result,1,2025-11-02 02:00:16+00:00,E0107,wach,,A,4.62,4.02,4.29,,,,
_result,0,2025-11-02 02:00:17+00:00,E0107,wach,0.74,,,,,,,,
_result,0,2025-11-02 02:02:18+00:00,E0107,wach,0.75,,,,,,,,
_result,0,2025-11-02 02:04:16+00:00,E0107,wach,0.75,,,,,,,,
_result,0,2025-11-02 02:06:17+00:00,E0107,wach,0.75,,,,,,,,
_result,1,2025-11-02 02:08:16+00:00,E0107,wach,,A,4.6,4.0,4.28,,,,
_result,0,2025-11-02 02:08:19+00:00,E0107,wach,0.75,,,,,,,,
_result,2,2025-11-02 02:10:18+00:00,E0107,wach,,V,,,,234.4,232.5,234.7,
_result,0,2025-11-02 02:10:19+00:00,E0107,wach,0.75,,,,,,,,
_result,2,2025-11-02 02:12:15+00:00,E0107,wach,,V,,,,234.4,232.5,234.7,
_result,0,2025-11-02 02:12:16+00:00,E0107,wach,0.75,,,,,,,,
_result,0,2025-11-02 02:14:13+00:00,E0107,wach,0.75,,,,,,,,
_result,2,2025-11-02 02:16:12+00:00,E0107,wach,,V,,,,234.0,232.2,234.4,
_result,0,2025-11-02 02:16:13+00:00,E0107,wach,0.75,,,,,,,,
_result,0,2025-11-02 02:18:17+00:00,E0107,wach,0.75,,,,,,,,
_result,2,2025-11-02 02:20:18+00:00,E0107,wach,,V,,,,234.0,232.2,234.4,
_result,0,2025-11-02 02:20:19+00:00,E0107,wach,0.75,,,,,,,,
_result,0,2025-11-02 02:22:17+00:00,E0107,wach,0.75,,,,,,,,
_result,0,2025-11-02 02:24:15+00:00,E0107,wach,0.75,,,,,,,,
_result,1,2025-11-02 02:26:18+00:00,E0107,wach,,A,4.59,4.0,4.27,,,,
_result,0,2025-11-02 02:26:19+00:00,E0107,wach,0.75,,,,,,,,
_result,2,2025-11-02 02:28:25+00:00,E0107,wach,,V,,,,233.1,,,
_result,1,2025-11-02 02:28:26+00:00,E0107,wach,,A,4.57,3.99,4.26,,,,
_result,0,2025-11-02 02:28:27+00:00,E0107,wach,0.75,,,,,,,,
_result,1,2025-11-02 02:30:17+00:00,E0107,wach,,A,4.57,3.99,4.26,,,,
_result,0,2025-11-02 02:30:18+00:00,E0107,wach,0.75,,,,,,,,
_result,0,2025-11-02 02:32:10+00:00,E0107,wach,0.75,,,,,,,,
_result,0,2025-11-02 02:34:18+00:00,E0107,wach,0.75,,,,,,,,
_result,0,2025-11-02 02:36:18+00:00,E0107,wach,0.75,,,,,,,,
_result,1,2025-11-02 02:38:17+00:00,E0107,wach,,A,4.57,3.99,4.26,,,,
_result,0,2025-11-02 02:38:18+00:00,E0107,wach,0.75,,,,,,,,
_result,1,2025-11-02 02:40:18+00:00,E0107,wach,,A,4.57,3.99,4.26,,,,
_result,0,2025-11-02 02:40:19+00:00,E0107,wach,0.75,,,,,,,,
_result,0,2025-11-02 02:42:20+00:00,E0107,wach,0.75,,,,,,,,
_result,0,2025-11-02 02:44:15+00:00,E0107,wach,0.75,,,,,,,,
_result,0,2025-11-02 02:46:16+00:00,E0107,wach,0.75,,,,,,,,
_result,1,2025-11-02 02:48:20+00:00,E0107,wach,,A,4.58,3.99,4.27,,,,
_result,0,2025-11-02 02:48:21+00:00,E0107,wach,0.75,,,,,,,,
_result,2,2025-11-02 02:50:18+00:00,E0107,wach,,V,,,,233.0,231.1,233.4,
_result,0,2025-11-02 02:50:19+00:00,E0107,wach,0.75,,,,,,,,
_result,2,2025-11-02 02:53:31+00:00,E0107,wach,,V,,,,233.0,231.1,,
_result,0,2025-11-02 02:53:32+00:00,E0107,wach,0.75,,,,,,,,
_result,2,2025-11-02 02:54:16+00:00,E0107,wach,,V,,,,233.1,231.2,233.5,
_result,0,2025-11-02 02:54:17+00:00,E0107,wach,0.75,,,,,,,,
_result,2,2025-11-02 02:56:13+00:00,E0107,wach,,V,,,,233.1,231.2,233.5,
_result,0,2025-11-02 02:56:14+00:00,E0107,wach,0.75,,,,,,,,
_result,0,2025-11-02 02:58:17+00:00,E0107,wach,0.75,,,,,,,,
_result,2,2025-11-02 03:00:22+00:00,E0107,wach,,V,,,,233.1,231.2,233.5,
_result,0,2025-11-02 03:00:23+00:00,E0107,wach,0.75,,,,,,,,
_result,0,2025-11-02 03:02:17+00:00,E0107,wach,0.75,,,,,,,,
_result,0,2025-11-02 03:04:17+00:00,E0107,wach,0.75,,,,,,,,
_result,0,2025-11-02 03:06:17+00:00,E0107,wach,0.75,,,,,,,,
_result,0,2025-11-02 03:08:19+00:00,E0107,wach,0.75,,,,,,,,
_result,0,2025-11-02 03:10:15+00:00,E0107,wach,0.75,,,,,,,,
_result,1,2025-11-02 03:12:14+00:00,E0107,wach,,A,4.58,3.98,4.27,,,,
_result,0,2025-11-02 03:12:15+00:00,E0107,wach,0.75,,,,,,,,
_result,0,2025-11-02 03:14:14+00:00,E0107,wach,0.75,,,,,,,,
_result,0,2025-11-02 03:16:16+00:00,E0107,wach,0.75,,,,,,,,
_result,0,2025-11-02 03:18:17+00:00,E0107,wach,0.75,,,,,,,,
_result,0,2025-11-02 03:20:15+00:00,E0107,wach,0.75,,,,,,,,
_result,0,2025-11-02 03:22:15+00:00,E0107,wach,0.75,,,,,,,,
_result,1,2025-11-02 03:24:15+00:00,E0107,wach,,A,4.58,3.99,4.27,,,,
_result,0,2025-11-02 03:24:16+00:00,E0107,wach,0.75,,,,,,,,
_result,0,2025-11-02 03:26:18+00:00,E0107,wach,0.75,,,,,,,,
_result,0,2025-11-02 03:28:19+00:00,E0107,wach,0.76,,,,,,,,
_result,0,2025-11-02 03:30:13+00:00,E0107,wach,0.76,,,,,,,,
_result,0,2025-11-02 03:32:16+00:00,E0107,wach,0.76,,,,,,,,
_result,0,2025-11-02 03:34:18+00:00,E0107,wach,0.76,,,,,,,,
_result,1,2025-11-02 03:36:15+00:00,E0107,wach,,A,4.58,,,,,,
_result,0,2025-11-02 03:36:16+00:00,E0107,wach,0.76,,,,,,,,
_result,0,2025-11-02 03:38:15+00:00,E0107,wach,0.76,,,,,,,,
_result,1,2025-11-02 03:40:16+00:00,E0107,wach,,A,4.58,,,,,,
_result,0,2025-11-02 03:40:17+00:00,E0107,wach,0.76,,,,,,,,
_result,0,2025-11-02 03:42:16+00:00,E0107,wach,0.76,,,,,,,,
_result,2,2025-11-02 03:44:12+00:00,E0107,wach,,V,,,,232.6,230.6,232.9,
_result,0,2025-11-02 03:44:13+00:00,E0107,wach,0.76,,,,,,,,
_result,0,2025-11-02 03:46:16+00:00,E0107,wach,0.76,,,,,,,,
_result,0,2025-11-02 03:48:19+00:00,E0107,wach,0.76,,,,,,,,
_result,2,2025-11-02 03:50:10+00:00,E0107,wach,,V,,,,232.7,,,
_result,0,2025-11-02 03:50:11+00:00,E0107,wach,0.76,,,,,,,,
_result,1,2025-11-02 03:52:16+00:00,E0107,wach,,A,4.57,3.98,4.26,,,,
_result,0,2025-11-02 03:52:17+00:00,E0107,wach,0.76,,,,,,,,
_result,1,2025-11-02 03:54:14+00:00,E0107,wach,,A,4.57,3.98,4.26,,,,
_result,0,2025-11-02 03:54:15+00:00,E0107,wach,0.76,,,,,,,,
_result,1,2025-11-02 03:56:16+00:00,E0107,wach,,A,4.57,3.98,4.26,,,,
_result,0,2025-11-02 03:56:17+00:00,E0107,wach,0.76,,,,,,,,
_result,2,2025-11-02 03:58:12+00:00,E0107,wach,,V,,,,232.7,230.7,232.9,
_result,0,2025-11-02 03:58:13+00:00,E0107,wach,0.76,,,,,,,,
_result,0,2025-11-02 04:00:21+00:00,E0107,wach,0.76,,,,,,,,
_result,2,2025-11-02 04:02:17+00:00,E0107,wach,,V,,,,233.0,231.1,233.3,
_result,0,2025-11-02 04:02:18+00:00,E0107,wach,0.76,,,,,,,,
_result,0,2025-11-02 04:04:11+00:00,E0107,wach,0.76,,,,,,,,
_result,1,2025-11-02 04:06:24+00:00,E0107,wach,,A,4.57,3.98,4.26,,,,
_result,0,2025-11-02 04:06:25+00:00,E0107,wach,0.76,,,,,,,,
_result,2,2025-11-02 04:08:15+00:00,E0107,wach,,V,,,,232.8,,,
_result,0,2025-11-02 04:08:16+00:00,E0107,wach,0.76,,,,,,,,
_result,0,2025-11-02 04:10:17+00:00,E0107,wach,0.76,,,,,,,,
_result,1,2025-11-02 04:12:20+00:00,E0107,wach,,A,4.57,4.0,4.26,,,,
_result,0,2025-11-02 04:12:21+00:00,E0107,wach,0.76,,,,,,,,
_result,0,2025-11-02 04:14:21+00:00,E0107,wach,0.76,,,,,,,,
_result,0,2025-11-02 04:16:32+00:00,E0107,wach,0.76,,,,,,,,
_result,0,2025-11-02 04:18:19+00:00,E0107,wach,0.76,,,,,,,,
_result,0,2025-11-02 04:20:22+00:00,E0107,wach,0.76,,,,,,,,
_result,1,2025-11-02 04:22:13+00:00,E0107,wach,,A,4.56,3.98,4.26,,,,
_result,0,2025-11-02 04:22:14+00:00,E0107,wach,0.76,,,,,,,,
_result,1,2025-11-02 04:24:14+00:00,E0107,wach,,A,4.56,3.98,4.26,,,,
_result,0,2025-11-02 04:24:15+00:00,E0107,wach,0.76,,,,,,,,
_result,1,2025-11-02 04:26:18+00:00,E0107,wach,,A,4.56,3.98,4.26,,,,
_result,0,2025-11-02 04:26:19+00:00,E0107,wach,0.76,,,,,,,,
_result,0,2025-11-02 04:28:19+00:00,E0107,wach,0.76,,,,,,,,
_result,0,2025-11-02 04:30:15+00:00,E0107,wach,0.76,,,,,,,,
_result,0,2025-11-02 04:32:18+00:00,E0107,wach,0.76,,,,,,,,
_result,1,2025-11-02 04:34:14+00:00,E0107,wach,,A,4.57,3.97,4.26,,,,
_result,0,2025-11-02 04:34:15+00:00,E0107,wach,0.76,,,,,,,,
_result,0,2025-11-02 04:36:16+00:00,E0107,wach,0.76,,,,,,,,
_result,0,2025-11-02 04:38:18+00:00,E0107,wach,0.76,,,,,,,,
_result,1,2025-11-02 04:40:25+00:00,E0107,wach,,A,4.57,3.98,4.25,,,,
_result,0,2025-11-02 04:40:26+00:00,E0107,wach,0.76,,,,,,,,
_result,0,2025-11-02 04:42:14+00:00,E0107,wach,0.76,,,,,,,,
_result,0,2025-11-02 04:44:23+00:00,E0107,wach,0.76,,,,,,,,
_result,1,2025-11-02 04:46:15+00:00,E0107,wach,,A,4.56,3.98,4.25,,,,
_result,0,2025-11-02 04:46:16+00:00,E0107,wach,0.76,,,,,,,,
_result,0,2025-11-02 04:48:20+00:00,E0107,wach,0.76,,,,,,,,
_result,0,2025-11-02 04:50:21+00:00,E0107,wach,0.76,,,,,,,,
_result,1,2025-11-02 04:52:19+00:00,E0107,wach,,A,4.56,3.98,4.25,,,,
_result,0,2025-11-02 04:52:20+00:00,E0107,wach,0.76,,,,,,,,
_result,0,2025-11-02 04:54:18+00:00,E0107,wach,0.76,,,,,,,,
_result,0,2025-11-02 04:56:16+00:00,E0107,wach,0.76,,,,,,,,
_result,1,2025-11-02 04:58:17+00:00,E0107,wach,,A,4.57,3.98,4.26,,,,
_result,0,2025-11-02 04:58:18+00:00,E0107,wach,0.76,,,,,,,,
_result,2,2025-11-02 05:00:17+00:00,E0107,wach,,V,,,,235.7,233.8,235.9,
_result,0,2025-11-02 05:00:18+00:00,E0107,wach,0.74,,,,,,,,
_result,1,2025-11-02 05:02:18+00:00,E0107,wach,,A,4.61,4.0,4.29,,,,
_result,0,2025-11-02 05:02:19+00:00,E0107,wach,0.74,,,,,,,,
_result,1,2025-11-02 05:04:16+00:00,E0107,wach,,A,4.61,4.0,4.29,,,,
_result,0,2025-11-02 05:04:17+00:00,E0107,wach,0.74,,,,,,,,
_result,0,2025-11-02 05:06:17+00:00,E0107,wach,0.74,,,,,,,,
_result,0,2025-11-02 05:08:15+00:00,E0107,wach,0.74,,,,,,,,
_result,1,2025-11-02 05:10:18+00:00,E0107,wach,,A,4.61,4.01,,,,,
_result,0,2025-11-02 05:10:19+00:00,E0107,wach,0.74,,,,,,,,
_result,1,2025-11-02 05:12:16+00:00,E0107,wach,,A,4.61,4.01,4.3,,,,
_result,0,2025-11-02 05:12:17+00:00,E0107,wach,0.74,,,,,,,,
_result,1,2025-11-02 05:14:18+00:00,E0107,wach,,A,4.61,4.01,,,,,
_result,0,2025-11-02 05:14:19+00:00,E0107,wach,0.74,,,,,,,,
_result,0,2025-11-02 05:16:19+00:00,E0107,wach,0.74,,,,,,,,
_result,0,2025-11-02 05:18:16+00:00,E0107,wach,0.74,,,,,,,,
_result,2,2025-11-02 05:20:20+00:00,E0107,wach,,V,,,,235.6,233.7,235.8,
_result,0,2025-11-02 05:20:21+00:00,E0107,wach,0.74,,,,,,,,
_result,0,2025-11-02 05:22:20+00:00,E0107,wach,0.74,,,,,,,,
_result,0,2025-11-02 05:24:17+00:00,E0107,wach,0.74,,,,,,,,
_result,0,2025-11-02 05:26:20+00:00,E0107,wach,0.74,,,,,,,,
_result,2,2025-11-02 05:28:16+00:00,E0107,wach,,V,,,,235.6,233.7,236.0,
_result,0,2025-11-02 05:28:17+00:00,E0107,wach,0.75,,,,,,,,
_result,0,2025-11-02 05:30:20+00:00,E0107,wach,0.75,,,,,,,,
_result,1,2025-11-02 05:32:14+00:00,E0107,wach,,A,4.6,4.01,4.29,,,,
_result,0,2025-11-02 05:32:15+00:00,E0107,wach,0.75,,,,,,,,
_result,1,2025-11-02 05:34:17+00:00,E0107,wach,,A,4.6,4.01,4.29,,,,
_result,0,2025-11-02 05:34:18+00:00,E0107,wach,0.75,,,,,,,,
_result,0,2025-11-02 05:36:18+00:00,E0107,wach,0.75,,,,,,,,
_result,0,2025-11-02 05:38:20+00:00,E0107,wach,0.75,,,,,,,,
_result,0,2025-11-02 05:40:19+00:00,E0107,wach,0.75,,,,,,,,
_result,1,2025-11-02 05:42:18+00:00,E0107,wach,,A,4.61,4.01,4.29,,,,
_result,0,2025-11-02 05:42:19+00:00,E0107,wach,0.75,,,,,,,,
_result,0,2025-11-02 05:44:18+00:00,E0107,wach,0.75,,,,,,,,
_result,0,2025-11-02 05:46:19+00:00,E0107,wach,0.75,,,,,,,,
_result,1,2025-11-02 05:48:16+00:00,E0107,wach,,A,4.61,4.0,4.29,,,,
_result,0,2025-11-02 05:48:17+00:00,E0107,wach,0.75,,,,,,,,
_result,2,2025-11-02 05:50:16+00:00,E0107,wach,,V,,,,236.2,234.1,236.4,
_result,0,2025-11-02 05:50:17+00:00,E0107,wach,0.75,,,,,,,,
_result,0,2025-11-02 05:52:22+00:00,E0107,wach,0.75,,,,,,,,
_result,0,2025-11-02 05:55:01+00:00,E0107,wach,0.74,,,,,,,,
_result,1,2025-11-02 05:56:20+00:00,E0107,wach,,A,4.61,4.01,4.3,,,,
_result,0,2025-11-02 05:56:21+00:00,E0107,wach,0.74,,,,,,,,
_result,1,2025-11-02 05:58:18+00:00,E0107,wach,,A,4.61,4.01,,,,,
_result,0,2025-11-02 05:58:19+00:00,E0107,wach,0.74,,,,,,,,
_result,1,2025-11-02 06:01:37+00:00,E0107,wach,,A,4.61,4.01,4.3,,,,
_result,0,2025-11-02 06:01:38+00:00,E0107,wach,0.74,,,,,,,,
_result,0,2025-11-02 06:02:19+00:00,E0107,wach,0.74,,,,,,,,
_result,2,2025-11-02 06:04:16+00:00,E0107,wach,,V,,,,236.2,234.4,236.6,
_result,0,2025-11-02 06:04:17+00:00,E0107,wach,0.74,,,,,,,,
_result,1,2025-11-02 06:06:19+00:00,E0107,wach,,A,4.62,4.02,4.3,,,,
_result,0,2025-11-02 06:06:20+00:00,E0107,wach,0.74,,,,,,,,
_result,0,2025-11-02 06:08:19+00:00,E0107,wach,0.74,,,,,,,,
_result,0,2025-11-02 06:10:17+00:00,E0107,wach,0.74,,,,,,,,
_result,1,2025-11-02 06:12:23+00:00,E0107,wach,,A,4.62,4.02,4.3,,,,
_result,0,2025-11-02 06:12:24+00:00,E0107,wach,0.74,,,,,,,,
_result,1,2025-11-02 06:14:20+00:00,E0107,wach,,A,4.62,4.03,4.29,,,,
_result,0,2025-11-02 06:14:21+00:00,E0107,wach,0.74,,,,,,,,
_result,0,2025-11-02 06:16:19+00:00,E0107,wach,0.74,,,,,,,,
_result,2,2025-11-02 06:18:16+00:00,E0107,wach,,V,,,,236.4,234.8,236.7,
_result,0,2025-11-02 06:18:17+00:00,E0107,wach,0.74,,,,,,,,
_result,0,2025-11-02 06:20:19+00:00,E0107,wach,0.74,,,,,,,,
_result,1,2025-11-02 06:22:20+00:00,E0107,wach,,A,4.61,,,,,,
_result,0,2025-11-02 06:22:21+00:00,E0107,wach,0.74,,,,,,,,
_result,1,2025-11-02 06:24:18+00:00,E0107,wach,,A,4.61,4.01,4.29,,,,
_result,0,2025-11-02 06:24:19+00:00,E0107,wach,0.74,,,,,,,,
_result,1,2025-11-02 06:26:17+00:00,E0107,wach,,A,4.61,4.01,4.29,,,,
_result,0,2025-11-02 06:26:18+00:00,E0107,wach,0.74,,,,,,,,
_result,0,2025-11-02 06:28:17+00:00,E0107,wach,0.74,,,,,,,,
_result,2,2025-11-02 06:30:18+00:00,E0107,wach,,V,,,,235.4,233.2,,
_result,0,2025-11-02 06:30:19+00:00,E0107,wach,0.74,,,,,,,,
_result,1,2025-11-02 06:32:32+00:00,E0107,wach,,A,4.6,4.0,4.28,,,,
_result,0,2025-11-02 06:32:33+00:00,E0107,wach,0.74,,,,,,,,
_result,1,2025-11-02 06:34:19+00:00,E0107,wach,,A,4.6,4.0,4.28,,,,
_result,0,2025-11-02 06:34:20+00:00,E0107,wach,0.74,,,,,,,,
_result,1,2025-11-02 06:36:22+00:00,E0107,wach,,A,4.6,4.01,4.29,,,,
_result,0,2025-11-02 06:36:23+00:00,E0107,wach,0.74,,,,,,,,
_result,1,2025-11-02 06:38:18+00:00,E0107,wach,,A,4.6,,,,,,
_result,0,2025-11-02 06:38:19+00:00,E0107,wach,0.74,,,,,,,,
_result,0,2025-11-02 06:40:19+00:00,E0107,wach,0.74,,,,,,,,
_result,1,2025-11-02 06:42:21+00:00,E0107,wach,,A,4.61,4.01,4.29,,,,
_result,0,2025-11-02 06:42:22+00:00,E0107,wach,0.74,,,,,,,,
_result,0,2025-11-02 06:44:26+00:00,E0107,wach,0.74,,,,,,,,
_result,0,2025-11-02 06:46:16+00:00,E0107,wach,0.74,,,,,,,,
_result,0,2025-11-02 06:48:18+00:00,E0107,wach,0.74,,,,,,,,
_result,0,2025-11-02 06:50:17+00:00,E0107,wach,0.74,,,,,,,,
_result,0,2025-11-02 06:52:18+00:00,E0107,wach,0.74,,,,,,,,
_result,0,2025-11-02 06:54:21+00:00,E0107,wach,0.74,,,,,,,,
_result,2,2025-11-02 06:56:15+00:00,E0107,wach,,V,,,,235.9,234.1,236.1,
_result,0,2025-11-02 06:56:16+00:00,E0107,wach,0.74,,,,,,,,
_result,1,2025-11-02 06:58:17+00:00,E0107,wach,,A,4.61,4.01,4.29,,,,
_result,0,2025-11-02 06:58:18+00:00,E0107,wach,0.74,,,,,,,,
_result,2,2025-11-02 07:00:24+00:00,E0107,wach,,V,,,,236.2,234.4,236.4,
_result,1,2025-11-02 07:00:26+00:00,E0107,wach,,A,4.61,4.01,4.29,,,,
_result,0,2025-11-02 07:00:27+00:00,E0107,wach,0.74,,,,,,,,
_result,0,2025-11-02 07:02:18+00:00,E0107,wach,0.74,,,,,,,,
_result,0,2025-11-02 07:04:19+00:00,E0107,wach,0.74,,,,,,,,
_result,1,2025-11-02 07:06:12+00:00,E0107,wach,,A,4.6,4.01,4.29,,,,
_result,0,2025-11-02 07:06:13+00:00,E0107,wach,0.74,,,,,,,,
_result,2,2025-11-02 07:08:17+00:00,E0107,wach,,V,,,,236.1,234.3,236.4,
_result,0,2025-11-02 07:08:18+00:00,E0107,wach,0.74,,,,,,,,
_result,0,2025-11-02 07:10:24+00:00,E0107,wach,0.74,,,,,,,,
_result,1,2025-11-02 07:12:20+00:00,E0107,wach,,A,4.61,4.01,4.29,,,,
_result,0,2025-11-02 07:12:21+00:00,E0107,wach,0.74,,,,,,,,
_result,2,2025-11-02 07:14:14+00:00,E0107,wach,,V,,,,236.2,234.4,236.5,
_result,0,2025-11-02 07:14:15+00:00,E0107,wach,0.74,,,,,,,,
_result,1,2025-11-02 07:16:14+00:00,E0107,wach,,A,4.61,4.01,4.29,,,,
_result,0,2025-11-02 07:16:15+00:00,E0107,wach,0.74,,,,,,,,
_result,0,2025-11-02 07:18:24+00:00,E0107,wach,0.74,,,,,,,,
_result,0,2025-11-02 07:20:21+00:00,E0107,wach,0.74,,,,,,,,
_result,0,2025-11-02 07:22:22+00:00,E0107,wach,0.74,,,,,,,,
_result,0,2025-11-02 07:24:15+00:00,E0107,wach,0.74,,,,,,,,
_result,1,2025-11-02 07:26:19+00:00,E0107,wach,,A,4.59,4.0,4.28,,,,
_result,0,2025-11-02 07:26:20+00:00,E0107,wach,0.74,,,,,,,,
_result,0,2025-11-02 07:28:16+00:00,E0107,wach,0.74,,,,,,,,
_result,0,2025-11-02 07:30:22+00:00,E0107,wach,0.74,,,,,,,,
_result,0,2025-11-02 07:32:20+00:00,E0107,wach,0.74,,,,,,,,
_result,0,2025-11-02 07:34:15+00:00,E0107,wach,0.74,,,,,,,,
_result,0,2025-11-02 07:36:16+00:00,E0107,wach,0.74,,,,,,,,
_result,0,2025-11-02 07:38:18+00:00,E0107,wach,0.74,,,,,,,,
_result,0,2025-11-02 07:40:19+00:00,E0107,wach,0.74,,,,,,,,
_result,2,2025-11-02 07:42:16+00:00,E0107,wach,,V,,,,235.5,233.6,235.7,
_result,0,2025-11-02 07:42:17+00:00,E0107,wach,0.74,,,,,,,,
_result,0,2025-11-02 07:44:17+00:00,E0107,wach,0.74,,,,,,,,
_result,2,2025-11-02 07:46:14+00:00,E0107,wach,,V,,,,235.5,233.6,235.7,
_result,0,2025-11-02 07:46:15+00:00,E0107,wach,0.74,,,,,,,,
_result,0,2025-11-02 07:48:19+00:00,E0107,wach,0.74,,,,,,,,
_result,1,2025-11-02 07:50:18+00:00,E0107,wach,,A,4.59,4.0,4.27,,,,
_result,0,2025-11-02 07:50:19+00:00,E0107,wach,0.74,,,,,,,,
_result,1,2025-11-02 07:52:14+00:00,E0107,wach,,A,4.59,4.0,4.27,,,,
_result,0,2025-11-02 07:52:15+00:00,E0107,wach,0.74,,,,,,,,
_result,2,2025-11-02 07:54:18+00:00,E0107,wach,,V,,,,235.0,233.1,235.4,
_result,0,2025-11-02 07:54:19+00:00,E0107,wach,0.74,,,,,,,,
_result,1,2025-11-02 07:56:18+00:00,E0107,wach,,A,4.59,4.0,4.27,,,,
_result,0,2025-11-02 07:56:19+00:00,E0107,wach,0.75,,,,,,,,
_result,0,2025-11-02 07:58:20+00:00,E0107,wach,0.75,,,,,,,,
_result,0,2025-11-02 08:00:19+00:00,E0107,wach,0.75,,,,,,,,
_result,1,2025-11-02 08:02:21+00:00,E0107,wach,,A,4.59,4.01,4.27,,,,
_result,0,2025-11-02 08:02:22+00:00,E0107,wach,0.75,,,,,,,,
_result,1,2025-11-02 08:04:18+00:00,E0107,wach,,A,4.59,4.01,4.27,,,,
_result,0,2025-11-02 08:04:19+00:00,E0107,wach,0.75,,,,,,,,
_result,0,2025-11-02 08:06:20+00:00,E0107,wach,0.75,,,,,,,,
_result,2,2025-11-02 08:08:21+00:00,E0107,wach,,V,,,,235.4,233.7,235.8,
_result,0,2025-11-02 08:08:22+00:00,E0107,wach,0.75,,,,,,,,
_result,0,2025-11-02 08:10:18+00:00,E0107,wach,0.75,,,,,,,,
_result,0,2025-11-02 08:12:20+00:00,E0107,wach,0.75,,,,,,,,
_result,0,2025-11-02 08:14:18+00:00,E0107,wach,0.75,,,,,,,,
_result,0,2025-11-02 08:16:16+00:00,E0107,wach,0.74,,,,,,,,
_result,1,2025-11-02 08:18:13+00:00,E0107,wach,,A,4.6,4.0,4.28,,,,
_result,0,2025-11-02 08:18:14+00:00,E0107,wach,0.74,,,,,,,,
_result,0,2025-11-02 08:20:36+00:00,E0107,wach,0.74,,,,,,,,
_result,2,2025-11-02 08:22:25+00:00,E0107,wach,,V,,,,235.4,233.7,,
_result,0,2025-11-02 08:22:26+00:00,E0107,wach,0.74,,,,,,,,
_result,0,2025-11-02 08:24:18+00:00,E0107,wach,0.74,,,,,,,,
_result,0,2025-11-02 08:26:21+00:00,E0107,wach,0.74,,,,,,,,
_result,2,2025-11-02 08:28:14+00:00,E0107,wach,,V,,,,234.9,233.1,235.1,
_result,0,2025-11-02 08:28:15+00:00,E0107,wach,0.75,,,,,,,,
_result,0,2025-11-02 08:30:18+00:00,E0107,wach,0.75,,,,,,,,
_result,0,2025-11-02 08:32:30+00:00,E0107,wach,0.75,,,,,,,,
_result,1,2025-11-02 08:34:20+00:00,E0107,wach,,A,4.59,4.0,4.28,,,,
_result,0,2025-11-02 08:34:22+00:00,E0107,wach,0.75,,,,,,,,
_result,0,2025-11-02 08:36:23+00:00,E0107,wach,0.75,,,,,,,,
_result,1,2025-11-02 08:38:14+00:00,E0107,wach,,A,4.59,4.0,4.28,,,,
_result,0,2025-11-02 08:38:15+00:00,E0107,wach,0.75,,,,,,,,
_result,0,2025-11-02 08:40:20+00:00,E0107,wach,0.75,,,,,,,,
_result,0,2025-11-02 08:42:19+00:00,E0107,wach,0.75,,,,,,,,
_result,0,2025-11-02 08:44:18+00:00,E0107,wach,0.75,,,,,,,,
_result,1,2025-11-02 08:46:21+00:00,E0107,wach,,A,4.58,3.99,4.27,,,,
_result,0,2025-11-02 08:46:22+00:00,E0107,wach,0.75,,,,,,,,
_result,0,2025-11-02 08:48:22+00:00,E0107,wach,0.75,,,,,,,,
_result,2,2025-11-02 08:50:18+00:00,E0107,wach,,V,,,,234.9,233.2,,
_result,0,2025-11-02 08:50:19+00:00,E0107,wach,0.75,,,,,,,,
_result,2,2025-11-02 08:52:29+00:00,E0107,wach,,V,,,,234.9,233.2,235.4,
_result,0,2025-11-02 08:52:30+00:00,E0107,wach,0.75,,,,,,,,
_result,0,2025-11-02 08:54:16+00:00,E0107,wach,0.75,,,,,,,,
_result,0,2025-11-02 08:56:17+00:00,E0107,wach,0.74,,,,,,,,
_result,0,2025-11-02 08:58:19+00:00,E0107,wach,0.74,,,,,,,,
_result,1,2025-11-02 09:00:13+00:00,E0107,wach,,A,4.59,4.01,4.28,,,,
_result,0,2025-11-02 09:00:14+00:00,E0107,wach,0.74,,,,,,,,
_result,0,2025-11-02 09:03:27+00:00,E0107,wach,0.74,,,,,,,,
_result,1,2025-11-02 09:04:21+00:00,E0107,wach,,A,4.59,4.0,4.29,,,,
_result,0,2025-11-02 09:04:22+00:00,E0107,wach,0.75,,,,,,,,
_result,0,2025-11-02 09:06:20+00:00,E0107,wach,0.75,,,,,,,,
_result,1,2025-11-02 09:08:13+00:00,E0107,wach,,A,4.59,4.0,4.29,,,,
_result,0,2025-11-02 09:08:14+00:00,E0107,wach,0.75,,,,,,,,
_result,2,2025-11-02 09:10:18+00:00,E0107,wach,,V,,,,235.5,233.8,235.9,
_result,0,2025-11-02 09:10:19+00:00,E0107,wach,0.74,,,,,,,,
_result,2,2025-11-02 09:12:21+00:00,E0107,wach,,V,,,,235.5,,,
_result,0,2025-11-02 09:12:22+00:00,E0107,wach,0.74,,,,,,,,
_result,0,2025-11-02 09:14:18+00:00,E0107,wach,0.74,,,,,,,,
_result,0,2025-11-02 09:16:20+00:00,E0107,wach,0.74,,,,,,,,
_result,1,2025-11-02 09:18:21+00:00,E0107,wach,,A,4.59,4.0,,,,,
_result,0,2025-11-02 09:18:22+00:00,E0107,wach,0.75,,,,,,,,
_result,0,2025-11-02 09:20:26+00:00,E0107,wach,0.75,,,,,,,,
_result,0,2025-11-02 09:22:18+00:00,E0107,wach,0.75,,,,,,,,
_result,0,2025-11-02 09:24:23+00:00,E0107,wach,0.74,,,,,,,,
_result,2,2025-11-02 09:26:16+00:00,E0107,wach,,V,,,,235.1,233.4,235.5,
_result,0,2025-11-02 09:26:17+00:00,E0107,wach,0.74,,,,,,,,
_result,0,2025-11-02 09:28:18+00:00,E0107,wach,0.74,,,,,,,,
_result,1,2025-11-02 09:30:17+00:00,E0107,wach,,A,4.58,4.0,4.28,,,,
_result,0,2025-11-02 09:30:18+00:00,E0107,wach,0.74,,,,,,,,
_result,1,2025-11-02 09:32:23+00:00,E0107,wach,,A,4.58,4.0,4.28,,,,
_result,0,2025-11-02 09:32:24+00:00,E0107,wach,0.74,,,,,,,,
_result,0,2025-11-02 09:34:18+00:00,E0107,wach,0.74,,,,,,,,
_result,0,2025-11-02 09:36:15+00:00,E0107,wach,0.74,,,,,,,,
_result,0,2025-11-02 09:38:25+00:00,E0107,wach,0.74,,,,,,,,
_result,1,2025-11-02 09:40:19+00:00,E0107,wach,,A,4.6,4.0,4.29,,,,
_result,0,2025-11-02 09:40:20+00:00,E0107,wach,0.74,,,,,,,,
_result,0,2025-11-02 09:42:22+00:00,E0107,wach,0.74,,,,,,,,
_result,0,2025-11-02 09:44:19+00:00,E0107,wach,0.75,,,,,,,,
_result,1,2025-11-02 09:46:17+00:00,E0107,wach,,A,4.58,4.0,4.28,,,,
_result,0,2025-11-02 09:46:18+00:00,E0107,wach,0.75,,,,,,,,
_result,0,2025-11-02 09:48:17+00:00,E0107,wach,0.75,,,,,,,,
_result,1,2025-11-02 09:50:15+00:00,E0107,wach,,A,4.59,4.0,4.29,,,,
_result,0,2025-11-02 09:50:16+00:00,E0107,wach,0.75,,,,,,,,
_result,1,2025-11-02 09:52:17+00:00,E0107,wach,,A,4.59,4.0,4.29,,,,
_result,0,2025-11-02 09:52:18+00:00,E0107,wach,0.75,,,,,,,,
_result,0,2025-11-02 09:54:19+00:00,E0107,wach,0.75,,,,,,,,
_result,1,2025-11-02 09:56:19+00:00,E0107,wach,,A,4.58,4.0,4.28,,,,
_result,0,2025-11-02 09:56:20+00:00,E0107,wach,0.75,,,,,,,,
_result,0,2025-11-02 09:58:18+00:00,E0107,wach,0.75,,,,,,,,
_result,0,2025-11-02 10:00:25+00:00,E0107,wach,0.75,,,,,,,,
_result,2,2025-11-02 10:02:17+00:00,E0107,wach,,V,,,,234.9,233.1,235.3,
_result,0,2025-11-02 10:02:18+00:00,E0107,wach,0.75,,,,,,,,
_result,0,2025-11-02 10:04:16+00:00,E0107,wach,0.75,,,,,,,,
_result,0,2025-11-02 10:06:19+00:00,E0107,wach,0.75,,,,,,,,
_result,0,2025-11-02 10:08:18+00:00,E0107,wach,0.75,,,,,,,,
_result,0,2025-11-02 10:10:20+00:00,E0107,wach,0.75,,,,,,,,
_result,0,2025-11-02 10:12:22+00:00,E0107,wach,0.75,,,,,,,,
_result,1,2025-11-02 10:14:14+00:00,E0107,wach,,A,4.59,4.01,4.28,,,,
_result,0,2025-11-02 10:14:15+00:00,E0107,wach,0.75,,,,,,,,
_result,0,2025-11-02 10:16:19+00:00,E0107,wach,0.75,,,,,,,,
_result,0,2025-11-02 10:18:22+00:00,E0107,wach,0.75,,,,,,,,
_result,0,2025-11-02 10:20:19+00:00,E0107,wach,0.75,,,,,,,,
_result,1,2025-11-02 10:22:21+00:00,E0107,wach,,A,4.58,4.0,4.28,,,,
_result,0,2025-11-02 10:22:22+00:00,E0107,wach,0.75,,,,,,,,
_result,0,2025-11-02 10:24:19+00:00,E0107,wach,0.75,,,,,,,,
_result,0,2025-11-02 10:26:22+00:00,E0107,wach,0.75,,,,,,,,
_result,0,2025-11-02 10:28:17+00:00,E0107,wach,0.75,,,,,,,,
_result,1,2025-11-02 10:30:19+00:00,E0107,wach,,A,4.58,4.01,4.28,,,,
_result,0,2025-11-02 10:30:20+00:00,E0107,wach,0.75,,,,,,,,
_result,0,2025-11-02 10:32:20+00:00,E0107,wach,0.75,,,,,,,,
_result,2,2025-11-02 10:34:18+00:00,E0107,wach,,V,,,,234.5,,,
_result,0,2025-11-02 10:34:19+00:00,E0107,wach,0.75,,,,,,,,
_result,0,2025-11-02 10:36:17+00:00,E0107,wach,0.75,,,,,,,,
_result,0,2025-11-02 10:38:20+00:00,E0107,wach,0.75,,,,,,,,
_result,1,2025-11-02 10:40:15+00:00,E0107,wach,,A,4.6,3.99,4.29,,,,
_result,0,2025-11-02 10:40:16+00:00,E0107,wach,0.75,,,,,,,,
_result,2,2025-11-02 10:42:29+00:00,E0107,wach,,V,,,,235.1,,,
_result,0,2025-11-02 10:42:30+00:00,E0107,wach,0.75,,,,,,,,
_result,0,2025-11-02 10:44:19+00:00,E0107,wach,0.75,,,,,,,,
_result,1,2025-11-02 10:46:33+00:00,E0107,wach,,A,4.58,3.98,4.27,,,,
_result,0,2025-11-02 10:46:34+00:00,E0107,wach,0.75,,,,,,,,
_result,0,2025-11-02 10:48:17+00:00,E0107,wach,0.75,,,,,,,,
_result,2,2025-11-02 10:50:16+00:00,E0107,wach,,V,,,,234.1,,,
_result,1,2025-11-02 10:50:17+00:00,E0107,wach,,A,4.58,3.98,4.27,,,,
_result,0,2025-11-02 10:50:18+00:00,E0107,wach,0.75,,,,,,,,
_result,1,2025-11-02 10:52:21+00:00,E0107,wach,,A,4.58,3.98,4.29,,,,
_result,0,2025-11-02 10:52:22+00:00,E0107,wach,0.75,,,,,,,,
_result,2,2025-11-02 10:54:19+00:00,E0107,wach,,V,,,,234.5,,,
_result,0,2025-11-02 10:54:20+00:00,E0107,wach,0.75,,,,,,,,
_result,0,2025-11-02 10:56:21+00:00,E0107,wach,0.75,,,,,,,,
_result,0,2025-11-02 10:58:24+00:00,E0107,wach,0.75,,,,,,,,
_result,0,2025-11-02 11:00:25+00:00,E0107,wach,0.75,,,,,,,,
_result,0,2025-11-02 11:02:19+00:00,E0107,wach,0.75,,,,,,,,
_result,1,2025-11-02 11:04:21+00:00,E0107,wach,,A,4.59,3.99,4.3,,,,
_result,0,2025-11-02 11:04:22+00:00,E0107,wach,0.75,,,,,,,,
_result,1,2025-11-02 11:06:25+00:00,E0107,wach,,A,0.66,0.2,0.25,,,,
_result,0,2025-11-02 11:06:26+00:00,E0107,wach,0.9,,,,,,,,
_result,0,2025-11-02 11:08:18+00:00,E0107,wach,0.9,,,,,,,,
_result,2,2025-11-02 11:10:14+00:00,E0107,wach,,V,,,,235.4,233.6,,
_result,0,2025-11-02 11:10:15+00:00,E0107,wach,0.9,,,,,,,,
_result,0,2025-11-02 11:12:18+00:00,E0107,wach,0.9,,,,,,,,
_result,0,2025-11-02 11:14:23+00:00,E0107,wach,0.9,,,,,,,,
_result,0,2025-11-02 11:16:21+00:00,E0107,wach,0.9,,,,,,,,
_result,1,2025-11-02 11:18:11+00:00,E0107,wach,,A,0.66,0.2,0.26,,,,
_result,0,2025-11-02 11:18:12+00:00,E0107,wach,0.9,,,,,,,,
_result,0,2025-11-02 11:20:22+00:00,E0107,wach,0.9,,,,,,,,
_result,0,2025-11-02 11:22:36+00:00,E0107,wach,0.9,,,,,,,,
_result,0,2025-11-02 11:24:18+00:00,E0107,wach,0.9,,,,,,,,
_result,1,2025-11-02 11:26:17+00:00,E0107,wach,,A,0.66,0.2,0.26,,,,
_result,0,2025-11-02 11:26:18+00:00,E0107,wach,0.9,,,,,,,,
_result,1,2025-11-02 11:28:29+00:00,E0107,wach,,A,0.66,0.2,0.26,,,,
_result,0,2025-11-02 11:28:30+00:00,E0107,wach,0.9,,,,,,,,
_result,0,2025-11-02 11:30:19+00:00,E0107,wach,0.9,,,,,,,,
_result,1,2025-11-02 11:32:16+00:00,E0107,wach,,A,0.66,0.2,0.26,,,,
_result,0,2025-11-02 11:32:17+00:00,E0107,wach,0.9,,,,,,,,
_result,0,2025-11-02 11:34:18+00:00,E0107,wach,0.9,,,,,,,,
_result,0,2025-11-02 11:36:18+00:00,E0107,wach,0.9,,,,,,,,
_result,2,2025-11-02 11:38:18+00:00,E0107,wach,,V,,,,235.5,233.6,,
_result,0,2025-11-02 11:38:19+00:00,E0107,wach,0.9,,,,,,,,
_result,2,2025-11-02 11:40:30+00:00,E0107,wach,,V,,,,235.3,233.4,236.1,
_result,0,2025-11-02 11:40:31+00:00,E0107,wach,0.9,,,,,,,,
_result,0,2025-11-02 11:42:22+00:00,E0107,wach,0.9,,,,,,,,
_result,1,2025-11-02 11:44:12+00:00,E0107,wach,,A,0.66,0.2,0.25,,,,
_result,0,2025-11-02 11:44:13+00:00,E0107,wach,0.9,,,,,,,,
_result,0,2025-11-02 11:46:17+00:00,E0107,wach,0.9,,,,,,,,
_result,0,2025-11-02 11:48:17+00:00,E0107,wach,0.9,,,,,,,,
_result,1,2025-11-02 11:50:17+00:00,E0107,wach,,A,0.66,0.2,,,,,
_result,0,2025-11-02 11:50:18+00:00,E0107,wach,0.9,,,,,,,,
_result,0,2025-11-02 11:52:21+00:00,E0107,wach,0.9,,,,,,,,
_result,0,2025-11-02 11:55:16+00:00,E0107,wach,0.9,,,,,,,,
_result,0,2025-11-02 11:56:19+00:00,E0107,wach,0.9,,,,,,,,
_result,0,2025-11-02 11:58:19+00:00,E0107,wach,0.9,,,,,,,,
_result,0,2025-11-02 12:00:17+00:00,E0107,wach,0.9,,,,,,,,
_result,0,2025-11-02 12:02:28+00:00,E0107,wach,0.9,,,,,,,,
_result,0,2025-11-02 12:04:17+00:00,E0107,wach,0.9,,,,,,,,
_result,0,2025-11-02 12:06:12+00:00,E0107,wach,0.9,,,,,,,,
_result,0,2025-11-02 12:08:16+00:00,E0107,wach,0.9,,,,,,,,
_result,0,2025-11-02 12:10:25+00:00,E0107,wach,0.9,,,,,,,,
_result,0,2025-11-02 12:12:54+00:00,E0107,wach,0.9,,,,,,,,
_result,0,2025-11-02 12:14:20+00:00,E0107,wach,0.9,,,,,,,,
_result,0,2025-11-02 12:16:14+00:00,E0107,wach,0.9,,,,,,,,
_result,1,2025-11-02 12:18:23+00:00,E0107,wach,,A,0.66,0.2,0.25,,,,
_result,0,2025-11-02 12:18:24+00:00,E0107,wach,0.9,,,,,,,,
_result,1,2025-11-02 12:20:18+00:00,E0107,wach,,A,0.66,0.2,0.25,,,,
_result,0,2025-11-02 12:20:19+00:00,E0107,wach,0.9,,,,,,,,
_result,1,2025-11-02 12:22:15+00:00,E0107,wach,,A,0.66,0.2,0.25,,,,
_result,0,2025-11-02 12:22:16+00:00,E0107,wach,0.9,,,,,,,,
_result,0,2025-11-02 12:24:22+00:00,E0107,wach,0.9,,,,,,,,
_result,0,2025-11-02 12:26:26+00:00,E0107,wach,0.9,,,,,,,,
_result,1,2025-11-02 12:28:18+00:00,E0107,wach,,A,0.66,0.2,0.26,,,,
_result,0,2025-11-02 12:28:19+00:00,E0107,wach,0.9,,,,,,,,
_result,1,2025-11-02 12:30:18+00:00,E0107,wach,,A,0.66,0.2,0.26,,,,
_result,0,2025-11-02 12:30:19+00:00,E0107,wach,0.9,,,,,,,,
_result,0,2025-11-02 12:32:16+00:00,E0107,wach,0.9,,,,,,,,
_result,1,2025-11-02 12:34:20+00:00,E0107,wach,,A,0.66,0.2,0.26,,,,
_result,0,2025-11-02 12:34:21+00:00,E0107,wach,0.9,,,,,,,,
_result,0,2025-11-02 12:36:17+00:00,E0107,wach,0.9,,,,,,,,
_result,0,2025-11-02 12:38:15+00:00,E0107,wach,0.9,,,,,,,,
_result,0,2025-11-02 12:40:21+00:00,E0107,wach,0.9,,,,,,,,
_result,0,2025-11-02 12:42:20+00:00,E0107,wach,0.9,,,,,,,,
_result,0,2025-11-02 12:44:20+00:00,E0107,wach,0.9,,,,,,,,
_result,0,2025-11-02 12:46:12+00:00,E0107,wach,0.9,,,,,,,,
_result,1,2025-11-02 12:48:24+00:00,E0107,wach,,A,0.66,0.2,0.26,,,,
_result,0,2025-11-02 12:48:25+00:00,E0107,wach,0.9,,,,,,,,
_result,1,2025-11-02 12:50:21+00:00,E0107,wach,,A,0.66,0.2,0.26,,,,
_result,0,2025-11-02 12:50:22+00:00,E0107,wach,0.9,,,,,,,,
_result,0,2025-11-02 12:52:20+00:00,E0107,wach,0.9,,,,,,,,
_result,0,2025-11-02 12:54:18+00:00,E0107,wach,0.9,,,,,,,,
_result,0,2025-11-02 12:56:15+00:00,E0107,wach,0.9,,,,,,,,
_result,2,2025-11-02 12:58:16+00:00,E0107,wach,,V,,,,236.0,234.0,236.8,
_result,0,2025-11-02 12:58:17+00:00,E0107,wach,0.9,,,,,,,,
_result,2,2025-11-02 13:00:19+00:00,E0107,wach,,V,,,,236.0,234.0,236.8,
_result,0,2025-11-02 13:00:20+00:00,E0107,wach,0.9,,,,,,,,
_result,2,2025-11-02 13:02:20+00:00,E0107,wach,,V,,,,236.2,234.0,236.8,
_result,0,2025-11-02 13:02:21+00:00,E0107,wach,0.9,,,,,,,,
_result,0,2025-11-02 13:04:19+00:00,E0107,wach,0.9,,,,,,,,
_result,0,2025-11-02 13:06:19+00:00,E0107,wach,0.9,,,,,,,,
_result,0,2025-11-02 13:08:28+00:00,E0107,wach,0.9,,,,,,,,
_result,0,2025-11-02 13:10:21+00:00,E0107,wach,0.9,,,,,,,,
_result,0,2025-11-02 13:12:25+00:00,E0107,wach,0.9,,,,,,,,
_result,0,2025-11-02 13:15:37+00:00,E0107,wach,0.9,,,,,,,,
_result,0,2025-11-02 13:16:14+00:00,E0107,wach,0.9,,,,,,,,
_result,1,2025-11-02 13:18:18+00:00,E0107,wach,,A,0.66,0.2,0.26,,,,
_result,0,2025-11-02 13:18:19+00:00,E0107,wach,0.9,,,,,,,,
_result,1,2025-11-02 13:20:26+00:00,E0107,wach,,A,0.66,0.2,0.26,,,,
_result,0,2025-11-02 13:20:27+00:00,E0107,wach,0.9,,,,,,,,
_result,1,2025-11-02 13:22:23+00:00,E0107,wach,,A,0.66,0.2,0.26,,,,
_result,0,2025-11-02 13:22:24+00:00,E0107,wach,0.9,,,,,,,,
_result,0,2025-11-02 13:24:17+00:00,E0107,wach,0.9,,,,,,,,
_result,1,2025-11-02 13:26:17+00:00,E0107,wach,,A,0.66,0.2,0.26,,,,
_result,0,2025-11-02 13:26:18+00:00,E0107,wach,0.9,,,,,,,,
_result,0,2025-11-02 13:29:39+00:00,E0107,wach,0.9,,,,,,,,
_result,0,2025-11-02 13:30:35+00:00,E0107,wach,0.9,,,,,,,,
_result,0,2025-11-02 13:32:19+00:00,E0107,wach,0.9,,,,,,,,
_result,0,2025-11-02 13:34:29+00:00,E0107,wach,0.9,,,,,,,,
_result,0,2025-11-02 13:36:17+00:00,E0107,wach,0.9,,,,,,,,
_result,0,2025-11-02 13:38:15+00:00,E0107,wach,0.9,,,,,,,,
_result,0,2025-11-02 13:40:20+00:00,E0107,wach,0.9,,,,,,,,
_result,1,2025-11-02 13:42:13+00:00,E0107,wach,,A,0.66,0.2,0.26,,,,
_result,0,2025-11-02 13:42:14+00:00,E0107,wach,0.9,,,,,,,,
_result,0,2025-11-02 13:44:20+00:00,E0107,wach,0.9,,,,,,,,
_result,0,2025-11-02 13:46:16+00:00,E0107,wach,0.9,,,,,,,,
_result,0,2025-11-02 13:48:36+00:00,E0107,wach,0.9,,,,,,,,
_result,0,2025-11-02 13:50:51+00:00,E0107,wach,0.9,,,,,,,,
_result,0,2025-11-02 13:52:48+00:00,E0107,wach,0.9,,,,,,,,
_result,1,2025-11-02 13:54:18+00:00,E0107,wach,,A,0.66,0.2,,,,,
_result,0,2025-11-02 13:54:19+00:00,E0107,wach,0.9,,,,,,,,
_result,0,2025-11-02 13:56:19+00:00,E0107,wach,0.9,,,,,,,,
_result,1,2025-11-02 13:58:24+00:00,E0107,wach,,A,0.66,0.2,0.26,,,,
_result,0,2025-11-02 13:58:25+00:00,E0107,wach,0.9,,,,,,,,
_result,1,2025-11-02 14:00:16+00:00,E0107,wach,,A,0.66,0.2,0.26,,,,
_result,0,2025-11-02 14:00:17+00:00,E0107,wach,0.9,,,,,,,,
_result,0,2025-11-02 14:02:27+00:00,E0107,wach,0.9,,,,,,,,
_result,0,2025-11-02 14:04:16+00:00,E0107,wach,0.9,,,,,,,,
_result,2,2025-11-02 14:06:15+00:00,E0107,wach,,V,,,,237.4,235.2,238.0,
_result,0,2025-11-02 14:06:16+00:00,E0107,wach,0.9,,,,,,,,
_result,0,2025-11-02 14:08:21+00:00,E0107,wach,0.9,,,,,,,,
_result,1,2025-11-02 14:10:14+00:00,E0107,wach,,A,0.66,0.2,0.26,,,,
_result,0,2025-11-02 14:10:15+00:00,E0107,wach,0.9,,,,,,,,
_result,1,2025-11-02 14:12:18+00:00,E0107,wach,,A,0.66,,,,,,
_result,0,2025-11-02 14:12:19+00:00,E0107,wach,0.9,,,,,,,,
_result,1,2025-11-02 14:14:16+00:00,E0107,wach,,A,0.66,0.2,0.26,,,,
_result,0,2025-11-02 14:14:17+00:00,E0107,wach,0.9,,,,,,,,
_result,1,2025-11-02 14:16:17+00:00,E0107,wach,,A,0.66,0.2,0.26,,,,
_result,0,2025-11-02 14:16:18+00:00,E0107,wach,0.9,,,,,,,,
_result,0,2025-11-02 14:18:17+00:00,E0107,wach,0.9,,,,,,,,
_result,1,2025-11-02 14:20:13+00:00,E0107,wach,,A,0.66,0.2,0.26,,,,
_result,0,2025-11-02 14:20:14+00:00,E0107,wach,0.9,,,,,,,,
_result,0,2025-11-02 14:22:21+00:00,E0107,wach,0.9,,,,,,,,
_result,0,2025-11-02 14:24:19+00:00,E0107,wach,0.9,,,,,,,,
_result,1,2025-11-02 14:26:16+00:00,E0107,wach,,A,0.66,0.2,0.26,,,,
_result,0,2025-11-02 14:26:17+00:00,E0107,wach,0.9,,,,,,,,
_result,0,2025-11-02 14:28:20+00:00,E0107,wach,0.9,,,,,,,,
_result,2,2025-11-02 14:30:19+00:00,E0107,wach,,V,,,,237.8,235.7,238.4,
_result,0,2025-11-02 14:30:20+00:00,E0107,wach,0.9,,,,,,,,
_result,1,2025-11-02 14:32:18+00:00,E0107,wach,,A,0.66,,,,,,
_result,0,2025-11-02 14:32:19+00:00,E0107,wach,0.9,,,,,,,,
_result,0,2025-11-02 14:34:22+00:00,E0107,wach,0.9,,,,,,,,
_result,1,2025-11-02 14:36:15+00:00,E0107,wach,,A,0.66,0.2,0.26,,,,
_result,0,2025-11-02 14:36:16+00:00,E0107,wach,0.9,,,,,,,,
_result,0,2025-11-02 14:38:20+00:00,E0107,wach,0.9,,,,,,,,
_result,0,2025-11-02 14:40:25+00:00,E0107,wach,0.9,,,,,,,,
_result,1,2025-11-02 14:42:20+00:00,E0107,wach,,A,0.66,0.2,0.26,,,,
_result,0,2025-11-02 14:42:21+00:00,E0107,wach,0.9,,,,,,,,
_result,1,2025-11-02 14:44:17+00:00,E0107,wach,,A,0.66,0.2,0.26,,,,
_result,0,2025-11-02 14:44:18+00:00,E0107,wach,0.9,,,,,,,,
_result,2,2025-11-02 14:46:19+00:00,E0107,wach,,V,,,,238.5,236.4,239.2,
_result,0,2025-11-02 14:46:20+00:00,E0107,wach,0.9,,,,,,,,
_result,0,2025-11-02 14:48:17+00:00,E0107,wach,0.9,,,,,,,,
_result,2,2025-11-02 14:50:15+00:00,E0107,wach,,V,,,,238.6,236.5,239.2,
_result,0,2025-11-02 14:50:16+00:00,E0107,wach,0.9,,,,,,,,
_result,0,2025-11-02 14:52:21+00:00,E0107,wach,0.9,,,,,,,,
_result,0,2025-11-02 14:54:18+00:00,E0107,wach,0.9,,,,,,,,
_result,1,2025-11-02 14:56:18+00:00,E0107,wach,,A,0.66,0.2,0.26,,,,
_result,0,2025-11-02 14:56:19+00:00,E0107,wach,0.9,,,,,,,,
_result,0,2025-11-02 14:58:17+00:00,E0107,wach,0.9,,,,,,,,
_result,0,2025-11-02 15:00:21+00:00,E0107,wach,0.9,,,,,,,,
_result,0,2025-11-02 15:02:15+00:00,E0107,wach,0.9,,,,,,,,
_result,1,2025-11-02 15:04:19+00:00,E0107,wach,,A,0.66,0.2,0.26,,,,
_result,0,2025-11-02 15:04:20+00:00,E0107,wach,0.9,,,,,,,,
_result,1,2025-11-02 15:06:19+00:00,E0107,wach,,A,0.66,0.2,0.26,,,,
_result,0,2025-11-02 15:06:20+00:00,E0107,wach,0.9,,,,,,,,
_result,0,2025-11-02 15:08:14+00:00,E0107,wach,0.9,,,,,,,,
_result,2,2025-11-02 15:10:18+00:00,E0107,wach,,V,,,,238.6,236.5,239.2,
_result,1,2025-11-02 15:10:19+00:00,E0107,wach,,A,0.66,0.2,0.26,,,,
_result,0,2025-11-02 15:10:20+00:00,E0107,wach,0.9,,,,,,,,
_result,1,2025-11-02 15:12:18+00:00,E0107,wach,,A,0.66,,,,,,
_result,0,2025-11-02 15:12:19+00:00,E0107,wach,0.9,,,,,,,,
_result,0,2025-11-02 15:14:16+00:00,E0107,wach,0.9,,,,,,,,
_result,0,2025-11-02 15:16:15+00:00,E0107,wach,0.9,,,,,,,,
_result,1,2025-11-02 15:18:18+00:00,E0107,wach,,A,0.66,0.2,0.26,,,,
_result,0,2025-11-02 15:18:19+00:00,E0107,wach,0.9,,,,,,,,
_result,0,2025-11-02 15:20:20+00:00,E0107,wach,0.9,,,,,,,,
_result,0,2025-11-02 15:22:17+00:00,E0107,wach,0.9,,,,,,,,
_result,0,2025-11-02 15:24:19+00:00,E0107,wach,0.9,,,,,,,,
_result,0,2025-11-02 15:26:21+00:00,E0107,wach,0.9,,,,,,,,
_result,0,2025-11-02 15:28:19+00:00,E0107,wach,0.9,,,,,,,,
_result,2,2025-11-02 15:30:19+00:00,E0107,wach,,V,,,,239.2,,,
_result,1,2025-11-02 15:30:20+00:00,E0107,wach,,A,0.66,0.2,0.27,,,,
_result,0,2025-11-02 15:30:21+00:00,E0107,wach,0.9,,,,,,,,
_result,1,2025-11-02 15:32:17+00:00,E0107,wach,,A,0.66,0.2,0.26,,,,
_result,0,2025-11-02 15:32:18+00:00,E0107,wach,0.9,,,,,,,,
_result,1,2025-11-02 15:34:18+00:00,E0107,wach,,A,0.66,0.2,0.26,,,,
_result,0,2025-11-02 15:34:19+00:00,E0107,wach,0.9,,,,,,,,
_result,2,2025-11-02 15:36:14+00:00,E0107,wach,,V,,,,238.6,236.4,239.1,
_result,0,2025-11-02 15:36:15+00:00,E0107,wach,0.9,,,,,,,,
_result,1,2025-11-02 15:38:19+00:00,E0107,wach,,A,0.66,0.2,0.26,,,,
_result,0,2025-11-02 15:38:20+00:00,E0107,wach,0.9,,,,,,,,
_result,0,2025-11-02 15:40:20+00:00,E0107,wach,0.9,,,,,,,,
_result,2,2025-11-02 15:42:19+00:00,E0107,wach,,V,,,,239.3,237.2,239.8,
_result,0,2025-11-02 15:42:20+00:00,E0107,wach,0.9,,,,,,,,
_result,0,2025-11-02 15:44:18+00:00,E0107,wach,0.9,,,,,,,,
_result,0,2025-11-02 15:46:21+00:00,E0107,wach,0.9,,,,,,,,
_result,0,2025-11-02 15:48:19+00:00,E0107,wach,0.9,,,,,,,,
_result,0,2025-11-02 15:50:17+00:00,E0107,wach,0.9,,,,,,,,
_result,0,2025-11-02 15:52:20+00:00,E0107,wach,0.9,,,,,,,,
_result,1,2025-11-02 15:54:20+00:00,E0107,wach,,A,0.66,0.2,0.27,,,,
_result,0,2025-11-02 15:54:21+00:00,E0107,wach,0.9,,,,,,,,
_result,0,2025-11-02 15:56:18+00:00,E0107,wach,0.9,,,,,,,,
_result,0,2025-11-02 15:58:20+00:00,E0107,wach,0.9,,,,,,,,
_result,1,2025-11-02 16:00:19+00:00,E0107,wach,,A,0.66,0.2,0.27,,,,
_result,0,2025-11-02 16:00:20+00:00,E0107,wach,0.9,,,,,,,,
_result,2,2025-11-02 16:02:18+00:00,E0107,wach,,V,,,,239.3,237.2,239.9,
_result,0,2025-11-02 16:02:19+00:00,E0107,wach,0.9,,,,,,,,
_result,0,2025-11-02 16:04:20+00:00,E0107,wach,0.9,,,,,,,,
_result,1,2025-11-02 16:06:18+00:00,E0107,wach,,A,0.66,0.2,0.27,,,,
_result,0,2025-11-02 16:06:19+00:00,E0107,wach,0.89,,,,,,,,
_result,0,2025-11-02 16:08:17+00:00,E0107,wach,0.89,,,,,,,,
_result,0,2025-11-02 16:10:18+00:00,E0107,wach,0.89,,,,,,,,
_result,0,2025-11-02 16:12:20+00:00,E0107,wach,0.89,,,,,,,,
_result,0,2025-11-02 16:14:20+00:00,E0107,wach,0.9,,,,,,,,
_result,0,2025-11-02 16:16:16+00:00,E0107,wach,0.9,,,,,,,,
_result,0,2025-11-02 16:18:20+00:00,E0107,wach,0.9,,,,,,,,
_result,0,2025-11-02 16:20:20+00:00,E0107,wach,0.9,,,,,,,,
_result,1,2025-11-02 16:22:20+00:00,E0107,wach,,A,0.66,0.2,0.27,,,,
_result,0,2025-11-02 16:22:21+00:00,E0107,wach,0.9,,,,,,,,
_result,0,2025-11-02 16:24:17+00:00,E0107,wach,0.9,,,,,,,,
_result,1,2025-11-02 16:26:18+00:00,E0107,wach,,A,0.66,0.2,0.26,,,,
_result,0,2025-11-02 16:26:19+00:00,E0107,wach,0.9,,,,,,,,
_result,0,2025-11-02 16:28:21+00:00,E0107,wach,0.9,,,,,,,,
_result,1,2025-11-02 16:30:20+00:00,E0107,wach,,A,0.66,0.2,0.26,,,,
_result,0,2025-11-02 16:30:21+00:00,E0107,wach,0.9,,,,,,,,
_result,1,2025-11-02 16:32:16+00:00,E0107,wach,,A,0.66,0.2,0.26,,,,
_result,0,2025-11-02 16:32:17+00:00,E0107,wach,0.9,,,,,,,,
_result,2,2025-11-02 16:34:15+00:00,E0107,wach,,V,,,,236.6,234.5,,
_result,0,2025-11-02 16:34:16+00:00,E0107,wach,0.9,,,,,,,,
_result,2,2025-11-02 16:36:16+00:00,E0107,wach,,V,,,,236.6,234.5,237.2,
_result,0,2025-11-02 16:36:17+00:00,E0107,wach,0.9,,,,,,,,
_result,0,2025-11-02 16:38:17+00:00,E0107,wach,0.9,,,,,,,,
_result,1,2025-11-02 16:40:21+00:00,E0107,wach,,A,0.66,0.2,0.26,,,,
_result,0,2025-11-02 16:40:22+00:00,E0107,wach,0.9,,,,,,,,
_result,0,2025-11-02 16:42:14+00:00,E0107,wach,0.9,,,,,,,,
_result,2,2025-11-02 16:44:18+00:00,E0107,wach,,V,,,,236.3,234.2,236.9,
_result,0,2025-11-02 16:44:19+00:00,E0107,wach,0.9,,,,,,,,
_result,0,2025-11-02 16:46:21+00:00,E0107,wach,0.9,,,,,,,,
_result,0,2025-11-02 16:48:16+00:00,E0107,wach,0.9,,,,,,,,
_result,1,2025-11-02 16:50:17+00:00,E0107,wach,,A,0.66,0.2,0.26,,,,
_result,0,2025-11-02 16:50:18+00:00,E0107,wach,0.9,,,,,,,,
_result,1,2025-11-02 16:52:16+00:00,E0107,wach,,A,0.66,0.2,0.26,,,,
_result,0,2025-11-02 16:52:17+00:00,E0107,wach,0.9,,,,,,,,
_result,0,2025-11-02 16:54:23+00:00,E0107,wach,0.9,,,,,,,,
_result,0,2025-11-02 16:56:19+00:00,E0107,wach,0.9,,,,,,,,
_result,0,2025-11-02 16:58:21+00:00,E0107,wach,0.9,,,,,,,,
_result,0,2025-11-02 17:00:20+00:00,E0107,wach,0.9,,,,,,,,
_result,1,2025-11-02 17:02:17+00:00,E0107,wach,,A,0.66,0.2,0.26,,,,
_result,0,2025-11-02 17:02:18+00:00,E0107,wach,0.9,,,,,,,,
_result,0,2025-11-02 17:04:18+00:00,E0107,wach,0.9,,,,,,,,
_result,1,2025-11-02 17:06:20+00:00,E0107,wach,,A,0.66,0.2,0.26,,,,
_result,0,2025-11-02 17:06:21+00:00,E0107,wach,0.9,,,,,,,,
_result,1,2025-11-02 17:08:17+00:00,E0107,wach,,A,0.66,0.2,0.26,,,,
_result,0,2025-11-02 17:08:18+00:00,E0107,wach,0.9,,,,,,,,
_result,0,2025-11-02 17:10:21+00:00,E0107,wach,0.9,,,,,,,,
_result,0,2025-11-02 17:12:18+00:00,E0107,wach,0.9,,,,,,,,
_result,0,2025-11-02 17:14:20+00:00,E0107,wach,0.9,,,,,,,,
_result,0,2025-11-02 17:16:18+00:00,E0107,wach,0.9,,,,,,,,
_result,1,2025-11-02 17:18:17+00:00,E0107,wach,,A,0.66,0.2,0.26,,,,
_result,0,2025-11-02 17:18:18+00:00,E0107,wach,0.9,,,,,,,,
_result,0,2025-11-02 17:20:19+00:00,E0107,wach,0.9,,,,,,,,
_result,1,2025-11-02 17:22:23+00:00,E0107,wach,,A,0.66,0.2,0.26,,,,
_result,0,2025-11-02 17:22:24+00:00,E0107,wach,0.9,,,,,,,,
_result,0,2025-11-02 17:24:19+00:00,E0107,wach,0.9,,,,,,,,
_result,2,2025-11-02 17:26:14+00:00,E0107,wach,,V,,,,237.4,235.3,,
_result,0,2025-11-02 17:26:15+00:00,E0107,wach,0.9,,,,,,,,
_result,0,2025-11-02 17:28:20+00:00,E0107,wach,0.9,,,,,,,,
_result,0,2025-11-02 17:30:23+00:00,E0107,wach,0.9,,,,,,,,
_result,0,2025-11-02 17:32:20+00:00,E0107,wach,0.9,,,,,,,,
_result,1,2025-11-02 17:34:17+00:00,E0107,wach,,A,0.66,0.2,0.26,,,,
_result,0,2025-11-02 17:34:18+00:00,E0107,wach,0.9,,,,,,,,
_result,0,2025-11-02 17:36:14+00:00,E0107,wach,0.9,,,,,,,,
_result,1,2025-11-02 17:38:16+00:00,E0107,wach,,A,0.66,0.2,0.26,,,,
_result,0,2025-11-02 17:38:17+00:00,E0107,wach,0.9,,,,,,,,
_result,0,2025-11-02 17:40:28+00:00,E0107,wach,0.9,,,,,,,,
_result,1,2025-11-02 17:42:20+00:00,E0107,wach,,A,0.66,0.2,0.26,,,,
_result,0,2025-11-02 17:42:21+00:00,E0107,wach,0.9,,,,,,,,
_result,0,2025-11-02 17:44:21+00:00,E0107,wach,0.9,,,,,,,,
_result,0,2025-11-02 17:46:21+00:00,E0107,wach,0.9,,,,,,,,
_result,1,2025-11-02 17:48:18+00:00,E0107,wach,,A,0.66,0.2,0.26,,,,
_result,0,2025-11-02 17:48:19+00:00,E0107,wach,0.9,,,,,,,,
_result,1,2025-11-02 17:50:18+00:00,E0107,wach,,A,0.66,0.2,,,,,
_result,0,2025-11-02 17:50:19+00:00,E0107,wach,0.9,,,,,,,,
_result,0,2025-11-02 17:52:20+00:00,E0107,wach,0.9,,,,,,,,
_result,0,2025-11-02 17:54:16+00:00,E0107,wach,0.9,,,,,,,,
_result,0,2025-11-02 17:56:20+00:00,E0107,wach,0.9,,,,,,,,
_result,2,2025-11-02 17:58:18+00:00,E0107,wach,,V,,,,237.4,235.4,237.9,
_result,0,2025-11-02 17:58:19+00:00,E0107,wach,0.9,,,,,,,,
_result,0,2025-11-02 18:00:21+00:00,E0107,wach,0.9,,,,,,,,
_result,0,2025-11-02 18:02:18+00:00,E0107,wach,0.9,,,,,,,,
_result,1,2025-11-02 18:04:17+00:00,E0107,wach,,A,0.66,0.2,0.26,,,,
_result,0,2025-11-02 18:04:18+00:00,E0107,wach,0.9,,,,,,,,
_result,1,2025-11-02 18:06:22+00:00,E0107,wach,,A,0.66,0.2,0.26,,,,
_result,0,2025-11-02 18:06:23+00:00,E0107,wach,0.9,,,,,,,,
_result,0,2025-11-02 18:08:20+00:00,E0107,wach,0.9,,,,,,,,
_result,2,2025-11-02 18:10:17+00:00,E0107,wach,,V,,,,238.2,,,
_result,0,2025-11-02 18:10:18+00:00,E0107,wach,0.9,,,,,,,,
_result,0,2025-11-02 18:12:20+00:00,E0107,wach,0.9,,,,,,,,
_result,2,2025-11-02 18:14:20+00:00,E0107,wach,,V,,,,238.2,236.2,238.7,
_result,0,2025-11-02 18:14:21+00:00,E0107,wach,0.9,,,,,,,,
_result,1,2025-11-02 18:16:20+00:00,E0107,wach,,A,0.66,0.2,0.26,,,,
_result,0,2025-11-02 18:16:21+00:00,E0107,wach,0.9,,,,,,,,
_result,2,2025-11-02 18:18:17+00:00,E0107,wach,,V,,,,238.2,236.2,238.7,
_result,0,2025-11-02 18:18:18+00:00,E0107,wach,0.9,,,,,,,,
_result,0,2025-11-02 18:20:16+00:00,E0107,wach,0.9,,,,,,,,
_result,0,2025-11-02 18:22:37+00:00,E0107,wach,0.9,,,,,,,,
_result,1,2025-11-02 18:24:19+00:00,E0107,wach,,A,0.66,0.2,0.26,,,,
_result,0,2025-11-02 18:24:20+00:00,E0107,wach,0.9,,,,,,,,
_result,2,2025-11-02 18:26:16+00:00,E0107,wach,,V,,,,238.2,,,
_result,0,2025-11-02 18:26:17+00:00,E0107,wach,0.9,,,,,,,,
_result,1,2025-11-02 18:28:21+00:00,E0107,wach,,A,0.66,0.2,0.26,,,,
_result,0,2025-11-02 18:28:22+00:00,E0107,wach,0.9,,,,,,,,
_result,0,2025-11-02 18:30:17+00:00,E0107,wach,0.9,,,,,,,,
_result,0,2025-11-02 18:32:14+00:00,E0107,wach,0.9,,,,,,,,
_result,2,2025-11-02 18:34:18+00:00,E0107,wach,,V,,,,239.0,237.1,239.4,
_result,0,2025-11-02 18:34:19+00:00,E0107,wach,0.9,,,,,,,,
_result,0,2025-11-02 18:36:18+00:00,E0107,wach,0.9,,,,,,,,
_result,1,2025-11-02 18:38:19+00:00,E0107,wach,,A,0.66,0.2,,,,,
_result,0,2025-11-02 18:38:20+00:00,E0107,wach,0.9,,,,,,,,
_result,1,2025-11-02 18:40:15+00:00,E0107,wach,,A,0.66,0.2,0.26,,,,
_result,0,2025-11-02 18:40:16+00:00,E0107,wach,0.9,,,,,,,,
_result,0,2025-11-02 18:42:18+00:00,E0107,wach,0.9,,,,,,,,
_result,0,2025-11-02 18:44:19+00:00,E0107,wach,0.9,,,,,,,,
_result,0,2025-11-02 18:46:17+00:00,E0107,wach,0.9,,,,,,,,
_result,1,2025-11-02 18:48:19+00:00,E0107,wach,,A,0.66,0.2,0.26,,,,
_result,0,2025-11-02 18:48:20+00:00,E0107,wach,0.9,,,,,,,,
_result,0,2025-11-02 18:50:18+00:00,E0107,wach,0.9,,,,,,,,
_result,1,2025-11-02 18:52:15+00:00,E0107,wach,,A,0.66,0.2,0.26,,,,
_result,0,2025-11-02 18:52:16+00:00,E0107,wach,0.9,,,,,,,,
_result,0,2025-11-02 18:54:18+00:00,E0107,wach,0.9,,,,,,,,
_result,1,2025-11-02 18:56:19+00:00,E0107,wach,,A,0.66,0.2,,,,,
_result,0,2025-11-02 18:56:20+00:00,E0107,wach,0.9,,,,,,,,
_result,2,2025-11-02 18:58:22+00:00,E0107,wach,,V,,,,239.8,237.8,240.2,
_result,0,2025-11-02 18:58:23+00:00,E0107,wach,0.9,,,,,,,,
_result,0,2025-11-02 19:00:28+00:00,E0107,wach,0.9,,,,,,,,
_result,2,2025-11-02 19:02:18+00:00,E0107,wach,,V,,,,239.1,237.2,239.6,
_result,0,2025-11-02 19:02:19+00:00,E0107,wach,0.9,,,,,,,,
_result,0,2025-11-02 19:04:20+00:00,E0107,wach,0.9,,,,,,,,
_result,1,2025-11-02 19:06:17+00:00,E0107,wach,,A,0.66,0.2,0.27,,,,
_result,0,2025-11-02 19:06:18+00:00,E0107,wach,0.9,,,,,,,,
_result,0,2025-11-02 19:08:19+00:00,E0107,wach,0.9,,,,,,,,
_result,1,2025-11-02 19:10:16+00:00,E0107,wach,,A,0.66,0.2,0.27,,,,
_result,0,2025-11-02 19:10:17+00:00,E0107,wach,0.9,,,,,,,,
_result,1,2025-11-02 19:12:19+00:00,E0107,wach,,A,0.66,0.2,0.27,,,,
_result,0,2025-11-02 19:12:20+00:00,E0107,wach,0.9,,,,,,,,
_result,0,2025-11-02 19:14:19+00:00,E0107,wach,0.9,,,,,,,,
_result,0,2025-11-02 19:16:21+00:00,E0107,wach,0.89,,,,,,,,
_result,0,2025-11-02 19:18:19+00:00,E0107,wach,0.89,,,,,,,,
_result,0,2025-11-02 19:20:20+00:00,E0107,wach,0.89,,,,,,,,
_result,0,2025-11-02 19:22:20+00:00,E0107,wach,0.89,,,,,,,,
_result,1,2025-11-02 19:24:14+00:00,E0107,wach,,A,0.66,0.2,0.27,,,,
_result,0,2025-11-02 19:24:15+00:00,E0107,wach,0.89,,,,,,,,
_result,0,2025-11-02 19:26:19+00:00,E0107,wach,0.89,,,,,,,,
_result,0,2025-11-02 19:28:22+00:00,E0107,wach,0.89,,,,,,,,
_result,0,2025-11-02 19:30:19+00:00,E0107,wach,0.89,,,,,,,,
_result,0,2025-11-02 19:32:17+00:00,E0107,wach,0.89,,,,,,,,
_result,0,2025-11-02 19:34:18+00:00,E0107,wach,0.89,,,,,,,,
_result,0,2025-11-02 19:36:17+00:00,E0107,wach,0.9,,,,,,,,
_result,2,2025-11-02 19:38:22+00:00,E0107,wach,,V,,,,236.3,234.3,236.8,
_result,0,2025-11-02 19:38:23+00:00,E0107,wach,0.9,,,,,,,,
_result,0,2025-11-02 19:40:20+00:00,E0107,wach,0.9,,,,,,,,
_result,0,2025-11-02 19:42:18+00:00,E0107,wach,0.9,,,,,,,,
_result,0,2025-11-02 19:44:17+00:00,E0107,wach,0.9,,,,,,,,
_result,0,2025-11-02 19:46:19+00:00,E0107,wach,0.9,,,,,,,,
_result,0,2025-11-02 19:48:20+00:00,E0107,wach,0.9,,,,,,,,
_result,2,2025-11-02 19:50:17+00:00,E0107,wach,,V,,,,236.8,234.9,237.2,
_result,0,2025-11-02 19:50:18+00:00,E0107,wach,0.9,,,,,,,,
_result,2,2025-11-02 19:52:19+00:00,E0107,wach,,V,,,,236.8,234.9,237.2,
_result,0,2025-11-02 19:52:20+00:00,E0107,wach,0.9,,,,,,,,
_result,2,2025-11-02 19:54:21+00:00,E0107,wach,,V,,,,236.8,234.9,237.3,
_result,0,2025-11-02 19:54:22+00:00,E0107,wach,0.9,,,,,,,,
_result,0,2025-11-02 19:56:19+00:00,E0107,wach,0.9,,,,,,,,
_result,0,2025-11-02 19:58:35+00:00,E0107,wach,0.9,,,,,,,,
_result,2,2025-11-02 20:00:31+00:00,E0107,wach,,V,,,,236.8,234.9,,
_result,0,2025-11-02 20:00:32+00:00,E0107,wach,0.9,,,,,,,,
_result,0,2025-11-02 20:02:20+00:00,E0107,wach,0.9,,,,,,,,
_result,1,2025-11-02 20:04:17+00:00,E0107,wach,,A,0.66,0.2,0.26,,,,
_result,0,2025-11-02 20:04:18+00:00,E0107,wach,0.9,,,,,,,,
_result,2,2025-11-02 20:06:15+00:00,E0107,wach,,V,,,,236.3,234.4,,
_result,0,2025-11-02 20:06:16+00:00,E0107,wach,0.9,,,,,,,,
_result,1,2025-11-02 20:08:15+00:00,E0107,wach,,A,0.66,0.2,0.26,,,,
_result,0,2025-11-02 20:08:16+00:00,E0107,wach,0.9,,,,,,,,
_result,1,2025-11-02 20:10:22+00:00,E0107,wach,,A,0.66,0.2,0.26,,,,
_result,0,2025-11-02 20:10:23+00:00,E0107,wach,0.9,,,,,,,,
_result,0,2025-11-02 20:12:22+00:00,E0107,wach,0.9,,,,,,,,
_result,0,2025-11-02 20:14:19+00:00,E0107,wach,0.9,,,,,,,,
_result,1,2025-11-02 20:16:16+00:00,E0107,wach,,A,0.66,0.2,0.26,,,,
_result,0,2025-11-02 20:16:17+00:00,E0107,wach,0.9,,,,,,,,
_result,0,2025-11-02 20:18:19+00:00,E0107,wach,0.9,,,,,,,,
_result,0,2025-11-02 20:20:18+00:00,E0107,wach,0.9,,,,,,,,
_result,0,2025-11-02 20:22:19+00:00,E0107,wach,0.9,,,,,,,,
_result,1,2025-11-02 20:24:19+00:00,E0107,wach,,A,0.66,0.2,0.26,,,,
_result,0,2025-11-02 20:24:20+00:00,E0107,wach,0.9,,,,,,,,
_result,1,2025-11-02 20:26:17+00:00,E0107,wach,,A,0.66,0.2,,,,,
_result,0,2025-11-02 20:26:18+00:00,E0107,wach,0.9,,,,,,,,
_result,0,2025-11-02 20:28:24+00:00,E0107,wach,0.9,,,,,,,,
_result,0,2025-11-02 20:30:21+00:00,E0107,wach,0.9,,,,,,,,
_result,1,2025-11-02 20:32:17+00:00,E0107,wach,,A,0.66,0.2,0.26,,,,
_result,0,2025-11-02 20:32:18+00:00,E0107,wach,0.9,,,,,,,,
_result,0,2025-11-02 20:34:18+00:00,E0107,wach,0.9,,,,,,,,
_result,0,2025-11-02 20:36:18+00:00,E0107,wach,0.9,,,,,,,,
_result,0,2025-11-02 20:38:20+00:00,E0107,wach,0.9,,,,,,,,
_result,1,2025-11-02 20:40:22+00:00,E0107,wach,,A,0.66,0.2,0.26,,,,
_result,0,2025-11-02 20:40:23+00:00,E0107,wach,0.9,,,,,,,,
_result,2,2025-11-02 20:42:15+00:00,E0107,wach,,V,,,,237.3,235.3,237.6,
_result,0,2025-11-02 20:42:16+00:00,E0107,wach,0.9,,,,,,,,
_result,0,2025-11-02 20:44:20+00:00,E0107,wach,0.9,,,,,,,,
_result,0,2025-11-02 20:46:28+00:00,E0107,wach,0.9,,,,,,,,
_result,0,2025-11-02 20:48:17+00:00,E0107,wach,0.9,,,,,,,,
_result,2,2025-11-02 20:50:21+00:00,E0107,wach,,V,,,,237.5,,,
_result,0,2025-11-02 20:50:22+00:00,E0107,wach,0.9,,,,,,,,
_result,1,2025-11-02 20:52:19+00:00,E0107,wach,,A,0.66,,,,,,
_result,0,2025-11-02 20:52:20+00:00,E0107,wach,0.9,,,,,,,,
_result,0,2025-11-02 20:54:39+00:00,E0107,wach,0.9,,,,,,,,
_result,0,2025-11-02 20:56:14+00:00,E0107,wach,0.9,,,,,,,,
_result,1,2025-11-02 20:58:14+00:00,E0107,wach,,A,0.66,0.2,0.26,,,,
_result,0,2025-11-02 20:58:15+00:00,E0107,wach,0.9,,,,,,,,
_result,0,2025-11-02 21:00:23+00:00,E0107,wach,0.9,,,,,,,,
_result,0,2025-11-02 21:02:23+00:00,E0107,wach,0.9,,,,,,,,
_result,1,2025-11-02 21:04:18+00:00,E0107,wach,,A,0.66,0.2,0.26,,,,
_result,0,2025-11-02 21:04:19+00:00,E0107,wach,0.9,,,,,,,,
_result,0,2025-11-02 21:06:21+00:00,E0107,wach,0.9,,,,,,,,
_result,0,2025-11-02 21:08:20+00:00,E0107,wach,0.9,,,,,,,,
_result,1,2025-11-02 21:10:19+00:00,E0107,wach,,A,0.66,0.2,0.26,,,,
_result,0,2025-11-02 21:10:20+00:00,E0107,wach,0.9,,,,,,,,
_result,0,2025-11-02 21:12:21+00:00,E0107,wach,0.9,,,,,,,,
_result,0,2025-11-02 21:14:20+00:00,E0107,wach,0.9,,,,,,,,
_result,0,2025-11-02 21:16:21+00:00,E0107,wach,0.9,,,,,,,,
_result,2,2025-11-02 21:18:19+00:00,E0107,wach,,V,,,,236.9,235.0,237.4,
_result,0,2025-11-02 21:18:20+00:00,E0107,wach,0.9,,,,,,,,
_result,1,2025-11-02 21:20:15+00:00,E0107,wach,,A,0.66,0.2,0.26,,,,
_result,0,2025-11-02 21:20:16+00:00,E0107,wach,0.9,,,,,,,,
_result,0,2025-11-02 21:22:14+00:00,E0107,wach,0.9,,,,,,,,
_result,1,2025-11-02 21:24:21+00:00,E0107,wach,,A,0.66,0.2,0.26,,,,
_result,0,2025-11-02 21:24:22+00:00,E0107,wach,0.9,,,,,,,,
_result,0,2025-11-02 21:26:19+00:00,E0107,wach,0.9,,,,,,,,
_result,0,2025-11-02 21:28:17+00:00,E0107,wach,0.9,,,,,,,,
_result,0,2025-11-02 21:30:23+00:00,E0107,wach,0.9,,,,,,,,
_result,0,2025-11-02 21:32:22+00:00,E0107,wach,0.9,,,,,,,,
_result,1,2025-11-02 21:34:15+00:00,E0107,wach,,A,0.66,0.2,0.26,,,,
_result,0,2025-11-02 21:34:16+00:00,E0107,wach,0.9,,,,,,,,
_result,0,2025-11-02 21:36:22+00:00,E0107,wach,0.9,,,,,,,,
_result,1,2025-11-02 21:38:18+00:00,E0107,wach,,A,0.66,0.19,0.26,,,,
_result,0,2025-11-02 21:38:19+00:00,E0107,wach,0.9,,,,,,,,
_result,0,2025-11-02 21:40:21+00:00,E0107,wach,0.9,,,,,,,,
_result,0,2025-11-02 21:42:23+00:00,E0107,wach,0.9,,,,,,,,
_result,0,2025-11-02 21:44:21+00:00,E0107,wach,0.9,,,,,,,,
_result,0,2025-11-02 21:46:21+00:00,E0107,wach,0.9,,,,,,,,
_result,0,2025-11-02 21:48:17+00:00,E0107,wach,0.9,,,,,,,,
_result,1,2025-11-02 21:50:19+00:00,E0107,wach,,A,0.66,0.19,0.26,,,,
_result,0,2025-11-02 21:50:20+00:00,E0107,wach,0.9,,,,,,,,
_result,0,2025-11-02 21:52:20+00:00,E0107,wach,0.9,,,,,,,,
_result,0,2025-11-02 21:54:18+00:00,E0107,wach,0.9,,,,,,,,
_result,0,2025-11-02 21:56:22+00:00,E0107,wach,0.9,,,,,,,,
_result,0,2025-11-02 21:58:13+00:00,E0107,wach,0.9,,,,,,,,
_result,0,2025-11-02 22:00:18+00:00,E0107,wach,0.9,,,,,,,,
_result,2,2025-11-02 22:02:16+00:00,E0107,wach,,V,,,,235.7,,,
_result,0,2025-11-02 22:02:17+00:00,E0107,wach,0.9,,,,,,,,
_result,0,2025-11-02 22:04:17+00:00,E0107,wach,0.9,,,,,,,,
_result,0,2025-11-02 22:06:17+00:00,E0107,wach,0.9,,,,,,,,
_result,2,2025-11-02 22:08:18+00:00,E0107,wach,,V,,,,235.4,,,
_result,0,2025-11-02 22:08:19+00:00,E0107,wach,0.9,,,,,,,,
_result,0,2025-11-02 22:10:18+00:00,E0107,wach,0.9,,,,,,,,
_result,1,2025-11-02 22:12:20+00:00,E0107,wach,,A,0.65,0.2,0.25,,,,
_result,0,2025-11-02 22:12:21+00:00,E0107,wach,0.9,,,,,,,,
_result,0,2025-11-02 22:14:17+00:00,E0107,wach,0.9,,,,,,,,
_result,1,2025-11-02 22:16:20+00:00,E0107,wach,,A,0.65,0.2,0.25,,,,
_result,0,2025-11-02 22:16:21+00:00,E0107,wach,0.9,,,,,,,,
_result,2,2025-11-02 22:18:22+00:00,E0107,wach,,V,,,,234.6,232.6,235.0,
_result,0,2025-11-02 22:18:23+00:00,E0107,wach,0.9,,,,,,,,
_result,0,2025-11-02 22:20:20+00:00,E0107,wach,0.9,,,,,,,,
_result,1,2025-11-02 22:22:15+00:00,E0107,wach,,A,0.65,0.2,0.25,,,,
_result,0,2025-11-02 22:22:16+00:00,E0107,wach,0.9,,,,,,,,
_result,2,2025-11-02 22:24:16+00:00,E0107,wach,,V,,,,234.2,232.3,234.7,
_result,0,2025-11-02 22:24:17+00:00,E0107,wach,0.9,,,,,,,,
_result,0,2025-11-02 22:26:14+00:00,E0107,wach,0.9,,,,,,,,
_result,0,2025-11-02 22:28:19+00:00,E0107,wach,0.9,,,,,,,,
_result,2,2025-11-02 22:30:21+00:00,E0107,wach,,V,,,,234.2,232.3,234.7,
_result,0,2025-11-02 22:30:22+00:00,E0107,wach,0.9,,,,,,,,
_result,0,2025-11-02 22:32:25+00:00,E0107,wach,0.9,,,,,,,,
_result,1,2025-11-02 22:34:16+00:00,E0107,wach,,A,0.65,0.2,0.25,,,,
_result,0,2025-11-02 22:34:17+00:00,E0107,wach,0.9,,,,,,,,
_result,0,2025-11-02 22:36:21+00:00,E0107,wach,0.9,,,,,,,,
_result,0,2025-11-02 22:38:22+00:00,E0107,wach,0.9,,,,,,,,
_result,0,2025-11-02 22:40:20+00:00,E0107,wach,0.9,,,,,,,,
_result,1,2025-11-02 22:42:22+00:00,E0107,wach,,A,0.65,0.2,,,,,
_result,0,2025-11-02 22:42:23+00:00,E0107,wach,0.9,,,,,,,,
_result,1,2025-11-02 22:44:25+00:00,E0107,wach,,A,0.65,,,,,,
_result,0,2025-11-02 22:44:26+00:00,E0107,wach,0.9,,,,,,,,
_result,0,2025-11-02 22:46:14+00:00,E0107,wach,0.9,,,,,,,,
_result,0,2025-11-02 22:48:18+00:00,E0107,wach,0.9,,,,,,,,
_result,0,2025-11-02 22:50:22+00:00,E0107,wach,0.9,,,,,,,,
_result,0,2025-11-02 22:52:19+00:00,E0107,wach,0.9,,,,,,,,
_result,0,2025-11-02 22:54:18+00:00,E0107,wach,0.9,,,,,,,,
_result,2,2025-11-02 22:56:19+00:00,E0107,wach,,V,,,,233.5,,,
_result,2,2025-11-02 22:56:20+00:00,E0107,wach,,V,,,,,231.7,,
_result,0,2025-11-02 22:56:21+00:00,E0107,wach,0.9,,,,,,,,
_result,0,2025-11-02 22:58:20+00:00,E0107,wach,0.9,,,,,,,,
_result,0,2025-11-02 23:00:23+00:00,E0107,wach,0.9,,,,,,,,
_result,0,2025-11-02 23:02:20+00:00,E0107,wach,0.9,,,,,,,,
_result,0,2025-11-02 23:04:19+00:00,E0107,wach,0.9,,,,,,,,
_result,0,2025-11-02 23:06:17+00:00,E0107,wach,0.9,,,,,,,,
_result,1,2025-11-02 23:08:18+00:00,E0107,wach,,A,0.65,0.2,0.25,,,,
_result,0,2025-11-02 23:08:19+00:00,E0107,wach,0.9,,,,,,,,
_result,1,2025-11-02 23:10:21+00:00,E0107,wach,,A,4.63,4.03,4.3,,,,
_result,0,2025-11-02 23:10:22+00:00,E0107,wach,0.74,,,,,,,,
_result,0,2025-11-02 23:12:19+00:00,E0107,wach,0.74,,,,,,,,
_result,0,2025-11-02 23:14:19+00:00,E0107,wach,0.74,,,,,,,,
_result,0,2025-11-02 23:16:22+00:00,E0107,wach,0.74,,,,,,,,
_result,1,2025-11-02 23:18:18+00:00,E0107,wach,,A,4.61,4.01,4.28,,,,
_result,0,2025-11-02 23:18:19+00:00,E0107,wach,0.75,,,,,,,,
_result,0,2025-11-02 23:20:18+00:00,E0107,wach,0.75,,,,,,,,
_result,0,2025-11-02 23:22:14+00:00,E0107,wach,0.75,,,,,,,,
_result,0,2025-11-02 23:24:19+00:00,E0107,wach,0.75,,,,,,,,
_result,0,2025-11-02 23:26:21+00:00,E0107,wach,0.75,,,,,,,,
_result,0,2025-11-02 23:28:16+00:00,E0107,wach,0.75,,,,,,,,
_result,0,2025-11-02 23:30:20+00:00,E0107,wach,0.75,,,,,,,,
_result,2,2025-11-02 23:32:19+00:00,E0107,wach,,V,,,,233.1,231.1,233.2,
_result,1,2025-11-02 23:32:20+00:00,E0107,wach,,A,4.58,4.0,4.26,,,,
_result,0,2025-11-02 23:32:21+00:00,E0107,wach,0.75,,,,,,,,
_result,2,2025-11-02 23:34:19+00:00,E0107,wach,,V,,,,233.1,231.1,233.2,
_result,0,2025-11-02 23:34:20+00:00,E0107,wach,0.75,,,,,,,,
_result,0,2025-11-02 23:36:30+00:00,E0107,wach,0.75,,,,,,,,
_result,0,2025-11-02 23:38:21+00:00,E0107,wach,0.75,,,,,,,,
_result,0,2025-11-02 23:40:22+00:00,E0107,wach,0.75,,,,,,,,
_result,1,2025-11-02 23:42:14+00:00,E0107,wach,,A,4.58,3.99,4.25,,,,
_result,0,2025-11-02 23:42:15+00:00,E0107,wach,0.75,,,,,,,,
_result,0,2025-11-02 23:44:19+00:00,E0107,wach,0.75,,,,,,,,
_result,0,2025-11-02 23:46:22+00:00,E0107,wach,0.76,,,,,,,,
_result,1,2025-11-02 23:48:29+00:00,E0107,wach,,A,4.57,3.98,4.24,,,,
_result,0,2025-11-02 23:48:30+00:00,E0107,wach,0.76,,,,,,,,
_result,0,2025-11-02 23:50:20+00:00,E0107,wach,0.76,,,,,,,,
_result,0,2025-11-02 23:52:19+00:00,E0107,wach,0.76,,,,,,,,
_result,2,2025-11-02 23:54:19+00:00,E0107,wach,,V,,,,231.6,229.7,,
_result,2,2025-11-02 23:54:20+00:00,E0107,wach,,V,,,,,,231.7,
_result,1,2025-11-02 23:54:23+00:00,E0107,wach,,A,4.56,,,,,,
_result,1,2025-11-02 23:54:24+00:00,E0107,wach,,A,,3.99,4.23,,,,
_result,0,2025-11-02 23:54:25+00:00,E0107,wach,0.76,,,,,,,,
_result,1,2025-11-02 23:56:17+00:00,E0107,wach,,A,4.56,3.99,,,,,
_result,0,2025-11-02 23:56:18+00:00,E0107,wach,0.76,,,,,,,,
_result,0,2025-11-02 23:58:22+00:00,E0107,wach,0.75,,,,,,,,
_result,1,2025-11-03 00:00:25+00:00,E0107,wach,,A,4.61,4.01,4.27,,,,
_result,0,2025-11-03 00:00:26+00:00,E0107,wach,0.75,,,,,,,,
_result,1,2025-11-03 00:02:53+00:00,E0107,wach,,A,4.61,4.01,4.27,,,,
_result,0,2025-11-03 00:02:54+00:00,E0107,wach,0.75,,,,,,,,
_result,2,2025-11-03 00:04:36+00:00,E0107,wach,,V,,,,235.0,232.8,235.0,
_result,0,2025-11-03 00:04:37+00:00,E0107,wach,0.75,,,,,,,,
_result,0,2025-11-03 00:07:29+00:00,E0107,wach,0.75,,,,,,,,
_result,1,2025-11-03 00:09:29+00:00,E0107,wach,,A,4.58,4.0,4.26,,,,
_result,0,2025-11-03 00:09:30+00:00,E0107,wach,0.75,,,,,,,,
_result,0,2025-11-03 00:10:16+00:00,E0107,wach,0.75,,,,,,,,
_result,0,2025-11-03 00:12:34+00:00,E0107,wach,0.75,,,,,,,,
_result,0,2025-11-03 00:16:19+00:00,E0107,wach,0.75,,,,,,,,
_result,1,2025-11-03 00:18:20+00:00,E0107,wach,,A,4.57,3.99,4.24,,,,
_result,0,2025-11-03 00:18:21+00:00,E0107,wach,0.75,,,,,,,,
_result,2,2025-11-03 00:20:21+00:00,E0107,wach,,V,,,,233.3,231.2,233.3,
_result,0,2025-11-03 00:20:22+00:00,E0107,wach,0.75,,,,,,,,
_result,1,2025-11-03 00:22:19+00:00,E0107,wach,,A,4.58,3.99,4.25,,,,
_result,0,2025-11-03 00:22:20+00:00,E0107,wach,0.75,,,,,,,,
_result,0,2025-11-03 00:27:32+00:00,E0107,wach,0.75,,,,,,,,
_result,0,2025-11-03 00:28:36+00:00,E0107,wach,0.75,,,,,,,,
_result,0,2025-11-03 00:31:55+00:00,E0107,wach,0.75,,,,,,,,
_result,0,2025-11-03 00:32:20+00:00,E0107,wach,0.75,,,,,,,,
_result,0,2025-11-03 00:34:19+00:00,E0107,wach,0.75,,,,,,,,
_result,1,2025-11-03 00:36:17+00:00,E0107,wach,,A,4.57,3.98,4.24,,,,
_result,0,2025-11-03 00:36:18+00:00,E0107,wach,0.75,,,,,,,,
_result,1,2025-11-03 00:39:21+00:00,E0107,wach,,A,4.57,3.98,4.24,,,,
_result,0,2025-11-03 00:39:22+00:00,E0107,wach,0.75,,,,,,,,
_result,0,2025-11-03 00:41:32+00:00,E0107,wach,0.76,,,,,,,,
_result,2,2025-11-03 00:42:39+00:00,E0107,wach,,V,,,,232.2,230.0,,
_result,0,2025-11-03 00:42:40+00:00,E0107,wach,0.76,,,,,,,,
_result,0,2025-11-03 00:45:00+00:00,E0107,wach,0.76,,,,,,,,
_result,0,2025-11-03 00:46:15+00:00,E0107,wach,0.76,,,,,,,,
_result,0,2025-11-03 00:48:18+00:00,E0107,wach,0.76,,,,,,,,
_result,1,2025-11-03 00:50:22+00:00,E0107,wach,,A,4.56,3.98,4.23,,,,
_result,0,2025-11-03 00:50:23+00:00,E0107,wach,0.76,,,,,,,,
_result,0,2025-11-03 00:52:23+00:00,E0107,wach,0.76,,,,,,,,
_result,2,2025-11-03 00:54:19+00:00,E0107,wach,,V,,,,231.6,229.4,231.7,
_result,0,2025-11-03 00:54:20+00:00,E0107,wach,0.76,,,,,,,,
_result,0,2025-11-03 00:56:19+00:00,E0107,wach,0.76,,,,,,,,
_result,0,2025-11-03 00:58:18+00:00,E0107,wach,0.76,,,,,,,,
_result,0,2025-11-03 01:00:18+00:00,E0107,wach,0.75,,,,,,,,
_result,0,2025-11-03 01:02:19+00:00,E0107,wach,0.75,,,,,,,,
_result,0,2025-11-03 01:04:42+00:00,E0107,wach,0.75,,,,,,,,
_result,0,2025-11-03 01:06:24+00:00,E0107,wach,0.75,,,,,,,,
_result,2,2025-11-03 01:08:19+00:00,E0107,wach,,V,,,,235.9,233.7,235.8,
_result,0,2025-11-03 01:08:20+00:00,E0107,wach,0.75,,,,,,,,
_result,1,2025-11-03 01:11:44+00:00,E0107,wach,,A,4.62,4.02,4.29,,,,
_result,0,2025-11-03 01:11:45+00:00,E0107,wach,0.75,,,,,,,,
_result,0,2025-11-03 01:12:20+00:00,E0107,wach,0.75,,,,,,,,
_result,0,2025-11-03 01:14:20+00:00,E0107,wach,0.75,,,,,,,,
_result,0,2025-11-03 01:16:21+00:00,E0107,wach,0.75,,,,,,,,
_result,0,2025-11-03 01:18:22+00:00,E0107,wach,0.75,,,,,,,,
_result,1,2025-11-03 01:20:17+00:00,E0107,wach,,A,4.61,4.01,,,,,
_result,0,2025-11-03 01:20:18+00:00,E0107,wach,0.75,,,,,,,,
_result,0,2025-11-03 01:22:19+00:00,E0107,wach,0.75,,,,,,,,
_result,1,2025-11-03 01:24:21+00:00,E0107,wach,,A,4.61,4.01,4.28,,,,
_result,0,2025-11-03 01:24:22+00:00,E0107,wach,0.75,,,,,,,,
_result,0,2025-11-03 01:26:21+00:00,E0107,wach,0.75,,,,,,,,
_result,1,2025-11-03 01:28:19+00:00,E0107,wach,,A,4.62,4.01,4.29,,,,
_result,0,2025-11-03 01:28:20+00:00,E0107,wach,0.75,,,,,,,,
_result,2,2025-11-03 01:31:13+00:00,E0107,wach,,V,,,,235.2,233.1,,
_result,0,2025-11-03 01:31:14+00:00,E0107,wach,0.75,,,,,,,,
_result,0,2025-11-03 01:32:30+00:00,E0107,wach,0.75,,,,,,,,
_result,0,2025-11-03 01:34:19+00:00,E0107,wach,0.75,,,,,,,,
_result,1,2025-11-03 01:36:16+00:00,E0107,wach,,A,4.61,4.0,4.28,,,,
_result,0,2025-11-03 01:36:17+00:00,E0107,wach,0.75,,,,,,,,
_result,1,2025-11-03 01:38:18+00:00,E0107,wach,,A,4.61,4.0,4.28,,,,
_result,0,2025-11-03 01:38:19+00:00,E0107,wach,0.75,,,,,,,,
_result,0,2025-11-03 01:40:19+00:00,E0107,wach,0.75,,,,,,,,
_result,0,2025-11-03 01:42:22+00:00,E0107,wach,0.75,,,,,,,,
_result,1,2025-11-03 01:44:25+00:00,E0107,wach,,A,4.6,4.0,4.27,,,,
_result,0,2025-11-03 01:44:26+00:00,E0107,wach,0.75,,,,,,,,
_result,1,2025-11-03 01:46:17+00:00,E0107,wach,,A,4.6,4.0,4.28,,,,
_result,0,2025-11-03 01:46:18+00:00,E0107,wach,0.75,,,,,,,,
_result,1,2025-11-03 01:48:18+00:00,E0107,wach,,A,4.6,4.0,,,,,
_result,0,2025-11-03 01:48:19+00:00,E0107,wach,0.75,,,,,,,,
_result,0,2025-11-03 01:50:19+00:00,E0107,wach,0.75,,,,,,,,
_result,0,2025-11-03 01:52:22+00:00,E0107,wach,0.75,,,,,,,,
_result,2,2025-11-03 01:54:15+00:00,E0107,wach,,V,,,,234.9,232.7,234.9,
_result,1,2025-11-03 01:54:16+00:00,E0107,wach,,A,4.61,,,,,,
_result,1,2025-11-03 01:54:19+00:00,E0107,wach,,A,,4.01,4.28,,,,
_result,0,2025-11-03 01:54:21+00:00,E0107,wach,0.75,,,,,,,,
_result,2,2025-11-03 01:56:16+00:00,E0107,wach,,V,,,,234.9,232.7,234.9,
_result,0,2025-11-03 01:56:17+00:00,E0107,wach,0.75,,,,,,,,
_result,0,2025-11-03 01:58:20+00:00,E0107,wach,0.75,,,,,,,,
_result,0,2025-11-03 02:01:03+00:00,E0107,wach,0.75,,,,,,,,
_result,2,2025-11-03 02:02:18+00:00,E0107,wach,,V,,,,234.7,232.5,234.8,
_result,0,2025-11-03 02:02:19+00:00,E0107,wach,0.75,,,,,,,,
_result,2,2025-11-03 02:04:23+00:00,E0107,wach,,V,,,,234.7,232.5,234.8,
_result,0,2025-11-03 02:04:24+00:00,E0107,wach,0.75,,,,,,,,
_result,1,2025-11-03 02:07:07+00:00,E0107,wach,,A,4.58,4.0,4.26,,,,
_result,0,2025-11-03 02:07:08+00:00,E0107,wach,0.75,,,,,,,,
_result,1,2025-11-03 02:08:20+00:00,E0107,wach,,A,4.58,4.0,4.26,,,,
_result,0,2025-11-03 02:08:21+00:00,E0107,wach,0.75,,,,,,,,
_result,0,2025-11-03 02:11:21+00:00,E0107,wach,0.75,,,,,,,,
_result,1,2025-11-03 02:12:21+00:00,E0107,wach,,A,4.58,4.0,4.26,,,,
_result,0,2025-11-03 02:12:22+00:00,E0107,wach,0.75,,,,,,,,
_result,2,2025-11-03 02:14:20+00:00,E0107,wach,,V,,,,233.3,,,
_result,0,2025-11-03 02:14:21+00:00,E0107,wach,0.75,,,,,,,,
_result,1,2025-11-03 02:16:23+00:00,E0107,wach,,A,4.57,3.98,4.26,,,,
_result,0,2025-11-03 02:16:24+00:00,E0107,wach,0.75,,,,,,,,
_result,2,2025-11-03 02:18:18+00:00,E0107,wach,,V,,,,233.3,231.2,233.5,
_result,0,2025-11-03 02:18:19+00:00,E0107,wach,0.75,,,,,,,,
_result,2,2025-11-03 02:20:21+00:00,E0107,wach,,V,,,,233.6,231.5,233.8,
_result,0,2025-11-03 02:20:22+00:00,E0107,wach,0.75,,,,,,,,
_result,2,2025-11-03 02:23:17+00:00,E0107,wach,,V,,,,233.6,,,
_result,0,2025-11-03 02:23:18+00:00,E0107,wach,0.75,,,,,,,,
_result,1,2025-11-03 02:24:21+00:00,E0107,wach,,A,4.58,,,,,,
_result,0,2025-11-03 02:24:22+00:00,E0107,wach,0.75,,,,,,,,
_result,0,2025-11-03 02:26:26+00:00,E0107,wach,0.75,,,,,,,,
_result,2,2025-11-03 02:28:19+00:00,E0107,wach,,V,,,,233.4,230.8,,
_result,2,2025-11-03 02:28:20+00:00,E0107,wach,,V,,,,,,233.1,
_result,1,2025-11-03 02:28:26+00:00,E0107,wach,,A,4.57,,,,,,
_result,0,2025-11-03 02:28:27+00:00,E0107,wach,0.75,,,,,,,,
_result,1,2025-11-03 02:30:19+00:00,E0107,wach,,A,4.57,3.98,4.24,,,,
_result,0,2025-11-03 02:30:20+00:00,E0107,wach,0.75,,,,,,,,
_result,0,2025-11-03 02:32:19+00:00,E0107,wach,0.75,,,,,,,,
_result,0,2025-11-03 02:34:23+00:00,E0107,wach,0.75,,,,,,,,
_result,0,2025-11-03 02:36:21+00:00,E0107,wach,0.75,,,,,,,,
_result,1,2025-11-03 02:38:16+00:00,E0107,wach,,A,4.57,3.98,4.26,,,,
_result,0,2025-11-03 02:38:17+00:00,E0107,wach,0.75,,,,,,,,
_result,2,2025-11-03 02:40:20+00:00,E0107,wach,,V,,,,233.6,231.5,233.8,
_result,0,2025-11-03 02:40:21+00:00,E0107,wach,0.75,,,,,,,,
_result,1,2025-11-03 02:42:20+00:00,E0107,wach,,A,4.57,3.99,4.26,,,,
_result,0,2025-11-03 02:42:21+00:00,E0107,wach,0.75,,,,,,,,
_result,1,2025-11-03 02:44:18+00:00,E0107,wach,,A,4.57,3.99,4.26,,,,
_result,0,2025-11-03 02:44:19+00:00,E0107,wach,0.75,,,,,,,,
_result,0,2025-11-03 02:46:22+00:00,E0107,wach,0.75,,,,,,,,
_result,0,2025-11-03 02:48:24+00:00,E0107,wach,0.75,,,,,,,,
_result,0,2025-11-03 02:50:17+00:00,E0107,wach,0.75,,,,,,,,
_result,0,2025-11-03 03:02:55+00:00,E0107,wach,0.75,,,,,,,,
_result,0,2025-11-03 03:05:19+00:00,E0107,wach,0.75,,,,,,,,
_result,2,2025-11-03 03:06:19+00:00,E0107,wach,,V,,,,233.8,231.7,234.1,
_result,0,2025-11-03 03:06:20+00:00,E0107,wach,0.75,,,,,,,,
_result,0,2025-11-03 03:08:22+00:00,E0107,wach,0.75,,,,,,,,
_result,2,2025-11-03 03:11:01+00:00,E0107,wach,,V,,,,233.8,231.7,234.1,
_result,0,2025-11-03 03:11:02+00:00,E0107,wach,0.75,,,,,,,,
_result,1,2025-11-03 03:12:16+00:00,E0107,wach,,A,4.58,3.99,4.27,,,,
_result,0,2025-11-03 03:12:17+00:00,E0107,wach,0.75,,,,,,,,
_result,0,2025-11-03 03:14:24+00:00,E0107,wach,0.75,,,,,,,,
_result,0,2025-11-03 03:16:22+00:00,E0107,wach,0.75,,,,,,,,
_result,1,2025-11-03 03:18:20+00:00,E0107,wach,,A,4.58,3.99,4.27,,,,
_result,0,2025-11-03 03:18:21+00:00,E0107,wach,0.75,,,,,,,,
_result,2,2025-11-03 03:20:22+00:00,E0107,wach,,V,,,,233.9,231.8,234.1,
_result,0,2025-11-03 03:20:23+00:00,E0107,wach,0.75,,,,,,,,
_result,0,2025-11-03 03:22:22+00:00,E0107,wach,0.75,,,,,,,,
_result,1,2025-11-03 03:24:21+00:00,E0107,wach,,A,4.58,4.0,4.27,,,,
_result,0,2025-11-03 03:24:22+00:00,E0107,wach,0.75,,,,,,,,
_result,1,2025-11-03 03:26:21+00:00,E0107,wach,,A,4.58,3.99,4.27,,,,
_result,0,2025-11-03 03:26:22+00:00,E0107,wach,0.75,,,,,,,,
_result,0,2025-11-03 03:28:16+00:00,E0107,wach,0.75,,,,,,,,
_result,1,2025-11-03 03:31:00+00:00,E0107,wach,,A,4.58,3.99,4.27,,,,
_result,0,2025-11-03 03:31:01+00:00,E0107,wach,0.75,,,,,,,,
_result,0,2025-11-03 03:32:27+00:00,E0107,wach,0.75,,,,,,,,
_result,1,2025-11-03 03:34:20+00:00,E0107,wach,,A,4.58,3.99,,,,,
_result,0,2025-11-03 03:34:21+00:00,E0107,wach,0.75,,,,,,,,
_result,0,2025-11-03 03:36:15+00:00,E0107,wach,0.75,,,,,,,,
_result,1,2025-11-03 03:38:20+00:00,E0107,wach,,A,4.58,3.99,4.27,,,,
_result,0,2025-11-03 03:38:21+00:00,E0107,wach,0.75,,,,,,,,
_result,0,2025-11-03 03:40:53+00:00,E0107,wach,0.75,,,,,,,,
_result,0,2025-11-03 03:42:45+00:00,E0107,wach,0.75,,,,,,,,
_result,2,2025-11-03 03:44:17+00:00,E0107,wach,,V,,,,234.0,,,
_result,0,2025-11-03 03:44:18+00:00,E0107,wach,0.75,,,,,,,,
_result,1,2025-11-03 03:46:20+00:00,E0107,wach,,A,4.58,4.0,4.27,,,,
_result,0,2025-11-03 03:46:21+00:00,E0107,wach,0.75,,,,,,,,
_result,0,2025-11-03 03:48:21+00:00,E0107,wach,0.75,,,,,,,,
_result,2,2025-11-03 03:50:19+00:00,E0107,wach,,V,,,,234.1,231.9,234.3,
_result,0,2025-11-03 03:50:20+00:00,E0107,wach,0.75,,,,,,,,
_result,2,2025-11-03 03:52:17+00:00,E0107,wach,,V,,,,234.1,231.9,234.3,
_result,0,2025-11-03 03:52:18+00:00,E0107,wach,0.75,,,,,,,,
_result,2,2025-11-03 03:54:14+00:00,E0107,wach,,V,,,,234.1,231.9,234.3,
_result,0,2025-11-03 03:54:15+00:00,E0107,wach,0.75,,,,,,,,
_result,1,2025-11-03 03:56:20+00:00,E0107,wach,,A,4.58,3.99,4.27,,,,
_result,0,2025-11-03 03:56:21+00:00,E0107,wach,0.75,,,,,,,,
_result,0,2025-11-03 03:58:21+00:00,E0107,wach,0.75,,,,,,,,
_result,0,2025-11-03 04:00:37+00:00,E0107,wach,0.75,,,,,,,,
_result,0,2025-11-03 04:03:34+00:00,E0107,wach,0.75,,,,,,,,
_result,2,2025-11-03 04:04:21+00:00,E0107,wach,,V,,,,234.7,,,
_result,0,2025-11-03 04:04:22+00:00,E0107,wach,0.75,,,,,,,,
_result,1,2025-11-03 04:06:20+00:00,E0107,wach,,A,4.58,4.0,4.26,,,,
_result,0,2025-11-03 04:06:21+00:00,E0107,wach,0.75,,,,,,,,
_result,2,2025-11-03 04:08:23+00:00,E0107,wach,,V,,,,234.7,232.7,235.0,
_result,0,2025-11-03 04:08:24+00:00,E0107,wach,0.75,,,,,,,,
_result,2,2025-11-03 04:10:17+00:00,E0107,wach,,V,,,,234.7,232.7,235.0,
_result,1,2025-11-03 04:10:18+00:00,E0107,wach,,A,4.58,4.0,4.26,,,,
_result,0,2025-11-03 04:10:19+00:00,E0107,wach,0.75,,,,,,,,
_result,0,2025-11-03 04:12:49+00:00,E0107,wach,0.75,,,,,,,,
_result,0,2025-11-03 04:14:26+00:00,E0107,wach,0.75,,,,,,,,
_result,0,2025-11-03 04:16:34+00:00,E0107,wach,0.75,,,,,,,,
_result,1,2025-11-03 04:18:19+00:00,E0107,wach,,A,4.6,3.99,4.28,,,,
_result,0,2025-11-03 04:18:20+00:00,E0107,wach,0.75,,,,,,,,
_result,0,2025-11-03 04:20:24+00:00,E0107,wach,0.75,,,,,,,,
_result,1,2025-11-03 04:22:20+00:00,E0107,wach,,A,4.6,3.99,4.28,,,,
_result,0,2025-11-03 04:22:21+00:00,E0107,wach,0.75,,,,,,,,
_result,0,2025-11-03 04:24:16+00:00,E0107,wach,0.75,,,,,,,,
_result,2,2025-11-03 04:26:19+00:00,E0107,wach,,V,,,,234.6,,,
_result,0,2025-11-03 04:26:20+00:00,E0107,wach,0.75,,,,,,,,
_result,2,2025-11-03 04:28:32+00:00,E0107,wach,,V,,,,234.6,,,
_result,0,2025-11-03 04:28:33+00:00,E0107,wach,0.75,,,,,,,,
_result,1,2025-11-03 04:30:21+00:00,E0107,wach,,A,4.59,4.0,4.28,,,,
_result,0,2025-11-03 04:30:22+00:00,E0107,wach,0.75,,,,,,,,
_result,0,2025-11-03 04:32:26+00:00,E0107,wach,0.75,,,,,,,,
_result,0,2025-11-03 04:34:22+00:00,E0107,wach,0.75,,,,,,,,
_result,2,2025-11-03 04:36:16+00:00,E0107,wach,,V,,,,235.3,233.1,,
_result,1,2025-11-03 04:36:17+00:00,E0107,wach,,A,4.6,4.0,4.28,,,,
_result,0,2025-11-03 04:36:18+00:00,E0107,wach,0.75,,,,,,,,
_result,1,2025-11-03 04:38:20+00:00,E0107,wach,,A,4.6,4.0,4.28,,,,
_result,0,2025-11-03 04:38:21+00:00,E0107,wach,0.75,,,,,,,,
_result,0,2025-11-03 04:40:19+00:00,E0107,wach,0.75,,,,,,,,
_result,0,2025-11-03 04:42:24+00:00,E0107,wach,0.75,,,,,,,,
_result,0,2025-11-03 04:44:21+00:00,E0107,wach,0.75,,,,,,,,
_result,0,2025-11-03 04:46:17+00:00,E0107,wach,0.75,,,,,,,,
_result,0,2025-11-03 04:48:32+00:00,E0107,wach,0.75,,,,,,,,
_result,1,2025-11-03 04:50:16+00:00,E0107,wach,,A,4.6,4.0,4.28,,,,
_result,0,2025-11-03 04:50:17+00:00,E0107,wach,0.75,,,,,,,,
_result,0,2025-11-03 04:52:20+00:00,E0107,wach,0.75,,,,,,,,
_result,2,2025-11-03 04:54:18+00:00,E0107,wach,,V,,,,235.2,,,
_result,0,2025-11-03 04:54:19+00:00,E0107,wach,0.75,,,,,,,,
_result,0,2025-11-03 04:57:19+00:00,E0107,wach,0.75,,,,,,,,
_result,1,2025-11-03 04:58:13+00:00,E0107,wach,,A,4.6,3.99,4.28,,,,
_result,0,2025-11-03 04:58:14+00:00,E0107,wach,0.75,,,,,,,,
_result,0,2025-11-03 05:00:22+00:00,E0107,wach,0.75,,,,,,,,
_result,2,2025-11-03 05:02:22+00:00,E0107,wach,,V,,,,235.2,233.0,235.3,
_result,0,2025-11-03 05:02:23+00:00,E0107,wach,0.75,,,,,,,,
_result,0,2025-11-03 05:04:20+00:00,E0107,wach,0.75,,,,,,,,
_result,2,2025-11-03 05:06:17+00:00,E0107,wach,,V,,,,235.3,233.1,235.3,
_result,0,2025-11-03 05:06:18+00:00,E0107,wach,0.75,,,,,,,,
_result,0,2025-11-03 05:08:18+00:00,E0107,wach,0.75,,,,,,,,
_result,2,2025-11-03 05:10:19+00:00,E0107,wach,,V,,,,235.3,,,
_result,0,2025-11-03 05:10:20+00:00,E0107,wach,0.75,,,,,,,,
_result,2,2025-11-03 05:12:22+00:00,E0107,wach,,V,,,,234.3,,,
_result,0,2025-11-03 05:12:23+00:00,E0107,wach,0.75,,,,,,,,
_result,1,2025-11-03 05:14:15+00:00,E0107,wach,,A,4.58,3.99,4.27,,,,
_result,0,2025-11-03 05:14:16+00:00,E0107,wach,0.75,,,,,,,,
_result,0,2025-11-03 05:16:20+00:00,E0107,wach,0.75,,,,,,,,
_result,1,2025-11-03 05:18:19+00:00,E0107,wach,,A,4.58,3.99,4.27,,,,
_result,0,2025-11-03 05:18:20+00:00,E0107,wach,0.75,,,,,,,,
_result,0,2025-11-03 05:20:15+00:00,E0107,wach,0.75,,,,,,,,
_result,0,2025-11-03 05:22:24+00:00,E0107,wach,0.75,,,,,,,,
_result,0,2025-11-03 05:24:20+00:00,E0107,wach,0.75,,,,,,,,
_result,2,2025-11-03 05:26:15+00:00,E0107,wach,,V,,,,234.1,231.8,234.1,
_result,0,2025-11-03 05:26:16+00:00,E0107,wach,0.75,,,,,,,,
_result,2,2025-11-03 05:28:31+00:00,E0107,wach,,V,,,,234.1,,,
_result,0,2025-11-03 05:28:32+00:00,E0107,wach,0.75,,,,,,,,
_result,0,2025-11-03 05:30:17+00:00,E0107,wach,0.75,,,,,,,,
_result,0,2025-11-03 05:32:22+00:00,E0107,wach,0.75,,,,,,,,
_result,0,2025-11-03 05:34:22+00:00,E0107,wach,0.75,,,,,,,,
_result,0,2025-11-03 05:37:37+00:00,E0107,wach,0.75,,,,,,,,
_result,0,2025-11-03 05:38:21+00:00,E0107,wach,0.75,,,,,,,,
_result,0,2025-11-03 05:40:18+00:00,E0107,wach,0.75,,,,,,,,
_result,1,2025-11-03 05:42:20+00:00,E0107,wach,,A,4.59,3.98,4.26,,,,
_result,0,2025-11-03 05:42:21+00:00,E0107,wach,0.75,,,,,,,,
_result,0,2025-11-03 05:44:22+00:00,E0107,wach,0.75,,,,,,,,
_result,0,2025-11-03 05:46:23+00:00,E0107,wach,0.75,,,,,,,,
_result,1,2025-11-03 05:48:22+00:00,E0107,wach,,A,4.58,3.99,4.26,,,,
_result,0,2025-11-03 05:48:23+00:00,E0107,wach,0.75,,,,,,,,
_result,0,2025-11-03 05:50:20+00:00,E0107,wach,0.75,,,,,,,,
_result,2,2025-11-03 05:52:23+00:00,E0107,wach,,V,,,,234.0,,,
_result,0,2025-11-03 05:52:24+00:00,E0107,wach,0.75,,,,,,,,
_result,0,2025-11-03 05:54:49+00:00,E0107,wach,0.75,,,,,,,,
_result,2,2025-11-03 05:56:17+00:00,E0107,wach,,V,,,,234.0,,,
_result,1,2025-11-03 05:56:18+00:00,E0107,wach,,A,4.58,3.99,4.25,,,,
_result,0,2025-11-03 05:56:19+00:00,E0107,wach,0.75,,,,,,,,
_result,0,2025-11-03 05:58:25+00:00,E0107,wach,0.75,,,,,,,,
_result,1,2025-11-03 06:00:19+00:00,E0107,wach,,A,4.57,3.99,4.26,,,,
_result,0,2025-11-03 06:00:20+00:00,E0107,wach,0.75,,,,,,,,
_result,0,2025-11-03 06:02:21+00:00,E0107,wach,0.75,,,,,,,,
_result,0,2025-11-03 06:04:19+00:00,E0107,wach,0.75,,,,,,,,
_result,0,2025-11-03 06:06:23+00:00,E0107,wach,0.75,,,,,,,,
_result,0,2025-11-03 06:08:17+00:00,E0107,wach,0.75,,,,,,,,
_result,0,2025-11-03 06:10:27+00:00,E0107,wach,0.75,,,,,,,,
_result,0,2025-11-03 06:12:24+00:00,E0107,wach,0.75,,,,,,,,
_result,0,2025-11-03 06:14:20+00:00,E0107,wach,0.75,,,,,,,,
_result,0,2025-11-03 06:16:21+00:00,E0107,wach,0.75,,,,,,,,
_result,1,2025-11-03 06:18:16+00:00,E0107,wach,,A,4.57,3.98,4.25,,,,
_result,0,2025-11-03 06:18:17+00:00,E0107,wach,0.75,,,,,,,,
_result,0,2025-11-03 06:20:26+00:00,E0107,wach,0.75,,,,,,,,
_result,0,2025-11-03 06:22:25+00:00,E0107,wach,0.75,,,,,,,,
_result,0,2025-11-03 06:24:20+00:00,E0107,wach,0.75,,,,,,,,
_result,2,2025-11-03 06:26:21+00:00,E0107,wach,,V,,,,233.2,231.0,233.2,
_result,0,2025-11-03 06:26:22+00:00,E0107,wach,0.75,,,,,,,,
_result,1,2025-11-03 06:28:27+00:00,E0107,wach,,A,4.56,3.98,4.25,,,,
_result,0,2025-11-03 06:28:28+00:00,E0107,wach,0.75,,,,,,,,
_result,2,2025-11-03 06:30:17+00:00,E0107,wach,,V,,,,233.2,,,
_result,0,2025-11-03 06:30:18+00:00,E0107,wach,0.75,,,,,,,,
_result,0,2025-11-03 06:32:22+00:00,E0107,wach,0.75,,,,,,,,
_result,1,2025-11-03 06:34:15+00:00,E0107,wach,,A,4.57,3.97,,,,,
_result,0,2025-11-03 06:34:16+00:00,E0107,wach,0.75,,,,,,,,
_result,1,2025-11-03 06:36:18+00:00,E0107,wach,,A,4.57,3.97,4.25,,,,
_result,0,2025-11-03 06:36:19+00:00,E0107,wach,0.75,,,,,,,,
_result,0,2025-11-03 06:38:18+00:00,E0107,wach,0.75,,,,,,,,
_result,2,2025-11-03 06:40:22+00:00,E0107,wach,,V,,,,233.3,231.0,233.4,
_result,0,2025-11-03 06:40:23+00:00,E0107,wach,0.75,,,,,,,,
_result,2,2025-11-03 06:42:53+00:00,E0107,wach,,V,,,,233.3,,,
_result,0,2025-11-03 06:42:54+00:00,E0107,wach,0.75,,,,,,,,
_result,0,2025-11-03 06:44:32+00:00,E0107,wach,0.75,,,,,,,,
_result,1,2025-11-03 06:46:27+00:00,E0107,wach,,A,4.56,3.97,4.25,,,,
_result,0,2025-11-03 06:46:28+00:00,E0107,wach,0.75,,,,,,,,
_result,1,2025-11-03 06:48:20+00:00,E0107,wach,,A,4.56,,,,,,
_result,0,2025-11-03 06:48:21+00:00,E0107,wach,0.75,,,,,,,,
_result,0,2025-11-03 06:50:23+00:00,E0107,wach,0.75,,,,,,,,
_result,0,2025-11-03 06:52:23+00:00,E0107,wach,0.75,,,,,,,,
_result,0,2025-11-03 06:54:30+00:00,E0107,wach,0.75,,,,,,,,
_result,0,2025-11-03 06:56:21+00:00,E0107,wach,0.75,,,,,,,,
_result,0,2025-11-03 06:58:23+00:00,E0107,wach,0.75,,,,,,,,
_result,0,2025-11-03 07:00:22+00:00,E0107,wach,0.75,,,,,,,,
_result,2,2025-11-03 07:02:19+00:00,E0107,wach,,V,,,,233.2,231.0,233.3,
_result,0,2025-11-03 07:02:20+00:00,E0107,wach,0.75,,,,,,,,
_result,0,2025-11-03 07:04:21+00:00,E0107,wach,0.75,,,,,,,,
_result,0,2025-11-03 07:06:28+00:00,E0107,wach,0.75,,,,,,,,
_result,0,2025-11-03 07:08:26+00:00,E0107,wach,0.75,,,,,,,,
_result,1,2025-11-03 07:10:17+00:00,E0107,wach,,A,4.57,3.98,4.25,,,,
_result,0,2025-11-03 07:10:18+00:00,E0107,wach,0.75,,,,,,,,
_result,1,2025-11-03 07:12:20+00:00,E0107,wach,,A,4.57,3.98,,,,,
_result,0,2025-11-03 07:12:21+00:00,E0107,wach,0.75,,,,,,,,
_result,1,2025-11-03 07:14:15+00:00,E0107,wach,,A,4.55,3.97,4.24,,,,
_result,0,2025-11-03 07:14:16+00:00,E0107,wach,0.75,,,,,,,,
_result,2,2025-11-03 07:16:22+00:00,E0107,wach,,V,,,,232.8,230.6,233.0,
_result,0,2025-11-03 07:16:23+00:00,E0107,wach,0.75,,,,,,,,
_result,1,2025-11-03 07:18:18+00:00,E0107,wach,,A,4.55,3.97,4.24,,,,
_result,0,2025-11-03 07:18:19+00:00,E0107,wach,0.75,,,,,,,,
_result,0,2025-11-03 07:21:22+00:00,E0107,wach,0.75,,,,,,,,
_result,0,2025-11-03 07:24:21+00:00,E0107,wach,0.75,,,,,,,,
_result,1,2025-11-03 07:26:22+00:00,E0107,wach,,A,4.56,3.98,4.24,,,,
_result,0,2025-11-03 07:26:23+00:00,E0107,wach,0.75,,,,,,,,
_result,2,2025-11-03 07:28:31+00:00,E0107,wach,,V,,,,233.0,230.7,233.0,
_result,0,2025-11-03 07:28:32+00:00,E0107,wach,0.75,,,,,,,,
_result,2,2025-11-03 07:32:22+00:00,E0107,wach,,V,,,,233.0,230.7,233.0,
_result,0,2025-11-03 07:32:23+00:00,E0107,wach,0.75,,,,,,,,
_result,0,2025-11-03 07:34:21+00:00,E0107,wach,0.75,,,,,,,,
_result,0,2025-11-03 07:36:25+00:00,E0107,wach,0.75,,,,,,,,
_result,1,2025-11-03 07:38:21+00:00,E0107,wach,,A,4.56,3.98,4.24,,,,
_result,0,2025-11-03 07:38:22+00:00,E0107,wach,0.75,,,,,,,,
_result,0,2025-11-03 07:40:44+00:00,E0107,wach,0.75,,,,,,,,
_result,0,2025-11-03 07:44:08+00:00,E0107,wach,0.75,,,,,,,,
_result,0,2025-11-03 07:44:16+00:00,E0107,wach,0.75,,,,,,,,
_result,0,2025-11-03 07:46:22+00:00,E0107,wach,0.75,,,,,,,,
_result,2,2025-11-03 07:48:31+00:00,E0107,wach,,V,,,,234.6,232.5,234.8,
_result,0,2025-11-03 07:48:32+00:00,E0107,wach,0.75,,,,,,,,
_result,1,2025-11-03 07:50:21+00:00,E0107,wach,,A,4.58,3.98,4.27,,,,
_result,0,2025-11-03 07:50:22+00:00,E0107,wach,0.75,,,,,,,,
_result,2,2025-11-03 07:52:21+00:00,E0107,wach,,V,,,,234.6,232.5,234.8,
_result,0,2025-11-03 07:52:22+00:00,E0107,wach,0.75,,,,,,,,
_result,0,2025-11-03 07:54:24+00:00,E0107,wach,0.75,,,,,,,,
_result,2,2025-11-03 07:56:22+00:00,E0107,wach,,V,,,,234.6,232.5,234.8,
_result,0,2025-11-03 07:56:23+00:00,E0107,wach,0.75,,,,,,,,
_result,0,2025-11-03 07:59:24+00:00,E0107,wach,0.75,,,,,,,,
_result,0,2025-11-03 08:00:34+00:00,E0107,wach,0.75,,,,,,,,
_result,1,2025-11-03 08:02:23+00:00,E0107,wach,,A,4.57,3.98,4.26,,,,
_result,0,2025-11-03 08:02:24+00:00,E0107,wach,0.75,,,,,,,,
_result,1,2025-11-03 08:04:22+00:00,E0107,wach,,A,4.57,3.98,4.26,,,,
_result,0,2025-11-03 08:04:23+00:00,E0107,wach,0.75,,,,,,,,
_result,1,2025-11-03 08:06:21+00:00,E0107,wach,,A,4.57,3.98,4.26,,,,
_result,0,2025-11-03 08:06:22+00:00,E0107,wach,0.75,,,,,,,,
_result,0,2025-11-03 08:08:24+00:00,E0107,wach,0.75,,,,,,,,
_result,2,2025-11-03 08:10:22+00:00,E0107,wach,,V,,,,234.8,,,
_result,1,2025-11-03 08:10:23+00:00,E0107,wach,,A,4.58,3.99,4.27,,,,
_result,0,2025-11-03 08:10:24+00:00,E0107,wach,0.75,,,,,,,,
_result,0,2025-11-03 08:12:22+00:00,E0107,wach,0.75,,,,,,,,
_result,0,2025-11-03 08:15:15+00:00,E0107,wach,0.75,,,,,,,,
_result,0,2025-11-03 08:16:21+00:00,E0107,wach,0.75,,,,,,,,
_result,1,2025-11-03 08:18:20+00:00,E0107,wach,,A,4.59,3.98,4.27,,,,
_result,0,2025-11-03 08:18:21+00:00,E0107,wach,0.75,,,,,,,,
_result,2,2025-11-03 08:20:21+00:00,E0107,wach,,V,,,,234.9,232.8,235.2,
_result,0,2025-11-03 08:20:22+00:00,E0107,wach,0.75,,,,,,,,
_result,0,2025-11-03 08:22:22+00:00,E0107,wach,0.75,,,,,,,,
_result,0,2025-11-03 08:24:22+00:00,E0107,wach,0.75,,,,,,,,
_result,1,2025-11-03 08:26:53+00:00,E0107,wach,,A,4.58,3.99,4.27,,,,
_result,0,2025-11-03 08:26:54+00:00,E0107,wach,0.75,,,,,,,,
_result,0,2025-11-03 08:28:21+00:00,E0107,wach,0.75,,,,,,,,
_result,1,2025-11-03 08:30:26+00:00,E0107,wach,,A,4.59,4.0,4.28,,,,
_result,0,2025-11-03 08:30:27+00:00,E0107,wach,0.75,,,,,,,,
_result,0,2025-11-03 08:33:08+00:00,E0107,wach,0.75,,,,,,,,
_result,0,2025-11-03 08:34:18+00:00,E0107,wach,0.75,,,,,,,,
_result,0,2025-11-03 08:36:23+00:00,E0107,wach,0.75,,,,,,,,
_result,1,2025-11-03 08:39:14+00:00,E0107,wach,,A,4.59,4.0,4.28,,,,
_result,0,2025-11-03 08:39:15+00:00,E0107,wach,0.75,,,,,,,,
_result,1,2025-11-03 08:40:20+00:00,E0107,wach,,A,4.59,4.0,4.28,,,,
_result,0,2025-11-03 08:40:21+00:00,E0107,wach,0.75,,,,,,,,
_result,0,2025-11-03 08:42:23+00:00,E0107,wach,0.75,,,,,,,,
_result,2,2025-11-03 08:44:19+00:00,E0107,wach,,V,,,,235.1,232.9,235.2,
_result,0,2025-11-03 08:44:21+00:00,E0107,wach,0.75,,,,,,,,
_result,0,2025-11-03 08:46:22+00:00,E0107,wach,0.75,,,,,,,,
_result,1,2025-11-03 08:48:24+00:00,E0107,wach,,A,4.6,4.0,,,,,
_result,0,2025-11-03 08:48:25+00:00,E0107,wach,0.75,,,,,,,,
_result,0,2025-11-03 08:50:16+00:00,E0107,wach,0.75,,,,,,,,
_result,0,2025-11-03 08:52:19+00:00,E0107,wach,0.75,,,,,,,,
_result,2,2025-11-03 08:54:21+00:00,E0107,wach,,V,,,,235.9,233.8,,
_result,0,2025-11-03 08:54:22+00:00,E0107,wach,0.74,,,,,,,,
_result,0,2025-11-03 08:56:21+00:00,E0107,wach,0.74,,,,,,,,
_result,0,2025-11-03 08:58:23+00:00,E0107,wach,0.74,,,,,,,,
_result,1,2025-11-03 09:00:26+00:00,E0107,wach,,A,4.6,4.0,4.28,,,,
_result,0,2025-11-03 09:00:27+00:00,E0107,wach,0.74,,,,,,,,
_result,0,2025-11-03 09:02:23+00:00,E0107,wach,0.74,,,,,,,,
_result,2,2025-11-03 09:04:19+00:00,E0107,wach,,V,,,,235.9,,,
_result,2,2025-11-03 09:04:20+00:00,E0107,wach,,V,,,,,233.8,236.0,
_result,0,2025-11-03 09:04:21+00:00,E0107,wach,0.74,,,,,,,,
_result,0,2025-11-03 09:06:26+00:00,E0107,wach,0.74,,,,,,,,
_result,0,2025-11-03 09:08:23+00:00,E0107,wach,0.74,,,,,,,,
_result,1,2025-11-03 09:10:19+00:00,E0107,wach,,A,4.61,4.01,4.29,,,,
_result,0,2025-11-03 09:10:20+00:00,E0107,wach,0.74,,,,,,,,
_result,2,2025-11-03 09:12:20+00:00,E0107,wach,,V,,,,237.2,235.0,237.2,
_result,0,2025-11-03 09:12:21+00:00,E0107,wach,0.74,,,,,,,,
_result,2,2025-11-03 09:14:22+00:00,E0107,wach,,V,,,,237.2,235.0,237.2,
_result,0,2025-11-03 09:14:23+00:00,E0107,wach,0.74,,,,,,,,
_result,2,2025-11-03 09:16:15+00:00,E0107,wach,,V,,,,237.2,235.0,,
_result,0,2025-11-03 09:16:16+00:00,E0107,wach,0.74,,,,,,,,
_result,1,2025-11-03 09:20:24+00:00,E0107,wach,,A,4.61,4.01,4.3,,,,
_result,0,2025-11-03 09:20:25+00:00,E0107,wach,0.74,,,,,,,,
_result,0,2025-11-03 09:22:23+00:00,E0107,wach,0.74,,,,,,,,
_result,1,2025-11-03 09:24:25+00:00,E0107,wach,,A,4.61,4.01,4.3,,,,
_result,0,2025-11-03 09:24:26+00:00,E0107,wach,0.74,,,,,,,,
_result,0,2025-11-03 09:26:22+00:00,E0107,wach,0.74,,,,,,,,
_result,0,2025-11-03 09:28:25+00:00,E0107,wach,0.74,,,,,,,,
_result,0,2025-11-03 09:30:25+00:00,E0107,wach,0.74,,,,,,,,
_result,0,2025-11-03 09:33:22+00:00,E0107,wach,0.74,,,,,,,,
_result,0,2025-11-03 09:34:17+00:00,E0107,wach,0.73,,,,,,,,
_result,1,2025-11-03 09:36:24+00:00,E0107,wach,,A,4.65,4.04,4.34,,,,
_result,0,2025-11-03 09:36:25+00:00,E0107,wach,0.73,,,,,,,,
_result,1,2025-11-03 09:38:21+00:00,E0107,wach,,A,4.65,4.04,4.34,,,,
_result,0,2025-11-03 09:38:22+00:00,E0107,wach,0.73,,,,,,,,
_result,1,2025-11-03 09:40:21+00:00,E0107,wach,,A,4.57,3.98,,,,,
_result,0,2025-11-03 09:40:22+00:00,E0107,wach,0.75,,,,,,,,
_result,1,2025-11-03 09:42:19+00:00,E0107,wach,,A,4.57,3.98,4.26,,,,
_result,0,2025-11-03 09:42:20+00:00,E0107,wach,0.75,,,,,,,,
_result,0,2025-11-03 09:45:11+00:00,E0107,wach,0.75,,,,,,,,
_result,2,2025-11-03 09:46:32+00:00,E0107,wach,,V,,,,233.8,231.7,234.0,
_result,0,2025-11-03 09:46:33+00:00,E0107,wach,0.75,,,,,,,,
_result,0,2025-11-03 09:48:30+00:00,E0107,wach,0.75,,,,,,,,
_result,2,2025-11-03 09:50:22+00:00,E0107,wach,,V,,,,233.8,231.7,234.0,
_result,0,2025-11-03 09:50:23+00:00,E0107,wach,0.75,,,,,,,,
_result,2,2025-11-03 09:52:23+00:00,E0107,wach,,V,,,,233.9,231.8,234.3,
_result,0,2025-11-03 09:52:24+00:00,E0107,wach,0.75,,,,,,,,
_result,0,2025-11-03 09:54:27+00:00,E0107,wach,0.75,,,,,,,,
_result,1,2025-11-03 09:56:21+00:00,E0107,wach,,A,4.56,3.98,4.26,,,,
_result,0,2025-11-03 09:56:22+00:00,E0107,wach,0.75,,,,,,,,
_result,1,2025-11-03 09:58:17+00:00,E0107,wach,,A,4.56,,,,,,
_result,0,2025-11-03 09:58:18+00:00,E0107,wach,0.75,,,,,,,,
_result,0,2025-11-03 10:01:36+00:00,E0107,wach,0.75,,,,,,,,
_result,0,2025-11-03 10:02:21+00:00,E0107,wach,0.75,,,,,,,,
_result,1,2025-11-03 10:04:22+00:00,E0107,wach,,A,4.56,3.98,,,,,
_result,0,2025-11-03 10:04:23+00:00,E0107,wach,0.75,,,,,,,,
_result,1,2025-11-03 10:06:18+00:00,E0107,wach,,A,4.6,4.0,4.29,,,,
_result,0,2025-11-03 10:06:19+00:00,E0107,wach,0.74,,,,,,,,
_result,2,2025-11-03 10:08:20+00:00,E0107,wach,,V,,,,235.9,233.8,236.1,
_result,0,2025-11-03 10:08:21+00:00,E0107,wach,0.74,,,,,,,,
_result,1,2025-11-03 10:10:29+00:00,E0107,wach,,A,4.6,4.0,4.29,,,,
_result,0,2025-11-03 10:10:30+00:00,E0107,wach,0.74,,,,,,,,
_result,0,2025-11-03 10:12:31+00:00,E0107,wach,0.74,,,,,,,,
_result,1,2025-11-03 10:14:23+00:00,E0107,wach,,A,4.6,4.0,4.29,,,,
_result,0,2025-11-03 10:14:24+00:00,E0107,wach,0.74,,,,,,,,
_result,0,2025-11-03 10:16:22+00:00,E0107,wach,0.74,,,,,,,,
_result,0,2025-11-03 10:18:16+00:00,E0107,wach,0.74,,,,,,,,
_result,0,2025-11-03 10:20:20+00:00,E0107,wach,0.74,,,,,,,,
_result,1,2025-11-03 10:22:46+00:00,E0107,wach,,A,4.6,4.0,4.29,,,,
_result,0,2025-11-03 10:22:47+00:00,E0107,wach,0.74,,,,,,,,
_result,0,2025-11-03 10:24:23+00:00,E0107,wach,0.74,,,,,,,,
_result,0,2025-11-03 10:26:21+00:00,E0107,wach,0.75,,,,,,,,
_result,0,2025-11-03 10:28:20+00:00,E0107,wach,0.75,,,,,,,,
_result,2,2025-11-03 10:30:19+00:00,E0107,wach,,V,,,,235.4,233.3,235.6,
_result,1,2025-11-03 10:30:20+00:00,E0107,wach,,A,4.6,4.0,4.29,,,,
_result,0,2025-11-03 10:30:21+00:00,E0107,wach,0.75,,,,,,,,
_result,2,2025-11-03 10:32:23+00:00,E0107,wach,,V,,,,235.5,233.3,,
_result,0,2025-11-03 10:32:24+00:00,E0107,wach,0.75,,,,,,,,
_result,0,2025-11-03 10:34:16+00:00,E0107,wach,0.75,,,,,,,,
_result,0,2025-11-03 10:36:22+00:00,E0107,wach,0.75,,,,,,,,
_result,1,2025-11-03 10:38:21+00:00,E0107,wach,,A,4.59,3.99,4.29,,,,
_result,0,2025-11-03 10:38:22+00:00,E0107,wach,0.75,,,,,,,,
_result,0,2025-11-03 10:40:19+00:00,E0107,wach,0.75,,,,,,,,
_result,1,2025-11-03 10:42:25+00:00,E0107,wach,,A,4.59,3.99,4.29,,,,
_result,0,2025-11-03 10:42:26+00:00,E0107,wach,0.75,,,,,,,,
_result,0,2025-11-03 10:44:17+00:00,E0107,wach,0.74,,,,,,,,
_result,0,2025-11-03 10:46:19+00:00,E0107,wach,0.74,,,,,,,,
_result,2,2025-11-03 10:48:16+00:00,E0107,wach,,V,,,,235.6,233.5,,
_result,0,2025-11-03 10:48:17+00:00,E0107,wach,0.74,,,,,,,,
_result,0,2025-11-03 10:50:25+00:00,E0107,wach,0.74,,,,,,,,
_result,1,2025-11-03 10:52:17+00:00,E0107,wach,,A,4.59,3.99,4.29,,,,
_result,0,2025-11-03 10:52:18+00:00,E0107,wach,0.74,,,,,,,,
_result,0,2025-11-03 10:54:23+00:00,E0107,wach,0.74,,,,,,,,
_result,0,2025-11-03 10:56:25+00:00,E0107,wach,0.74,,,,,,,,
_result,1,2025-11-03 10:58:19+00:00,E0107,wach,,A,4.59,3.99,4.29,,,,
_result,0,2025-11-03 10:58:20+00:00,E0107,wach,0.74,,,,,,,,
_result,0,2025-11-03 11:00:28+00:00,E0107,wach,0.74,,,,,,,,
_result,0,2025-11-03 11:02:23+00:00,E0107,wach,0.74,,,,,,,,
_result,0,2025-11-03 11:04:24+00:00,E0107,wach,0.74,,,,,,,,
_result,1,2025-11-03 11:06:28+00:00,E0107,wach,,A,4.59,3.99,4.29,,,,
_result,0,2025-11-03 11:06:29+00:00,E0107,wach,0.74,,,,,,,,
_result,2,2025-11-03 11:08:33+00:00,E0107,wach,,V,,,,235.6,233.5,,
_result,0,2025-11-03 11:08:34+00:00,E0107,wach,0.74,,,,,,,,
_result,1,2025-11-03 11:10:34+00:00,E0107,wach,,A,4.59,,,,,,
_result,0,2025-11-03 11:10:35+00:00,E0107,wach,0.74,,,,,,,,
_result,0,2025-11-03 11:12:24+00:00,E0107,wach,0.9,,,,,,,,
_result,0,2025-11-03 11:14:17+00:00,E0107,wach,0.9,,,,,,,,
_result,0,2025-11-03 11:16:23+00:00,E0107,wach,0.9,,,,,,,,
_result,0,2025-11-03 11:18:28+00:00,E0107,wach,0.9,,,,,,,,
_result,0,2025-11-03 11:20:41+00:00,E0107,wach,0.9,,,,,,,,
_result,1,2025-11-03 11:22:21+00:00,E0107,wach,,A,0.66,0.2,0.26,,,,
_result,0,2025-11-03 11:22:22+00:00,E0107,wach,0.9,,,,,,,,
_result,0,2025-11-03 11:24:26+00:00,E0107,wach,0.9,,,,,,,,
_result,1,2025-11-03 11:26:19+00:00,E0107,wach,,A,0.66,0.2,0.26,,,,
_result,0,2025-11-03 11:26:20+00:00,E0107,wach,0.9,,,,,,,,
_result,1,2025-11-03 11:28:17+00:00,E0107,wach,,A,0.66,0.2,0.26,,,,
_result,0,2025-11-03 11:28:18+00:00,E0107,wach,0.9,,,,,,,,
_result,0,2025-11-03 11:30:18+00:00,E0107,wach,0.9,,,,,,,,
_result,0,2025-11-03 11:32:27+00:00,E0107,wach,0.9,,,,,,,,
_result,1,2025-11-03 11:34:21+00:00,E0107,wach,,A,0.66,0.2,,,,,
_result,0,2025-11-03 11:34:22+00:00,E0107,wach,0.9,,,,,,,,
_result,0,2025-11-03 11:36:18+00:00,E0107,wach,0.9,,,,,,,,
_result,0,2025-11-03 11:38:22+00:00,E0107,wach,0.9,,,,,,,,
_result,2,2025-11-03 11:40:17+00:00,E0107,wach,,V,,,,235.9,234.1,236.6,
_result,0,2025-11-03 11:40:18+00:00,E0107,wach,0.9,,,,,,,,
_result,0,2025-11-03 11:42:22+00:00,E0107,wach,0.9,,,,,,,,
_result,2,2025-11-03 11:44:16+00:00,E0107,wach,,V,,,,235.9,,,
_result,0,2025-11-03 11:44:17+00:00,E0107,wach,0.9,,,,,,,,
_result,2,2025-11-03 11:46:20+00:00,E0107,wach,,V,,,,235.9,,,
_result,0,2025-11-03 11:46:21+00:00,E0107,wach,0.9,,,,,,,,
_result,2,2025-11-03 11:48:25+00:00,E0107,wach,,V,,,,236.2,234.2,236.7,
_result,0,2025-11-03 11:48:26+00:00,E0107,wach,0.9,,,,,,,,
_result,0,2025-11-03 11:50:23+00:00,E0107,wach,0.9,,,,,,,,
_result,0,2025-11-03 11:52:31+00:00,E0107,wach,0.9,,,,,,,,
_result,2,2025-11-03 11:54:21+00:00,E0107,wach,,V,,,,236.2,234.2,236.7,
_result,0,2025-11-03 11:54:22+00:00,E0107,wach,0.9,,,,,,,,
_result,0,2025-11-03 11:56:23+00:00,E0107,wach,0.9,,,,,,,,
_result,0,2025-11-03 11:58:33+00:00,E0107,wach,0.9,,,,,,,,
_result,1,2025-11-03 12:00:23+00:00,E0107,wach,,A,0.66,0.2,,,,,
_result,0,2025-11-03 12:00:24+00:00,E0107,wach,0.9,,,,,,,,
_result,0,2025-11-03 12:02:27+00:00,E0107,wach,0.9,,,,,,,,
_result,1,2025-11-03 12:04:16+00:00,E0107,wach,,A,0.66,0.2,0.26,,,,
_result,0,2025-11-03 12:04:17+00:00,E0107,wach,0.9,,,,,,,,
_result,1,2025-11-03 12:06:21+00:00,E0107,wach,,A,0.66,0.2,0.26,,,,
_result,0,2025-11-03 12:06:22+00:00,E0107,wach,0.9,,,,,,,,
_result,1,2025-11-03 12:08:24+00:00,E0107,wach,,A,0.66,0.2,0.26,,,,
_result,0,2025-11-03 12:08:25+00:00,E0107,wach,0.9,,,,,,,,
_result,0,2025-11-03 12:10:18+00:00,E0107,wach,0.9,,,,,,,,
_result,1,2025-11-03 12:12:20+00:00,E0107,wach,,A,0.66,0.2,0.26,,,,
_result,0,2025-11-03 12:12:21+00:00,E0107,wach,0.9,,,,,,,,
_result,0,2025-11-03 12:14:27+00:00,E0107,wach,0.9,,,,,,,,
_result,0,2025-11-03 12:16:23+00:00,E0107,wach,0.9,,,,,,,,
_result,1,2025-11-03 12:18:15+00:00,E0107,wach,,A,0.66,0.2,0.26,,,,
_result,0,2025-11-03 12:18:16+00:00,E0107,wach,0.9,,,,,,,,
_result,0,2025-11-03 12:20:21+00:00,E0107,wach,0.9,,,,,,,,
_result,1,2025-11-03 12:22:19+00:00,E0107,wach,,A,0.66,0.2,0.26,,,,
_result,0,2025-11-03 12:22:27+00:00,E0107,wach,0.9,,,,,,,,
_result,1,2025-11-03 12:24:19+00:00,E0107,wach,,A,0.66,0.2,0.26,,,,
_result,0,2025-11-03 12:24:20+00:00,E0107,wach,0.9,,,,,,,,
_result,1,2025-11-03 12:26:15+00:00,E0107,wach,,A,0.66,0.2,0.26,,,,
_result,0,2025-11-03 12:26:16+00:00,E0107,wach,0.9,,,,,,,,
_result,0,2025-11-03 12:28:24+00:00,E0107,wach,0.9,,,,,,,,
_result,0,2025-11-03 12:30:22+00:00,E0107,wach,0.9,,,,,,,,
_result,0,2025-11-03 12:32:39+00:00,E0107,wach,0.9,,,,,,,,
_result,0,2025-11-03 12:34:25+00:00,E0107,wach,0.9,,,,,,,,
_result,0,2025-11-03 12:36:21+00:00,E0107,wach,0.9,,,,,,,,
_result,1,2025-11-03 12:38:17+00:00,E0107,wach,,A,0.66,0.2,0.26,,,,
_result,0,2025-11-03 12:38:18+00:00,E0107,wach,0.9,,,,,,,,
_result,1,2025-11-03 12:40:19+00:00,E0107,wach,,A,0.66,0.2,0.26,,,,
_result,0,2025-11-03 12:40:20+00:00,E0107,wach,0.9,,,,,,,,
_result,0,2025-11-03 12:42:20+00:00,E0107,wach,0.9,,,,,,,,
_result,1,2025-11-03 12:44:20+00:00,E0107,wach,,A,0.66,0.2,0.26,,,,
_result,0,2025-11-03 12:44:21+00:00,E0107,wach,0.9,,,,,,,,
_result,0,2025-11-03 12:46:21+00:00,E0107,wach,0.9,,,,,,,,
_result,0,2025-11-03 12:48:24+00:00,E0107,wach,0.9,,,,,,,,
_result,1,2025-11-03 12:50:20+00:00,E0107,wach,,A,0.66,0.2,0.26,,,,
_result,0,2025-11-03 12:50:21+00:00,E0107,wach,0.9,,,,,,,,
_result,2,2025-11-03 12:52:21+00:00,E0107,wach,,V,,,,236.6,234.5,237.1,
_result,0,2025-11-03 12:52:22+00:00,E0107,wach,0.9,,,,,,,,
_result,0,2025-11-03 12:54:22+00:00,E0107,wach,0.9,,,,,,,,
_result,0,2025-11-03 12:56:20+00:00,E0107,wach,0.9,,,,,,,,
_result,1,2025-11-03 12:58:20+00:00,E0107,wach,,A,0.66,0.2,0.26,,,,
_result,0,2025-11-03 12:58:21+00:00,E0107,wach,0.9,,,,,,,,
_result,0,2025-11-03 13:01:21+00:00,E0107,wach,0.9,,,,,,,,
_result,0,2025-11-03 13:02:33+00:00,E0107,wach,0.9,,,,,,,,
_result,0,2025-11-03 13:04:23+00:00,E0107,wach,0.9,,,,,,,,
_result,0,2025-11-03 13:06:29+00:00,E0107,wach,0.9,,,,,,,,
_result,1,2025-11-03 13:08:18+00:00,E0107,wach,,A,0.66,0.2,0.26,,,,
_result,0,2025-11-03 13:08:19+00:00,E0107,wach,0.9,,,,,,,,
_result,1,2025-11-03 13:10:20+00:00,E0107,wach,,A,0.66,0.2,,,,,
_result,0,2025-11-03 13:10:21+00:00,E0107,wach,0.9,,,,,,,,
_result,1,2025-11-03 13:12:21+00:00,E0107,wach,,A,0.66,0.2,0.26,,,,
_result,0,2025-11-03 13:12:22+00:00,E0107,wach,0.9,,,,,,,,
_result,2,2025-11-03 13:14:20+00:00,E0107,wach,,V,,,,236.3,,,
_result,0,2025-11-03 13:14:21+00:00,E0107,wach,0.9,,,,,,,,
_result,0,2025-11-03 13:16:25+00:00,E0107,wach,0.9,,,,,,,,
_result,2,2025-11-03 13:18:22+00:00,E0107,wach,,V,,,,236.3,,,
_result,0,2025-11-03 13:18:23+00:00,E0107,wach,0.9,,,,,,,,
_result,0,2025-11-03 13:20:24+00:00,E0107,wach,0.9,,,,,,,,
_result,0,2025-11-03 13:22:22+00:00,E0107,wach,0.9,,,,,,,,
_result,1,2025-11-03 13:24:37+00:00,E0107,wach,,A,0.66,0.2,0.26,,,,
_result,0,2025-11-03 13:24:38+00:00,E0107,wach,0.9,,,,,,,,
_result,0,2025-11-03 13:26:31+00:00,E0107,wach,0.9,,,,,,,,
_result,2,2025-11-03 13:28:20+00:00,E0107,wach,,V,,,,237.0,,,
_result,0,2025-11-03 13:28:21+00:00,E0107,wach,0.9,,,,,,,,
_result,0,2025-11-03 13:30:22+00:00,E0107,wach,0.9,,,,,,,,
_result,1,2025-11-03 13:32:23+00:00,E0107,wach,,A,0.66,,,,,,
_result,0,2025-11-03 13:32:24+00:00,E0107,wach,0.9,,,,,,,,
_result,2,2025-11-03 13:34:23+00:00,E0107,wach,,V,,,,237.0,235.0,237.6,
_result,0,2025-11-03 13:34:24+00:00,E0107,wach,0.9,,,,,,,,
_result,0,2025-11-03 13:36:17+00:00,E0107,wach,0.9,,,,,,,,
_result,0,2025-11-03 13:38:21+00:00,E0107,wach,0.9,,,,,,,,
_result,0,2025-11-03 13:40:22+00:00,E0107,wach,0.9,,,,,,,,
_result,0,2025-11-03 13:42:22+00:00,E0107,wach,0.9,,,,,,,,
_result,1,2025-11-03 13:44:23+00:00,E0107,wach,,A,0.66,0.2,0.26,,,,
_result,0,2025-11-03 13:44:24+00:00,E0107,wach,0.9,,,,,,,,
_result,0,2025-11-03 13:46:27+00:00,E0107,wach,0.9,,,,,,,,
_result,0,2025-11-03 13:48:20+00:00,E0107,wach,0.9,,,,,,,,
_result,2,2025-11-03 13:50:22+00:00,E0107,wach,,V,,,,237.6,235.7,238.2,
_result,0,2025-11-03 13:50:23+00:00,E0107,wach,0.9,,,,,,,,
_result,0,2025-11-03 13:52:22+00:00,E0107,wach,0.9,,,,,,,,
_result,0,2025-11-03 13:54:35+00:00,E0107,wach,0.9,,,,,,,,
_result,0,2025-11-03 13:56:18+00:00,E0107,wach,0.9,,,,,,,,
_result,0,2025-11-03 13:58:21+00:00,E0107,wach,0.9,,,,,,,,
_result,0,2025-11-03 14:00:23+00:00,E0107,wach,0.9,,,,,,,,
_result,1,2025-11-03 14:02:21+00:00,E0107,wach,,A,0.66,,,,,,
_result,0,2025-11-03 14:02:22+00:00,E0107,wach,0.9,,,,,,,,
_result,1,2025-11-03 14:04:21+00:00,E0107,wach,,A,0.66,0.2,0.26,,,,
_result,0,2025-11-03 14:04:22+00:00,E0107,wach,0.9,,,,,,,,
_result,1,2025-11-03 14:06:31+00:00,E0107,wach,,A,0.66,0.2,0.26,,,,
_result,0,2025-11-03 14:06:32+00:00,E0107,wach,0.9,,,,,,,,
_result,0,2025-11-03 14:08:24+00:00,E0107,wach,0.9,,,,,,,,
_result,0,2025-11-03 14:10:21+00:00,E0107,wach,0.9,,,,,,,,
_result,1,2025-11-03 14:12:28+00:00,E0107,wach,,A,0.66,0.2,0.26,,,,
_result,0,2025-11-03 14:12:29+00:00,E0107,wach,0.9,,,,,,,,
_result,2,2025-11-03 14:14:24+00:00,E0107,wach,,V,,,,238.8,236.8,239.3,
_result,1,2025-11-03 14:14:25+00:00,E0107,wach,,A,0.66,0.2,0.26,,,,
_result,0,2025-11-03 14:14:26+00:00,E0107,wach,0.9,,,,,,,,
_result,2,2025-11-03 14:16:24+00:00,E0107,wach,,V,,,,238.8,236.8,239.3,
_result,0,2025-11-03 14:16:25+00:00,E0107,wach,0.9,,,,,,,,
_result,2,2025-11-03 14:18:16+00:00,E0107,wach,,V,,,,238.8,,,
_result,0,2025-11-03 14:18:17+00:00,E0107,wach,0.9,,,,,,,,
_result,0,2025-11-03 14:20:22+00:00,E0107,wach,0.9,,,,,,,,
_result,1,2025-11-03 14:22:19+00:00,E0107,wach,,A,0.66,0.2,,,,,
_result,0,2025-11-03 14:22:20+00:00,E0107,wach,0.9,,,,,,,,
_result,0,2025-11-03 14:24:23+00:00,E0107,wach,0.9,,,,,,,,
_result,0,2025-11-03 14:26:34+00:00,E0107,wach,0.9,,,,,,,,
_result,1,2025-11-03 14:28:24+00:00,E0107,wach,,A,0.66,0.2,0.26,,,,
_result,0,2025-11-03 14:28:25+00:00,E0107,wach,0.9,,,,,,,,
_result,0,2025-11-03 14:30:16+00:00,E0107,wach,0.9,,,,,,,,
_result,1,2025-11-03 14:32:25+00:00,E0107,wach,,A,0.66,0.2,0.26,,,,
_result,0,2025-11-03 14:32:26+00:00,E0107,wach,0.9,,,,,,,,
_result,1,2025-11-03 14:34:24+00:00,E0107,wach,,A,0.66,0.2,0.26,,,,
_result,0,2025-11-03 14:34:25+00:00,E0107,wach,0.9,,,,,,,,
_result,0,2025-11-03 14:36:23+00:00,E0107,wach,0.9,,,,,,,,
_result,0,2025-11-03 14:38:45+00:00,E0107,wach,0.9,,,,,,,,
_result,0,2025-11-03 14:40:23+00:00,E0107,wach,0.9,,,,,,,,
_result,0,2025-11-03 14:42:22+00:00,E0107,wach,0.9,,,,,,,,
_result,0,2025-11-03 14:44:23+00:00,E0107,wach,0.9,,,,,,,,
_result,2,2025-11-03 14:46:22+00:00,E0107,wach,,V,,,,238.1,236.1,238.6,
_result,0,2025-11-03 14:46:23+00:00,E0107,wach,0.9,,,,,,,,
_result,1,2025-11-03 14:48:23+00:00,E0107,wach,,A,0.66,0.2,0.26,,,,
_result,0,2025-11-03 14:48:24+00:00,E0107,wach,0.9,,,,,,,,
_result,1,2025-11-03 14:50:20+00:00,E0107,wach,,A,0.66,0.2,0.26,,,,
_result,0,2025-11-03 14:50:21+00:00,E0107,wach,0.9,,,,,,,,
_result,0,2025-11-03 14:52:26+00:00,E0107,wach,0.9,,,,,,,,
_result,2,2025-11-03 14:54:19+00:00,E0107,wach,,V,,,,237.6,235.7,238.3,
_result,0,2025-11-03 14:54:20+00:00,E0107,wach,0.9,,,,,,,,
_result,0,2025-11-03 14:56:19+00:00,E0107,wach,0.9,,,,,,,,
_result,0,2025-11-03 14:58:24+00:00,E0107,wach,0.9,,,,,,,,
_result,0,2025-11-03 15:00:28+00:00,E0107,wach,0.9,,,,,,,,
_result,1,2025-11-03 15:02:20+00:00,E0107,wach,,A,0.66,,,,,,
_result,0,2025-11-03 15:02:21+00:00,E0107,wach,0.9,,,,,,,,
_result,1,2025-11-03 15:04:17+00:00,E0107,wach,,A,0.66,0.2,0.26,,,,
_result,0,2025-11-03 15:04:18+00:00,E0107,wach,0.9,,,,,,,,
_result,0,2025-11-03 15:06:22+00:00,E0107,wach,0.9,,,,,,,,
_result,1,2025-11-03 15:08:21+00:00,E0107,wach,,A,0.66,0.2,0.26,,,,
_result,0,2025-11-03 15:08:22+00:00,E0107,wach,0.9,,,,,,,,
_result,2,2025-11-03 15:11:08+00:00,E0107,wach,,V,,,,238.5,236.7,239.1,
_result,0,2025-11-03 15:11:09+00:00,E0107,wach,0.9,,,,,,,,
_result,0,2025-11-03 15:12:25+00:00,E0107,wach,0.9,,,,,,,,
_result,0,2025-11-03 15:14:37+00:00,E0107,wach,0.9,,,,,,,,
_result,0,2025-11-03 15:16:23+00:00,E0107,wach,0.9,,,,,,,,
_result,1,2025-11-03 15:18:22+00:00,E0107,wach,,A,0.66,0.2,0.26,,,,
_result,0,2025-11-03 15:18:23+00:00,E0107,wach,0.9,,,,,,,,
_result,1,2025-11-03 15:20:26+00:00,E0107,wach,,A,0.66,0.2,0.26,,,,
_result,0,2025-11-03 15:20:27+00:00,E0107,wach,0.9,,,,,,,,
_result,1,2025-11-03 15:22:20+00:00,E0107,wach,,A,0.66,0.2,0.26,,,,
_result,0,2025-11-03 15:22:21+00:00,E0107,wach,0.9,,,,,,,,
_result,2,2025-11-03 15:24:17+00:00,E0107,wach,,V,,,,238.7,,,
_result,0,2025-11-03 15:24:18+00:00,E0107,wach,0.9,,,,,,,,
_result,1,2025-11-03 15:26:23+00:00,E0107,wach,,A,0.66,0.2,0.26,,,,
_result,0,2025-11-03 15:26:24+00:00,E0107,wach,0.9,,,,,,,,
_result,2,2025-11-03 15:28:25+00:00,E0107,wach,,V,,,,239.2,237.3,239.6,
_result,0,2025-11-03 15:28:26+00:00,E0107,wach,0.9,,,,,,,,
_result,2,2025-11-03 15:30:23+00:00,E0107,wach,,V,,,,239.2,,,
_result,0,2025-11-03 15:30:24+00:00,E0107,wach,0.9,,,,,,,,
_result,0,2025-11-03 15:32:21+00:00,E0107,wach,0.9,,,,,,,,
_result,0,2025-11-03 15:34:22+00:00,E0107,wach,0.9,,,,,,,,
_result,1,2025-11-03 15:36:22+00:00,E0107,wach,,A,0.66,0.2,0.27,,,,
_result,0,2025-11-03 15:36:23+00:00,E0107,wach,0.9,,,,,,,,
_result,2,2025-11-03 15:38:18+00:00,E0107,wach,,V,,,,239.2,,,
_result,0,2025-11-03 15:38:19+00:00,E0107,wach,0.9,,,,,,,,
_result,1,2025-11-03 15:40:20+00:00,E0107,wach,,A,0.66,0.2,0.27,,,,
_result,0,2025-11-03 15:40:21+00:00,E0107,wach,0.9,,,,,,,,
_result,2,2025-11-03 15:42:20+00:00,E0107,wach,,V,,,,239.2,237.2,,
_result,0,2025-11-03 15:42:21+00:00,E0107,wach,0.9,,,,,,,,
_result,2,2025-11-03 15:44:20+00:00,E0107,wach,,V,,,,239.2,237.2,239.7,
_result,0,2025-11-03 15:44:21+00:00,E0107,wach,0.9,,,,,,,,
_result,1,2025-11-03 15:46:23+00:00,E0107,wach,,A,0.66,0.2,0.27,,,,
_result,0,2025-11-03 15:46:24+00:00,E0107,wach,0.9,,,,,,,,
_result,0,2025-11-03 15:48:24+00:00,E0107,wach,0.9,,,,,,,,
_result,0,2025-11-03 15:50:22+00:00,E0107,wach,0.9,,,,,,,,
_result,0,2025-11-03 15:52:20+00:00,E0107,wach,0.9,,,,,,,,
_result,0,2025-11-03 15:54:22+00:00,E0107,wach,0.9,,,,,,,,
_result,0,2025-11-03 15:56:23+00:00,E0107,wach,0.9,,,,,,,,
_result,0,2025-11-03 15:58:28+00:00,E0107,wach,0.9,,,,,,,,
_result,1,2025-11-03 16:00:26+00:00,E0107,wach,,A,0.66,0.2,0.27,,,,
_result,0,2025-11-03 16:00:27+00:00,E0107,wach,0.9,,,,,,,,
_result,1,2025-11-03 16:02:17+00:00,E0107,wach,,A,0.66,0.2,0.27,,,,
_result,0,2025-11-03 16:02:18+00:00,E0107,wach,0.9,,,,,,,,
_result,2,2025-11-03 16:04:18+00:00,E0107,wach,,V,,,,239.7,237.8,240.2,
_result,0,2025-11-03 16:04:19+00:00,E0107,wach,0.9,,,,,,,,
_result,0,2025-11-03 16:06:20+00:00,E0107,wach,0.9,,,,,,,,
_result,0,2025-11-03 16:08:17+00:00,E0107,wach,0.9,,,,,,,,
_result,0,2025-11-03 16:10:23+00:00,E0107,wach,0.9,,,,,,,,
_result,0,2025-11-03 16:12:24+00:00,E0107,wach,0.9,,,,,,,,
_result,2,2025-11-03 16:14:17+00:00,E0107,wach,,V,,,,239.7,237.8,240.2,
_result,0,2025-11-03 16:14:18+00:00,E0107,wach,0.9,,,,,,,,
_result,0,2025-11-03 16:16:23+00:00,E0107,wach,0.9,,,,,,,,
_result,0,2025-11-03 16:18:24+00:00,E0107,wach,0.9,,,,,,,,
_result,1,2025-11-03 16:20:22+00:00,E0107,wach,,A,0.66,0.2,0.27,,,,
_result,0,2025-11-03 16:20:23+00:00,E0107,wach,0.9,,,,,,,,
_result,0,2025-11-03 16:22:17+00:00,E0107,wach,0.9,,,,,,,,
_result,1,2025-11-03 16:24:22+00:00,E0107,wach,,A,0.66,0.2,,,,,
_result,0,2025-11-03 16:24:23+00:00,E0107,wach,0.89,,,,,,,,
_result,1,2025-11-03 16:26:17+00:00,E0107,wach,,A,0.66,0.2,0.27,,,,
_result,0,2025-11-03 16:26:18+00:00,E0107,wach,0.89,,,,,,,,
_result,0,2025-11-03 16:28:24+00:00,E0107,wach,0.89,,,,,,,,
_result,0,2025-11-03 16:30:23+00:00,E0107,wach,0.89,,,,,,,,
_result,1,2025-11-03 16:32:22+00:00,E0107,wach,,A,0.66,0.2,0.27,,,,
_result,0,2025-11-03 16:32:23+00:00,E0107,wach,0.89,,,,,,,,
_result,0,2025-11-03 16:34:23+00:00,E0107,wach,0.89,,,,,,,,
_result,1,2025-11-03 16:36:22+00:00,E0107,wach,,A,0.66,0.2,0.27,,,,
_result,0,2025-11-03 16:36:23+00:00,E0107,wach,0.89,,,,,,,,
_result,0,2025-11-03 16:38:21+00:00,E0107,wach,0.89,,,,,,,,
_result,1,2025-11-03 16:40:19+00:00,E0107,wach,,A,0.66,0.2,0.27,,,,
_result,0,2025-11-03 16:40:20+00:00,E0107,wach,0.89,,,,,,,,
_result,0,2025-11-03 16:42:18+00:00,E0107,wach,0.89,,,,,,,,
_result,0,2025-11-03 16:44:21+00:00,E0107,wach,0.89,,,,,,,,
_result,0,2025-11-03 16:46:22+00:00,E0107,wach,0.89,,,,,,,,
_result,2,2025-11-03 16:48:24+00:00,E0107,wach,,V,,,,240.5,238.5,,
_result,0,2025-11-03 16:48:25+00:00,E0107,wach,0.89,,,,,,,,
_result,1,2025-11-03 16:50:21+00:00,E0107,wach,,A,0.66,0.2,0.26,,,,
_result,0,2025-11-03 16:50:22+00:00,E0107,wach,0.9,,,,,,,,
_result,0,2025-11-03 16:52:22+00:00,E0107,wach,0.9,,,,,,,,
_result,0,2025-11-03 16:54:20+00:00,E0107,wach,0.9,,,,,,,,
_result,1,2025-11-03 16:56:21+00:00,E0107,wach,,A,0.66,0.2,0.26,,,,
_result,0,2025-11-03 16:56:22+00:00,E0107,wach,0.9,,,,,,,,
_result,0,2025-11-03 16:58:22+00:00,E0107,wach,0.9,,,,,,,,
_result,0,2025-11-03 17:00:28+00:00,E0107,wach,0.9,,,,,,,,
_result,2,2025-11-03 17:02:24+00:00,E0107,wach,,V,,,,236.8,234.8,237.2,
_result,0,2025-11-03 17:02:25+00:00,E0107,wach,0.9,,,,,,,,
_result,1,2025-11-03 17:04:19+00:00,E0107,wach,,A,0.66,0.2,0.26,,,,
_result,0,2025-11-03 17:04:20+00:00,E0107,wach,0.9,,,,,,,,
_result,0,2025-11-03 17:06:21+00:00,E0107,wach,0.9,,,,,,,,
_result,0,2025-11-03 17:08:17+00:00,E0107,wach,0.9,,,,,,,,
_result,1,2025-11-03 17:10:17+00:00,E0107,wach,,A,0.66,0.2,0.26,,,,
_result,0,2025-11-03 17:10:18+00:00,E0107,wach,0.9,,,,,,,,
_result,1,2025-11-03 17:12:23+00:00,E0107,wach,,A,0.66,0.2,0.26,,,,
_result,0,2025-11-03 17:12:24+00:00,E0107,wach,0.9,,,,,,,,
_result,0,2025-11-03 17:14:18+00:00,E0107,wach,0.9,,,,,,,,
_result,2,2025-11-03 17:16:18+00:00,E0107,wach,,V,,,,237.3,235.3,237.8,
_result,0,2025-11-03 17:16:19+00:00,E0107,wach,0.9,,,,,,,,
_result,0,2025-11-03 17:18:18+00:00,E0107,wach,0.9,,,,,,,,
_result,0,2025-11-03 17:20:25+00:00,E0107,wach,0.9,,,,,,,,
_result,0,2025-11-03 17:22:22+00:00,E0107,wach,0.9,,,,,,,,
_result,0,2025-11-03 17:24:20+00:00,E0107,wach,0.9,,,,,,,,
_result,0,2025-11-03 17:26:18+00:00,E0107,wach,0.9,,,,,,,,
_result,1,2025-11-03 17:28:25+00:00,E0107,wach,,A,0.66,0.2,0.26,,,,
_result,0,2025-11-03 17:28:26+00:00,E0107,wach,0.9,,,,,,,,
_result,0,2025-11-03 17:30:22+00:00,E0107,wach,0.9,,,,,,,,
_result,0,2025-11-03 17:32:26+00:00,E0107,wach,0.9,,,,,,,,
_result,1,2025-11-03 17:34:18+00:00,E0107,wach,,A,0.66,0.2,0.26,,,,
_result,0,2025-11-03 17:34:19+00:00,E0107,wach,0.9,,,,,,,,
_result,2,2025-11-03 17:36:18+00:00,E0107,wach,,V,,,,237.8,235.9,238.3,
_result,0,2025-11-03 17:36:19+00:00,E0107,wach,0.9,,,,,,,,
_result,1,2025-11-03 17:38:22+00:00,E0107,wach,,A,0.66,0.2,0.26,,,,
_result,0,2025-11-03 17:38:23+00:00,E0107,wach,0.9,,,,,,,,
_result,0,2025-11-03 17:40:23+00:00,E0107,wach,0.9,,,,,,,,
_result,1,2025-11-03 17:42:22+00:00,E0107,wach,,A,0.66,0.2,0.26,,,,
_result,0,2025-11-03 17:42:23+00:00,E0107,wach,0.9,,,,,,,,
_result,2,2025-11-03 17:44:24+00:00,E0107,wach,,V,,,,238.3,236.5,238.7,
_result,0,2025-11-03 17:44:25+00:00,E0107,wach,0.9,,,,,,,,
_result,1,2025-11-03 17:46:18+00:00,E0107,wach,,A,0.66,0.2,,,,,
_result,0,2025-11-03 17:46:19+00:00,E0107,wach,0.9,,,,,,,,
_result,2,2025-11-03 17:48:22+00:00,E0107,wach,,V,,,,238.3,236.5,238.7,
_result,0,2025-11-03 17:48:23+00:00,E0107,wach,0.9,,,,,,,,
_result,0,2025-11-03 17:50:21+00:00,E0107,wach,0.9,,,,,,,,
_result,0,2025-11-03 17:52:15+00:00,E0107,wach,0.9,,,,,,,,
_result,1,2025-11-03 17:54:17+00:00,E0107,wach,,A,0.66,0.2,0.26,,,,
_result,0,2025-11-03 17:54:18+00:00,E0107,wach,0.9,,,,,,,,
_result,0,2025-11-03 17:56:19+00:00,E0107,wach,0.9,,,,,,,,
_result,2,2025-11-03 17:58:19+00:00,E0107,wach,,V,,,,237.9,,,
_result,0,2025-11-03 17:58:20+00:00,E0107,wach,0.9,,,,,,,,
_result,2,2025-11-03 18:00:25+00:00,E0107,wach,,V,,,,237.9,,,
_result,0,2025-11-03 18:00:26+00:00,E0107,wach,0.9,,,,,,,,
_result,0,2025-11-03 18:02:31+00:00,E0107,wach,0.9,,,,,,,,
_result,1,2025-11-03 18:04:17+00:00,E0107,wach,,A,0.66,0.2,0.26,,,,
_result,0,2025-11-03 18:04:18+00:00,E0107,wach,0.9,,,,,,,,
_result,2,2025-11-03 18:06:19+00:00,E0107,wach,,V,,,,237.9,,,
_result,1,2025-11-03 18:06:20+00:00,E0107,wach,,A,0.66,0.2,0.26,,,,
_result,0,2025-11-03 18:06:21+00:00,E0107,wach,0.9,,,,,,,,
_result,0,2025-11-03 18:08:17+00:00,E0107,wach,0.9,,,,,,,,
_result,1,2025-11-03 18:10:22+00:00,E0107,wach,,A,0.66,,,,,,
_result,0,2025-11-03 18:10:23+00:00,E0107,wach,0.9,,,,,,,,
_result,1,2025-11-03 18:12:21+00:00,E0107,wach,,A,0.66,0.2,0.26,,,,
_result,0,2025-11-03 18:12:22+00:00,E0107,wach,0.9,,,,,,,,
_result,2,2025-11-03 18:14:19+00:00,E0107,wach,,V,,,,238.3,,,
_result,1,2025-11-03 18:14:20+00:00,E0107,wach,,A,0.66,0.2,0.26,,,,
_result,0,2025-11-03 18:14:21+00:00,E0107,wach,0.9,,,,,,,,
_result,0,2025-11-03 18:16:20+00:00,E0107,wach,0.9,,,,,,,,
_result,0,2025-11-03 18:18:19+00:00,E0107,wach,0.9,,,,,,,,
_result,1,2025-11-03 18:20:17+00:00,E0107,wach,,A,0.66,0.2,0.26,,,,
_result,0,2025-11-03 18:20:18+00:00,E0107,wach,0.9,,,,,,,,
_result,2,2025-11-03 18:22:23+00:00,E0107,wach,,V,,,,238.9,237.0,239.3,
_result,0,2025-11-03 18:22:24+00:00,E0107,wach,0.9,,,,,,,,
_result,2,2025-11-03 18:24:20+00:00,E0107,wach,,V,,,,236.7,235.0,237.3,
_result,0,2025-11-03 18:24:21+00:00,E0107,wach,0.9,,,,,,,,
_result,1,2025-11-03 18:26:19+00:00,E0107,wach,,A,0.66,0.2,0.26,,,,
_result,3,2025-11-03 18:26:20+00:00,E0107,wach,,kW,,,,,,,0.237621
_result,0,2025-11-03 18:26:22+00:00,E0107,wach,0.9,,,,,,,,
_result,0,2025-11-03 18:28:15+00:00,E0107,wach,0.9,,,,,,,,
_result,2,2025-11-03 18:30:22+00:00,E0107,wach,,V,,,,238.5,236.6,238.9,
_result,0,2025-11-03 18:30:23+00:00,E0107,wach,0.9,,,,,,,,
_result,0,2025-11-03 18:32:21+00:00,E0107,wach,0.9,,,,,,,,
_result,0,2025-11-03 18:34:18+00:00,E0107,wach,0.9,,,,,,,,
_result,0,2025-11-03 18:36:19+00:00,E0107,wach,0.9,,,,,,,,
_result,1,2025-11-03 18:38:27+00:00,E0107,wach,,A,0.66,0.2,0.26,,,,
_result,0,2025-11-03 18:38:34+00:00,E0107,wach,0.9,,,,,,,,
_result,0,2025-11-03 18:40:30+00:00,E0107,wach,0.9,,,,,,,,
_result,0,2025-11-03 18:42:19+00:00,E0107,wach,0.9,,,,,,,,
_result,2,2025-11-03 18:44:20+00:00,E0107,wach,,V,,,,238.6,236.8,239.0,
_result,1,2025-11-03 18:44:21+00:00,E0107,wach,,A,0.66,0.2,0.26,,,,
_result,0,2025-11-03 18:44:22+00:00,E0107,wach,0.9,,,,,,,,
_result,1,2025-11-03 18:46:19+00:00,E0107,wach,,A,0.66,0.2,0.26,,,,
_result,0,2025-11-03 18:46:20+00:00,E0107,wach,0.9,,,,,,,,
_result,1,2025-11-03 18:48:27+00:00,E0107,wach,,A,0.66,0.2,0.26,,,,
_result,0,2025-11-03 18:48:28+00:00,E0107,wach,0.9,,,,,,,,
_result,2,2025-11-03 18:50:18+00:00,E0107,wach,,V,,,,239.1,237.3,239.5,
_result,0,2025-11-03 18:50:19+00:00,E0107,wach,0.9,,,,,,,,
_result,1,2025-11-03 18:52:20+00:00,E0107,wach,,A,0.66,0.2,0.26,,,,
_result,0,2025-11-03 18:52:21+00:00,E0107,wach,0.9,,,,,,,,
_result,0,2025-11-03 18:54:21+00:00,E0107,wach,0.9,,,,,,,,
_result,0,2025-11-03 18:56:18+00:00,E0107,wach,0.9,,,,,,,,
_result,0,2025-11-03 18:58:16+00:00,E0107,wach,0.9,,,,,,,,
_result,1,2025-11-03 19:00:22+00:00,E0107,wach,,A,0.66,0.2,0.27,,,,
_result,0,2025-11-03 19:00:23+00:00,E0107,wach,0.9,,,,,,,,
_result,0,2025-11-03 19:02:23+00:00,E0107,wach,0.9,,,,,,,,
_result,0,2025-11-03 19:04:21+00:00,E0107,wach,0.9,,,,,,,,
_result,0,2025-11-03 19:06:24+00:00,E0107,wach,0.9,,,,,,,,
_result,0,2025-11-03 19:08:26+00:00,E0107,wach,0.9,,,,,,,,
_result,2,2025-11-03 19:10:21+00:00,E0107,wach,,V,,,,239.3,237.4,239.6,
_result,0,2025-11-03 19:10:22+00:00,E0107,wach,0.9,,,,,,,,
_result,0,2025-11-03 19:12:28+00:00,E0107,wach,0.9,,,,,,,,
_result,0,2025-11-03 19:14:25+00:00,E0107,wach,0.9,,,,,,,,
_result,0,2025-11-03 19:16:24+00:00,E0107,wach,0.9,,,,,,,,
_result,0,2025-11-03 19:18:18+00:00,E0107,wach,0.9,,,,,,,,
_result,0,2025-11-03 19:20:24+00:00,E0107,wach,0.9,,,,,,,,
_result,2,2025-11-03 19:22:20+00:00,E0107,wach,,V,,,,238.7,236.6,239.1,
_result,0,2025-11-03 19:22:21+00:00,E0107,wach,0.9,,,,,,,,
_result,0,2025-11-03 19:24:20+00:00,E0107,wach,0.9,,,,,,,,
_result,1,2025-11-03 19:26:17+00:00,E0107,wach,,A,0.66,0.2,0.26,,,,
_result,0,2025-11-03 19:26:18+00:00,E0107,wach,0.9,,,,,,,,
_result,2,2025-11-03 19:28:19+00:00,E0107,wach,,V,,,,238.7,236.6,239.1,
_result,0,2025-11-03 19:28:20+00:00,E0107,wach,0.9,,,,,,,,
_result,1,2025-11-03 19:30:18+00:00,E0107,wach,,A,0.66,0.2,0.26,,,,
_result,0,2025-11-03 19:30:19+00:00,E0107,wach,0.9,,,,,,,,
_result,1,2025-11-03 19:32:18+00:00,E0107,wach,,A,0.66,0.2,0.26,,,,
_result,0,2025-11-03 19:32:19+00:00,E0107,wach,0.9,,,,,,,,
_result,0,2025-11-03 19:34:21+00:00,E0107,wach,0.9,,,,,,,,
_result,0,2025-11-03 19:36:21+00:00,E0107,wach,0.9,,,,,,,,
_result,2,2025-11-03 19:38:20+00:00,E0107,wach,,V,,,,239.5,237.8,239.8,
_result,0,2025-11-03 19:38:21+00:00,E0107,wach,0.9,,,,,,,,
_result,1,2025-11-03 19:40:22+00:00,E0107,wach,,A,0.66,0.2,0.27,,,,
_result,0,2025-11-03 19:40:23+00:00,E0107,wach,0.9,,,,,,,,
_result,1,2025-11-03 19:42:24+00:00,E0107,wach,,A,0.66,0.2,0.27,,,,
_result,0,2025-11-03 19:42:25+00:00,E0107,wach,0.9,,,,,,,,
_result,0,2025-11-03 19:44:20+00:00,E0107,wach,0.9,,,,,,,,
_result,0,2025-11-03 19:46:22+00:00,E0107,wach,0.9,,,,,,,,
_result,1,2025-11-03 19:48:16+00:00,E0107,wach,,A,0.66,0.2,0.27,,,,
_result,0,2025-11-03 19:48:17+00:00,E0107,wach,0.9,,,,,,,,
_result,0,2025-11-03 19:50:29+00:00,E0107,wach,0.9,,,,,,,,
_result,0,2025-11-03 19:52:22+00:00,E0107,wach,0.9,,,,,,,,
_result,0,2025-11-03 19:54:22+00:00,E0107,wach,0.9,,,,,,,,
_result,0,2025-11-03 19:56:24+00:00,E0107,wach,0.9,,,,,,,,
_result,2,2025-11-03 19:58:21+00:00,E0107,wach,,V,,,,239.6,237.8,240.0,
_result,0,2025-11-03 19:58:22+00:00,E0107,wach,0.9,,,,,,,,
_result,0,2025-11-03 20:00:24+00:00,E0107,wach,0.9,,,,,,,,
_result,0,2025-11-03 20:02:27+00:00,E0107,wach,0.9,,,,,,,,
_result,1,2025-11-03 20:04:21+00:00,E0107,wach,,A,0.66,0.2,0.27,,,,
_result,0,2025-11-03 20:04:22+00:00,E0107,wach,0.9,,,,,,,,
_result,2,2025-11-03 20:06:22+00:00,E0107,wach,,V,,,,239.6,237.8,,
_result,0,2025-11-03 20:06:23+00:00,E0107,wach,0.9,,,,,,,,
_result,1,2025-11-03 20:08:21+00:00,E0107,wach,,A,0.66,0.2,0.27,,,,
_result,0,2025-11-03 20:08:22+00:00,E0107,wach,0.9,,,,,,,,
_result,0,2025-11-03 20:10:25+00:00,E0107,wach,0.9,,,,,,,,
_result,1,2025-11-03 20:12:20+00:00,E0107,wach,,A,0.66,0.2,0.27,,,,
_result,0,2025-11-03 20:12:21+00:00,E0107,wach,0.9,,,,,,,,
_result,0,2025-11-03 20:14:21+00:00,E0107,wach,0.89,,,,,,,,
_result,2,2025-11-03 20:16:17+00:00,E0107,wach,,V,,,,239.7,237.8,240.2,
_result,0,2025-11-03 20:16:18+00:00,E0107,wach,0.89,,,,,,,,
_result,0,2025-11-03 20:18:29+00:00,E0107,wach,0.89,,,,,,,,
_result,0,2025-11-03 20:20:24+00:00,E0107,wach,0.9,,,,,,,,
_result,2,2025-11-03 20:22:16+00:00,E0107,wach,,V,,,,239.4,237.5,239.9,
_result,0,2025-11-03 20:22:17+00:00,E0107,wach,0.9,,,,,,,,
_result,0,2025-11-03 20:24:21+00:00,E0107,wach,0.9,,,,,,,,
_result,0,2025-11-03 20:26:20+00:00,E0107,wach,0.9,,,,,,,,
_result,0,2025-11-03 20:28:21+00:00,E0107,wach,0.9,,,,,,,,
_result,1,2025-11-03 20:30:18+00:00,E0107,wach,,A,0.66,0.2,,,,,
_result,0,2025-11-03 20:30:19+00:00,E0107,wach,0.9,,,,,,,,
_result,1,2025-11-03 20:32:16+00:00,E0107,wach,,A,0.66,0.2,0.27,,,,
_result,0,2025-11-03 20:32:17+00:00,E0107,wach,0.9,,,,,,,,
_result,0,2025-11-03 20:34:23+00:00,E0107,wach,0.9,,,,,,,,
_result,1,2025-11-03 20:36:29+00:00,E0107,wach,,A,0.66,0.2,0.27,,,,
_result,0,2025-11-03 20:36:30+00:00,E0107,wach,0.9,,,,,,,,
_result,0,2025-11-03 20:38:16+00:00,E0107,wach,0.9,,,,,,,,
_result,0,2025-11-03 20:40:23+00:00,E0107,wach,0.9,,,,,,,,
_result,1,2025-11-03 20:42:25+00:00,E0107,wach,,A,0.66,0.2,0.27,,,,
_result,0,2025-11-03 20:42:26+00:00,E0107,wach,0.9,,,,,,,,
_result,0,2025-11-03 20:44:22+00:00,E0107,wach,0.9,,,,,,,,
_result,0,2025-11-03 20:46:22+00:00,E0107,wach,0.9,,,,,,,,
_result,0,2025-11-03 20:48:19+00:00,E0107,wach,0.9,,,,,,,,
_result,0,2025-11-03 20:50:22+00:00,E0107,wach,0.9,,,,,,,,
_result,1,2025-11-03 20:52:22+00:00,E0107,wach,,A,0.66,0.2,0.27,,,,
_result,0,2025-11-03 20:52:23+00:00,E0107,wach,0.9,,,,,,,,
_result,2,2025-11-03 20:54:21+00:00,E0107,wach,,V,,,,239.9,238.0,240.3,
_result,0,2025-11-03 20:54:22+00:00,E0107,wach,0.9,,,,,,,,
_result,0,2025-11-03 20:56:21+00:00,E0107,wach,0.9,,,,,,,,
_result,0,2025-11-03 20:58:22+00:00,E0107,wach,0.9,,,,,,,,
_result,0,2025-11-03 21:00:39+00:00,E0107,wach,0.9,,,,,,,,
_result,1,2025-11-03 21:02:22+00:00,E0107,wach,,A,0.66,0.2,0.27,,,,
_result,0,2025-11-03 21:02:23+00:00,E0107,wach,0.9,,,,,,,,
_result,0,2025-11-03 21:04:17+00:00,E0107,wach,0.9,,,,,,,,
_result,0,2025-11-03 21:06:20+00:00,E0107,wach,0.9,,,,,,,,
_result,0,2025-11-03 21:08:17+00:00,E0107,wach,0.9,,,,,,,,
_result,0,2025-11-03 21:10:18+00:00,E0107,wach,0.9,,,,,,,,
_result,0,2025-11-03 21:12:25+00:00,E0107,wach,0.9,,,,,,,,
_result,1,2025-11-03 21:14:17+00:00,E0107,wach,,A,0.66,0.2,0.27,,,,
_result,0,2025-11-03 21:14:18+00:00,E0107,wach,0.9,,,,,,,,
_result,0,2025-11-03 21:16:21+00:00,E0107,wach,0.9,,,,,,,,
_result,0,2025-11-03 21:18:22+00:00,E0107,wach,0.9,,,,,,,,
_result,1,2025-11-03 21:20:27+00:00,E0107,wach,,A,0.66,0.2,0.27,,,,
_result,0,2025-11-03 21:20:28+00:00,E0107,wach,0.9,,,,,,,,
_result,1,2025-11-03 21:22:23+00:00,E0107,wach,,A,0.66,0.2,0.27,,,,
_result,0,2025-11-03 21:22:24+00:00,E0107,wach,0.9,,,,,,,,
_result,1,2025-11-03 21:24:20+00:00,E0107,wach,,A,0.66,0.2,0.27,,,,
_result,0,2025-11-03 21:24:21+00:00,E0107,wach,0.9,,,,,,,,
_result,0,2025-11-03 21:26:20+00:00,E0107,wach,0.9,,,,,,,,
_result,0,2025-11-03 21:28:21+00:00,E0107,wach,0.9,,,,,,,,
_result,0,2025-11-03 21:30:26+00:00,E0107,wach,0.9,,,,,,,,
_result,0,2025-11-03 21:32:22+00:00,E0107,wach,0.9,,,,,,,,
_result,1,2025-11-03 21:34:23+00:00,E0107,wach,,A,0.66,0.2,0.26,,,,
_result,0,2025-11-03 21:34:24+00:00,E0107,wach,0.9,,,,,,,,
_result,2,2025-11-03 21:36:21+00:00,E0107,wach,,V,,,,238.8,236.9,239.1,
_result,0,2025-11-03 21:36:22+00:00,E0107,wach,0.9,,,,,,,,
_result,1,2025-11-03 21:38:21+00:00,E0107,wach,,A,0.66,0.2,0.26,,,,
_result,0,2025-11-03 21:38:22+00:00,E0107,wach,0.9,,,,,,,,
_result,1,2025-11-03 21:40:25+00:00,E0107,wach,,A,0.66,0.2,0.26,,,,
_result,0,2025-11-03 21:40:26+00:00,E0107,wach,0.9,,,,,,,,
_result,0,2025-11-03 21:42:21+00:00,E0107,wach,0.9,,,,,,,,
_result,1,2025-11-03 21:44:21+00:00,E0107,wach,,A,0.66,0.2,0.26,,,,
_result,0,2025-11-03 21:44:22+00:00,E0107,wach,0.9,,,,,,,,
_result,0,2025-11-03 21:46:23+00:00,E0107,wach,0.9,,,,,,,,
_result,0,2025-11-03 21:48:21+00:00,E0107,wach,0.9,,,,,,,,
_result,1,2025-11-03 21:50:30+00:00,E0107,wach,,A,0.66,0.2,0.26,,,,
_result,0,2025-11-03 21:50:31+00:00,E0107,wach,0.9,,,,,,,,
_result,0,2025-11-03 21:52:19+00:00,E0107,wach,0.9,,,,,,,,
_result,0,2025-11-03 21:54:22+00:00,E0107,wach,0.9,,,,,,,,
_result,1,2025-11-03 21:56:23+00:00,E0107,wach,,A,0.66,0.2,0.26,,,,
_result,0,2025-11-03 21:56:24+00:00,E0107,wach,0.9,,,,,,,,
_result,1,2025-11-03 21:58:23+00:00,E0107,wach,,A,0.66,0.2,0.26,,,,
_result,0,2025-11-03 21:58:24+00:00,E0107,wach,0.9,,,,,,,,
_result,0,2025-11-03 22:01:33+00:00,E0107,wach,0.9,,,,,,,,
_result,1,2025-11-03 22:02:20+00:00,E0107,wach,,A,0.66,0.2,0.26,,,,
_result,0,2025-11-03 22:02:21+00:00,E0107,wach,0.9,,,,,,,,
_result,1,2025-11-03 22:04:19+00:00,E0107,wach,,A,0.66,,,,,,
_result,1,2025-11-03 22:04:20+00:00,E0107,wach,,A,,0.2,0.26,,,,
_result,0,2025-11-03 22:04:21+00:00,E0107,wach,0.9,,,,,,,,
_result,0,2025-11-03 22:06:24+00:00,E0107,wach,0.9,,,,,,,,
_result,2,2025-11-03 22:08:21+00:00,E0107,wach,,V,,,,238.2,236.3,238.6,
_result,0,2025-11-03 22:08:22+00:00,E0107,wach,0.9,,,,,,,,
_result,1,2025-11-03 22:10:18+00:00,E0107,wach,,A,0.66,0.2,0.26,,,,
_result,0,2025-11-03 22:10:19+00:00,E0107,wach,0.9,,,,,,,,
_result,0,2025-11-03 22:12:19+00:00,E0107,wach,0.9,,,,,,,,
_result,1,2025-11-03 22:14:19+00:00,E0107,wach,,A,0.66,0.2,0.26,,,,
_result,0,2025-11-03 22:14:20+00:00,E0107,wach,0.9,,,,,,,,
_result,0,2025-11-03 22:16:24+00:00,E0107,wach,0.9,,,,,,,,
_result,0,2025-11-03 22:18:24+00:00,E0107,wach,0.9,,,,,,,,
_result,0,2025-11-03 22:20:21+00:00,E0107,wach,0.9,,,,,,,,
_result,2,2025-11-03 22:22:25+00:00,E0107,wach,,V,,,,237.7,235.9,238.2,
_result,0,2025-11-03 22:22:26+00:00,E0107,wach,0.9,,,,,,,,
_result,1,2025-11-03 22:24:21+00:00,E0107,wach,,A,0.66,0.2,0.26,,,,
_result,0,2025-11-03 22:24:22+00:00,E0107,wach,0.9,,,,,,,,
_result,0,2025-11-03 22:26:22+00:00,E0107,wach,0.9,,,,,,,,
_result,0,2025-11-03 22:28:25+00:00,E0107,wach,0.9,,,,,,,,
_result,1,2025-11-03 22:30:17+00:00,E0107,wach,,A,0.66,0.2,0.26,,,,
_result,0,2025-11-03 22:30:18+00:00,E0107,wach,0.9,,,,,,,,
_result,0,2025-11-03 22:32:22+00:00,E0107,wach,0.9,,,,,,,,
_result,0,2025-11-03 22:34:21+00:00,E0107,wach,0.9,,,,,,,,
_result,2,2025-11-03 22:36:22+00:00,E0107,wach,,V,,,,237.4,235.4,237.8,
_result,0,2025-11-03 22:36:23+00:00,E0107,wach,0.9,,,,,,,,
_result,0,2025-11-03 22:38:22+00:00,E0107,wach,0.9,,,,,,,,
_result,2,2025-11-03 22:40:20+00:00,E0107,wach,,V,,,,237.4,,,
_result,1,2025-11-03 22:40:21+00:00,E0107,wach,,A,0.66,0.2,0.26,,,,
_result,0,2025-11-03 22:40:22+00:00,E0107,wach,0.9,,,,,,,,
_result,2,2025-11-03 22:42:25+00:00,E0107,wach,,V,,,,237.1,235.4,237.6,
_result,0,2025-11-03 22:42:26+00:00,E0107,wach,0.9,,,,,,,,
_result,2,2025-11-03 22:44:28+00:00,E0107,wach,,V,,,,237.1,235.4,237.6,
_result,0,2025-11-03 22:44:29+00:00,E0107,wach,0.9,,,,,,,,
_result,0,2025-11-03 22:46:18+00:00,E0107,wach,0.9,,,,,,,,
_result,2,2025-11-03 22:48:20+00:00,E0107,wach,,V,,,,237.0,235.2,237.4,
_result,1,2025-11-03 22:48:21+00:00,E0107,wach,,A,0.66,0.19,0.26,,,,
_result,0,2025-11-03 22:48:22+00:00,E0107,wach,0.9,,,,,,,,
_result,0,2025-11-03 22:50:29+00:00,E0107,wach,0.9,,,,,,,,
_result,1,2025-11-03 22:52:20+00:00,E0107,wach,,A,0.66,0.19,0.26,,,,
_result,0,2025-11-03 22:52:21+00:00,E0107,wach,0.9,,,,,,,,
_result,0,2025-11-03 22:54:21+00:00,E0107,wach,0.9,,,,,,,,
_result,0,2025-11-03 22:56:21+00:00,E0107,wach,0.9,,,,,,,,
_result,0,2025-11-03 22:58:25+00:00,E0107,wach,0.9,,,,,,,,
_result,1,2025-11-03 23:00:19+00:00,E0107,wach,,A,0.66,0.19,0.26,,,,
_result,3,2025-11-03 23:00:20+00:00,E0107,wach,,kW,,,,,,,0.233763
_result,0,2025-11-03 23:00:21+00:00,E0107,wach,0.9,,,,,,,,
_result,1,2025-11-03 23:02:27+00:00,E0107,wach,,A,0.66,0.19,0.25,,,,
_result,0,2025-11-03 23:02:28+00:00,E0107,wach,0.9,,,,,,,,
_result,1,2025-11-03 23:04:19+00:00,E0107,wach,,A,0.66,0.19,0.25,,,,
_result,0,2025-11-03 23:04:20+00:00,E0107,wach,0.9,,,,,,,,
_result,0,2025-11-03 23:06:21+00:00,E0107,wach,0.9,,,,,,,,
_result,0,2025-11-03 23:08:23+00:00,E0107,wach,0.9,,,,,,,,
_result,0,2025-11-03 23:10:23+00:00,E0107,wach,0.9,,,,,,,,
_result,1,2025-11-03 23:12:24+00:00,E0107,wach,,A,0.66,0.19,0.25,,,,
_result,0,2025-11-03 23:12:25+00:00,E0107,wach,0.9,,,,,,,,
_result,1,2025-11-03 23:14:23+00:00,E0107,wach,,A,4.62,4.03,4.29,,,,
_result,0,2025-11-03 23:14:24+00:00,E0107,wach,0.75,,,,,,,,
_result,0,2025-11-03 23:16:25+00:00,E0107,wach,0.75,,,,,,,,
_result,1,2025-11-03 23:18:22+00:00,E0107,wach,,A,4.62,4.03,4.29,,,,
_result,0,2025-11-03 23:18:23+00:00,E0107,wach,0.75,,,,,,,,
_result,0,2025-11-03 23:20:26+00:00,E0107,wach,0.75,,,,,,,,
_result,0,2025-11-03 23:22:23+00:00,E0107,wach,0.75,,,,,,,,
_result,0,2025-11-03 23:24:27+00:00,E0107,wach,0.75,,,,,,,,
_result,0,2025-11-03 23:26:27+00:00,E0107,wach,0.75,,,,,,,,
_result,1,2025-11-03 23:28:23+00:00,E0107,wach,,A,4.61,4.0,4.27,,,,
_result,0,2025-11-03 23:28:24+00:00,E0107,wach,0.75,,,,,,,,
_result,0,2025-11-03 23:30:26+00:00,E0107,wach,0.75,,,,,,,,
_result,1,2025-11-03 23:32:21+00:00,E0107,wach,,A,4.6,,,,,,
_result,0,2025-11-03 23:32:22+00:00,E0107,wach,0.75,,,,,,,,
_result,0,2025-11-03 23:34:23+00:00,E0107,wach,0.75,,,,,,,,
_result,0,2025-11-03 23:36:22+00:00,E0107,wach,0.75,,,,,,,,
_result,2,2025-11-03 23:38:21+00:00,E0107,wach,,V,,,,233.5,,,
_result,0,2025-11-03 23:38:22+00:00,E0107,wach,0.75,,,,,,,,
_result,1,2025-11-03 23:40:42+00:00,E0107,wach,,A,4.58,4.0,4.25,,,,
_result,0,2025-11-03 23:40:43+00:00,E0107,wach,0.75,,,,,,,,
_result,2,2025-11-03 23:42:23+00:00,E0107,wach,,V,,,,232.8,230.7,232.8,
_result,0,2025-11-03 23:42:24+00:00,E0107,wach,0.75,,,,,,,,
_result,0,2025-11-03 23:44:22+00:00,E0107,wach,0.75,,,,,,,,
_result,0,2025-11-03 23:46:22+00:00,E0107,wach,0.76,,,,,,,,
_result,2,2025-11-03 23:48:18+00:00,E0107,wach,,V,,,,231.9,229.9,231.9,
_result,0,2025-11-03 23:48:19+00:00,E0107,wach,0.76,,,,,,,,
_result,1,2025-11-03 23:50:22+00:00,E0107,wach,,A,4.56,3.99,4.23,,,,
_result,0,2025-11-03 23:50:23+00:00,E0107,wach,0.76,,,,,,,,
_result,0,2025-11-03 23:52:22+00:00,E0107,wach,0.76,,,,,,,,
_result,0,2025-11-03 23:54:24+00:00,E0107,wach,0.76,,,,,,,,
_result,0,2025-11-03 23:56:23+00:00,E0107,wach,0.76,,,,,,,,
_result,0,2025-11-03 23:58:21+00:00,E0107,wach,0.76,,,,,,,,
_result,1,2025-11-04 00:00:24+00:00,E0107,wach,,A,4.61,4.01,4.27,,,,
_result,0,2025-11-04 00:00:25+00:00,E0107,wach,0.75,,,,,,,,
_result,1,2025-11-04 00:02:18+00:00,E0107,wach,,A,4.61,,,,,,
_result,0,2025-11-04 00:02:19+00:00,E0107,wach,0.75,,,,,,,,
_result,0,2025-11-04 00:04:21+00:00,E0107,wach,0.75,,,,,,,,
_result,2,2025-11-04 00:06:17+00:00,E0107,wach,,V,,,,234.9,,,
_result,0,2025-11-04 00:06:18+00:00,E0107,wach,0.75,,,,,,,,
_result,0,2025-11-04 00:08:22+00:00,E0107,wach,0.75,,,,,,,,
_result,1,2025-11-04 00:10:19+00:00,E0107,wach,,A,4.61,4.01,4.27,,,,
_result,0,2025-11-04 00:10:20+00:00,E0107,wach,0.75,,,,,,,,
_result,0,2025-11-04 00:12:17+00:00,E0107,wach,0.75,,,,,,,,
_result,1,2025-11-04 00:14:21+00:00,E0107,wach,,A,4.61,4.01,4.27,,,,
_result,0,2025-11-04 00:14:22+00:00,E0107,wach,0.75,,,,,,,,
_result,2,2025-11-04 00:16:16+00:00,E0107,wach,,V,,,,234.9,232.8,,
_result,0,2025-11-04 00:16:17+00:00,E0107,wach,0.75,,,,,,,,
_result,0,2025-11-04 00:18:22+00:00,E0107,wach,0.75,,,,,,,,
_result,1,2025-11-04 00:20:21+00:00,E0107,wach,,A,4.61,,,,,,
_result,0,2025-11-04 00:20:22+00:00,E0107,wach,0.75,,,,,,,,
_result,2,2025-11-04 00:22:21+00:00,E0107,wach,,V,,,,234.9,232.8,234.9,
_result,0,2025-11-04 00:22:22+00:00,E0107,wach,0.75,,,,,,,,
_result,2,2025-11-04 00:24:20+00:00,E0107,wach,,V,,,,234.9,232.8,234.9,
_result,0,2025-11-04 00:24:21+00:00,E0107,wach,0.75,,,,,,,,
_result,0,2025-11-04 00:26:22+00:00,E0107,wach,0.75,,,,,,,,
_result,1,2025-11-04 00:28:15+00:00,E0107,wach,,A,4.56,3.98,,,,,
_result,0,2025-11-04 00:28:16+00:00,E0107,wach,0.76,,,,,,,,
_result,2,2025-11-04 00:30:27+00:00,E0107,wach,,V,,,,232.1,,,
_result,0,2025-11-04 00:30:28+00:00,E0107,wach,0.76,,,,,,,,
_result,1,2025-11-04 00:32:16+00:00,E0107,wach,,A,4.56,3.98,4.23,,,,
_result,0,2025-11-04 00:32:17+00:00,E0107,wach,0.76,,,,,,,,
_result,0,2025-11-04 00:34:23+00:00,E0107,wach,0.76,,,,,,,,
_result,0,2025-11-04 00:36:16+00:00,E0107,wach,0.76,,,,,,,,
_result,1,2025-11-04 00:39:31+00:00,E0107,wach,,A,4.56,3.98,4.23,,,,
_result,0,2025-11-04 00:39:32+00:00,E0107,wach,0.76,,,,,,,,
_result,0,2025-11-04 00:40:26+00:00,E0107,wach,0.76,,,,,,,,
_result,1,2025-11-04 00:42:22+00:00,E0107,wach,,A,4.56,3.98,4.23,,,,
_result,0,2025-11-04 00:42:23+00:00,E0107,wach,0.76,,,,,,,,
_result,0,2025-11-04 00:44:22+00:00,E0107,wach,0.76,,,,,,,,
_result,1,2025-11-04 00:46:21+00:00,E0107,wach,,A,4.56,3.98,4.23,,,,
_result,0,2025-11-04 00:46:22+00:00,E0107,wach,0.76,,,,,,,,
_result,0,2025-11-04 00:48:23+00:00,E0107,wach,0.75,,,,,,,,
_result,1,2025-11-04 00:51:02+00:00,E0107,wach,,A,4.59,4.0,4.26,,,,
_result,0,2025-11-04 00:51:03+00:00,E0107,wach,0.75,,,,,,,,
_result,1,2025-11-04 00:52:26+00:00,E0107,wach,,A,4.59,4.0,4.26,,,,
_result,0,2025-11-04 00:52:27+00:00,E0107,wach,0.75,,,,,,,,
_result,2,2025-11-04 00:54:20+00:00,E0107,wach,,V,,,,234.9,232.9,235.0,
_result,0,2025-11-04 00:54:21+00:00,E0107,wach,0.75,,,,,,,,
_result,0,2025-11-04 00:56:22+00:00,E0107,wach,0.75,,,,,,,,
_result,0,2025-11-04 00:58:22+00:00,E0107,wach,0.75,,,,,,,,
_result,2,2025-11-04 01:00:21+00:00,E0107,wach,,V,,,,234.9,232.9,235.0,
_result,0,2025-11-04 01:00:22+00:00,E0107,wach,0.75,,,,,,,,
_result,1,2025-11-04 01:02:25+00:00,E0107,wach,,A,4.6,4.01,4.27,,,,
_result,0,2025-11-04 01:02:26+00:00,E0107,wach,0.75,,,,,,,,
_result,0,2025-11-04 01:04:21+00:00,E0107,wach,0.75,,,,,,,,
_result,1,2025-11-04 01:06:20+00:00,E0107,wach,,A,4.6,4.01,4.27,,,,
_result,0,2025-11-04 01:06:21+00:00,E0107,wach,0.75,,,,,,,,
_result,1,2025-11-04 01:08:25+00:00,E0107,wach,,A,4.6,4.01,4.27,,,,
_result,0,2025-11-04 01:08:26+00:00,E0107,wach,0.75,,,,,,,,
_result,0,2025-11-04 01:11:26+00:00,E0107,wach,0.75,,,,,,,,
_result,0,2025-11-04 01:12:16+00:00,E0107,wach,0.75,,,,,,,,
_result,1,2025-11-04 01:14:23+00:00,E0107,wach,,A,4.6,4.01,4.27,,,,
_result,0,2025-11-04 01:14:24+00:00,E0107,wach,0.75,,,,,,,,
_result,1,2025-11-04 01:16:21+00:00,E0107,wach,,A,4.6,4.01,4.27,,,,
_result,0,2025-11-04 01:16:22+00:00,E0107,wach,0.75,,,,,,,,
_result,1,2025-11-04 01:18:21+00:00,E0107,wach,,A,4.6,4.01,4.27,,,,
_result,0,2025-11-04 01:18:22+00:00,E0107,wach,0.75,,,,,,,,
_result,1,2025-11-04 01:20:25+00:00,E0107,wach,,A,4.6,4.01,4.27,,,,
_result,0,2025-11-04 01:20:26+00:00,E0107,wach,0.75,,,,,,,,
_result,2,2025-11-04 01:22:22+00:00,E0107,wach,,V,,,,235.2,233.2,235.3,
_result,0,2025-11-04 01:22:23+00:00,E0107,wach,0.75,,,,,,,,
_result,0,2025-11-04 01:24:25+00:00,E0107,wach,0.75,,,,,,,,
_result,0,2025-11-04 01:26:23+00:00,E0107,wach,0.75,,,,,,,,
_result,0,2025-11-04 01:28:37+00:00,E0107,wach,0.75,,,,,,,,
_result,2,2025-11-04 01:30:26+00:00,E0107,wach,,V,,,,235.2,233.2,235.3,
_result,0,2025-11-04 01:30:27+00:00,E0107,wach,0.75,,,,,,,,
_result,2,2025-11-04 01:32:24+00:00,E0107,wach,,V,,,,235.2,233.2,235.3,
_result,0,2025-11-04 01:32:25+00:00,E0107,wach,0.75,,,,,,,,
_result,2,2025-11-04 01:34:25+00:00,E0107,wach,,V,,,,234.8,232.8,234.9,
_result,0,2025-11-04 01:34:26+00:00,E0107,wach,0.75,,,,,,,,
_result,0,2025-11-04 01:36:22+00:00,E0107,wach,0.75,,,,,,,,
_result,0,2025-11-04 01:38:23+00:00,E0107,wach,0.75,,,,,,,,
_result,0,2025-11-04 01:40:23+00:00,E0107,wach,0.75,,,,,,,,
_result,0,2025-11-04 01:42:24+00:00,E0107,wach,0.75,,,,,,,,
_result,0,2025-11-04 01:44:22+00:00,E0107,wach,0.75,,,,,,,,
_result,0,2025-11-04 01:46:23+00:00,E0107,wach,0.75,,,,,,,,
_result,0,2025-11-04 01:48:23+00:00,E0107,wach,0.75,,,,,,,,
_result,1,2025-11-04 01:50:28+00:00,E0107,wach,,A,4.59,4.0,4.26,,,,
_result,0,2025-11-04 01:50:29+00:00,E0107,wach,0.75,,,,,,,,
_result,0,2025-11-04 01:52:24+00:00,E0107,wach,0.75,,,,,,,,
_result,0,2025-11-04 01:54:21+00:00,E0107,wach,0.75,,,,,,,,
_result,1,2025-11-04 01:56:18+00:00,E0107,wach,,A,4.59,4.0,4.27,,,,
_result,0,2025-11-04 01:56:19+00:00,E0107,wach,0.75,,,,,,,,
_result,1,2025-11-04 01:58:21+00:00,E0107,wach,,A,4.59,4.0,4.27,,,,
_result,0,2025-11-04 01:58:22+00:00,E0107,wach,0.75,,,,,,,,
_result,1,2025-11-04 02:00:23+00:00,E0107,wach,,A,4.59,4.0,4.27,,,,
_result,0,2025-11-04 02:00:24+00:00,E0107,wach,0.75,,,,,,,,
_result,2,2025-11-04 02:02:20+00:00,E0107,wach,,V,,,,234.5,,,
_result,0,2025-11-04 02:02:21+00:00,E0107,wach,0.75,,,,,,,,
_result,0,2025-11-04 02:04:23+00:00,E0107,wach,0.75,,,,,,,,
_result,0,2025-11-04 02:06:24+00:00,E0107,wach,0.75,,,,,,,,
_result,1,2025-11-04 02:08:24+00:00,E0107,wach,,A,4.59,4.0,4.27,,,,
_result,0,2025-11-04 02:08:25+00:00,E0107,wach,0.75,,,,,,,,
_result,0,2025-11-04 02:10:23+00:00,E0107,wach,0.75,,,,,,,,
_result,1,2025-11-04 02:12:22+00:00,E0107,wach,,A,4.59,4.0,4.27,,,,
_result,0,2025-11-04 02:12:23+00:00,E0107,wach,0.75,,,,,,,,
_result,0,2025-11-04 02:14:24+00:00,E0107,wach,0.75,,,,,,,,
_result,1,2025-11-04 02:16:23+00:00,E0107,wach,,A,4.58,3.99,4.26,,,,
_result,0,2025-11-04 02:16:24+00:00,E0107,wach,0.75,,,,,,,,
_result,1,2025-11-04 02:18:25+00:00,E0107,wach,,A,4.58,3.99,4.26,,,,
_result,0,2025-11-04 02:18:26+00:00,E0107,wach,0.75,,,,,,,,
_result,0,2025-11-04 02:20:21+00:00,E0107,wach,0.75,,,,,,,,
_result,0,2025-11-04 02:22:26+00:00,E0107,wach,0.75,,,,,,,,
_result,0,2025-11-04 02:24:25+00:00,E0107,wach,0.75,,,,,,,,
_result,2,2025-11-04 02:28:17+00:00,E0107,wach,,V,,,,233.4,231.2,,
_result,2,2025-11-04 02:28:18+00:00,E0107,wach,,V,,,,,,233.5,
_result,0,2025-11-04 02:28:19+00:00,E0107,wach,0.75,,,,,,,,
_result,1,2025-11-04 02:30:20+00:00,E0107,wach,,A,4.58,4.0,,,,,
_result,0,2025-11-04 02:30:21+00:00,E0107,wach,0.75,,,,,,,,
_result,0,2025-11-04 02:32:26+00:00,E0107,wach,0.75,,,,,,,,
_result,2,2025-11-04 02:34:21+00:00,E0107,wach,,V,,,,233.6,231.5,233.7,
_result,0,2025-11-04 02:34:22+00:00,E0107,wach,0.75,,,,,,,,
_result,0,2025-11-04 02:36:24+00:00,E0107,wach,0.75,,,,,,,,
_result,2,2025-11-04 02:38:21+00:00,E0107,wach,,V,,,,233.6,231.5,233.7,
_result,0,2025-11-04 02:38:22+00:00,E0107,wach,0.75,,,,,,,,
_result,1,2025-11-04 02:40:25+00:00,E0107,wach,,A,4.57,3.99,4.25,,,,
_result,0,2025-11-04 02:40:26+00:00,E0107,wach,0.75,,,,,,,,
_result,0,2025-11-04 02:42:24+00:00,E0107,wach,0.75,,,,,,,,
_result,2,2025-11-04 02:44:26+00:00,E0107,wach,,V,,,,233.4,,,
_result,2,2025-11-04 02:44:29+00:00,E0107,wach,,V,,,,,231.3,233.4,
_result,1,2025-11-04 02:44:34+00:00,E0107,wach,,A,4.57,,,,,,
_result,1,2025-11-04 02:44:35+00:00,E0107,wach,,A,,3.99,4.25,,,,
_result,0,2025-11-04 02:44:36+00:00,E0107,wach,0.75,,,,,,,,
_result,0,2025-11-04 02:46:23+00:00,E0107,wach,0.75,,,,,,,,
_result,0,2025-11-04 02:48:22+00:00,E0107,wach,0.75,,,,,,,,
_result,2,2025-11-04 02:50:22+00:00,E0107,wach,,V,,,,233.3,231.1,,
_result,0,2025-11-04 02:50:23+00:00,E0107,wach,0.75,,,,,,,,
_result,0,2025-11-04 02:52:25+00:00,E0107,wach,0.75,,,,,,,,
_result,0,2025-11-04 02:54:22+00:00,E0107,wach,0.75,,,,,,,,
_result,0,2025-11-04 02:56:19+00:00,E0107,wach,0.75,,,,,,,,
_result,1,2025-11-04 02:58:24+00:00,E0107,wach,,A,4.59,4.0,4.27,,,,
_result,0,2025-11-04 02:58:25+00:00,E0107,wach,0.75,,,,,,,,
_result,0,2025-11-04 03:00:21+00:00,E0107,wach,0.75,,,,,,,,
_result,1,2025-11-04 03:02:30+00:00,E0107,wach,,A,4.59,4.0,4.27,,,,
_result,0,2025-11-04 03:02:31+00:00,E0107,wach,0.75,,,,,,,,
_result,0,2025-11-04 03:04:25+00:00,E0107,wach,0.75,,,,,,,,
_result,1,2025-11-04 03:06:28+00:00,E0107,wach,,A,4.59,4.0,,,,,
_result,0,2025-11-04 03:06:29+00:00,E0107,wach,0.75,,,,,,,,
_result,1,2025-11-04 03:08:30+00:00,E0107,wach,,A,4.59,4.0,4.27,,,,
_result,0,2025-11-04 03:08:31+00:00,E0107,wach,0.75,,,,,,,,
_result,1,2025-11-04 03:10:21+00:00,E0107,wach,,A,4.59,4.0,4.27,,,,
_result,0,2025-11-04 03:10:22+00:00,E0107,wach,0.75,,,,,,,,
_result,0,2025-11-04 03:12:24+00:00,E0107,wach,0.75,,,,,,,,
_result,0,2025-11-04 03:15:41+00:00,E0107,wach,0.75,,,,,,,,
_result,1,2025-11-04 03:16:19+00:00,E0107,wach,,A,4.59,4.0,4.27,,,,
_result,0,2025-11-04 03:16:20+00:00,E0107,wach,0.75,,,,,,,,
_result,0,2025-11-04 03:18:24+00:00,E0107,wach,0.75,,,,,,,,
_result,0,2025-11-04 03:20:22+00:00,E0107,wach,0.75,,,,,,,,
_result,2,2025-11-04 03:22:19+00:00,E0107,wach,,V,,,,235.5,,,
_result,1,2025-11-04 03:22:20+00:00,E0107,wach,,A,4.61,4.01,4.28,,,,
_result,0,2025-11-04 03:22:21+00:00,E0107,wach,0.75,,,,,,,,
_result,0,2025-11-04 03:24:23+00:00,E0107,wach,0.75,,,,,,,,
_result,1,2025-11-04 03:26:32+00:00,E0107,wach,,A,4.6,4.0,4.28,,,,
_result,0,2025-11-04 03:26:33+00:00,E0107,wach,0.74,,,,,,,,
_result,0,2025-11-04 03:28:23+00:00,E0107,wach,0.74,,,,,,,,
_result,2,2025-11-04 03:30:23+00:00,E0107,wach,,V,,,,235.6,233.5,235.6,
_result,0,2025-11-04 03:30:24+00:00,E0107,wach,0.74,,,,,,,,
_result,0,2025-11-04 03:32:19+00:00,E0107,wach,0.75,,,,,,,,
_result,0,2025-11-04 03:34:22+00:00,E0107,wach,0.75,,,,,,,,
_result,0,2025-11-04 03:36:22+00:00,E0107,wach,0.75,,,,,,,,
_result,1,2025-11-04 03:38:23+00:00,E0107,wach,,A,4.59,4.0,4.26,,,,
_result,0,2025-11-04 03:38:24+00:00,E0107,wach,0.75,,,,,,,,
_result,0,2025-11-04 03:40:23+00:00,E0107,wach,0.75,,,,,,,,
_result,0,2025-11-04 03:42:24+00:00,E0107,wach,0.75,,,,,,,,
_result,2,2025-11-04 03:44:23+00:00,E0107,wach,,V,,,,235.7,233.6,,
_result,0,2025-11-04 03:44:24+00:00,E0107,wach,0.75,,,,,,,,
_result,1,2025-11-04 03:46:24+00:00,E0107,wach,,A,4.6,4.0,4.28,,,,
_result,0,2025-11-04 03:46:25+00:00,E0107,wach,0.75,,,,,,,,
_result,1,2025-11-04 03:48:44+00:00,E0107,wach,,A,4.6,4.0,4.28,,,,
_result,0,2025-11-04 03:48:45+00:00,E0107,wach,0.75,,,,,,,,
_result,2,2025-11-04 03:50:23+00:00,E0107,wach,,V,,,,235.7,233.7,,
_result,2,2025-11-04 03:50:24+00:00,E0107,wach,,V,,,,,,235.8,
_result,1,2025-11-04 03:50:27+00:00,E0107,wach,,A,4.6,,,,,,
_result,1,2025-11-04 03:50:29+00:00,E0107,wach,,A,,4.0,,,,,
_result,1,2025-11-04 03:50:31+00:00,E0107,wach,,A,,,4.28,,,,
_result,3,2025-11-04 03:50:33+00:00,E0107,wach,,kW,,,,,,,2.25031
_result,0,2025-11-04 03:50:35+00:00,E0107,wach,0.75,,,,,,,,
_result,1,2025-11-04 03:52:22+00:00,E0107,wach,,A,4.6,4.0,4.28,,,,
_result,0,2025-11-04 03:52:23+00:00,E0107,wach,0.75,,,,,,,,
_result,0,2025-11-04 03:54:22+00:00,E0107,wach,0.75,,,,,,,,
_result,1,2025-11-04 03:56:23+00:00,E0107,wach,,A,4.6,4.01,4.28,,,,
_result,0,2025-11-04 03:56:24+00:00,E0107,wach,0.75,,,,,,,,
_result,1,2025-11-04 03:58:19+00:00,E0107,wach,,A,4.6,4.01,4.28,,,,
_result,0,2025-11-04 03:58:20+00:00,E0107,wach,0.75,,,,,,,,
_result,1,2025-11-04 04:00:20+00:00,E0107,wach,,A,4.61,4.01,4.28,,,,
_result,0,2025-11-04 04:00:21+00:00,E0107,wach,0.74,,,,,,,,
_result,0,2025-11-04 04:02:24+00:00,E0107,wach,0.74,,,,,,,,
_result,0,2025-11-04 04:04:23+00:00,E0107,wach,0.74,,,,,,,,
_result,2,2025-11-04 04:06:27+00:00,E0107,wach,,V,,,,235.9,233.9,236.0,
_result,0,2025-11-04 04:06:28+00:00,E0107,wach,0.74,,,,,,,,
_result,0,2025-11-04 04:08:21+00:00,E0107,wach,0.74,,,,,,,,
_result,1,2025-11-04 04:10:20+00:00,E0107,wach,,A,4.6,4.01,4.28,,,,
_result,0,2025-11-04 04:10:21+00:00,E0107,wach,0.74,,,,,,,,
_result,1,2025-11-04 04:12:17+00:00,E0107,wach,,A,4.6,4.0,4.27,,,,
_result,0,2025-11-04 04:12:18+00:00,E0107,wach,0.75,,,,,,,,
_result,0,2025-11-04 04:14:24+00:00,E0107,wach,0.75,,,,,,,,
_result,1,2025-11-04 04:16:20+00:00,E0107,wach,,A,4.6,4.0,,,,,
_result,0,2025-11-04 04:16:21+00:00,E0107,wach,0.75,,,,,,,,
_result,0,2025-11-04 04:18:24+00:00,E0107,wach,0.75,,,,,,,,
_result,0,2025-11-04 04:20:24+00:00,E0107,wach,0.75,,,,,,,,
_result,1,2025-11-04 04:23:35+00:00,E0107,wach,,A,4.6,4.01,4.28,,,,
_result,0,2025-11-04 04:23:36+00:00,E0107,wach,0.75,,,,,,,,
_result,0,2025-11-04 04:24:22+00:00,E0107,wach,0.75,,,,,,,,
_result,0,2025-11-04 04:26:23+00:00,E0107,wach,0.75,,,,,,,,
_result,0,2025-11-04 04:28:26+00:00,E0107,wach,0.75,,,,,,,,
_result,2,2025-11-04 04:30:23+00:00,E0107,wach,,V,,,,235.8,233.7,235.9,
_result,0,2025-11-04 04:30:24+00:00,E0107,wach,0.75,,,,,,,,
_result,0,2025-11-04 04:32:26+00:00,E0107,wach,0.74,,,,,,,,
_result,0,2025-11-04 04:34:18+00:00,E0107,wach,0.74,,,,,,,,
_result,1,2025-11-04 04:36:16+00:00,E0107,wach,,A,4.61,4.0,,,,,
_result,0,2025-11-04 04:36:17+00:00,E0107,wach,0.74,,,,,,,,
_result,1,2025-11-04 04:38:19+00:00,E0107,wach,,A,4.61,4.0,,,,,
_result,1,2025-11-04 04:38:20+00:00,E0107,wach,,A,,,4.28,,,,
_result,0,2025-11-04 04:38:23+00:00,E0107,wach,0.74,,,,,,,,
_result,2,2025-11-04 04:40:22+00:00,E0107,wach,,V,,,,235.3,233.2,235.5,
_result,0,2025-11-04 04:40:23+00:00,E0107,wach,0.74,,,,,,,,
_result,0,2025-11-04 04:42:20+00:00,E0107,wach,0.74,,,,,,,,
_result,1,2025-11-04 04:44:20+00:00,E0107,wach,,A,4.6,3.99,4.27,,,,
_result,0,2025-11-04 04:44:21+00:00,E0107,wach,0.74,,,,,,,,
_result,0,2025-11-04 04:46:24+00:00,E0107,wach,0.75,,,,,,,,
_result,0,2025-11-04 04:48:22+00:00,E0107,wach,0.75,,,,,,,,
_result,0,2025-11-04 04:50:21+00:00,E0107,wach,0.75,,,,,,,,
_result,0,2025-11-04 04:52:22+00:00,E0107,wach,0.75,,,,,,,,
_result,2,2025-11-04 04:54:34+00:00,E0107,wach,,V,,,,235.5,233.3,235.6,
_result,0,2025-11-04 04:54:35+00:00,E0107,wach,0.75,,,,,,,,
_result,2,2025-11-04 04:56:19+00:00,E0107,wach,,V,,,,235.5,233.3,,
_result,0,2025-11-04 04:56:20+00:00,E0107,wach,0.75,,,,,,,,
_result,1,2025-11-04 04:58:19+00:00,E0107,wach,,A,4.6,3.99,4.27,,,,
_result,0,2025-11-04 04:58:20+00:00,E0107,wach,0.75,,,,,,,,
_result,0,2025-11-04 05:00:35+00:00,E0107,wach,0.75,,,,,,,,
_result,1,2025-11-04 05:02:23+00:00,E0107,wach,,A,4.59,4.01,4.27,,,,
_result,0,2025-11-04 05:02:24+00:00,E0107,wach,0.75,,,,,,,,
_result,1,2025-11-04 05:04:25+00:00,E0107,wach,,A,4.59,,,,,,
_result,0,2025-11-04 05:04:26+00:00,E0107,wach,0.75,,,,,,,,
_result,0,2025-11-04 05:06:24+00:00,E0107,wach,0.75,,,,,,,,
_result,0,2025-11-04 05:08:19+00:00,E0107,wach,0.75,,,,,,,,
_result,0,2025-11-04 05:11:12+00:00,E0107,wach,0.75,,,,,,,,
_result,0,2025-11-04 05:12:23+00:00,E0107,wach,0.75,,,,,,,,
_result,1,2025-11-04 05:14:24+00:00,E0107,wach,,A,4.59,4.0,4.26,,,,
_result,0,2025-11-04 05:14:25+00:00,E0107,wach,0.75,,,,,,,,
_result,1,2025-11-04 05:16:17+00:00,E0107,wach,,A,4.59,4.0,4.26,,,,
_result,0,2025-11-04 05:16:18+00:00,E0107,wach,0.75,,,,,,,,
_result,0,2025-11-04 05:18:18+00:00,E0107,wach,0.75,,,,,,,,
_result,0,2025-11-04 05:20:19+00:00,E0107,wach,0.75,,,,,,,,
_result,1,2025-11-04 05:22:25+00:00,E0107,wach,,A,4.59,3.99,4.27,,,,
_result,0,2025-11-04 05:22:26+00:00,E0107,wach,0.75,,,,,,,,
_result,0,2025-11-04 05:24:22+00:00,E0107,wach,0.75,,,,,,,,
_result,1,2025-11-04 05:26:27+00:00,E0107,wach,,A,4.59,,,,,,
_result,0,2025-11-04 05:26:28+00:00,E0107,wach,0.75,,,,,,,,
_result,1,2025-11-04 05:28:20+00:00,E0107,wach,,A,4.59,4.0,4.27,,,,
_result,0,2025-11-04 05:28:21+00:00,E0107,wach,0.75,,,,,,,,
_result,0,2025-11-04 05:30:27+00:00,E0107,wach,0.75,,,,,,,,
_result,0,2025-11-04 05:32:24+00:00,E0107,wach,0.75,,,,,,,,
_result,0,2025-11-04 05:34:22+00:00,E0107,wach,0.75,,,,,,,,
_result,0,2025-11-04 05:36:23+00:00,E0107,wach,0.75,,,,,,,,
_result,0,2025-11-04 05:38:18+00:00,E0107,wach,0.75,,,,,,,,
_result,0,2025-11-04 05:40:26+00:00,E0107,wach,0.75,,,,,,,,
_result,0,2025-11-04 05:42:25+00:00,E0107,wach,0.75,,,,,,,,
_result,1,2025-11-04 05:44:33+00:00,E0107,wach,,A,4.58,3.99,4.25,,,,
_result,0,2025-11-04 05:44:34+00:00,E0107,wach,0.75,,,,,,,,
_result,1,2025-11-04 05:46:25+00:00,E0107,wach,,A,4.59,3.99,4.26,,,,
_result,0,2025-11-04 05:46:26+00:00,E0107,wach,0.75,,,,,,,,
_result,0,2025-11-04 05:48:22+00:00,E0107,wach,0.75,,,,,,,,
_result,2,2025-11-04 05:50:24+00:00,E0107,wach,,V,,,,234.3,232.1,,
_result,0,2025-11-04 05:50:25+00:00,E0107,wach,0.75,,,,,,,,
_result,1,2025-11-04 05:52:23+00:00,E0107,wach,,A,4.59,3.99,4.26,,,,
_result,0,2025-11-04 05:52:24+00:00,E0107,wach,0.75,,,,,,,,
_result,1,2025-11-04 05:54:20+00:00,E0107,wach,,A,4.59,3.99,4.26,,,,
_result,0,2025-11-04 05:54:21+00:00,E0107,wach,0.75,,,,,,,,
_result,0,2025-11-04 05:56:22+00:00,E0107,wach,0.75,,,,,,,,
_result,1,2025-11-04 05:58:25+00:00,E0107,wach,,A,4.56,3.98,4.23,,,,
_result,0,2025-11-04 05:58:26+00:00,E0107,wach,0.75,,,,,,,,
_result,1,2025-11-04 06:00:27+00:00,E0107,wach,,A,4.56,3.98,4.23,,,,
_result,0,2025-11-04 06:00:28+00:00,E0107,wach,0.75,,,,,,,,
_result,0,2025-11-04 06:02:32+00:00,E0107,wach,0.75,,,,,,,,
_result,0,2025-11-04 06:04:26+00:00,E0107,wach,0.75,,,,,,,,
_result,0,2025-11-04 06:06:23+00:00,E0107,wach,0.75,,,,,,,,
_result,0,2025-11-04 06:08:24+00:00,E0107,wach,0.75,,,,,,,,
_result,2,2025-11-04 06:10:32+00:00,E0107,wach,,V,,,,233.0,,,
_result,2,2025-11-04 06:10:33+00:00,E0107,wach,,V,,,,,230.6,232.8,
_result,0,2025-11-04 06:10:34+00:00,E0107,wach,0.75,,,,,,,,
_result,2,2025-11-04 06:12:25+00:00,E0107,wach,,V,,,,233.0,230.6,232.8,
_result,0,2025-11-04 06:12:26+00:00,E0107,wach,0.75,,,,,,,,
_result,0,2025-11-04 06:14:22+00:00,E0107,wach,0.75,,,,,,,,
_result,0,2025-11-04 06:16:24+00:00,E0107,wach,0.75,,,,,,,,
_result,1,2025-11-04 06:18:21+00:00,E0107,wach,,A,4.56,3.97,4.22,,,,
_result,0,2025-11-04 06:18:22+00:00,E0107,wach,0.76,,,,,,,,
_result,0,2025-11-04 06:20:25+00:00,E0107,wach,0.76,,,,,,,,
_result,0,2025-11-04 06:22:26+00:00,E0107,wach,0.76,,,,,,,,
_result,0,2025-11-04 06:24:23+00:00,E0107,wach,0.75,,,,,,,,
_result,1,2025-11-04 06:26:24+00:00,E0107,wach,,A,4.55,3.96,4.22,,,,
_result,0,2025-11-04 06:26:25+00:00,E0107,wach,0.75,,,,,,,,
_result,0,2025-11-04 06:28:25+00:00,E0107,wach,0.75,,,,,,,,
_result,0,2025-11-04 06:30:42+00:00,E0107,wach,0.75,,,,,,,,
_result,2,2025-11-04 06:32:17+00:00,E0107,wach,,V,,,,232.5,230.2,232.4,
_result,0,2025-11-04 06:32:18+00:00,E0107,wach,0.75,,,,,,,,
_result,1,2025-11-04 06:34:25+00:00,E0107,wach,,A,4.55,3.96,4.22,,,,
_result,0,2025-11-04 06:34:26+00:00,E0107,wach,0.75,,,,,,,,
_result,1,2025-11-04 06:36:26+00:00,E0107,wach,,A,4.55,3.96,4.22,,,,
_result,0,2025-11-04 06:36:27+00:00,E0107,wach,0.75,,,,,,,,
_result,2,2025-11-04 06:38:34+00:00,E0107,wach,,V,,,,232.7,230.4,232.6,
_result,0,2025-11-04 06:38:35+00:00,E0107,wach,0.75,,,,,,,,
_result,1,2025-11-04 06:40:24+00:00,E0107,wach,,A,4.55,,,,,,
_result,0,2025-11-04 06:40:25+00:00,E0107,wach,0.75,,,,,,,,
_result,1,2025-11-04 06:42:21+00:00,E0107,wach,,A,4.55,3.96,4.22,,,,
_result,0,2025-11-04 06:42:22+00:00,E0107,wach,0.75,,,,,,,,
_result,0,2025-11-04 06:44:25+00:00,E0107,wach,0.75,,,,,,,,
_result,0,2025-11-04 06:46:28+00:00,E0107,wach,0.75,,,,,,,,
_result,1,2025-11-04 06:48:20+00:00,E0107,wach,,A,4.55,3.97,4.22,,,,
_result,0,2025-11-04 06:48:21+00:00,E0107,wach,0.75,,,,,,,,
_result,1,2025-11-04 06:50:33+00:00,E0107,wach,,A,4.55,3.97,4.22,,,,
_result,0,2025-11-04 06:50:34+00:00,E0107,wach,0.75,,,,,,,,
_result,1,2025-11-04 06:52:24+00:00,E0107,wach,,A,4.54,3.96,4.21,,,,
_result,0,2025-11-04 06:52:25+00:00,E0107,wach,0.75,,,,,,,,
_result,0,2025-11-04 06:54:25+00:00,E0107,wach,0.75,,,,,,,,
_result,0,2025-11-04 06:56:25+00:00,E0107,wach,0.75,,,,,,,,
_result,2,2025-11-04 06:58:22+00:00,E0107,wach,,V,,,,233.0,230.8,233.0,
_result,0,2025-11-04 06:58:23+00:00,E0107,wach,0.75,,,,,,,,
_result,0,2025-11-04 07:00:26+00:00,E0107,wach,0.75,,,,,,,,
_result,0,2025-11-04 07:02:39+00:00,E0107,wach,0.75,,,,,,,,
_result,2,2025-11-04 07:04:26+00:00,E0107,wach,,V,,,,232.2,,,
_result,0,2025-11-04 07:04:27+00:00,E0107,wach,0.75,,,,,,,,
_result,1,2025-11-04 07:06:43+00:00,E0107,wach,,A,4.54,3.97,4.22,,,,
_result,0,2025-11-04 07:06:44+00:00,E0107,wach,0.75,,,,,,,,
_result,0,2025-11-04 07:08:24+00:00,E0107,wach,0.75,,,,,,,,
_result,2,2025-11-04 07:10:23+00:00,E0107,wach,,V,,,,232.2,230.0,232.2,
_result,0,2025-11-04 07:10:24+00:00,E0107,wach,0.75,,,,,,,,
_result,1,2025-11-04 07:12:25+00:00,E0107,wach,,A,4.56,3.96,4.24,,,,
_result,0,2025-11-04 07:12:26+00:00,E0107,wach,0.75,,,,,,,,
_result,2,2025-11-04 07:14:38+00:00,E0107,wach,,V,,,,233.4,231.1,,
_result,0,2025-11-04 07:14:39+00:00,E0107,wach,0.75,,,,,,,,
_result,0,2025-11-04 07:17:41+00:00,E0107,wach,0.75,,,,,,,,
_result,1,2025-11-04 07:18:28+00:00,E0107,wach,,A,4.54,3.96,4.23,,,,
_result,0,2025-11-04 07:18:29+00:00,E0107,wach,0.75,,,,,,,,
_result,0,2025-11-04 07:20:36+00:00,E0107,wach,0.75,,,,,,,,
_result,0,2025-11-04 07:22:25+00:00,E0107,wach,0.75,,,,,,,,
_result,0,2025-11-04 07:24:33+00:00,E0107,wach,0.75,,,,,,,,
_result,0,2025-11-04 07:26:25+00:00,E0107,wach,0.75,,,,,,,,
_result,0,2025-11-04 07:28:27+00:00,E0107,wach,0.75,,,,,,,,
_result,0,2025-11-04 07:31:28+00:00,E0107,wach,0.75,,,,,,,,
_result,0,2025-11-04 07:33:57+00:00,E0107,wach,0.75,,,,,,,,
_result,0,2025-11-04 07:34:25+00:00,E0107,wach,0.75,,,,,,,,
_result,0,2025-11-04 07:36:25+00:00,E0107,wach,0.75,,,,,,,,
_result,1,2025-11-04 07:38:27+00:00,E0107,wach,,A,4.54,3.96,4.22,,,,
_result,0,2025-11-04 07:38:28+00:00,E0107,wach,0.75,,,,,,,,
_result,2,2025-11-04 07:40:24+00:00,E0107,wach,,V,,,,232.5,230.3,232.4,
_result,0,2025-11-04 07:40:25+00:00,E0107,wach,0.75,,,,,,,,
_result,0,2025-11-04 07:42:19+00:00,E0107,wach,0.75,,,,,,,,
_result,2,2025-11-04 07:44:24+00:00,E0107,wach,,V,,,,231.7,229.3,,
_result,0,2025-11-04 07:44:25+00:00,E0107,wach,0.76,,,,,,,,
_result,1,2025-11-04 07:46:20+00:00,E0107,wach,,A,4.53,3.96,4.21,,,,
_result,0,2025-11-04 07:46:21+00:00,E0107,wach,0.76,,,,,,,,
_result,0,2025-11-04 07:48:46+00:00,E0107,wach,0.76,,,,,,,,
_result,1,2025-11-04 07:50:27+00:00,E0107,wach,,A,4.54,3.97,4.22,,,,
_result,0,2025-11-04 07:50:28+00:00,E0107,wach,0.76,,,,,,,,
_result,0,2025-11-04 07:52:25+00:00,E0107,wach,0.76,,,,,,,,
_result,0,2025-11-04 07:54:29+00:00,E0107,wach,0.76,,,,,,,,
_result,1,2025-11-04 07:56:23+00:00,E0107,wach,,A,4.54,3.96,4.23,,,,
_result,0,2025-11-04 07:56:24+00:00,E0107,wach,0.76,,,,,,,,
_result,0,2025-11-04 07:58:19+00:00,E0107,wach,0.75,,,,,,,,
_result,1,2025-11-04 08:00:20+00:00,E0107,wach,,A,4.54,3.96,4.23,,,,
_result,0,2025-11-04 08:00:21+00:00,E0107,wach,0.75,,,,,,,,
_result,0,2025-11-04 08:02:26+00:00,E0107,wach,0.75,,,,,,,,
_result,0,2025-11-04 08:04:25+00:00,E0107,wach,0.75,,,,,,,,
_result,0,2025-11-04 08:06:23+00:00,E0107,wach,0.75,,,,,,,,
_result,2,2025-11-04 08:08:21+00:00,E0107,wach,,V,,,,232.2,230.1,,
_result,0,2025-11-04 08:08:22+00:00,E0107,wach,0.75,,,,,,,,
_result,0,2025-11-04 08:10:26+00:00,E0107,wach,0.75,,,,,,,,
_result,0,2025-11-04 08:12:24+00:00,E0107,wach,0.75,,,,,,,,
_result,0,2025-11-04 08:14:29+00:00,E0107,wach,0.76,,,,,,,,
_result,0,2025-11-04 08:16:45+00:00,E0107,wach,0.76,,,,,,,,
_result,0,2025-11-04 08:18:28+00:00,E0107,wach,0.76,,,,,,,,
_result,0,2025-11-04 08:21:23+00:00,E0107,wach,0.76,,,,,,,,
_result,1,2025-11-04 08:23:57+00:00,E0107,wach,,A,4.53,3.94,4.21,,,,
_result,0,2025-11-04 08:23:58+00:00,E0107,wach,0.76,,,,,,,,
_result,1,2025-11-04 08:24:25+00:00,E0107,wach,,A,4.53,3.94,4.21,,,,
_result,0,2025-11-04 08:24:26+00:00,E0107,wach,0.76,,,,,,,,
_result,0,2025-11-04 08:26:26+00:00,E0107,wach,0.76,,,,,,,,
_result,0,2025-11-04 08:28:33+00:00,E0107,wach,0.76,,,,,,,,
_result,0,2025-11-04 08:31:31+00:00,E0107,wach,0.76,,,,,,,,
_result,0,2025-11-04 08:32:24+00:00,E0107,wach,0.76,,,,,,,,
_result,2,2025-11-04 08:34:23+00:00,E0107,wach,,V,,,,231.4,229.0,231.2,
_result,0,2025-11-04 08:34:24+00:00,E0107,wach,0.76,,,,,,,,
_result,1,2025-11-04 08:36:18+00:00,E0107,wach,,A,4.53,3.94,,,,,
_result,0,2025-11-04 08:36:19+00:00,E0107,wach,0.76,,,,,,,,
_result,0,2025-11-04 08:38:23+00:00,E0107,wach,0.76,,,,,,,,
_result,1,2025-11-04 08:40:24+00:00,E0107,wach,,A,4.53,3.94,4.21,,,,
_result,0,2025-11-04 08:40:25+00:00,E0107,wach,0.76,,,,,,,,
_result,2,2025-11-04 08:42:24+00:00,E0107,wach,,V,,,,231.9,229.7,231.9,
_result,0,2025-11-04 08:42:25+00:00,E0107,wach,0.76,,,,,,,,
_result,0,2025-11-04 08:44:24+00:00,E0107,wach,0.76,,,,,,,,
_result,1,2025-11-04 08:46:24+00:00,E0107,wach,,A,4.53,3.95,4.21,,,,
_result,0,2025-11-04 08:46:25+00:00,E0107,wach,0.76,,,,,,,,
_result,2,2025-11-04 08:48:28+00:00,E0107,wach,,V,,,,231.9,229.7,231.8,
_result,0,2025-11-04 08:48:29+00:00,E0107,wach,0.76,,,,,,,,
_result,0,2025-11-04 08:50:24+00:00,E0107,wach,0.76,,,,,,,,
_result,0,2025-11-04 08:52:26+00:00,E0107,wach,0.76,,,,,,,,
_result,1,2025-11-04 08:54:18+00:00,E0107,wach,,A,4.52,3.96,4.21,,,,
_result,0,2025-11-04 08:54:19+00:00,E0107,wach,0.76,,,,,,,,
_result,1,2025-11-04 08:56:24+00:00,E0107,wach,,A,4.54,3.96,4.23,,,,
_result,0,2025-11-04 08:56:25+00:00,E0107,wach,0.75,,,,,,,,
_result,1,2025-11-04 08:58:27+00:00,E0107,wach,,A,4.54,3.96,4.23,,,,
_result,0,2025-11-04 08:58:28+00:00,E0107,wach,0.75,,,,,,,,
_result,2,2025-11-04 09:00:29+00:00,E0107,wach,,V,,,,232.4,230.3,232.5,
_result,0,2025-11-04 09:00:30+00:00,E0107,wach,0.75,,,,,,,,
_result,0,2025-11-04 09:02:26+00:00,E0107,wach,0.75,,,,,,,,
_result,0,2025-11-04 09:04:28+00:00,E0107,wach,0.75,,,,,,,,
_result,0,2025-11-04 09:06:27+00:00,E0107,wach,0.75,,,,,,,,
_result,0,2025-11-04 09:09:21+00:00,E0107,wach,0.75,,,,,,,,
_result,0,2025-11-04 09:10:19+00:00,E0107,wach,0.75,,,,,,,,
_result,0,2025-11-04 09:12:28+00:00,E0107,wach,0.75,,,,,,,,
_result,0,2025-11-04 09:14:26+00:00,E0107,wach,0.75,,,,,,,,
_result,2,2025-11-04 09:16:24+00:00,E0107,wach,,V,,,,234.3,232.1,234.3,
_result,0,2025-11-04 09:16:25+00:00,E0107,wach,0.75,,,,,,,,
_result,1,2025-11-04 09:18:20+00:00,E0107,wach,,A,4.57,3.98,4.26,,,,
_result,0,2025-11-04 09:18:21+00:00,E0107,wach,0.75,,,,,,,,
_result,0,2025-11-04 09:20:25+00:00,E0107,wach,0.75,,,,,,,,
_result,2,2025-11-04 09:22:20+00:00,E0107,wach,,V,,,,234.8,232.9,235.0,
_result,0,2025-11-04 09:22:21+00:00,E0107,wach,0.75,,,,,,,,
_result,2,2025-11-04 09:24:27+00:00,E0107,wach,,V,,,,234.8,232.9,235.0,
_result,0,2025-11-04 09:24:28+00:00,E0107,wach,0.75,,,,,,,,
_result,0,2025-11-04 09:26:28+00:00,E0107,wach,0.75,,,,,,,,
_result,0,2025-11-04 09:28:27+00:00,E0107,wach,0.75,,,,,,,,
_result,0,2025-11-04 09:30:28+00:00,E0107,wach,0.75,,,,,,,,
_result,0,2025-11-04 09:32:29+00:00,E0107,wach,0.75,,,,,,,,
_result,2,2025-11-04 09:34:25+00:00,E0107,wach,,V,,,,236.1,234.0,,
_result,0,2025-11-04 09:34:26+00:00,E0107,wach,0.74,,,,,,,,
_result,0,2025-11-04 09:36:25+00:00,E0107,wach,0.74,,,,,,,,
_result,1,2025-11-04 09:38:22+00:00,E0107,wach,,A,4.59,4.01,4.28,,,,
_result,0,2025-11-04 09:38:23+00:00,E0107,wach,0.74,,,,,,,,
_result,0,2025-11-04 09:40:30+00:00,E0107,wach,0.74,,,,,,,,
_result,0,2025-11-04 09:42:26+00:00,E0107,wach,0.74,,,,,,,,
_result,0,2025-11-04 09:44:23+00:00,E0107,wach,0.74,,,,,,,,
_result,0,2025-11-04 09:46:35+00:00,E0107,wach,0.74,,,,,,,,
_result,0,2025-11-04 09:48:34+00:00,E0107,wach,0.74,,,,,,,,
_result,0,2025-11-04 09:50:25+00:00,E0107,wach,0.74,,,,,,,,
_result,1,2025-11-04 09:52:28+00:00,E0107,wach,,A,4.61,4.01,4.29,,,,
_result,0,2025-11-04 09:52:29+00:00,E0107,wach,0.74,,,,,,,,
_result,0,2025-11-04 09:54:28+00:00,E0107,wach,0.74,,,,,,,,
_result,0,2025-11-04 09:56:25+00:00,E0107,wach,0.74,,,,,,,,
_result,0,2025-11-04 09:58:26+00:00,E0107,wach,0.74,,,,,,,,
_result,0,2025-11-04 10:00:26+00:00,E0107,wach,0.73,,,,,,,,
_result,1,2025-11-04 10:02:25+00:00,E0107,wach,,A,4.63,4.02,4.31,,,,
_result,0,2025-11-04 10:02:26+00:00,E0107,wach,0.73,,,,,,,,
_result,2,2025-11-04 10:04:30+00:00,E0107,wach,,V,,,,238.0,236.0,,
_result,0,2025-11-04 10:04:31+00:00,E0107,wach,0.73,,,,,,,,
_result,1,2025-11-04 10:06:24+00:00,E0107,wach,,A,4.63,4.02,4.31,,,,
_result,0,2025-11-04 10:06:25+00:00,E0107,wach,0.73,,,,,,,,
_result,2,2025-11-04 10:08:24+00:00,E0107,wach,,V,,,,238.0,236.0,238.1,
_result,0,2025-11-04 10:08:25+00:00,E0107,wach,0.73,,,,,,,,
_result,0,2025-11-04 10:10:35+00:00,E0107,wach,0.73,,,,,,,,
_result,1,2025-11-04 10:12:22+00:00,E0107,wach,,A,4.63,4.02,4.31,,,,
_result,0,2025-11-04 10:12:23+00:00,E0107,wach,0.73,,,,,,,,
_result,2,2025-11-04 10:14:38+00:00,E0107,wach,,V,,,,238.8,,,
_result,2,2025-11-04 10:14:39+00:00,E0107,wach,,V,,,,,236.8,239.0,
_result,0,2025-11-04 10:14:41+00:00,E0107,wach,0.73,,,,,,,,
_result,2,2025-11-04 10:16:25+00:00,E0107,wach,,V,,,,238.8,236.8,239.0,
_result,0,2025-11-04 10:16:26+00:00,E0107,wach,0.73,,,,,,,,
_result,1,2025-11-04 10:18:25+00:00,E0107,wach,,A,4.64,4.03,4.33,,,,
_result,0,2025-11-04 10:18:26+00:00,E0107,wach,0.73,,,,,,,,
_result,0,2025-11-04 10:20:25+00:00,E0107,wach,0.73,,,,,,,,
_result,1,2025-11-04 10:22:26+00:00,E0107,wach,,A,4.65,,,,,,
_result,0,2025-11-04 10:22:27+00:00,E0107,wach,0.73,,,,,,,,
_result,0,2025-11-04 10:24:41+00:00,E0107,wach,0.73,,,,,,,,
_result,0,2025-11-04 10:26:25+00:00,E0107,wach,0.73,,,,,,,,
_result,2,2025-11-04 10:28:22+00:00,E0107,wach,,V,,,,238.4,,,
_result,1,2025-11-04 10:28:23+00:00,E0107,wach,,A,4.64,4.03,4.32,,,,
_result,0,2025-11-04 10:28:24+00:00,E0107,wach,0.73,,,,,,,,
_result,0,2025-11-04 10:30:26+00:00,E0107,wach,0.73,,,,,,,,
_result,0,2025-11-04 10:32:23+00:00,E0107,wach,0.73,,,,,,,,
_result,0,2025-11-04 10:34:27+00:00,E0107,wach,0.73,,,,,,,,
_result,0,2025-11-04 10:36:25+00:00,E0107,wach,0.73,,,,,,,,
_result,0,2025-11-04 10:38:27+00:00,E0107,wach,0.73,,,,,,,,
_result,0,2025-11-04 10:40:29+00:00,E0107,wach,0.73,,,,,,,,
_result,1,2025-11-04 10:42:28+00:00,E0107,wach,,A,4.66,4.03,4.34,,,,
_result,0,2025-11-04 10:42:29+00:00,E0107,wach,0.73,,,,,,,,
_result,0,2025-11-04 10:44:27+00:00,E0107,wach,0.73,,,,,,,,
_result,0,2025-11-04 10:46:24+00:00,E0107,wach,0.73,,,,,,,,
_result,0,2025-11-04 10:48:23+00:00,E0107,wach,0.73,,,,,,,,
_result,0,2025-11-04 10:50:28+00:00,E0107,wach,0.73,,,,,,,,
_result,2,2025-11-04 10:52:26+00:00,E0107,wach,,V,,,,238.8,236.7,239.0,
_result,0,2025-11-04 10:52:27+00:00,E0107,wach,0.73,,,,,,,,
_result,2,2025-11-04 10:54:25+00:00,E0107,wach,,V,,,,238.8,,,
_result,0,2025-11-04 10:54:26+00:00,E0107,wach,0.73,,,,,,,,
_result,1,2025-11-04 10:56:22+00:00,E0107,wach,,A,4.64,4.02,4.33,,,,
_result,0,2025-11-04 10:56:23+00:00,E0107,wach,0.73,,,,,,,,
_result,1,2025-11-04 10:58:27+00:00,E0107,wach,,A,4.64,4.02,4.33,,,,
_result,0,2025-11-04 10:58:28+00:00,E0107,wach,0.73,,,,,,,,
_result,0,2025-11-04 11:00:28+00:00,E0107,wach,0.73,,,,,,,,
_result,2,2025-11-04 11:02:25+00:00,E0107,wach,,V,,,,239.6,,,
_result,0,2025-11-04 11:02:26+00:00,E0107,wach,0.73,,,,,,,,
_result,0,2025-11-04 11:04:22+00:00,E0107,wach,0.73,,,,,,,,
_result,0,2025-11-04 11:06:24+00:00,E0107,wach,0.73,,,,,,,,
_result,0,2025-11-04 11:08:27+00:00,E0107,wach,0.73,,,,,,,,
_result,1,2025-11-04 11:10:19+00:00,E0107,wach,,A,4.66,4.04,4.37,,,,
_result,0,2025-11-04 11:10:20+00:00,E0107,wach,0.73,,,,,,,,
_result,0,2025-11-04 11:13:11+00:00,E0107,wach,0.73,,,,,,,,
_result,0,2025-11-04 11:14:24+00:00,E0107,wach,0.73,,,,,,,,
_result,0,2025-11-04 11:16:26+00:00,E0107,wach,0.73,,,,,,,,
_result,1,2025-11-04 11:18:52+00:00,E0107,wach,,A,4.66,4.04,4.37,,,,
_result,0,2025-11-04 11:18:53+00:00,E0107,wach,0.73,,,,,,,,
_result,0,2025-11-04 11:20:35+00:00,E0107,wach,0.89,,,,,,,,
_result,1,2025-11-04 11:22:20+00:00,E0107,wach,,A,0.66,,,,,,
_result,0,2025-11-04 11:22:21+00:00,E0107,wach,0.89,,,,,,,,
_result,0,2025-11-04 11:24:28+00:00,E0107,wach,0.89,,,,,,,,
_result,0,2025-11-04 11:26:27+00:00,E0107,wach,0.89,,,,,,,,
_result,0,2025-11-04 11:28:26+00:00,E0107,wach,0.89,,,,,,,,
_result,0,2025-11-04 11:30:30+00:00,E0107,wach,0.89,,,,,,,,
_result,0,2025-11-04 11:32:24+00:00,E0107,wach,0.89,,,,,,,,
_result,2,2025-11-04 11:34:24+00:00,E0107,wach,,V,,,,239.6,237.8,240.0,
_result,0,2025-11-04 11:34:25+00:00,E0107,wach,0.89,,,,,,,,
_result,0,2025-11-04 11:36:29+00:00,E0107,wach,0.9,,,,,,,,
_result,1,2025-11-04 11:38:18+00:00,E0107,wach,,A,0.66,0.2,0.26,,,,
_result,0,2025-11-04 11:38:19+00:00,E0107,wach,0.9,,,,,,,,
_result,1,2025-11-04 11:40:32+00:00,E0107,wach,,A,0.66,0.2,0.26,,,,
_result,0,2025-11-04 11:40:33+00:00,E0107,wach,0.9,,,,,,,,
_result,0,2025-11-04 11:42:26+00:00,E0107,wach,0.9,,,,,,,,
_result,0,2025-11-04 11:44:24+00:00,E0107,wach,0.9,,,,,,,,
_result,1,2025-11-04 11:46:24+00:00,E0107,wach,,A,0.66,0.2,0.26,,,,
_result,0,2025-11-04 11:46:25+00:00,E0107,wach,0.9,,,,,,,,
_result,1,2025-11-04 11:48:28+00:00,E0107,wach,,A,0.66,0.2,0.26,,,,
_result,0,2025-11-04 11:48:29+00:00,E0107,wach,0.9,,,,,,,,
_result,0,2025-11-04 11:50:26+00:00,E0107,wach,0.9,,,,,,,,
_result,1,2025-11-04 11:52:18+00:00,E0107,wach,,A,0.66,0.2,0.26,,,,
_result,0,2025-11-04 11:52:19+00:00,E0107,wach,0.9,,,,,,,,
_result,0,2025-11-04 11:54:24+00:00,E0107,wach,0.9,,,,,,,,
_result,0,2025-11-04 11:56:26+00:00,E0107,wach,0.9,,,,,,,,
_result,0,2025-11-04 11:58:26+00:00,E0107,wach,0.9,,,,,,,,
_result,2,2025-11-04 12:00:24+00:00,E0107,wach,,V,,,,239.3,237.4,239.8,
_result,0,2025-11-04 12:00:25+00:00,E0107,wach,0.9,,,,,,,,
_result,2,2025-11-04 12:02:28+00:00,E0107,wach,,V,,,,239.3,237.4,239.8,
_result,0,2025-11-04 12:02:29+00:00,E0107,wach,0.9,,,,,,,,
_result,0,2025-11-04 12:04:37+00:00,E0107,wach,0.9,,,,,,,,
_result,0,2025-11-04 12:06:27+00:00,E0107,wach,0.9,,,,,,,,
_result,0,2025-11-04 12:08:26+00:00,E0107,wach,0.9,,,,,,,,
_result,1,2025-11-04 12:10:26+00:00,E0107,wach,,A,0.66,0.2,0.27,,,,
_result,0,2025-11-04 12:10:27+00:00,E0107,wach,0.9,,,,,,,,
_result,1,2025-11-04 12:12:21+00:00,E0107,wach,,A,0.66,0.2,0.27,,,,
_result,0,2025-11-04 12:12:22+00:00,E0107,wach,0.9,,,,,,,,
_result,1,2025-11-04 12:14:27+00:00,E0107,wach,,A,0.66,0.2,0.27,,,,
_result,0,2025-11-04 12:14:28+00:00,E0107,wach,0.9,,,,,,,,
_result,0,2025-11-04 12:16:25+00:00,E0107,wach,0.9,,,,,,,,
_result,1,2025-11-04 12:18:25+00:00,E0107,wach,,A,0.66,,,,,,
_result,0,2025-11-04 12:18:26+00:00,E0107,wach,0.9,,,,,,,,
_result,0,2025-11-04 12:20:34+00:00,E0107,wach,0.9,,,,,,,,
_result,0,2025-11-04 12:22:28+00:00,E0107,wach,0.9,,,,,,,,
_result,0,2025-11-04 12:24:30+00:00,E0107,wach,0.9,,,,,,,,
_result,0,2025-11-04 12:26:29+00:00,E0107,wach,0.9,,,,,,,,
_result,0,2025-11-04 12:28:26+00:00,E0107,wach,0.9,,,,,,,,
_result,0,2025-11-04 12:30:26+00:00,E0107,wach,0.9,,,,,,,,
_result,0,2025-11-04 12:32:26+00:00,E0107,wach,0.9,,,,,,,,
_result,1,2025-11-04 12:34:22+00:00,E0107,wach,,A,0.66,0.2,0.27,,,,
_result,0,2025-11-04 12:34:23+00:00,E0107,wach,0.9,,,,,,,,
_result,0,2025-11-04 12:36:24+00:00,E0107,wach,0.9,,,,,,,,
_result,1,2025-11-04 12:38:26+00:00,E0107,wach,,A,0.66,0.2,0.27,,,,
_result,0,2025-11-04 12:38:27+00:00,E0107,wach,0.9,,,,,,,,
_result,1,2025-11-04 12:41:21+00:00,E0107,wach,,A,0.66,0.2,0.26,,,,
_result,0,2025-11-04 12:41:22+00:00,E0107,wach,0.9,,,,,,,,
_result,0,2025-11-04 12:42:27+00:00,E0107,wach,0.9,,,,,,,,
_result,0,2025-11-04 12:44:24+00:00,E0107,wach,0.9,,,,,,,,
_result,0,2025-11-04 12:46:26+00:00,E0107,wach,0.9,,,,,,,,
_result,0,2025-11-04 12:48:26+00:00,E0107,wach,0.9,,,,,,,,
_result,0,2025-11-04 12:50:27+00:00,E0107,wach,0.9,,,,,,,,
_result,0,2025-11-04 12:52:25+00:00,E0107,wach,0.9,,,,,,,,
_result,0,2025-11-04 12:54:25+00:00,E0107,wach,0.9,,,,,,,,
_result,1,2025-11-04 12:56:24+00:00,E0107,wach,,A,0.66,0.2,0.27,,,,
_result,0,2025-11-04 12:56:25+00:00,E0107,wach,0.9,,,,,,,,
_result,0,2025-11-04 12:58:33+00:00,E0107,wach,0.89,,,,,,,,
_result,0,2025-11-04 13:00:30+00:00,E0107,wach,0.89,,,,,,,,
_result,2,2025-11-04 13:02:25+00:00,E0107,wach,,V,,,,240.3,238.5,240.7,
_result,0,2025-11-04 13:02:26+00:00,E0107,wach,0.89,,,,,,,,
_result,0,2025-11-04 13:04:27+00:00,E0107,wach,0.89,,,,,,,,
_result,1,2025-11-04 13:06:24+00:00,E0107,wach,,A,0.66,0.2,0.27,,,,
_result,0,2025-11-04 13:06:25+00:00,E0107,wach,0.89,,,,,,,,
_result,0,2025-11-04 13:08:24+00:00,E0107,wach,0.89,,,,,,,,
_result,0,2025-11-04 13:10:26+00:00,E0107,wach,0.89,,,,,,,,
_result,0,2025-11-04 13:12:25+00:00,E0107,wach,0.89,,,,,,,,
_result,1,2025-11-04 13:14:35+00:00,E0107,wach,,A,0.66,0.2,0.27,,,,
_result,0,2025-11-04 13:14:36+00:00,E0107,wach,0.89,,,,,,,,
_result,1,2025-11-04 13:16:27+00:00,E0107,wach,,A,0.66,0.2,0.27,,,,
_result,0,2025-11-04 13:16:28+00:00,E0107,wach,0.89,,,,,,,,
_result,0,2025-11-04 13:18:26+00:00,E0107,wach,0.9,,,,,,,,
_result,0,2025-11-04 13:20:26+00:00,E0107,wach,0.9,,,,,,,,
_result,2,2025-11-04 13:22:27+00:00,E0107,wach,,V,,,,236.9,235.1,237.4,
_result,0,2025-11-04 13:22:28+00:00,E0107,wach,0.9,,,,,,,,
_result,0,2025-11-04 13:24:27+00:00,E0107,wach,0.9,,,,,,,,
_result,0,2025-11-04 13:26:31+00:00,E0107,wach,0.9,,,,,,,,
_result,2,2025-11-04 13:28:24+00:00,E0107,wach,,V,,,,236.9,235.1,237.5,
_result,0,2025-11-04 13:28:25+00:00,E0107,wach,0.9,,,,,,,,
_result,1,2025-11-04 13:30:28+00:00,E0107,wach,,A,0.66,0.2,0.26,,,,
_result,0,2025-11-04 13:30:29+00:00,E0107,wach,0.9,,,,,,,,
_result,0,2025-11-04 13:32:26+00:00,E0107,wach,0.9,,,,,,,,
_result,0,2025-11-04 13:34:30+00:00,E0107,wach,0.9,,,,,,,,
_result,0,2025-11-04 13:36:29+00:00,E0107,wach,0.9,,,,,,,,
_result,1,2025-11-04 13:38:21+00:00,E0107,wach,,A,0.66,0.2,0.26,,,,
_result,0,2025-11-04 13:38:22+00:00,E0107,wach,0.9,,,,,,,,
_result,2,2025-11-04 13:40:36+00:00,E0107,wach,,V,,,,237.2,235.4,237.7,
_result,0,2025-11-04 13:40:37+00:00,E0107,wach,0.9,,,,,,,,
_result,1,2025-11-04 13:42:28+00:00,E0107,wach,,A,0.66,0.2,0.26,,,,
_result,0,2025-11-04 13:42:29+00:00,E0107,wach,0.9,,,,,,,,
_result,0,2025-11-04 13:45:47+00:00,E0107,wach,0.9,,,,,,,,
_result,0,2025-11-04 13:46:37+00:00,E0107,wach,0.9,,,,,,,,
_result,0,2025-11-04 13:48:34+00:00,E0107,wach,0.9,,,,,,,,
_result,1,2025-11-04 13:51:18+00:00,E0107,wach,,A,0.66,0.2,0.26,,,,
_result,0,2025-11-04 13:51:19+00:00,E0107,wach,0.9,,,,,,,,
_result,0,2025-11-04 13:52:31+00:00,E0107,wach,0.9,,,,,,,,
_result,1,2025-11-04 13:54:26+00:00,E0107,wach,,A,0.66,0.2,0.26,,,,
_result,0,2025-11-04 13:54:27+00:00,E0107,wach,0.9,,,,,,,,
_result,0,2025-11-04 13:56:22+00:00,E0107,wach,0.9,,,,,,,,
_result,0,2025-11-04 13:58:22+00:00,E0107,wach,0.9,,,,,,,,
_result,0,2025-11-04 14:00:53+00:00,E0107,wach,0.9,,,,,,,,
_result,0,2025-11-04 14:02:23+00:00,E0107,wach,0.9,,,,,,,,
_result,0,2025-11-04 14:04:36+00:00,E0107,wach,0.9,,,,,,,,
_result,0,2025-11-04 14:06:30+00:00,E0107,wach,0.9,,,,,,,,
_result,1,2025-11-04 14:08:25+00:00,E0107,wach,,A,0.66,0.2,0.26,,,,
_result,0,2025-11-04 14:08:26+00:00,E0107,wach,0.9,,,,,,,,
_result,2,2025-11-04 14:10:25+00:00,E0107,wach,,V,,,,237.8,236.0,238.4,
_result,0,2025-11-04 14:10:26+00:00,E0107,wach,0.9,,,,,,,,
_result,0,2025-11-04 14:12:32+00:00,E0107,wach,0.9,,,,,,,,
_result,0,2025-11-04 14:14:21+00:00,E0107,wach,0.9,,,,,,,,
_result,1,2025-11-04 14:16:26+00:00,E0107,wach,,A,0.66,0.2,0.26,,,,
_result,0,2025-11-04 14:16:27+00:00,E0107,wach,0.9,,,,,,,,
_result,1,2025-11-04 14:18:35+00:00,E0107,wach,,A,0.66,0.2,0.26,,,,
_result,0,2025-11-04 14:18:36+00:00,E0107,wach,0.9,,,,,,,,
_result,0,2025-11-04 14:20:28+00:00,E0107,wach,0.9,,,,,,,,
_result,0,2025-11-04 14:22:28+00:00,E0107,wach,0.9,,,,,,,,
_result,1,2025-11-04 14:24:25+00:00,E0107,wach,,A,0.66,0.2,0.26,,,,
_result,0,2025-11-04 14:24:26+00:00,E0107,wach,0.9,,,,,,,,
_result,0,2025-11-04 14:26:25+00:00,E0107,wach,0.9,,,,,,,,
_result,0,2025-11-04 14:28:35+00:00,E0107,wach,0.9,,,,,,,,
_result,0,2025-11-04 14:30:22+00:00,E0107,wach,0.9,,,,,,,,
_result,0,2025-11-04 14:32:26+00:00,E0107,wach,0.9,,,,,,,,
_result,0,2025-11-04 14:34:26+00:00,E0107,wach,0.9,,,,,,,,
_result,0,2025-11-04 14:36:29+00:00,E0107,wach,0.9,,,,,,,,
_result,1,2025-11-04 14:38:25+00:00,E0107,wach,,A,0.66,0.2,0.26,,,,
_result,0,2025-11-04 14:38:26+00:00,E0107,wach,0.9,,,,,,,,
_result,2,2025-11-04 14:40:24+00:00,E0107,wach,,V,,,,237.6,235.8,238.2,
_result,0,2025-11-04 14:40:25+00:00,E0107,wach,0.9,,,,,,,,
_result,0,2025-11-04 14:42:24+00:00,E0107,wach,0.9,,,,,,,,
_result,0,2025-11-04 14:44:27+00:00,E0107,wach,0.9,,,,,,,,
_result,0,2025-11-04 14:46:27+00:00,E0107,wach,0.9,,,,,,,,
_result,0,2025-11-04 14:48:30+00:00,E0107,wach,0.9,,,,,,,,
_result,0,2025-11-04 14:50:27+00:00,E0107,wach,0.9,,,,,,,,
_result,2,2025-11-04 14:52:22+00:00,E0107,wach,,V,,,,237.5,235.5,237.9,
_result,0,2025-11-04 14:52:23+00:00,E0107,wach,0.9,,,,,,,,
_result,0,2025-11-04 14:54:28+00:00,E0107,wach,0.9,,,,,,,,
_result,0,2025-11-04 14:56:24+00:00,E0107,wach,0.9,,,,,,,,
_result,0,2025-11-04 14:58:25+00:00,E0107,wach,0.9,,,,,,,,
_result,1,2025-11-04 15:00:24+00:00,E0107,wach,,A,0.66,0.2,0.26,,,,
_result,0,2025-11-04 15:00:25+00:00,E0107,wach,0.9,,,,,,,,
_result,0,2025-11-04 15:02:26+00:00,E0107,wach,0.9,,,,,,,,
_result,0,2025-11-04 15:04:26+00:00,E0107,wach,0.9,,,,,,,,
_result,0,2025-11-04 15:06:25+00:00,E0107,wach,0.9,,,,,,,,
_result,0,2025-11-04 15:08:24+00:00,E0107,wach,0.9,,,,,,,,
_result,0,2025-11-04 15:10:26+00:00,E0107,wach,0.9,,,,,,,,
_result,0,2025-11-04 15:12:29+00:00,E0107,wach,0.9,,,,,,,,
_result,1,2025-11-04 15:14:29+00:00,E0107,wach,,A,0.66,0.2,0.26,,,,
_result,0,2025-11-04 15:14:30+00:00,E0107,wach,0.9,,,,,,,,
_result,0,2025-11-04 15:16:26+00:00,E0107,wach,0.9,,,,,,,,
_result,2,2025-11-04 15:18:27+00:00,E0107,wach,,V,,,,238.6,,,
_result,0,2025-11-04 15:18:28+00:00,E0107,wach,0.9,,,,,,,,
_result,1,2025-11-04 15:20:24+00:00,E0107,wach,,A,0.66,0.2,,,,,
_result,0,2025-11-04 15:20:25+00:00,E0107,wach,0.9,,,,,,,,
_result,2,2025-11-04 15:22:28+00:00,E0107,wach,,V,,,,238.6,,,
_result,0,2025-11-04 15:22:29+00:00,E0107,wach,0.9,,,,,,,,
_result,0,2025-11-04 15:24:26+00:00,E0107,wach,0.9,,,,,,,,
_result,1,2025-11-04 15:26:25+00:00,E0107,wach,,A,0.66,0.2,0.26,,,,
_result,0,2025-11-04 15:26:26+00:00,E0107,wach,0.9,,,,,,,,
_result,0,2025-11-04 15:28:23+00:00,E0107,wach,0.9,,,,,,,,
_result,1,2025-11-04 15:30:26+00:00,E0107,wach,,A,0.66,0.2,0.26,,,,
_result,0,2025-11-04 15:30:27+00:00,E0107,wach,0.9,,,,,,,,
_result,0,2025-11-04 15:32:35+00:00,E0107,wach,0.9,,,,,,,,
_result,0,2025-11-04 15:34:25+00:00,E0107,wach,0.9,,,,,,,,
_result,0,2025-11-04 15:36:25+00:00,E0107,wach,0.9,,,,,,,,
_result,0,2025-11-04 15:38:27+00:00,E0107,wach,0.9,,,,,,,,
_result,1,2025-11-04 15:40:22+00:00,E0107,wach,,A,0.66,0.2,0.26,,,,
_result,0,2025-11-04 15:40:23+00:00,E0107,wach,0.9,,,,,,,,
_result,0,2025-11-04 15:42:24+00:00,E0107,wach,0.9,,,,,,,,
_result,2,2025-11-04 15:44:24+00:00,E0107,wach,,V,,,,239.0,237.0,239.3,
_result,0,2025-11-04 15:44:25+00:00,E0107,wach,0.9,,,,,,,,
_result,2,2025-11-04 15:46:23+00:00,E0107,wach,,V,,,,239.0,237.0,239.3,
_result,0,2025-11-04 15:46:24+00:00,E0107,wach,0.9,,,,,,,,
_result,1,2025-11-04 15:48:23+00:00,E0107,wach,,A,0.66,0.2,0.26,,,,
_result,0,2025-11-04 15:48:24+00:00,E0107,wach,0.9,,,,,,,,
_result,0,2025-11-04 15:50:27+00:00,E0107,wach,0.9,,,,,,,,
_result,0,2025-11-04 15:52:24+00:00,E0107,wach,0.9,,,,,,,,
_result,0,2025-11-04 15:54:27+00:00,E0107,wach,0.9,,,,,,,,
_result,0,2025-11-04 15:56:27+00:00,E0107,wach,0.9,,,,,,,,
_result,0,2025-11-04 15:58:30+00:00,E0107,wach,0.9,,,,,,,,
_result,0,2025-11-04 16:00:28+00:00,E0107,wach,0.9,,,,,,,,
_result,0,2025-11-04 16:03:34+00:00,E0107,wach,0.9,,,,,,,,
_result,0,2025-11-04 16:04:34+00:00,E0107,wach,0.9,,,,,,,,
_result,1,2025-11-04 16:06:24+00:00,E0107,wach,,A,0.66,0.2,0.27,,,,
_result,0,2025-11-04 16:06:25+00:00,E0107,wach,0.9,,,,,,,,
_result,2,2025-11-04 16:08:23+00:00,E0107,wach,,V,,,,239.7,237.8,,
_result,1,2025-11-04 16:08:24+00:00,E0107,wach,,A,0.66,0.2,0.27,,,,
_result,0,2025-11-04 16:08:25+00:00,E0107,wach,0.9,,,,,,,,
_result,0,2025-11-04 16:10:30+00:00,E0107,wach,0.89,,,,,,,,
_result,0,2025-11-04 16:12:26+00:00,E0107,wach,0.89,,,,,,,,
_result,0,2025-11-04 16:14:25+00:00,E0107,wach,0.89,,,,,,,,
_result,0,2025-11-04 16:16:24+00:00,E0107,wach,0.89,,,,,,,,
_result,0,2025-11-04 16:18:25+00:00,E0107,wach,0.89,,,,,,,,
_result,1,2025-11-04 16:20:26+00:00,E0107,wach,,A,0.66,0.2,0.26,,,,
_result,0,2025-11-04 16:20:27+00:00,E0107,wach,0.89,,,,,,,,
_result,0,2025-11-04 16:22:26+00:00,E0107,wach,0.89,,,,,,,,
_result,1,2025-11-04 16:24:23+00:00,E0107,wach,,A,0.66,0.2,0.27,,,,
_result,0,2025-11-04 16:24:24+00:00,E0107,wach,0.89,,,,,,,,
_result,2,2025-11-04 16:26:29+00:00,E0107,wach,,V,,,,240.1,238.3,240.5,
_result,0,2025-11-04 16:26:30+00:00,E0107,wach,0.89,,,,,,,,
_result,0,2025-11-04 16:28:24+00:00,E0107,wach,0.89,,,,,,,,
_result,2,2025-11-04 16:30:26+00:00,E0107,wach,,V,,,,240.1,,,
_result,0,2025-11-04 16:30:27+00:00,E0107,wach,0.89,,,,,,,,
_result,0,2025-11-04 16:32:26+00:00,E0107,wach,0.89,,,,,,,,
_result,0,2025-11-04 16:34:24+00:00,E0107,wach,0.89,,,,,,,,
_result,0,2025-11-04 16:36:25+00:00,E0107,wach,0.89,,,,,,,,
_result,0,2025-11-04 16:38:25+00:00,E0107,wach,0.89,,,,,,,,
_result,0,2025-11-04 16:40:26+00:00,E0107,wach,0.89,,,,,,,,
_result,0,2025-11-04 16:42:26+00:00,E0107,wach,0.89,,,,,,,,
_result,1,2025-11-04 16:44:27+00:00,E0107,wach,,A,0.66,0.2,0.27,,,,
_result,0,2025-11-04 16:44:28+00:00,E0107,wach,0.89,,,,,,,,
_result,0,2025-11-04 16:46:23+00:00,E0107,wach,0.9,,,,,,,,
_result,0,2025-11-04 16:48:24+00:00,E0107,wach,0.9,,,,,,,,
_result,1,2025-11-04 16:50:25+00:00,E0107,wach,,A,0.66,0.2,0.26,,,,
_result,0,2025-11-04 16:50:26+00:00,E0107,wach,0.9,,,,,,,,
_result,0,2025-11-04 16:52:26+00:00,E0107,wach,0.9,,,,,,,,
_result,2,2025-11-04 16:54:25+00:00,E0107,wach,,V,,,,237.6,235.6,237.7,
_result,0,2025-11-04 16:54:26+00:00,E0107,wach,0.9,,,,,,,,
_result,0,2025-11-04 16:56:26+00:00,E0107,wach,0.9,,,,,,,,
_result,0,2025-11-04 16:58:25+00:00,E0107,wach,0.9,,,,,,,,
_result,2,2025-11-04 17:00:27+00:00,E0107,wach,,V,,,,237.2,235.4,237.7,
_result,0,2025-11-04 17:00:28+00:00,E0107,wach,0.9,,,,,,,,
_result,0,2025-11-04 17:02:28+00:00,E0107,wach,0.9,,,,,,,,
_result,2,2025-11-04 17:04:23+00:00,E0107,wach,,V,,,,237.2,235.4,237.7,
_result,0,2025-11-04 17:04:24+00:00,E0107,wach,0.9,,,,,,,,
_result,1,2025-11-04 17:06:26+00:00,E0107,wach,,A,0.66,0.2,0.26,,,,
_result,0,2025-11-04 17:06:27+00:00,E0107,wach,0.9,,,,,,,,
_result,1,2025-11-04 17:08:26+00:00,E0107,wach,,A,0.66,0.2,0.26,,,,
_result,0,2025-11-04 17:08:27+00:00,E0107,wach,0.9,,,,,,,,
_result,0,2025-11-04 17:10:26+00:00,E0107,wach,0.9,,,,,,,,
_result,1,2025-11-04 17:12:22+00:00,E0107,wach,,A,0.66,0.2,0.26,,,,
_result,0,2025-11-04 17:12:23+00:00,E0107,wach,0.9,,,,,,,,
_result,2,2025-11-04 17:14:22+00:00,E0107,wach,,V,,,,237.1,235.2,237.4,
_result,0,2025-11-04 17:14:23+00:00,E0107,wach,0.9,,,,,,,,
_result,0,2025-11-04 17:16:25+00:00,E0107,wach,0.9,,,,,,,,
_result,0,2025-11-04 17:18:28+00:00,E0107,wach,0.9,,,,,,,,
_result,0,2025-11-04 17:20:27+00:00,E0107,wach,0.9,,,,,,,,
_result,0,2025-11-04 17:22:27+00:00,E0107,wach,0.9,,,,,,,,
_result,0,2025-11-04 17:24:25+00:00,E0107,wach,0.9,,,,,,,,
_result,1,2025-11-04 17:26:26+00:00,E0107,wach,,A,0.66,0.2,0.26,,,,
_result,0,2025-11-04 17:26:27+00:00,E0107,wach,0.9,,,,,,,,
_result,0,2025-11-04 17:28:25+00:00,E0107,wach,0.9,,,,,,,,
_result,0,2025-11-04 17:30:27+00:00,E0107,wach,0.9,,,,,,,,
_result,0,2025-11-04 17:32:28+00:00,E0107,wach,0.9,,,,,,,,
_result,1,2025-11-04 17:34:24+00:00,E0107,wach,,A,0.66,0.2,0.26,,,,
_result,0,2025-11-04 17:34:25+00:00,E0107,wach,0.9,,,,,,,,
_result,1,2025-11-04 17:36:27+00:00,E0107,wach,,A,0.66,0.2,0.26,,,,
_result,0,2025-11-04 17:36:28+00:00,E0107,wach,0.9,,,,,,,,
_result,0,2025-11-04 17:38:25+00:00,E0107,wach,0.9,,,,,,,,
_result,0,2025-11-04 17:40:28+00:00,E0107,wach,0.9,,,,,,,,
_result,0,2025-11-04 17:42:24+00:00,E0107,wach,0.9,,,,,,,,
_result,0,2025-11-04 17:44:23+00:00,E0107,wach,0.9,,,,,,,,
_result,0,2025-11-04 17:46:25+00:00,E0107,wach,0.9,,,,,,,,
_result,0,2025-11-04 17:48:26+00:00,E0107,wach,0.9,,,,,,,,
_result,0,2025-11-04 17:50:27+00:00,E0107,wach,0.9,,,,,,,,
_result,0,2025-11-04 17:52:26+00:00,E0107,wach,0.9,,,,,,,,
_result,0,2025-11-04 17:54:24+00:00,E0107,wach,0.9,,,,,,,,
_result,1,2025-11-04 17:56:22+00:00,E0107,wach,,A,0.66,0.2,0.26,,,,
_result,0,2025-11-04 17:56:23+00:00,E0107,wach,0.9,,,,,,,,
_result,1,2025-11-04 17:58:23+00:00,E0107,wach,,A,0.66,0.2,0.26,,,,
_result,0,2025-11-04 17:58:24+00:00,E0107,wach,0.9,,,,,,,,
_result,0,2025-11-04 18:00:31+00:00,E0107,wach,0.9,,,,,,,,
_result,0,2025-11-04 18:02:27+00:00,E0107,wach,0.9,,,,,,,,
_result,1,2025-11-04 18:04:27+00:00,E0107,wach,,A,0.66,0.2,0.26,,,,
_result,0,2025-11-04 18:04:28+00:00,E0107,wach,0.9,,,,,,,,
_result,0,2025-11-04 18:06:25+00:00,E0107,wach,0.9,,,,,,,,
_result,1,2025-11-04 18:08:24+00:00,E0107,wach,,A,0.66,0.2,0.26,,,,
_result,0,2025-11-04 18:08:25+00:00,E0107,wach,0.9,,,,,,,,
_result,0,2025-11-04 18:10:28+00:00,E0107,wach,0.9,,,,,,,,
_result,2,2025-11-04 18:12:26+00:00,E0107,wach,,V,,,,238.1,236.2,238.3,
_result,0,2025-11-04 18:12:27+00:00,E0107,wach,0.9,,,,,,,,
_result,1,2025-11-04 18:14:25+00:00,E0107,wach,,A,0.66,,,,,,
_result,0,2025-11-04 18:14:26+00:00,E0107,wach,0.9,,,,,,,,
_result,1,2025-11-04 18:16:24+00:00,E0107,wach,,A,0.66,0.2,0.26,,,,
_result,0,2025-11-04 18:16:25+00:00,E0107,wach,0.9,,,,,,,,
_result,1,2025-11-04 18:18:26+00:00,E0107,wach,,A,0.66,0.2,0.26,,,,
_result,0,2025-11-04 18:18:27+00:00,E0107,wach,0.9,,,,,,,,
_result,0,2025-11-04 18:20:26+00:00,E0107,wach,0.9,,,,,,,,
_result,0,2025-11-04 18:22:27+00:00,E0107,wach,0.9,,,,,,,,
_result,0,2025-11-04 18:24:27+00:00,E0107,wach,0.9,,,,,,,,
_result,0,2025-11-04 18:26:29+00:00,E0107,wach,0.9,,,,,,,,
_result,0,2025-11-04 18:28:28+00:00,E0107,wach,0.9,,,,,,,,
_result,2,2025-11-04 18:30:23+00:00,E0107,wach,,V,,,,238.2,236.4,238.5,
_result,0,2025-11-04 18:30:24+00:00,E0107,wach,0.9,,,,,,,,
_result,2,2025-11-04 18:32:24+00:00,E0107,wach,,V,,,,238.2,236.4,238.5,
_result,0,2025-11-04 18:32:25+00:00,E0107,wach,0.9,,,,,,,,
_result,0,2025-11-04 18:34:25+00:00,E0107,wach,0.9,,,,,,,,
_result,0,2025-11-04 18:36:27+00:00,E0107,wach,0.9,,,,,,,,
_result,0,2025-11-04 18:38:27+00:00,E0107,wach,0.9,,,,,,,,
_result,0,2025-11-04 18:40:28+00:00,E0107,wach,0.9,,,,,,,,
_result,1,2025-11-04 18:42:27+00:00,E0107,wach,,A,0.66,0.2,0.26,,,,
_result,0,2025-11-04 18:42:28+00:00,E0107,wach,0.9,,,,,,,,
_result,0,2025-11-04 18:44:25+00:00,E0107,wach,0.9,,,,,,,,
_result,1,2025-11-04 18:46:19+00:00,E0107,wach,,A,0.66,0.2,0.26,,,,
_result,0,2025-11-04 18:46:20+00:00,E0107,wach,0.9,,,,,,,,
_result,0,2025-11-04 18:48:28+00:00,E0107,wach,0.9,,,,,,,,
_result,2,2025-11-04 18:50:26+00:00,E0107,wach,,V,,,,239.0,237.1,239.2,
_result,0,2025-11-04 18:50:27+00:00,E0107,wach,0.9,,,,,,,,
_result,0,2025-11-04 18:52:28+00:00,E0107,wach,0.9,,,,,,,,
_result,2,2025-11-04 18:54:24+00:00,E0107,wach,,V,,,,239.0,237.1,239.2,
_result,0,2025-11-04 18:54:25+00:00,E0107,wach,0.9,,,,,,,,
_result,0,2025-11-04 18:56:25+00:00,E0107,wach,0.9,,,,,,,,
_result,1,2025-11-04 18:58:32+00:00,E0107,wach,,A,0.66,0.2,0.26,,,,
_result,0,2025-11-04 18:58:33+00:00,E0107,wach,0.9,,,,,,,,
_result,1,2025-11-04 19:00:28+00:00,E0107,wach,,A,0.66,0.2,0.26,,,,
_result,0,2025-11-04 19:00:29+00:00,E0107,wach,0.9,,,,,,,,
_result,2,2025-11-04 19:02:26+00:00,E0107,wach,,V,,,,238.6,,,
_result,0,2025-11-04 19:02:27+00:00,E0107,wach,0.9,,,,,,,,
_result,1,2025-11-04 19:04:27+00:00,E0107,wach,,A,0.66,0.2,0.26,,,,
_result,0,2025-11-04 19:04:28+00:00,E0107,wach,0.9,,,,,,,,
_result,2,2025-11-04 19:06:24+00:00,E0107,wach,,V,,,,238.6,236.8,238.9,
_result,1,2025-11-04 19:06:25+00:00,E0107,wach,,A,0.66,0.2,0.26,,,,
_result,0,2025-11-04 19:06:26+00:00,E0107,wach,0.9,,,,,,,,
_result,0,2025-11-04 19:09:54+00:00,E0107,wach,0.9,,,,,,,,
_result,0,2025-11-04 19:10:23+00:00,E0107,wach,0.9,,,,,,,,
_result,1,2025-11-04 19:12:27+00:00,E0107,wach,,A,0.66,0.2,,,,,
_result,0,2025-11-04 19:12:28+00:00,E0107,wach,0.9,,,,,,,,
_result,0,2025-11-04 19:14:27+00:00,E0107,wach,0.9,,,,,,,,
_result,0,2025-11-04 19:16:26+00:00,E0107,wach,0.9,,,,,,,,
_result,0,2025-11-04 19:18:26+00:00,E0107,wach,0.9,,,,,,,,
_result,1,2025-11-04 19:20:24+00:00,E0107,wach,,A,0.66,0.2,0.26,,,,
_result,0,2025-11-04 19:20:25+00:00,E0107,wach,0.9,,,,,,,,
_result,2,2025-11-04 19:22:25+00:00,E0107,wach,,V,,,,238.5,,,
_result,0,2025-11-04 19:22:26+00:00,E0107,wach,0.9,,,,,,,,
_result,0,2025-11-04 19:24:26+00:00,E0107,wach,0.9,,,,,,,,
_result,0,2025-11-04 19:26:27+00:00,E0107,wach,0.9,,,,,,,,
_result,0,2025-11-04 19:28:25+00:00,E0107,wach,0.9,,,,,,,,
_result,0,2025-11-04 19:30:25+00:00,E0107,wach,0.9,,,,,,,,
_result,0,2025-11-04 19:32:22+00:00,E0107,wach,0.9,,,,,,,,
_result,2,2025-11-04 19:34:27+00:00,E0107,wach,,V,,,,239.4,237.6,,
_result,0,2025-11-04 19:34:28+00:00,E0107,wach,0.9,,,,,,,,
_result,0,2025-11-04 19:36:22+00:00,E0107,wach,0.9,,,,,,,,
_result,0,2025-11-04 19:38:25+00:00,E0107,wach,0.9,,,,,,,,
_result,0,2025-11-04 19:40:26+00:00,E0107,wach,0.9,,,,,,,,
_result,0,2025-11-04 19:42:25+00:00,E0107,wach,0.9,,,,,,,,
_result,0,2025-11-04 19:44:29+00:00,E0107,wach,0.9,,,,,,,,
_result,2,2025-11-04 19:46:25+00:00,E0107,wach,,V,,,,239.6,,,
_result,0,2025-11-04 19:46:26+00:00,E0107,wach,0.9,,,,,,,,
_result,1,2025-11-04 19:48:26+00:00,E0107,wach,,A,0.66,0.2,0.27,,,,
_result,0,2025-11-04 19:48:27+00:00,E0107,wach,0.9,,,,,,,,
_result,0,2025-11-04 19:50:26+00:00,E0107,wach,0.9,,,,,,,,
_result,0,2025-11-04 19:52:23+00:00,E0107,wach,0.9,,,,,,,,
_result,1,2025-11-04 19:54:25+00:00,E0107,wach,,A,0.66,0.2,0.27,,,,
_result,0,2025-11-04 19:54:26+00:00,E0107,wach,0.9,,,,,,,,
_result,0,2025-11-04 19:56:30+00:00,E0107,wach,0.89,,,,,,,,
_result,1,2025-11-04 19:58:23+00:00,E0107,wach,,A,0.66,0.2,0.27,,,,
_result,0,2025-11-04 19:58:24+00:00,E0107,wach,0.89,,,,,,,,
_result,1,2025-11-04 20:00:26+00:00,E0107,wach,,A,0.66,0.2,0.27,,,,
_result,0,2025-11-04 20:00:27+00:00,E0107,wach,0.89,,,,,,,,
_result,1,2025-11-04 20:02:25+00:00,E0107,wach,,A,0.66,0.2,0.27,,,,
_result,0,2025-11-04 20:02:26+00:00,E0107,wach,0.89,,,,,,,,
_result,0,2025-11-04 20:04:25+00:00,E0107,wach,0.89,,,,,,,,
_result,0,2025-11-04 20:06:26+00:00,E0107,wach,0.89,,,,,,,,
_result,0,2025-11-04 20:08:27+00:00,E0107,wach,0.9,,,,,,,,
_result,1,2025-11-04 20:10:24+00:00,E0107,wach,,A,0.66,0.2,0.27,,,,
_result,0,2025-11-04 20:10:25+00:00,E0107,wach,0.9,,,,,,,,
_result,0,2025-11-04 20:12:29+00:00,E0107,wach,0.9,,,,,,,,
_result,0,2025-11-04 20:14:26+00:00,E0107,wach,0.9,,,,,,,,
_result,1,2025-11-04 20:16:25+00:00,E0107,wach,,A,0.66,0.2,0.27,,,,
_result,0,2025-11-04 20:16:26+00:00,E0107,wach,0.9,,,,,,,,
_result,0,2025-11-04 20:19:37+00:00,E0107,wach,0.9,,,,,,,,
_result,0,2025-11-04 20:20:25+00:00,E0107,wach,0.9,,,,,,,,
_result,0,2025-11-04 20:22:27+00:00,E0107,wach,0.9,,,,,,,,
_result,1,2025-11-04 20:24:23+00:00,E0107,wach,,A,0.66,0.2,0.27,,,,
_result,0,2025-11-04 20:24:24+00:00,E0107,wach,0.89,,,,,,,,
_result,0,2025-11-04 20:26:41+00:00,E0107,wach,0.89,,,,,,,,
_result,2,2025-11-04 20:28:25+00:00,E0107,wach,,V,,,,239.9,238.0,240.2,
_result,0,2025-11-04 20:28:26+00:00,E0107,wach,0.89,,,,,,,,
_result,1,2025-11-04 20:30:27+00:00,E0107,wach,,A,0.66,0.2,0.27,,,,
_result,0,2025-11-04 20:30:28+00:00,E0107,wach,0.89,,,,,,,,
_result,0,2025-11-04 20:32:24+00:00,E0107,wach,0.89,,,,,,,,
_result,2,2025-11-04 20:34:23+00:00,E0107,wach,,V,,,,240.2,,,
_result,0,2025-11-04 20:34:24+00:00,E0107,wach,0.89,,,,,,,,
_result,0,2025-11-04 20:36:26+00:00,E0107,wach,0.89,,,,,,,,
_result,0,2025-11-04 20:38:25+00:00,E0107,wach,0.89,,,,,,,,
_result,0,2025-11-04 20:40:28+00:00,E0107,wach,0.89,,,,,,,,
_result,0,2025-11-04 20:42:27+00:00,E0107,wach,0.89,,,,,,,,
_result,0,2025-11-04 20:44:29+00:00,E0107,wach,0.89,,,,,,,,
_result,0,2025-11-04 20:46:26+00:00,E0107,wach,0.89,,,,,,,,
_result,0,2025-11-04 20:48:20+00:00,E0107,wach,0.89,,,,,,,,
_result,0,2025-11-04 20:50:30+00:00,E0107,wach,0.89,,,,,,,,
_result,0,2025-11-04 20:52:27+00:00,E0107,wach,0.89,,,,,,,,
_result,0,2025-11-04 20:54:26+00:00,E0107,wach,0.89,,,,,,,,
_result,2,2025-11-04 20:56:23+00:00,E0107,wach,,V,,,,240.3,238.5,240.6,
_result,0,2025-11-04 20:56:24+00:00,E0107,wach,0.89,,,,,,,,
_result,0,2025-11-04 20:58:27+00:00,E0107,wach,0.89,,,,,,,,
_result,0,2025-11-04 21:00:28+00:00,E0107,wach,0.89,,,,,,,,
_result,0,2025-11-04 21:02:27+00:00,E0107,wach,0.89,,,,,,,,
_result,0,2025-11-04 21:04:31+00:00,E0107,wach,0.89,,,,,,,,
_result,0,2025-11-04 21:06:33+00:00,E0107,wach,0.9,,,,,,,,
_result,0,2025-11-04 21:08:25+00:00,E0107,wach,0.9,,,,,,,,
_result,1,2025-11-04 21:10:25+00:00,E0107,wach,,A,0.66,0.2,0.27,,,,
_result,0,2025-11-04 21:10:26+00:00,E0107,wach,0.9,,,,,,,,
_result,0,2025-11-04 21:12:27+00:00,E0107,wach,0.9,,,,,,,,
_result,0,2025-11-04 21:14:27+00:00,E0107,wach,0.9,,,,,,,,
_result,0,2025-11-04 21:16:24+00:00,E0107,wach,0.9,,,,,,,,
_result,2,2025-11-04 21:18:22+00:00,E0107,wach,,V,,,,239.6,237.9,240.0,
_result,0,2025-11-04 21:18:23+00:00,E0107,wach,0.9,,,,,,,,
_result,0,2025-11-04 21:20:28+00:00,E0107,wach,0.9,,,,,,,,
_result,1,2025-11-04 21:22:24+00:00,E0107,wach,,A,0.66,0.2,0.27,,,,
_result,0,2025-11-04 21:22:25+00:00,E0107,wach,0.9,,,,,,,,
_result,1,2025-11-04 21:24:21+00:00,E0107,wach,,A,0.66,0.2,0.27,,,,
_result,0,2025-11-04 21:24:22+00:00,E0107,wach,0.9,,,,,,,,
_result,0,2025-11-04 21:26:21+00:00,E0107,wach,0.9,,,,,,,,
_result,0,2025-11-04 21:28:27+00:00,E0107,wach,0.9,,,,,,,,
_result,0,2025-11-04 21:30:24+00:00,E0107,wach,0.9,,,,,,,,
_result,1,2025-11-04 21:32:26+00:00,E0107,wach,,A,0.66,0.2,0.26,,,,
_result,0,2025-11-04 21:32:27+00:00,E0107,wach,0.9,,,,,,,,
_result,1,2025-11-04 21:34:24+00:00,E0107,wach,,A,0.66,0.2,0.26,,,,
_result,0,2025-11-04 21:34:25+00:00,E0107,wach,0.9,,,,,,,,
_result,0,2025-11-04 21:36:21+00:00,E0107,wach,0.9,,,,,,,,
_result,1,2025-11-04 21:38:21+00:00,E0107,wach,,A,0.66,0.2,,,,,
_result,0,2025-11-04 21:38:22+00:00,E0107,wach,0.9,,,,,,,,
_result,2,2025-11-04 21:40:24+00:00,E0107,wach,,V,,,,238.9,,,
_result,0,2025-11-04 21:40:25+00:00,E0107,wach,0.9,,,,,,,,
_result,0,2025-11-04 21:42:26+00:00,E0107,wach,0.9,,,,,,,,
_result,0,2025-11-04 21:44:24+00:00,E0107,wach,0.9,,,,,,,,
_result,0,2025-11-04 21:46:35+00:00,E0107,wach,0.9,,,,,,,,
_result,0,2025-11-04 21:48:24+00:00,E0107,wach,0.9,,,,,,,,
_result,0,2025-11-04 21:50:24+00:00,E0107,wach,0.9,,,,,,,,
_result,0,2025-11-04 21:52:27+00:00,E0107,wach,0.9,,,,,,,,
_result,0,2025-11-04 21:54:25+00:00,E0107,wach,0.9,,,,,,,,
_result,0,2025-11-04 21:56:25+00:00,E0107,wach,0.9,,,,,,,,
_result,0,2025-11-04 21:58:26+00:00,E0107,wach,0.9,,,,,,,,
_result,0,2025-11-04 22:00:27+00:00,E0107,wach,0.9,,,,,,,,
_result,0,2025-11-04 22:02:23+00:00,E0107,wach,0.9,,,,,,,,
_result,0,2025-11-04 22:04:29+00:00,E0107,wach,0.9,,,,,,,,
_result,2,2025-11-04 22:06:25+00:00,E0107,wach,,V,,,,238.5,236.5,,
_result,0,2025-11-04 22:06:26+00:00,E0107,wach,0.9,,,,,,,,
_result,0,2025-11-04 22:08:26+00:00,E0107,wach,0.9,,,,,,,,
_result,0,2025-11-04 22:10:27+00:00,E0107,wach,0.9,,,,,,,,
_result,0,2025-11-04 22:12:25+00:00,E0107,wach,0.9,,,,,,,,
_result,1,2025-11-04 22:14:26+00:00,E0107,wach,,A,0.66,0.2,0.26,,,,
_result,0,2025-11-04 22:14:27+00:00,E0107,wach,0.9,,,,,,,,
_result,0,2025-11-04 22:16:25+00:00,E0107,wach,0.9,,,,,,,,
_result,0,2025-11-04 22:18:26+00:00,E0107,wach,0.9,,,,,,,,
_result,0,2025-11-04 22:20:25+00:00,E0107,wach,0.9,,,,,,,,
_result,0,2025-11-04 22:22:26+00:00,E0107,wach,0.9,,,,,,,,
_result,0,2025-11-04 22:24:25+00:00,E0107,wach,0.9,,,,,,,,
_result,0,2025-11-04 22:26:21+00:00,E0107,wach,0.9,,,,,,,,
_result,0,2025-11-04 22:28:27+00:00,E0107,wach,0.9,,,,,,,,
_result,0,2025-11-04 22:30:22+00:00,E0107,wach,0.9,,,,,,,,
_result,0,2025-11-04 22:32:27+00:00,E0107,wach,0.9,,,,,,,,
_result,0,2025-11-04 22:34:26+00:00,E0107,wach,0.9,,,,,,,,
_result,0,2025-11-04 22:36:22+00:00,E0107,wach,0.9,,,,,,,,
_result,2,2025-11-04 22:38:25+00:00,E0107,wach,,V,,,,237.5,,,
_result,0,2025-11-04 22:38:26+00:00,E0107,wach,0.9,,,,,,,,
_result,2,2025-11-04 22:40:23+00:00,E0107,wach,,V,,,,237.0,,,
_result,1,2025-11-04 22:40:24+00:00,E0107,wach,,A,0.66,0.2,0.26,,,,
_result,0,2025-11-04 22:40:25+00:00,E0107,wach,0.9,,,,,,,,
_result,1,2025-11-04 22:42:26+00:00,E0107,wach,,A,0.66,0.2,0.26,,,,
_result,0,2025-11-04 22:42:27+00:00,E0107,wach,0.9,,,,,,,,
_result,0,2025-11-04 22:44:20+00:00,E0107,wach,0.9,,,,,,,,
_result,0,2025-11-04 22:46:25+00:00,E0107,wach,0.9,,,,,,,,
_result,2,2025-11-04 22:48:25+00:00,E0107,wach,,V,,,,236.3,234.4,236.5,
_result,0,2025-11-04 22:48:26+00:00,E0107,wach,0.9,,,,,,,,
_result,0,2025-11-04 22:50:26+00:00,E0107,wach,0.9,,,,,,,,
_result,0,2025-11-04 22:52:26+00:00,E0107,wach,0.9,,,,,,,,
_result,0,2025-11-04 22:54:28+00:00,E0107,wach,0.9,,,,,,,,
_result,0,2025-11-04 22:56:27+00:00,E0107,wach,0.9,,,,,,,,
_result,0,2025-11-04 22:58:25+00:00,E0107,wach,0.9,,,,,,,,
_result,1,2025-11-04 23:00:22+00:00,E0107,wach,,A,0.66,0.2,0.26,,,,
_result,0,2025-11-04 23:00:23+00:00,E0107,wach,0.9,,,,,,,,
_result,0,2025-11-04 23:02:49+00:00,E0107,wach,0.74,,,,,,,,
_result,1,2025-11-04 23:04:22+00:00,E0107,wach,,A,4.64,4.03,4.3,,,,
_result,0,2025-11-04 23:04:23+00:00,E0107,wach,0.74,,,,,,,,
_result,0,2025-11-04 23:06:26+00:00,E0107,wach,0.74,,,,,,,,
_result,0,2025-11-04 23:08:24+00:00,E0107,wach,0.74,,,,,,,,
_result,0,2025-11-04 23:10:21+00:00,E0107,wach,0.75,,,,,,,,
_result,0,2025-11-04 23:12:27+00:00,E0107,wach,0.75,,,,,,,,
_result,0,2025-11-04 23:14:24+00:00,E0107,wach,0.75,,,,,,,,
_result,0,2025-11-04 23:16:26+00:00,E0107,wach,0.75,,,,,,,,
_result,0,2025-11-04 23:18:24+00:00,E0107,wach,0.75,,,,,,,,
_result,1,2025-11-04 23:20:20+00:00,E0107,wach,,A,4.61,4.02,4.28,,,,
_result,0,2025-11-04 23:20:21+00:00,E0107,wach,0.75,,,,,,,,
_result,0,2025-11-04 23:22:27+00:00,E0107,wach,0.75,,,,,,,,
_result,2,2025-11-04 23:24:24+00:00,E0107,wach,,V,,,,234.0,231.9,233.9,
_result,0,2025-11-04 23:24:25+00:00,E0107,wach,0.75,,,,,,,,
_result,0,2025-11-04 23:26:24+00:00,E0107,wach,0.75,,,,,,,,
_result,0,2025-11-04 23:28:22+00:00,E0107,wach,0.75,,,,,,,,
_result,0,2025-11-04 23:30:27+00:00,E0107,wach,0.75,,,,,,,,
_result,0,2025-11-04 23:32:25+00:00,E0107,wach,0.75,,,,,,,,
_result,1,2025-11-04 23:34:28+00:00,E0107,wach,,A,4.59,4.0,4.25,,,,
_result,0,2025-11-04 23:34:29+00:00,E0107,wach,0.75,,,,,,,,
_result,0,2025-11-04 23:36:23+00:00,E0107,wach,0.76,,,,,,,,
_result,2,2025-11-04 23:38:23+00:00,E0107,wach,,V,,,,232.6,230.3,232.4,
_result,0,2025-11-04 23:38:24+00:00,E0107,wach,0.76,,,,,,,,
_result,0,2025-11-04 23:40:24+00:00,E0107,wach,0.76,,,,,,,,
_result,0,2025-11-04 23:42:24+00:00,E0107,wach,0.76,,,,,,,,
_result,1,2025-11-04 23:44:22+00:00,E0107,wach,,A,4.58,4.0,4.24,,,,
_result,0,2025-11-04 23:44:23+00:00,E0107,wach,0.76,,,,,,,,
_result,0,2025-11-04 23:46:26+00:00,E0107,wach,0.76,,,,,,,,
_result,1,2025-11-04 23:48:23+00:00,E0107,wach,,A,4.57,3.99,4.23,,,,
_result,0,2025-11-04 23:48:24+00:00,E0107,wach,0.76,,,,,,,,
_result,0,2025-11-04 23:50:25+00:00,E0107,wach,0.76,,,,,,,,
_result,1,2025-11-04 23:52:29+00:00,E0107,wach,,A,4.56,3.98,4.23,,,,
_result,0,2025-11-04 23:52:30+00:00,E0107,wach,0.76,,,,,,,,
_result,2,2025-11-04 23:54:27+00:00,E0107,wach,,V,,,,231.7,,,
_result,0,2025-11-04 23:54:28+00:00,E0107,wach,0.76,,,,,,,,
_result,0,2025-11-04 23:56:23+00:00,E0107,wach,0.76,,,,,,,,
_result,0,2025-11-04 23:58:20+00:00,E0107,wach,0.75,,,,,,,,
_result,1,2025-11-05 00:00:33+00:00,E0107,wach,,A,4.59,4.01,4.26,,,,
_result,0,2025-11-05 00:00:34+00:00,E0107,wach,0.75,,,,,,,,
_result,0,2025-11-05 00:02:27+00:00,E0107,wach,0.75,,,,,,,,
_result,0,2025-11-05 00:04:26+00:00,E0107,wach,0.75,,,,,,,,
_result,1,2025-11-05 00:06:29+00:00,E0107,wach,,A,4.58,4.0,4.24,,,,
_result,0,2025-11-05 00:06:30+00:00,E0107,wach,0.75,,,,,,,,
_result,1,2025-11-05 00:08:24+00:00,E0107,wach,,A,4.58,4.0,4.24,,,,
_result,0,2025-11-05 00:08:25+00:00,E0107,wach,0.75,,,,,,,,
_result,1,2025-11-05 00:10:20+00:00,E0107,wach,,A,4.58,4.0,4.24,,,,
_result,0,2025-11-05 00:10:21+00:00,E0107,wach,0.75,,,,,,,,
_result,2,2025-11-05 00:12:22+00:00,E0107,wach,,V,,,,233.1,,,
_result,0,2025-11-05 00:12:23+00:00,E0107,wach,0.75,,,,,,,,
_result,0,2025-11-05 00:14:28+00:00,E0107,wach,0.75,,,,,,,,
_result,0,2025-11-05 00:16:28+00:00,E0107,wach,0.75,,,,,,,,
_result,0,2025-11-05 00:18:30+00:00,E0107,wach,0.75,,,,,,,,
_result,0,2025-11-05 00:20:27+00:00,E0107,wach,0.75,,,,,,,,
_result,2,2025-11-05 00:22:25+00:00,E0107,wach,,V,,,,232.8,230.7,232.7,
_result,0,2025-11-05 00:22:26+00:00,E0107,wach,0.75,,,,,,,,
_result,1,2025-11-05 00:24:26+00:00,E0107,wach,,A,4.57,3.98,4.23,,,,
_result,0,2025-11-05 00:24:27+00:00,E0107,wach,0.75,,,,,,,,
_result,1,2025-11-05 00:26:26+00:00,E0107,wach,,A,4.56,3.98,4.22,,,,
_result,0,2025-11-05 00:26:27+00:00,E0107,wach,0.76,,,,,,,,
_result,1,2025-11-05 00:28:24+00:00,E0107,wach,,A,4.56,3.98,4.22,,,,
_result,0,2025-11-05 00:28:25+00:00,E0107,wach,0.76,,,,,,,,
_result,0,2025-11-05 00:30:26+00:00,E0107,wach,0.76,,,,,,,,
_result,0,2025-11-05 00:32:21+00:00,E0107,wach,0.76,,,,,,,,
_result,0,2025-11-05 00:34:22+00:00,E0107,wach,0.76,,,,,,,,
_result,1,2025-11-05 00:36:31+00:00,E0107,wach,,A,4.56,3.97,4.22,,,,
_result,0,2025-11-05 00:36:32+00:00,E0107,wach,0.76,,,,,,,,
_result,0,2025-11-05 00:38:30+00:00,E0107,wach,0.76,,,,,,,,
_result,1,2025-11-05 00:40:25+00:00,E0107,wach,,A,4.55,3.98,4.22,,,,
_result,0,2025-11-05 00:40:26+00:00,E0107,wach,0.76,,,,,,,,
_result,0,2025-11-05 00:42:27+00:00,E0107,wach,0.76,,,,,,,,
_result,1,2025-11-05 00:44:23+00:00,E0107,wach,,A,4.55,3.98,4.22,,,,
_result,0,2025-11-05 00:44:24+00:00,E0107,wach,0.76,,,,,,,,
_result,0,2025-11-05 00:46:23+00:00,E0107,wach,0.76,,,,,,,,
_result,0,2025-11-05 00:48:21+00:00,E0107,wach,0.76,,,,,,,,
_result,0,2025-11-05 00:50:41+00:00,E0107,wach,0.76,,,,,,,,
_result,1,2025-11-05 00:52:26+00:00,E0107,wach,,A,4.55,3.97,4.22,,,,
_result,0,2025-11-05 00:52:27+00:00,E0107,wach,0.76,,,,,,,,
_result,2,2025-11-05 00:54:28+00:00,E0107,wach,,V,,,,235.3,233.3,235.3,
_result,0,2025-11-05 00:54:29+00:00,E0107,wach,0.75,,,,,,,,
_result,0,2025-11-05 00:56:26+00:00,E0107,wach,0.75,,,,,,,,
_result,1,2025-11-05 00:58:26+00:00,E0107,wach,,A,4.61,4.01,4.27,,,,
_result,0,2025-11-05 00:58:27+00:00,E0107,wach,0.75,,,,,,,,
_result,0,2025-11-05 01:00:32+00:00,E0107,wach,0.75,,,,,,,,
_result,1,2025-11-05 01:02:27+00:00,E0107,wach,,A,4.59,4.0,4.26,,,,
_result,0,2025-11-05 01:02:28+00:00,E0107,wach,0.75,,,,,,,,
_result,0,2025-11-05 01:04:27+00:00,E0107,wach,0.75,,,,,,,,
_result,0,2025-11-05 01:06:31+00:00,E0107,wach,0.75,,,,,,,,
_result,2,2025-11-05 01:08:26+00:00,E0107,wach,,V,,,,234.1,232.1,234.1,
_result,0,2025-11-05 01:08:27+00:00,E0107,wach,0.75,,,,,,,,
_result,1,2025-11-05 01:10:28+00:00,E0107,wach,,A,4.59,4.0,4.26,,,,
_result,0,2025-11-05 01:10:29+00:00,E0107,wach,0.75,,,,,,,,
_result,1,2025-11-05 01:12:24+00:00,E0107,wach,,A,4.59,4.0,,,,,
_result,0,2025-11-05 01:12:25+00:00,E0107,wach,0.75,,,,,,,,
_result,0,2025-11-05 01:14:28+00:00,E0107,wach,0.75,,,,,,,,
_result,0,2025-11-05 01:16:26+00:00,E0107,wach,0.75,,,,,,,,
_result,1,2025-11-05 01:18:27+00:00,E0107,wach,,A,4.59,4.0,4.26,,,,
_result,0,2025-11-05 01:18:28+00:00,E0107,wach,0.75,,,,,,,,
_result,1,2025-11-05 01:20:32+00:00,E0107,wach,,A,4.58,3.99,4.24,,,,
_result,0,2025-11-05 01:20:33+00:00,E0107,wach,0.75,,,,,,,,
_result,1,2025-11-05 01:22:30+00:00,E0107,wach,,A,4.58,3.99,4.24,,,,
_result,0,2025-11-05 01:22:31+00:00,E0107,wach,0.75,,,,,,,,
_result,1,2025-11-05 01:24:29+00:00,E0107,wach,,A,4.58,3.99,4.24,,,,
_result,0,2025-11-05 01:24:30+00:00,E0107,wach,0.75,,,,,,,,
_result,1,2025-11-05 01:26:26+00:00,E0107,wach,,A,4.58,3.99,4.24,,,,
_result,0,2025-11-05 01:26:27+00:00,E0107,wach,0.75,,,,,,,,
_result,2,2025-11-05 01:28:28+00:00,E0107,wach,,V,,,,234.7,232.6,234.7,
_result,0,2025-11-05 01:28:29+00:00,E0107,wach,0.75,,,,,,,,
_result,0,2025-11-05 01:30:35+00:00,E0107,wach,0.75,,,,,,,,
_result,0,2025-11-05 01:32:38+00:00,E0107,wach,0.75,,,,,,,,
_result,1,2025-11-05 01:34:25+00:00,E0107,wach,,A,4.6,4.0,4.26,,,,
_result,0,2025-11-05 01:34:26+00:00,E0107,wach,0.75,,,,,,,,
_result,0,2025-11-05 01:36:25+00:00,E0107,wach,0.75,,,,,,,,
_result,0,2025-11-05 01:38:27+00:00,E0107,wach,0.75,,,,,,,,
_result,0,2025-11-05 01:40:27+00:00,E0107,wach,0.75,,,,,,,,
_result,0,2025-11-05 01:42:23+00:00,E0107,wach,0.75,,,,,,,,
_result,2,2025-11-05 01:44:28+00:00,E0107,wach,,V,,,,234.0,231.9,234.0,
_result,0,2025-11-05 01:44:29+00:00,E0107,wach,0.75,,,,,,,,
_result,0,2025-11-05 01:46:21+00:00,E0107,wach,0.75,,,,,,,,
_result,0,2025-11-05 01:48:27+00:00,E0107,wach,0.75,,,,,,,,
_result,1,2025-11-05 01:50:26+00:00,E0107,wach,,A,4.59,4.0,4.26,,,,
_result,0,2025-11-05 01:50:27+00:00,E0107,wach,0.75,,,,,,,,
_result,1,2025-11-05 01:52:23+00:00,E0107,wach,,A,4.59,4.0,4.26,,,,
_result,0,2025-11-05 01:52:24+00:00,E0107,wach,0.75,,,,,,,,
_result,1,2025-11-05 01:54:25+00:00,E0107,wach,,A,4.6,3.99,4.26,,,,
_result,0,2025-11-05 01:54:26+00:00,E0107,wach,0.75,,,,,,,,
_result,0,2025-11-05 01:56:26+00:00,E0107,wach,0.75,,,,,,,,
_result,1,2025-11-05 01:58:25+00:00,E0107,wach,,A,4.6,3.99,4.26,,,,
_result,0,2025-11-05 01:58:26+00:00,E0107,wach,0.75,,,,,,,,
_result,2,2025-11-05 02:00:33+00:00,E0107,wach,,V,,,,234.2,232.2,234.4,
_result,0,2025-11-05 02:00:34+00:00,E0107,wach,0.75,,,,,,,,
_result,0,2025-11-05 02:02:29+00:00,E0107,wach,0.75,,,,,,,,
_result,0,2025-11-05 02:04:53+00:00,E0107,wach,0.75,,,,,,,,
_result,0,2025-11-05 02:06:24+00:00,E0107,wach,0.75,,,,,,,,
_result,0,2025-11-05 02:08:27+00:00,E0107,wach,0.75,,,,,,,,
_result,0,2025-11-05 02:10:27+00:00,E0107,wach,0.75,,,,,,,,
_result,0,2025-11-05 02:12:27+00:00,E0107,wach,0.75,,,,,,,,
_result,0,2025-11-05 02:14:44+00:00,E0107,wach,0.75,,,,,,,,
_result,0,2025-11-05 02:16:25+00:00,E0107,wach,0.75,,,,,,,,
_result,0,2025-11-05 02:18:27+00:00,E0107,wach,0.75,,,,,,,,
_result,1,2025-11-05 02:20:26+00:00,E0107,wach,,A,4.58,3.99,4.24,,,,
_result,0,2025-11-05 02:20:27+00:00,E0107,wach,0.75,,,,,,,,
_result,1,2025-11-05 02:22:27+00:00,E0107,wach,,A,4.57,3.99,4.23,,,,
_result,0,2025-11-05 02:22:28+00:00,E0107,wach,0.75,,,,,,,,
_result,2,2025-11-05 02:24:24+00:00,E0107,wach,,V,,,,233.3,231.3,,
_result,0,2025-11-05 02:24:25+00:00,E0107,wach,0.75,,,,,,,,
_result,2,2025-11-05 02:26:27+00:00,E0107,wach,,V,,,,233.3,231.3,233.2,
_result,0,2025-11-05 02:26:28+00:00,E0107,wach,0.75,,,,,,,,
_result,1,2025-11-05 02:28:25+00:00,E0107,wach,,A,4.58,3.99,,,,,
_result,1,2025-11-05 02:28:26+00:00,E0107,wach,,A,,,4.24,,,,
_result,0,2025-11-05 02:28:27+00:00,E0107,wach,0.75,,,,,,,,
_result,0,2025-11-05 02:30:27+00:00,E0107,wach,0.75,,,,,,,,
_result,0,2025-11-05 02:32:37+00:00,E0107,wach,0.75,,,,,,,,
_result,0,2025-11-05 02:34:28+00:00,E0107,wach,0.75,,,,,,,,
_result,0,2025-11-05 02:36:35+00:00,E0107,wach,0.75,,,,,,,,
_result,1,2025-11-05 02:38:24+00:00,E0107,wach,,A,4.57,3.99,4.24,,,,
_result,0,2025-11-05 02:38:25+00:00,E0107,wach,0.75,,,,,,,,
_result,0,2025-11-05 02:40:28+00:00,E0107,wach,0.75,,,,,,,,
_result,0,2025-11-05 02:42:29+00:00,E0107,wach,0.75,,,,,,,,
_result,0,2025-11-05 02:44:26+00:00,E0107,wach,0.75,,,,,,,,
_result,1,2025-11-05 02:46:27+00:00,E0107,wach,,A,4.58,3.99,4.25,,,,
_result,0,2025-11-05 02:46:28+00:00,E0107,wach,0.75,,,,,,,,
_result,0,2025-11-05 02:48:27+00:00,E0107,wach,0.75,,,,,,,,
_result,0,2025-11-05 02:50:31+00:00,E0107,wach,0.75,,,,,,,,
_result,2,2025-11-05 02:52:29+00:00,E0107,wach,,V,,,,233.4,231.3,233.3,
_result,0,2025-11-05 02:52:30+00:00,E0107,wach,0.75,,,,,,,,
_result,1,2025-11-05 02:54:28+00:00,E0107,wach,,A,4.58,3.97,4.24,,,,
_result,0,2025-11-05 02:54:29+00:00,E0107,wach,0.76,,,,,,,,
_result,2,2025-11-05 02:56:32+00:00,E0107,wach,,V,,,,233.2,,,
_result,2,2025-11-05 02:56:36+00:00,E0107,wach,,V,,,,,230.9,,
_result,2,2025-11-05 02:56:38+00:00,E0107,wach,,V,,,,,,232.6,
_result,0,2025-11-05 02:56:39+00:00,E0107,wach,0.76,,,,,,,,
_result,0,2025-11-05 02:58:23+00:00,E0107,wach,0.76,,,,,,,,
_result,0,2025-11-05 03:00:30+00:00,E0107,wach,0.76,,,,,,,,
_result,1,2025-11-05 03:02:30+00:00,E0107,wach,,A,4.57,3.99,4.24,,,,
_result,0,2025-11-05 03:02:31+00:00,E0107,wach,0.75,,,,,,,,
_result,1,2025-11-05 03:04:29+00:00,E0107,wach,,A,4.57,3.99,4.24,,,,
_result,0,2025-11-05 03:04:30+00:00,E0107,wach,0.75,,,,,,,,
_result,0,2025-11-05 03:06:34+00:00,E0107,wach,0.75,,,,,,,,
_result,0,2025-11-05 03:08:27+00:00,E0107,wach,0.75,,,,,,,,
_result,1,2025-11-05 03:10:40+00:00,E0107,wach,,A,4.57,3.99,4.24,,,,
_result,0,2025-11-05 03:10:41+00:00,E0107,wach,0.75,,,,,,,,
_result,0,2025-11-05 03:12:28+00:00,E0107,wach,0.75,,,,,,,,
_result,1,2025-11-05 03:14:27+00:00,E0107,wach,,A,4.58,3.98,4.24,,,,
_result,0,2025-11-05 03:14:28+00:00,E0107,wach,0.75,,,,,,,,
_result,1,2025-11-05 03:16:28+00:00,E0107,wach,,A,4.58,3.98,4.24,,,,
_result,0,2025-11-05 03:16:29+00:00,E0107,wach,0.75,,,,,,,,
_result,0,2025-11-05 03:18:27+00:00,E0107,wach,0.75,,,,,,,,
_result,2,2025-11-05 03:20:32+00:00,E0107,wach,,V,,,,233.1,,,
_result,2,2025-11-05 03:20:33+00:00,E0107,wach,,V,,,,,231.1,233.1,
_result,0,2025-11-05 03:20:35+00:00,E0107,wach,0.75,,,,,,,,
_result,0,2025-11-05 03:22:32+00:00,E0107,wach,0.75,,,,,,,,
_result,0,2025-11-05 03:24:22+00:00,E0107,wach,0.75,,,,,,,,
_result,0,2025-11-05 03:26:35+00:00,E0107,wach,0.75,,,,,,,,
_result,0,2025-11-05 03:28:28+00:00,E0107,wach,0.75,,,,,,,,
_result,1,2025-11-05 03:30:32+00:00,E0107,wach,,A,4.58,3.99,4.24,,,,
_result,0,2025-11-05 03:30:33+00:00,E0107,wach,0.75,,,,,,,,
_result,0,2025-11-05 03:32:22+00:00,E0107,wach,0.75,,,,,,,,
_result,0,2025-11-05 03:34:29+00:00,E0107,wach,0.75,,,,,,,,
_result,2,2025-11-05 03:36:28+00:00,E0107,wach,,V,,,,233.2,231.2,233.3,
_result,0,2025-11-05 03:36:29+00:00,E0107,wach,0.75,,,,,,,,
_result,0,2025-11-05 03:38:30+00:00,E0107,wach,0.75,,,,,,,,
_result,0,2025-11-05 03:40:34+00:00,E0107,wach,0.75,,,,,,,,
_result,0,2025-11-05 03:42:33+00:00,E0107,wach,0.76,,,,,,,,
_result,1,2025-11-05 03:44:23+00:00,E0107,wach,,A,4.57,3.98,4.23,,,,
_result,0,2025-11-05 03:44:24+00:00,E0107,wach,0.76,,,,,,,,
_result,0,2025-11-05 03:46:27+00:00,E0107,wach,0.76,,,,,,,,
_result,2,2025-11-05 03:48:26+00:00,E0107,wach,,V,,,,233.3,231.2,233.3,
_result,0,2025-11-05 03:48:27+00:00,E0107,wach,0.76,,,,,,,,
_result,0,2025-11-05 03:50:38+00:00,E0107,wach,0.76,,,,,,,,
_result,2,2025-11-05 03:55:21+00:00,E0107,wach,,V,,,,233.3,,,
_result,0,2025-11-05 03:55:22+00:00,E0107,wach,0.76,,,,,,,,
_result,0,2025-11-05 03:56:39+00:00,E0107,wach,0.75,,,,,,,,
_result,0,2025-11-05 03:58:28+00:00,E0107,wach,0.75,,,,,,,,
_result,2,2025-11-05 04:00:40+00:00,E0107,wach,,V,,,,233.3,231.3,233.4,
_result,0,2025-11-05 04:00:41+00:00,E0107,wach,0.75,,,,,,,,
_result,1,2025-11-05 04:02:56+00:00,E0107,wach,,A,4.57,3.99,4.25,,,,
_result,0,2025-11-05 04:02:57+00:00,E0107,wach,0.75,,,,,,,,
_result,2,2025-11-05 04:04:26+00:00,E0107,wach,,V,,,,233.4,231.3,233.6,
_result,0,2025-11-05 04:04:27+00:00,E0107,wach,0.75,,,,,,,,
_result,0,2025-11-05 04:06:27+00:00,E0107,wach,0.75,,,,,,,,
_result,2,2025-11-05 04:08:29+00:00,E0107,wach,,V,,,,233.4,,,
_result,0,2025-11-05 04:08:30+00:00,E0107,wach,0.75,,,,,,,,
_result,2,2025-11-05 04:10:23+00:00,E0107,wach,,V,,,,233.6,231.5,233.6,
_result,0,2025-11-05 04:10:24+00:00,E0107,wach,0.75,,,,,,,,
_result,1,2025-11-05 04:12:29+00:00,E0107,wach,,A,4.58,3.99,4.24,,,,
_result,0,2025-11-05 04:12:30+00:00,E0107,wach,0.75,,,,,,,,
_result,2,2025-11-05 04:14:25+00:00,E0107,wach,,V,,,,233.6,231.5,233.6,
_result,0,2025-11-05 04:14:26+00:00,E0107,wach,0.75,,,,,,,,
_result,2,2025-11-05 04:16:26+00:00,E0107,wach,,V,,,,233.1,,,
_result,0,2025-11-05 04:16:27+00:00,E0107,wach,0.75,,,,,,,,
_result,1,2025-11-05 04:18:28+00:00,E0107,wach,,A,4.58,3.99,4.24,,,,
_result,0,2025-11-05 04:18:29+00:00,E0107,wach,0.75,,,,,,,,
_result,1,2025-11-05 04:20:24+00:00,E0107,wach,,A,4.58,3.99,4.24,,,,
_result,0,2025-11-05 04:20:25+00:00,E0107,wach,0.75,,,,,,,,
_result,0,2025-11-05 04:22:30+00:00,E0107,wach,0.75,,,,,,,,
_result,0,2025-11-05 04:24:26+00:00,E0107,wach,0.75,,,,,,,,
_result,1,2025-11-05 04:26:26+00:00,E0107,wach,,A,4.58,3.97,4.24,,,,
_result,0,2025-11-05 04:26:27+00:00,E0107,wach,0.75,,,,,,,,
_result,0,2025-11-05 04:28:27+00:00,E0107,wach,0.75,,,,,,,,
_result,2,2025-11-05 04:31:00+00:00,E0107,wach,,V,,,,233.7,231.6,,
_result,0,2025-11-05 04:31:01+00:00,E0107,wach,0.75,,,,,,,,
_result,1,2025-11-05 04:32:30+00:00,E0107,wach,,A,4.58,3.99,4.24,,,,
_result,0,2025-11-05 04:32:31+00:00,E0107,wach,0.75,,,,,,,,
_result,1,2025-11-05 04:34:47+00:00,E0107,wach,,A,4.58,3.99,4.24,,,,
_result,0,2025-11-05 04:34:48+00:00,E0107,wach,0.75,,,,,,,,
_result,0,2025-11-05 04:36:33+00:00,E0107,wach,0.75,,,,,,,,
_result,0,2025-11-05 04:38:49+00:00,E0107,wach,0.75,,,,,,,,
_result,0,2025-11-05 04:41:08+00:00,E0107,wach,0.75,,,,,,,,
_result,1,2025-11-05 04:42:57+00:00,E0107,wach,,A,4.59,3.99,4.25,,,,
_result,0,2025-11-05 04:42:58+00:00,E0107,wach,0.75,,,,,,,,
_result,0,2025-11-05 04:44:49+00:00,E0107,wach,0.75,,,,,,,,
_result,1,2025-11-05 04:46:22+00:00,E0107,wach,,A,4.59,3.99,4.25,,,,
_result,0,2025-11-05 04:46:23+00:00,E0107,wach,0.75,,,,,,,,
_result,0,2025-11-05 04:48:21+00:00,E0107,wach,0.75,,,,,,,,
_result,1,2025-11-05 04:50:47+00:00,E0107,wach,,A,4.58,3.99,,,,,
_result,0,2025-11-05 04:50:48+00:00,E0107,wach,0.75,,,,,,,,
_result,0,2025-11-05 04:52:27+00:00,E0107,wach,0.75,,,,,,,,
_result,0,2025-11-05 04:54:30+00:00,E0107,wach,0.75,,,,,,,,
_result,0,2025-11-05 04:56:29+00:00,E0107,wach,0.75,,,,,,,,
_result,0,2025-11-05 04:58:28+00:00,E0107,wach,0.75,,,,,,,,
_result,1,2025-11-05 05:00:28+00:00,E0107,wach,,A,4.59,4.0,4.26,,,,
_result,0,2025-11-05 05:00:29+00:00,E0107,wach,0.75,,,,,,,,
_result,0,2025-11-05 05:02:28+00:00,E0107,wach,0.75,,,,,,,,
_result,0,2025-11-05 05:04:29+00:00,E0107,wach,0.75,,,,,,,,
_result,0,2025-11-05 05:06:29+00:00,E0107,wach,0.75,,,,,,,,
_result,1,2025-11-05 05:08:29+00:00,E0107,wach,,A,4.59,3.99,4.25,,,,
_result,0,2025-11-05 05:08:30+00:00,E0107,wach,0.75,,,,,,,,
_result,0,2025-11-05 05:10:29+00:00,E0107,wach,0.75,,,,,,,,
_result,0,2025-11-05 05:12:32+00:00,E0107,wach,0.75,,,,,,,,
_result,1,2025-11-05 05:14:24+00:00,E0107,wach,,A,4.58,3.99,4.24,,,,
_result,0,2025-11-05 05:14:25+00:00,E0107,wach,0.75,,,,,,,,
_result,0,2025-11-05 05:17:43+00:00,E0107,wach,0.75,,,,,,,,
_result,0,2025-11-05 05:18:28+00:00,E0107,wach,0.75,,,,,,,,
_result,1,2025-11-05 05:20:26+00:00,E0107,wach,,A,4.58,3.99,4.24,,,,
_result,0,2025-11-05 05:20:27+00:00,E0107,wach,0.75,,,,,,,,
_result,1,2025-11-05 05:22:27+00:00,E0107,wach,,A,4.58,3.99,4.24,,,,
_result,0,2025-11-05 05:22:28+00:00,E0107,wach,0.75,,,,,,,,
_result,0,2025-11-05 05:24:33+00:00,E0107,wach,0.75,,,,,,,,
_result,2,2025-11-05 05:26:22+00:00,E0107,wach,,V,,,,233.9,231.8,233.9,
_result,0,2025-11-05 05:26:23+00:00,E0107,wach,0.75,,,,,,,,
_result,0,2025-11-05 05:29:18+00:00,E0107,wach,0.75,,,,,,,,
_result,0,2025-11-05 05:30:28+00:00,E0107,wach,0.75,,,,,,,,
_result,0,2025-11-05 05:32:31+00:00,E0107,wach,0.75,,,,,,,,
_result,1,2025-11-05 05:34:27+00:00,E0107,wach,,A,4.58,3.98,4.24,,,,
_result,0,2025-11-05 05:34:28+00:00,E0107,wach,0.75,,,,,,,,
_result,0,2025-11-05 05:36:28+00:00,E0107,wach,0.75,,,,,,,,
_result,0,2025-11-05 05:38:24+00:00,E0107,wach,0.75,,,,,,,,
_result,1,2025-11-05 05:40:23+00:00,E0107,wach,,A,4.58,3.99,,,,,
_result,0,2025-11-05 05:40:24+00:00,E0107,wach,0.75,,,,,,,,
_result,1,2025-11-05 05:42:29+00:00,E0107,wach,,A,4.58,3.99,4.24,,,,
_result,0,2025-11-05 05:42:30+00:00,E0107,wach,0.75,,,,,,,,
_result,0,2025-11-05 05:44:26+00:00,E0107,wach,0.75,,,,,,,,
_result,0,2025-11-05 05:46:27+00:00,E0107,wach,0.75,,,,,,,,
_result,0,2025-11-05 05:48:22+00:00,E0107,wach,0.75,,,,,,,,
_result,2,2025-11-05 05:50:27+00:00,E0107,wach,,V,,,,233.1,231.1,233.1,
_result,0,2025-11-05 05:50:28+00:00,E0107,wach,0.75,,,,,,,,
_result,0,2025-11-05 05:52:29+00:00,E0107,wach,0.75,,,,,,,,
_result,0,2025-11-05 05:54:28+00:00,E0107,wach,0.75,,,,,,,,
_result,1,2025-11-05 05:56:26+00:00,E0107,wach,,A,4.57,3.98,4.23,,,,
_result,0,2025-11-05 05:56:27+00:00,E0107,wach,0.75,,,,,,,,
_result,1,2025-11-05 05:58:29+00:00,E0107,wach,,A,4.58,3.98,4.24,,,,
_result,0,2025-11-05 05:58:30+00:00,E0107,wach,0.75,,,,,,,,
_result,0,2025-11-05 06:00:26+00:00,E0107,wach,0.75,,,,,,,,
_result,0,2025-11-05 06:02:29+00:00,E0107,wach,0.75,,,,,,,,
_result,2,2025-11-05 06:04:36+00:00,E0107,wach,,V,,,,233.2,,,
_result,2,2025-11-05 06:04:37+00:00,E0107,wach,,V,,,,,231.1,233.3,
_result,0,2025-11-05 06:04:38+00:00,E0107,wach,0.75,,,,,,,,
_result,0,2025-11-05 06:06:29+00:00,E0107,wach,0.75,,,,,,,,
_result,1,2025-11-05 06:08:26+00:00,E0107,wach,,A,4.57,3.97,4.23,,,,
_result,0,2025-11-05 06:08:27+00:00,E0107,wach,0.75,,,,,,,,
_result,0,2025-11-05 06:11:39+00:00,E0107,wach,0.75,,,,,,,,
_result,0,2025-11-05 06:12:27+00:00,E0107,wach,0.75,,,,,,,,
_result,2,2025-11-05 06:14:26+00:00,E0107,wach,,V,,,,232.3,230.2,232.2,
_result,0,2025-11-05 06:14:27+00:00,E0107,wach,0.75,,,,,,,,
_result,2,2025-11-05 06:16:30+00:00,E0107,wach,,V,,,,232.3,230.2,,
_result,0,2025-11-05 06:16:31+00:00,E0107,wach,0.75,,,,,,,,
_result,2,2025-11-05 06:18:27+00:00,E0107,wach,,V,,,,232.3,230.2,232.2,
_result,0,2025-11-05 06:18:28+00:00,E0107,wach,0.75,,,,,,,,
_result,0,2025-11-05 06:20:27+00:00,E0107,wach,0.75,,,,,,,,
_result,2,2025-11-05 06:22:42+00:00,E0107,wach,,V,,,,232.3,230.2,232.2,
_result,1,2025-11-05 06:22:43+00:00,E0107,wach,,A,4.56,3.97,4.22,,,,
_result,0,2025-11-05 06:22:44+00:00,E0107,wach,0.75,,,,,,,,
_result,0,2025-11-05 06:24:46+00:00,E0107,wach,0.75,,,,,,,,
_result,1,2025-11-05 06:27:55+00:00,E0107,wach,,A,4.59,3.98,4.25,,,,
_result,0,2025-11-05 06:27:56+00:00,E0107,wach,0.75,,,,,,,,
_result,0,2025-11-05 06:28:29+00:00,E0107,wach,0.75,,,,,,,,
_result,0,2025-11-05 06:30:30+00:00,E0107,wach,0.75,,,,,,,,
_result,1,2025-11-05 06:32:28+00:00,E0107,wach,,A,4.59,3.98,4.24,,,,
_result,0,2025-11-05 06:32:29+00:00,E0107,wach,0.75,,,,,,,,
_result,2,2025-11-05 06:34:27+00:00,E0107,wach,,V,,,,234.1,231.9,234.0,
_result,0,2025-11-05 06:34:28+00:00,E0107,wach,0.75,,,,,,,,
_result,0,2025-11-05 06:36:32+00:00,E0107,wach,0.75,,,,,,,,
_result,2,2025-11-05 06:38:30+00:00,E0107,wach,,V,,,,234.1,231.9,234.0,
_result,0,2025-11-05 06:38:31+00:00,E0107,wach,0.75,,,,,,,,
_result,0,2025-11-05 06:40:51+00:00,E0107,wach,0.75,,,,,,,,
_result,0,2025-11-05 06:42:28+00:00,E0107,wach,0.75,,,,,,,,
_result,0,2025-11-05 06:44:30+00:00,E0107,wach,0.75,,,,,,,,
_result,0,2025-11-05 06:46:26+00:00,E0107,wach,0.75,,,,,,,,
_result,2,2025-11-05 06:48:29+00:00,E0107,wach,,V,,,,234.2,232.1,234.1,
_result,0,2025-11-05 06:48:30+00:00,E0107,wach,0.75,,,,,,,,
_result,0,2025-11-05 06:50:26+00:00,E0107,wach,0.75,,,,,,,,
_result,0,2025-11-05 06:52:33+00:00,E0107,wach,0.75,,,,,,,,
_result,0,2025-11-05 06:54:30+00:00,E0107,wach,0.75,,,,,,,,
_result,0,2025-11-05 06:56:28+00:00,E0107,wach,0.75,,,,,,,,
_result,2,2025-11-05 06:58:25+00:00,E0107,wach,,V,,,,234.7,232.6,234.5,
_result,1,2025-11-05 06:58:26+00:00,E0107,wach,,A,4.59,3.98,4.25,,,,
_result,0,2025-11-05 06:58:27+00:00,E0107,wach,0.75,,,,,,,,
_result,0,2025-11-05 07:00:28+00:00,E0107,wach,0.75,,,,,,,,
_result,0,2025-11-05 07:02:31+00:00,E0107,wach,0.75,,,,,,,,
_result,0,2025-11-05 07:04:28+00:00,E0107,wach,0.75,,,,,,,,
_result,1,2025-11-05 07:06:29+00:00,E0107,wach,,A,4.6,3.99,4.26,,,,
_result,0,2025-11-05 07:06:30+00:00,E0107,wach,0.75,,,,,,,,
_result,0,2025-11-05 07:08:25+00:00,E0107,wach,0.75,,,,,,,,
_result,0,2025-11-05 07:10:30+00:00,E0107,wach,0.75,,,,,,,,
_result,0,2025-11-05 07:12:30+00:00,E0107,wach,0.75,,,,,,,,
_result,1,2025-11-05 07:14:28+00:00,E0107,wach,,A,4.6,3.98,4.25,,,,
_result,0,2025-11-05 07:14:35+00:00,E0107,wach,0.75,,,,,,,,
_result,0,2025-11-05 07:16:28+00:00,E0107,wach,0.75,,,,,,,,
_result,2,2025-11-05 07:18:28+00:00,E0107,wach,,V,,,,234.7,232.4,234.2,
_result,0,2025-11-05 07:18:29+00:00,E0107,wach,0.75,,,,,,,,
_result,0,2025-11-05 07:22:30+00:00,E0107,wach,0.75,,,,,,,,
_result,0,2025-11-05 07:24:29+00:00,E0107,wach,0.75,,,,,,,,
_result,0,2025-11-05 07:26:28+00:00,E0107,wach,0.75,,,,,,,,
_result,0,2025-11-05 07:28:23+00:00,E0107,wach,0.75,,,,,,,,
_result,0,2025-11-05 07:31:06+00:00,E0107,wach,0.75,,,,,,,,
_result,0,2025-11-05 07:32:30+00:00,E0107,wach,0.75,,,,,,,,
_result,1,2025-11-05 07:34:30+00:00,E0107,wach,,A,4.59,3.98,4.25,,,,
_result,0,2025-11-05 07:34:31+00:00,E0107,wach,0.75,,,,,,,,
_result,0,2025-11-05 07:36:29+00:00,E0107,wach,0.75,,,,,,,,
_result,0,2025-11-05 07:38:27+00:00,E0107,wach,0.75,,,,,,,,
_result,0,2025-11-05 07:40:59+00:00,E0107,wach,0.75,,,,,,,,
_result,0,2025-11-05 07:42:28+00:00,E0107,wach,0.75,,,,,,,,
_result,1,2025-11-05 07:44:33+00:00,E0107,wach,,A,4.58,3.98,4.24,,,,
_result,0,2025-11-05 07:44:34+00:00,E0107,wach,0.75,,,,,,,,
_result,2,2025-11-05 07:47:21+00:00,E0107,wach,,V,,,,234.0,231.8,234.0,
_result,0,2025-11-05 07:47:22+00:00,E0107,wach,0.75,,,,,,,,
_result,1,2025-11-05 07:49:35+00:00,E0107,wach,,A,4.59,3.99,4.25,,,,
_result,0,2025-11-05 07:49:36+00:00,E0107,wach,0.75,,,,,,,,
_result,1,2025-11-05 07:50:42+00:00,E0107,wach,,A,4.59,3.99,4.25,,,,
_result,0,2025-11-05 07:50:43+00:00,E0107,wach,0.75,,,,,,,,
_result,1,2025-11-05 07:53:30+00:00,E0107,wach,,A,4.59,3.99,4.25,,,,
_result,0,2025-11-05 07:53:31+00:00,E0107,wach,0.75,,,,,,,,
_result,0,2025-11-05 07:54:44+00:00,E0107,wach,0.75,,,,,,,,
_result,0,2025-11-05 07:56:28+00:00,E0107,wach,0.75,,,,,,,,
_result,1,2025-11-05 07:58:28+00:00,E0107,wach,,A,4.59,3.98,4.25,,,,
_result,0,2025-11-05 07:58:29+00:00,E0107,wach,0.75,,,,,,,,
_result,0,2025-11-05 08:00:30+00:00,E0107,wach,0.75,,,,,,,,
_result,0,2025-11-05 08:02:28+00:00,E0107,wach,0.75,,,,,,,,
_result,0,2025-11-05 08:04:36+00:00,E0107,wach,0.75,,,,,,,,
_result,1,2025-11-05 08:06:31+00:00,E0107,wach,,A,4.57,3.98,4.24,,,,
_result,0,2025-11-05 08:06:32+00:00,E0107,wach,0.75,,,,,,,,
_result,0,2025-11-05 08:08:32+00:00,E0107,wach,0.75,,,,,,,,
_result,2,2025-11-05 08:10:38+00:00,E0107,wach,,V,,,,234.3,,,
_result,0,2025-11-05 08:10:39+00:00,E0107,wach,0.75,,,,,,,,
_result,1,2025-11-05 08:12:34+00:00,E0107,wach,,A,4.58,3.99,4.25,,,,
_result,0,2025-11-05 08:12:35+00:00,E0107,wach,0.75,,,,,,,,
_result,0,2025-11-05 08:14:31+00:00,E0107,wach,0.75,,,,,,,,
_result,0,2025-11-05 08:16:29+00:00,E0107,wach,0.75,,,,,,,,
_result,0,2025-11-05 08:18:37+00:00,E0107,wach,0.75,,,,,,,,
_result,2,2025-11-05 08:20:51+00:00,E0107,wach,,V,,,,234.3,232.1,234.2,
_result,0,2025-11-05 08:20:52+00:00,E0107,wach,0.75,,,,,,,,
_result,0,2025-11-05 08:22:36+00:00,E0107,wach,0.75,,,,,,,,
_result,2,2025-11-05 08:25:01+00:00,E0107,wach,,V,,,,234.0,,,
_result,0,2025-11-05 08:25:02+00:00,E0107,wach,0.75,,,,,,,,
_result,0,2025-11-05 08:26:25+00:00,E0107,wach,0.75,,,,,,,,
_result,1,2025-11-05 08:28:30+00:00,E0107,wach,,A,4.58,3.98,4.25,,,,
_result,0,2025-11-05 08:28:31+00:00,E0107,wach,0.75,,,,,,,,
_result,0,2025-11-05 08:30:32+00:00,E0107,wach,0.75,,,,,,,,
_result,0,2025-11-05 08:32:28+00:00,E0107,wach,0.75,,,,,,,,
_result,0,2025-11-05 08:34:27+00:00,E0107,wach,0.75,,,,,,,,
_result,0,2025-11-05 08:36:31+00:00,E0107,wach,0.75,,,,,,,,
_result,0,2025-11-05 08:38:30+00:00,E0107,wach,0.75,,,,,,,,
_result,2,2025-11-05 08:40:30+00:00,E0107,wach,,V,,,,234.1,232.0,234.2,
_result,0,2025-11-05 08:40:31+00:00,E0107,wach,0.75,,,,,,,,
_result,0,2025-11-05 08:42:28+00:00,E0107,wach,0.75,,,,,,,,
_result,0,2025-11-05 08:44:25+00:00,E0107,wach,0.75,,,,,,,,
_result,0,2025-11-05 08:46:29+00:00,E0107,wach,0.75,,,,,,,,
_result,0,2025-11-05 08:48:33+00:00,E0107,wach,0.75,,,,,,,,
_result,0,2025-11-05 08:50:29+00:00,E0107,wach,0.75,,,,,,,,
_result,0,2025-11-05 08:52:24+00:00,E0107,wach,0.75,,,,,,,,
_result,1,2025-11-05 08:54:31+00:00,E0107,wach,,A,4.58,3.98,4.25,,,,
_result,0,2025-11-05 08:54:32+00:00,E0107,wach,0.75,,,,,,,,
_result,0,2025-11-05 08:56:31+00:00,E0107,wach,0.75,,,,,,,,
_result,1,2025-11-05 08:58:32+00:00,E0107,wach,,A,4.58,3.98,4.25,,,,
_result,0,2025-11-05 08:58:33+00:00,E0107,wach,0.75,,,,,,,,
_result,0,2025-11-05 09:00:32+00:00,E0107,wach,0.75,,,,,,,,
_result,0,2025-11-05 09:02:30+00:00,E0107,wach,0.74,,,,,,,,
_result,2,2025-11-05 09:04:27+00:00,E0107,wach,,V,,,,235.5,233.4,235.5,
_result,0,2025-11-05 09:04:28+00:00,E0107,wach,0.74,,,,,,,,
_result,0,2025-11-05 09:06:29+00:00,E0107,wach,0.74,,,,,,,,
_result,0,2025-11-05 09:08:37+00:00,E0107,wach,0.74,,,,,,,,
_result,0,2025-11-05 09:10:54+00:00,E0107,wach,0.74,,,,,,,,
_result,0,2025-11-05 09:12:37+00:00,E0107,wach,0.74,,,,,,,,
_result,1,2025-11-05 09:15:31+00:00,E0107,wach,,A,4.6,4.0,4.28,,,,
_result,0,2025-11-05 09:15:32+00:00,E0107,wach,0.74,,,,,,,,
_result,0,2025-11-05 09:17:13+00:00,E0107,wach,0.74,,,,,,,,
_result,0,2025-11-05 09:18:52+00:00,E0107,wach,0.74,,,,,,,,
_result,1,2025-11-05 09:20:40+00:00,E0107,wach,,A,4.62,4.01,4.28,,,,
_result,0,2025-11-05 09:20:41+00:00,E0107,wach,0.74,,,,,,,,
_result,0,2025-11-05 09:22:26+00:00,E0107,wach,0.74,,,,,,,,
_result,0,2025-11-05 09:24:38+00:00,E0107,wach,0.74,,,,,,,,
_result,1,2025-11-05 09:26:31+00:00,E0107,wach,,A,4.62,4.01,4.28,,,,
_result,0,2025-11-05 09:26:32+00:00,E0107,wach,0.74,,,,,,,,
_result,0,2025-11-05 09:28:43+00:00,E0107,wach,0.74,,,,,,,,
_result,0,2025-11-05 09:30:30+00:00,E0107,wach,0.74,,,,,,,,
_result,1,2025-11-05 09:32:31+00:00,E0107,wach,,A,4.63,4.01,4.3,,,,
_result,0,2025-11-05 09:32:32+00:00,E0107,wach,0.74,,,,,,,,
_result,0,2025-11-05 09:34:36+00:00,E0107,wach,0.74,,,,,,,,
_result,0,2025-11-05 09:36:26+00:00,E0107,wach,0.74,,,,,,,,
_result,0,2025-11-05 09:38:33+00:00,E0107,wach,0.74,,,,,,,,
_result,0,2025-11-05 09:41:21+00:00,E0107,wach,0.74,,,,,,,,
_result,1,2025-11-05 09:42:39+00:00,E0107,wach,,A,4.64,4.01,4.3,,,,
_result,0,2025-11-05 09:42:40+00:00,E0107,wach,0.74,,,,,,,,
_result,1,2025-11-05 09:45:05+00:00,E0107,wach,,A,4.64,4.01,,,,,
_result,0,2025-11-05 09:45:06+00:00,E0107,wach,0.74,,,,,,,,
_result,0,2025-11-05 09:46:32+00:00,E0107,wach,0.73,,,,,,,,
_result,0,2025-11-05 09:48:32+00:00,E0107,wach,0.73,,,,,,,,
_result,1,2025-11-05 09:50:43+00:00,E0107,wach,,A,4.64,,,,,,
_result,0,2025-11-05 09:50:44+00:00,E0107,wach,0.73,,,,,,,,
_result,0,2025-11-05 09:52:44+00:00,E0107,wach,0.73,,,,,,,,
_result,1,2025-11-05 09:54:32+00:00,E0107,wach,,A,4.6,4.0,4.27,,,,
_result,0,2025-11-05 09:54:33+00:00,E0107,wach,0.74,,,,,,,,
_result,2,2025-11-05 09:56:28+00:00,E0107,wach,,V,,,,235.1,233.1,235.2,
_result,0,2025-11-05 09:56:29+00:00,E0107,wach,0.74,,,,,,,,
_result,2,2025-11-05 09:58:35+00:00,E0107,wach,,V,,,,235.1,233.1,235.2,
_result,0,2025-11-05 09:58:36+00:00,E0107,wach,0.74,,,,,,,,
_result,0,2025-11-05 10:00:34+00:00,E0107,wach,0.74,,,,,,,,
_result,0,2025-11-05 10:02:37+00:00,E0107,wach,0.74,,,,,,,,
_result,0,2025-11-05 10:04:31+00:00,E0107,wach,0.74,,,,,,,,
_result,0,2025-11-05 10:06:33+00:00,E0107,wach,0.74,,,,,,,,
_result,2,2025-11-05 10:08:31+00:00,E0107,wach,,V,,,,234.8,232.8,235.0,
_result,0,2025-11-05 10:08:32+00:00,E0107,wach,0.75,,,,,,,,
_result,0,2025-11-05 10:10:38+00:00,E0107,wach,0.75,,,,,,,,
_result,0,2025-11-05 10:12:52+00:00,E0107,wach,0.75,,,,,,,,
_result,1,2025-11-05 10:14:51+00:00,E0107,wach,,A,4.59,,,,,,
_result,0,2025-11-05 10:14:52+00:00,E0107,wach,0.75,,,,,,,,
_result,1,2025-11-05 10:16:58+00:00,E0107,wach,,A,4.59,3.99,4.27,,,,
_result,0,2025-11-05 10:16:59+00:00,E0107,wach,0.75,,,,,,,,
_result,0,2025-11-05 10:18:44+00:00,E0107,wach,0.75,,,,,,,,
_result,1,2025-11-05 10:20:49+00:00,E0107,wach,,A,4.59,3.99,4.27,,,,
_result,0,2025-11-05 10:20:50+00:00,E0107,wach,0.75,,,,,,,,
_result,0,2025-11-05 10:22:55+00:00,E0107,wach,0.75,,,,,,,,
_result,2,2025-11-05 10:24:52+00:00,E0107,wach,,V,,,,234.8,232.8,235.0,
_result,1,2025-11-05 10:24:55+00:00,E0107,wach,,A,4.59,3.99,4.27,,,,
_result,0,2025-11-05 10:24:56+00:00,E0107,wach,0.75,,,,,,,,
_result,1,2025-11-05 10:26:54+00:00,E0107,wach,,A,4.59,3.99,4.27,,,,
_result,0,2025-11-05 10:26:55+00:00,E0107,wach,0.75,,,,,,,,
_result,0,2025-11-05 10:28:35+00:00,E0107,wach,0.75,,,,,,,,
_result,0,2025-11-05 10:30:32+00:00,E0107,wach,0.75,,,,,,,,
_result,0,2025-11-05 10:32:38+00:00,E0107,wach,0.75,,,,,,,,
_result,0,2025-11-05 10:34:30+00:00,E0107,wach,0.75,,,,,,,,
_result,1,2025-11-05 10:36:26+00:00,E0107,wach,,A,4.59,3.99,4.27,,,,
_result,0,2025-11-05 10:36:27+00:00,E0107,wach,0.75,,,,,,,,
_result,0,2025-11-05 10:38:36+00:00,E0107,wach,0.75,,,,,,,,
_result,0,2025-11-05 10:40:34+00:00,E0107,wach,0.75,,,,,,,,
_result,1,2025-11-05 10:42:36+00:00,E0107,wach,,A,4.59,3.99,4.27,,,,
_result,0,2025-11-05 10:42:37+00:00,E0107,wach,0.75,,,,,,,,
_result,1,2025-11-05 10:44:42+00:00,E0107,wach,,A,4.59,3.99,,,,,
_result,1,2025-11-05 10:44:43+00:00,E0107,wach,,A,,,4.27,,,,
_result,0,2025-11-05 10:44:44+00:00,E0107,wach,0.75,,,,,,,,
_result,0,2025-11-05 10:47:26+00:00,E0107,wach,0.75,,,,,,,,
_result,0,2025-11-05 10:48:57+00:00,E0107,wach,0.75,,,,,,,,
_result,1,2025-11-05 10:50:41+00:00,E0107,wach,,A,4.58,,,,,,
_result,0,2025-11-05 10:50:42+00:00,E0107,wach,0.75,,,,,,,,
_result,1,2025-11-05 10:53:34+00:00,E0107,wach,,A,4.58,3.99,4.28,,,,
_result,0,2025-11-05 10:53:35+00:00,E0107,wach,0.75,,,,,,,,
_result,1,2025-11-05 10:54:29+00:00,E0107,wach,,A,4.58,3.99,4.28,,,,
_result,0,2025-11-05 10:54:30+00:00,E0107,wach,0.75,,,,,,,,
_result,1,2025-11-05 10:56:31+00:00,E0107,wach,,A,4.58,3.99,4.28,,,,
_result,0,2025-11-05 10:56:32+00:00,E0107,wach,0.75,,,,,,,,
_result,1,2025-11-05 10:58:26+00:00,E0107,wach,,A,4.58,3.99,4.28,,,,
_result,0,2025-11-05 10:58:27+00:00,E0107,wach,0.75,,,,,,,,
_result,0,2025-11-05 11:00:31+00:00,E0107,wach,0.75,,,,,,,,
_result,2,2025-11-05 11:02:29+00:00,E0107,wach,,V,,,,234.7,232.9,235.3,
_result,0,2025-11-05 11:02:30+00:00,E0107,wach,0.75,,,,,,,,
_result,1,2025-11-05 11:04:26+00:00,E0107,wach,,A,4.58,3.98,4.29,,,,
_result,0,2025-11-05 11:04:27+00:00,E0107,wach,0.75,,,,,,,,
_result,0,2025-11-05 11:06:36+00:00,E0107,wach,0.75,,,,,,,,
_result,0,2025-11-05 11:08:33+00:00,E0107,wach,0.9,,,,,,,,
_result,1,2025-11-05 11:10:28+00:00,E0107,wach,,A,0.65,0.2,0.25,,,,
_result,0,2025-11-05 11:10:29+00:00,E0107,wach,0.9,,,,,,,,
_result,1,2025-11-05 11:12:47+00:00,E0107,wach,,A,0.65,0.2,0.25,,,,
_result,0,2025-11-05 11:12:48+00:00,E0107,wach,0.9,,,,,,,,
_result,0,2025-11-05 11:14:28+00:00,E0107,wach,0.9,,,,,,,,
_result,1,2025-11-05 11:16:29+00:00,E0107,wach,,A,0.65,0.2,0.25,,,,
_result,0,2025-11-05 11:16:30+00:00,E0107,wach,0.9,,,,,,,,
_result,0,2025-11-05 11:18:35+00:00,E0107,wach,0.9,,,,,,,,
_result,1,2025-11-05 11:20:28+00:00,E0107,wach,,A,0.65,0.2,0.25,,,,
_result,0,2025-11-05 11:20:29+00:00,E0107,wach,0.9,,,,,,,,
_result,0,2025-11-05 11:22:32+00:00,E0107,wach,0.9,,,,,,,,
_result,2,2025-11-05 11:24:29+00:00,E0107,wach,,V,,,,234.8,232.9,,
_result,1,2025-11-05 11:24:30+00:00,E0107,wach,,A,0.65,0.2,,,,,
_result,0,2025-11-05 11:24:31+00:00,E0107,wach,0.9,,,,,,,,
_result,1,2025-11-05 11:26:33+00:00,E0107,wach,,A,0.65,0.2,0.25,,,,
_result,0,2025-11-05 11:26:34+00:00,E0107,wach,0.9,,,,,,,,
_result,0,2025-11-05 11:30:10+00:00,E0107,wach,0.9,,,,,,,,
_result,1,2025-11-05 11:30:27+00:00,E0107,wach,,A,0.65,0.2,0.25,,,,
_result,0,2025-11-05 11:30:28+00:00,E0107,wach,0.9,,,,,,,,
_result,2,2025-11-05 11:32:30+00:00,E0107,wach,,V,,,,234.8,232.9,235.3,
_result,0,2025-11-05 11:32:31+00:00,E0107,wach,0.9,,,,,,,,
_result,2,2025-11-05 11:34:30+00:00,E0107,wach,,V,,,,234.9,232.9,235.4,
_result,1,2025-11-05 11:34:31+00:00,E0107,wach,,A,0.65,0.2,0.25,,,,
_result,0,2025-11-05 11:34:32+00:00,E0107,wach,0.9,,,,,,,,
_result,2,2025-11-05 11:36:31+00:00,E0107,wach,,V,,,,234.9,232.9,235.4,
_result,0,2025-11-05 11:36:32+00:00,E0107,wach,0.9,,,,,,,,
_result,1,2025-11-05 11:38:30+00:00,E0107,wach,,A,0.65,0.2,0.25,,,,
_result,3,2025-11-05 11:38:31+00:00,E0107,wach,,kW,,,,,,,0.232289
_result,0,2025-11-05 11:38:32+00:00,E0107,wach,0.9,,,,,,,,
_result,1,2025-11-05 11:40:25+00:00,E0107,wach,,A,0.65,0.2,0.25,,,,
_result,0,2025-11-05 11:40:26+00:00,E0107,wach,0.9,,,,,,,,
_result,0,2025-11-05 11:42:41+00:00,E0107,wach,0.9,,,,,,,,
_result,1,2025-11-05 11:44:31+00:00,E0107,wach,,A,0.65,0.2,0.25,,,,
_result,0,2025-11-05 11:44:32+00:00,E0107,wach,0.9,,,,,,,,
_result,2,2025-11-05 11:46:25+00:00,E0107,wach,,V,,,,234.6,232.6,235.1,
_result,0,2025-11-05 11:46:26+00:00,E0107,wach,0.9,,,,,,,,
_result,1,2025-11-05 11:48:33+00:00,E0107,wach,,A,0.65,0.2,0.25,,,,
_result,0,2025-11-05 11:48:34+00:00,E0107,wach,0.9,,,,,,,,
_result,0,2025-11-05 11:50:29+00:00,E0107,wach,0.9,,,,,,,,
_result,1,2025-11-05 11:52:29+00:00,E0107,wach,,A,0.65,0.2,0.25,,,,
_result,0,2025-11-05 11:52:30+00:00,E0107,wach,0.9,,,,,,,,
_result,2,2025-11-05 11:54:30+00:00,E0107,wach,,V,,,,234.7,232.8,235.2,
_result,0,2025-11-05 11:54:31+00:00,E0107,wach,0.9,,,,,,,,
_result,0,2025-11-05 11:56:30+00:00,E0107,wach,0.9,,,,,,,,
_result,0,2025-11-05 11:58:30+00:00,E0107,wach,0.9,,,,,,,,
_result,0,2025-11-05 12:00:32+00:00,E0107,wach,0.9,,,,,,,,
_result,0,2025-11-05 12:02:26+00:00,E0107,wach,0.9,,,,,,,,
_result,0,2025-11-05 12:05:00+00:00,E0107,wach,0.9,,,,,,,,
_result,1,2025-11-05 12:06:29+00:00,E0107,wach,,A,0.65,,,,,,
_result,1,2025-11-05 12:06:30+00:00,E0107,wach,,A,,0.2,0.25,,,,
_result,0,2025-11-05 12:06:31+00:00,E0107,wach,0.9,,,,,,,,
_result,0,2025-11-05 12:08:31+00:00,E0107,wach,0.9,,,,,,,,
_result,0,2025-11-05 12:10:34+00:00,E0107,wach,0.9,,,,,,,,
_result,1,2025-11-05 12:12:33+00:00,E0107,wach,,A,0.65,0.2,0.25,,,,
_result,0,2025-11-05 12:12:34+00:00,E0107,wach,0.9,,,,,,,,
_result,0,2025-11-05 12:14:28+00:00,E0107,wach,0.9,,,,,,,,
_result,2,2025-11-05 12:16:26+00:00,E0107,wach,,V,,,,235.4,233.4,,
_result,0,2025-11-05 12:16:27+00:00,E0107,wach,0.9,,,,,,,,
_result,1,2025-11-05 12:18:30+00:00,E0107,wach,,A,0.65,0.2,0.25,,,,
_result,0,2025-11-05 12:18:31+00:00,E0107,wach,0.9,,,,,,,,
_result,0,2025-11-05 12:20:30+00:00,E0107,wach,0.9,,,,,,,,
_result,0,2025-11-05 12:22:31+00:00,E0107,wach,0.9,,,,,,,,
_result,0,2025-11-05 12:24:31+00:00,E0107,wach,0.9,,,,,,,,
_result,1,2025-11-05 12:26:29+00:00,E0107,wach,,A,0.65,0.2,0.25,,,,
_result,0,2025-11-05 12:26:30+00:00,E0107,wach,0.9,,,,,,,,
_result,2,2025-11-05 12:28:28+00:00,E0107,wach,,V,,,,235.0,233.1,235.6,
_result,0,2025-11-05 12:28:29+00:00,E0107,wach,0.9,,,,,,,,
_result,0,2025-11-05 12:30:46+00:00,E0107,wach,0.9,,,,,,,,
_result,0,2025-11-05 12:33:15+00:00,E0107,wach,0.9,,,,,,,,
_result,1,2025-11-05 12:35:00+00:00,E0107,wach,,A,0.65,0.2,0.25,,,,
_result,0,2025-11-05 12:35:01+00:00,E0107,wach,0.9,,,,,,,,
_result,0,2025-11-05 12:36:58+00:00,E0107,wach,0.9,,,,,,,,
_result,2,2025-11-05 12:38:28+00:00,E0107,wach,,V,,,,235.0,233.0,235.6,
_result,0,2025-11-05 12:38:29+00:00,E0107,wach,0.9,,,,,,,,
_result,0,2025-11-05 12:40:32+00:00,E0107,wach,0.9,,,,,,,,
_result,0,2025-11-05 12:42:28+00:00,E0107,wach,0.9,,,,,,,,
_result,0,2025-11-05 12:44:37+00:00,E0107,wach,0.9,,,,,,,,
_result,1,2025-11-05 12:46:32+00:00,E0107,wach,,A,0.66,0.2,,,,,
_result,0,2025-11-05 12:46:33+00:00,E0107,wach,0.9,,,,,,,,
_result,0,2025-11-05 12:48:27+00:00,E0107,wach,0.9,,,,,,,,
_result,0,2025-11-05 12:50:39+00:00,E0107,wach,0.9,,,,,,,,
_result,0,2025-11-05 12:52:39+00:00,E0107,wach,0.9,,,,,,,,
_result,1,2025-11-05 12:54:29+00:00,E0107,wach,,A,0.66,0.2,0.25,,,,
_result,0,2025-11-05 12:54:30+00:00,E0107,wach,0.9,,,,,,,,
_result,0,2025-11-05 12:56:31+00:00,E0107,wach,0.9,,,,,,,,
_result,0,2025-11-05 12:58:31+00:00,E0107,wach,0.9,,,,,,,,
_result,0,2025-11-05 13:00:42+00:00,E0107,wach,0.9,,,,,,,,
_result,0,2025-11-05 13:02:33+00:00,E0107,wach,0.9,,,,,,,,
_result,0,2025-11-05 13:04:38+00:00,E0107,wach,0.9,,,,,,,,
_result,0,2025-11-05 13:06:32+00:00,E0107,wach,0.9,,,,,,,,
_result,1,2025-11-05 13:08:31+00:00,E0107,wach,,A,0.66,0.2,0.26,,,,
_result,0,2025-11-05 13:08:32+00:00,E0107,wach,0.9,,,,,,,,
_result,2,2025-11-05 13:10:30+00:00,E0107,wach,,V,,,,235.6,233.7,236.3,
_result,0,2025-11-05 13:10:31+00:00,E0107,wach,0.9,,,,,,,,
_result,0,2025-11-05 13:12:28+00:00,E0107,wach,0.9,,,,,,,,
_result,2,2025-11-05 13:14:27+00:00,E0107,wach,,V,,,,235.9,233.9,,
_result,0,2025-11-05 13:14:28+00:00,E0107,wach,0.9,,,,,,,,
_result,2,2025-11-05 13:16:28+00:00,E0107,wach,,V,,,,235.9,,,
_result,0,2025-11-05 13:16:29+00:00,E0107,wach,0.9,,,,,,,,
_result,0,2025-11-05 13:18:43+00:00,E0107,wach,0.9,,,,,,,,
_result,0,2025-11-05 13:20:44+00:00,E0107,wach,0.9,,,,,,,,
_result,0,2025-11-05 13:22:30+00:00,E0107,wach,0.9,,,,,,,,
_result,1,2025-11-05 13:24:26+00:00,E0107,wach,,A,0.66,0.2,0.26,,,,
_result,0,2025-11-05 13:24:27+00:00,E0107,wach,0.9,,,,,,,,
_result,2,2025-11-05 13:26:33+00:00,E0107,wach,,V,,,,236.0,,,
_result,0,2025-11-05 13:26:34+00:00,E0107,wach,0.9,,,,,,,,
_result,1,2025-11-05 13:28:56+00:00,E0107,wach,,A,0.66,0.2,0.26,,,,
_result,0,2025-11-05 13:28:57+00:00,E0107,wach,0.9,,,,,,,,
_result,0,2025-11-05 13:30:30+00:00,E0107,wach,0.9,,,,,,,,
_result,2,2025-11-05 13:32:32+00:00,E0107,wach,,V,,,,236.2,234.2,236.8,
_result,0,2025-11-05 13:32:33+00:00,E0107,wach,0.9,,,,,,,,
_result,1,2025-11-05 13:34:29+00:00,E0107,wach,,A,0.66,0.2,0.26,,,,
_result,0,2025-11-05 13:34:30+00:00,E0107,wach,0.9,,,,,,,,
_result,1,2025-11-05 13:36:41+00:00,E0107,wach,,A,0.66,0.2,0.26,,,,
_result,0,2025-11-05 13:36:42+00:00,E0107,wach,0.9,,,,,,,,
_result,0,2025-11-05 13:38:31+00:00,E0107,wach,0.9,,,,,,,,
_result,0,2025-11-05 13:40:32+00:00,E0107,wach,0.9,,,,,,,,
_result,1,2025-11-05 13:42:30+00:00,E0107,wach,,A,0.66,0.2,0.26,,,,
_result,0,2025-11-05 13:42:31+00:00,E0107,wach,0.9,,,,,,,,
_result,0,2025-11-05 13:44:29+00:00,E0107,wach,0.9,,,,,,,,
_result,0,2025-11-05 13:46:34+00:00,E0107,wach,0.9,,,,,,,,
_result,0,2025-11-05 13:48:32+00:00,E0107,wach,0.9,,,,,,,,
_result,0,2025-11-05 13:50:27+00:00,E0107,wach,0.9,,,,,,,,
_result,0,2025-11-05 13:52:37+00:00,E0107,wach,0.9,,,,,,,,
_result,1,2025-11-05 13:54:30+00:00,E0107,wach,,A,0.66,0.2,0.26,,,,
_result,0,2025-11-05 13:54:31+00:00,E0107,wach,0.9,,,,,,,,
_result,0,2025-11-05 13:56:30+00:00,E0107,wach,0.9,,,,,,,,
_result,0,2025-11-05 13:58:28+00:00,E0107,wach,0.9,,,,,,,,
_result,0,2025-11-05 14:00:33+00:00,E0107,wach,0.9,,,,,,,,
_result,0,2025-11-05 14:02:33+00:00,E0107,wach,0.9,,,,,,,,
_result,0,2025-11-05 14:04:48+00:00,E0107,wach,0.9,,,,,,,,
_result,2,2025-11-05 14:06:58+00:00,E0107,wach,,V,,,,237.5,235.4,238.1,
_result,0,2025-11-05 14:06:59+00:00,E0107,wach,0.9,,,,,,,,
_result,1,2025-11-05 14:08:43+00:00,E0107,wach,,A,0.66,0.2,0.26,,,,
_result,0,2025-11-05 14:08:44+00:00,E0107,wach,0.9,,,,,,,,
_result,0,2025-11-05 14:10:38+00:00,E0107,wach,0.9,,,,,,,,
_result,0,2025-11-05 14:12:33+00:00,E0107,wach,0.9,,,,,,,,
_result,1,2025-11-05 14:14:35+00:00,E0107,wach,,A,0.66,0.2,0.26,,,,
_result,0,2025-11-05 14:14:36+00:00,E0107,wach,0.9,,,,,,,,
_result,0,2025-11-05 14:16:38+00:00,E0107,wach,0.9,,,,,,,,
_result,2,2025-11-05 14:18:31+00:00,E0107,wach,,V,,,,237.9,235.6,,
_result,0,2025-11-05 14:18:32+00:00,E0107,wach,0.9,,,,,,,,
_result,2,2025-11-05 14:20:30+00:00,E0107,wach,,V,,,,237.9,235.8,238.4,
_result,0,2025-11-05 14:20:31+00:00,E0107,wach,0.9,,,,,,,,
_result,2,2025-11-05 14:22:40+00:00,E0107,wach,,V,,,,237.9,235.8,238.4,
_result,0,2025-11-05 14:22:41+00:00,E0107,wach,0.9,,,,,,,,
_result,1,2025-11-05 14:24:24+00:00,E0107,wach,,A,0.66,0.2,0.26,,,,
_result,0,2025-11-05 14:24:25+00:00,E0107,wach,0.9,,,,,,,,
_result,0,2025-11-05 14:26:33+00:00,E0107,wach,0.9,,,,,,,,
_result,0,2025-11-05 14:28:27+00:00,E0107,wach,0.9,,,,,,,,
_result,0,2025-11-05 14:30:25+00:00,E0107,wach,0.9,,,,,,,,
_result,1,2025-11-05 14:32:31+00:00,E0107,wach,,A,0.66,0.2,0.26,,,,
_result,0,2025-11-05 14:32:32+00:00,E0107,wach,0.9,,,,,,,,
_result,0,2025-11-05 14:34:31+00:00,E0107,wach,0.9,,,,,,,,
_result,0,2025-11-05 14:36:30+00:00,E0107,wach,0.9,,,,,,,,
_result,0,2025-11-05 14:38:31+00:00,E0107,wach,0.9,,,,,,,,
_result,1,2025-11-05 14:40:40+00:00,E0107,wach,,A,0.66,0.2,0.26,,,,
_result,0,2025-11-05 14:40:41+00:00,E0107,wach,0.9,,,,,,,,
_result,0,2025-11-05 14:42:33+00:00,E0107,wach,0.9,,,,,,,,
_result,0,2025-11-05 14:44:30+00:00,E0107,wach,0.9,,,,,,,,
_result,1,2025-11-05 14:46:32+00:00,E0107,wach,,A,0.66,0.2,,,,,
_result,0,2025-11-05 14:46:33+00:00,E0107,wach,0.9,,,,,,,,
_result,0,2025-11-05 14:48:33+00:00,E0107,wach,0.9,,,,,,,,
_result,1,2025-11-05 14:50:42+00:00,E0107,wach,,A,0.66,0.2,0.26,,,,
_result,0,2025-11-05 14:50:43+00:00,E0107,wach,0.9,,,,,,,,
_result,1,2025-11-05 14:52:31+00:00,E0107,wach,,A,0.66,0.2,0.26,,,,
_result,0,2025-11-05 14:52:32+00:00,E0107,wach,0.9,,,,,,,,
_result,2,2025-11-05 14:54:27+00:00,E0107,wach,,V,,,,238.1,236.0,238.3,
_result,0,2025-11-05 14:54:28+00:00,E0107,wach,0.9,,,,,,,,
_result,0,2025-11-05 14:56:32+00:00,E0107,wach,0.9,,,,,,,,
_result,2,2025-11-05 14:58:23+00:00,E0107,wach,,V,,,,238.7,236.5,239.1,
_result,0,2025-11-05 14:58:24+00:00,E0107,wach,0.9,,,,,,,,
_result,2,2025-11-05 15:00:30+00:00,E0107,wach,,V,,,,238.7,236.5,239.1,
_result,1,2025-11-05 15:00:31+00:00,E0107,wach,,A,0.66,0.2,0.26,,,,
_result,0,2025-11-05 15:00:32+00:00,E0107,wach,0.9,,,,,,,,
_result,2,2025-11-05 15:02:31+00:00,E0107,wach,,V,,,,238.7,236.5,239.1,
_result,0,2025-11-05 15:02:32+00:00,E0107,wach,0.9,,,,,,,,
_result,1,2025-11-05 15:04:29+00:00,E0107,wach,,A,0.66,0.2,0.26,,,,
_result,0,2025-11-05 15:04:30+00:00,E0107,wach,0.9,,,,,,,,
_result,0,2025-11-05 15:06:25+00:00,E0107,wach,0.9,,,,,,,,
_result,2,2025-11-05 15:08:30+00:00,E0107,wach,,V,,,,237.5,,,
_result,0,2025-11-05 15:08:31+00:00,E0107,wach,0.9,,,,,,,,
_result,2,2025-11-05 15:10:35+00:00,E0107,wach,,V,,,,237.5,235.3,237.9,
_result,0,2025-11-05 15:10:36+00:00,E0107,wach,0.9,,,,,,,,
_result,1,2025-11-05 15:12:32+00:00,E0107,wach,,A,0.66,0.2,0.26,,,,
_result,0,2025-11-05 15:12:33+00:00,E0107,wach,0.9,,,,,,,,
_result,0,2025-11-05 15:14:27+00:00,E0107,wach,0.9,,,,,,,,
_result,1,2025-11-05 15:16:28+00:00,E0107,wach,,A,0.66,0.2,0.26,,,,
_result,0,2025-11-05 15:16:29+00:00,E0107,wach,0.9,,,,,,,,
_result,0,2025-11-05 15:18:33+00:00,E0107,wach,0.9,,,,,,,,
_result,0,2025-11-05 15:20:34+00:00,E0107,wach,0.9,,,,,,,,
_result,0,2025-11-05 15:22:43+00:00,E0107,wach,0.9,,,,,,,,
_result,0,2025-11-05 15:24:53+00:00,E0107,wach,0.9,,,,,,,,
_result,0,2025-11-05 15:26:49+00:00,E0107,wach,0.9,,,,,,,,
_result,0,2025-11-05 15:28:47+00:00,E0107,wach,0.9,,,,,,,,
_result,1,2025-11-05 15:31:14+00:00,E0107,wach,,A,0.66,0.2,0.26,,,,
_result,0,2025-11-05 15:31:15+00:00,E0107,wach,0.9,,,,,,,,
_result,1,2025-11-05 15:32:43+00:00,E0107,wach,,A,0.66,0.2,0.26,,,,
_result,0,2025-11-05 15:32:44+00:00,E0107,wach,0.9,,,,,,,,
_result,1,2025-11-05 15:34:38+00:00,E0107,wach,,A,0.66,0.2,0.26,,,,
_result,0,2025-11-05 15:34:39+00:00,E0107,wach,0.9,,,,,,,,
_result,1,2025-11-05 15:36:25+00:00,E0107,wach,,A,0.66,0.2,,,,,
_result,0,2025-11-05 15:36:26+00:00,E0107,wach,0.9,,,,,,,,
_result,0,2025-11-05 15:38:34+00:00,E0107,wach,0.9,,,,,,,,
_result,1,2025-11-05 15:40:30+00:00,E0107,wach,,A,0.66,0.2,0.26,,,,
_result,0,2025-11-05 15:40:31+00:00,E0107,wach,0.9,,,,,,,,
_result,0,2025-11-05 15:42:29+00:00,E0107,wach,0.9,,,,,,,,
_result,0,2025-11-05 15:44:49+00:00,E0107,wach,0.9,,,,,,,,
_result,0,2025-11-05 15:46:36+00:00,E0107,wach,0.9,,,,,,,,
_result,2,2025-11-05 15:48:31+00:00,E0107,wach,,V,,,,237.6,,,
_result,0,2025-11-05 15:48:32+00:00,E0107,wach,0.9,,,,,,,,
_result,1,2025-11-05 15:50:31+00:00,E0107,wach,,A,0.66,0.2,0.26,,,,
_result,0,2025-11-05 15:50:32+00:00,E0107,wach,0.9,,,,,,,,
_result,0,2025-11-05 15:52:29+00:00,E0107,wach,0.9,,,,,,,,
_result,2,2025-11-05 15:54:26+00:00,E0107,wach,,V,,,,238.0,235.9,238.4,
_result,0,2025-11-05 15:54:27+00:00,E0107,wach,0.9,,,,,,,,
_result,2,2025-11-05 15:56:27+00:00,E0107,wach,,V,,,,238.0,235.9,238.4,
_result,1,2025-11-05 15:56:28+00:00,E0107,wach,,A,0.66,0.2,0.26,,,,
_result,0,2025-11-05 15:56:29+00:00,E0107,wach,0.9,,,,,,,,
_result,0,2025-11-05 15:58:25+00:00,E0107,wach,0.9,,,,,,,,
_result,1,2025-11-05 16:00:29+00:00,E0107,wach,,A,0.66,0.2,0.26,,,,
_result,0,2025-11-05 16:00:30+00:00,E0107,wach,0.9,,,,,,,,
_result,0,2025-11-05 16:02:32+00:00,E0107,wach,0.9,,,,,,,,
_result,0,2025-11-05 16:04:33+00:00,E0107,wach,0.9,,,,,,,,
_result,0,2025-11-05 16:06:32+00:00,E0107,wach,0.9,,,,,,,,
_result,1,2025-11-05 16:08:27+00:00,E0107,wach,,A,0.66,0.2,0.26,,,,
_result,0,2025-11-05 16:08:28+00:00,E0107,wach,0.9,,,,,,,,
_result,0,2025-11-05 16:10:35+00:00,E0107,wach,0.9,,,,,,,,
_result,0,2025-11-05 16:12:31+00:00,E0107,wach,0.9,,,,,,,,
_result,0,2025-11-05 16:14:32+00:00,E0107,wach,0.9,,,,,,,,
_result,1,2025-11-05 16:16:33+00:00,E0107,wach,,A,0.66,,,,,,
_result,0,2025-11-05 16:16:34+00:00,E0107,wach,0.9,,,,,,,,
_result,2,2025-11-05 16:18:33+00:00,E0107,wach,,V,,,,239.0,237.1,239.5,
_result,0,2025-11-05 16:18:34+00:00,E0107,wach,0.9,,,,,,,,
_result,1,2025-11-05 16:20:32+00:00,E0107,wach,,A,0.66,0.2,0.26,,,,
_result,0,2025-11-05 16:20:33+00:00,E0107,wach,0.9,,,,,,,,
_result,0,2025-11-05 16:22:27+00:00,E0107,wach,0.9,,,,,,,,
_result,1,2025-11-05 16:24:31+00:00,E0107,wach,,A,0.66,0.2,0.26,,,,
_result,0,2025-11-05 16:24:32+00:00,E0107,wach,0.9,,,,,,,,
_result,0,2025-11-05 16:26:31+00:00,E0107,wach,0.9,,,,,,,,
_result,1,2025-11-05 16:28:29+00:00,E0107,wach,,A,0.66,0.2,0.26,,,,
_result,0,2025-11-05 16:28:30+00:00,E0107,wach,0.9,,,,,,,,
_result,1,2025-11-05 16:30:27+00:00,E0107,wach,,A,0.66,0.2,0.26,,,,
_result,0,2025-11-05 16:30:28+00:00,E0107,wach,0.9,,,,,,,,
_result,2,2025-11-05 16:32:30+00:00,E0107,wach,,V,,,,239.0,237.1,239.5,
_result,0,2025-11-05 16:32:31+00:00,E0107,wach,0.9,,,,,,,,
_result,0,2025-11-05 16:34:29+00:00,E0107,wach,0.9,,,,,,,,
_result,1,2025-11-05 16:36:30+00:00,E0107,wach,,A,0.66,0.2,0.26,,,,
_result,0,2025-11-05 16:36:31+00:00,E0107,wach,0.9,,,,,,,,
_result,0,2025-11-05 16:38:31+00:00,E0107,wach,0.9,,,,,,,,
_result,0,2025-11-05 16:40:33+00:00,E0107,wach,0.9,,,,,,,,
_result,0,2025-11-05 16:42:31+00:00,E0107,wach,0.9,,,,,,,,
_result,0,2025-11-05 16:44:33+00:00,E0107,wach,0.89,,,,,,,,
_result,0,2025-11-05 16:46:28+00:00,E0107,wach,0.89,,,,,,,,
_result,0,2025-11-05 16:48:30+00:00,E0107,wach,0.89,,,,,,,,
_result,0,2025-11-05 16:50:31+00:00,E0107,wach,0.89,,,,,,,,
_result,1,2025-11-05 16:52:31+00:00,E0107,wach,,A,0.66,0.2,0.27,,,,
_result,0,2025-11-05 16:52:32+00:00,E0107,wach,0.89,,,,,,,,
_result,1,2025-11-05 16:54:32+00:00,E0107,wach,,A,0.66,0.2,0.27,,,,
_result,0,2025-11-05 16:54:33+00:00,E0107,wach,0.89,,,,,,,,
_result,0,2025-11-05 16:56:27+00:00,E0107,wach,0.89,,,,,,,,
_result,0,2025-11-05 16:58:31+00:00,E0107,wach,0.89,,,,,,,,
_result,0,2025-11-05 17:00:27+00:00,E0107,wach,0.89,,,,,,,,
_result,0,2025-11-05 17:02:38+00:00,E0107,wach,0.89,,,,,,,,
_result,0,2025-11-05 17:04:32+00:00,E0107,wach,0.89,,,,,,,,
_result,1,2025-11-05 17:06:31+00:00,E0107,wach,,A,0.66,0.2,0.27,,,,
_result,0,2025-11-05 17:06:32+00:00,E0107,wach,0.89,,,,,,,,
_result,0,2025-11-05 17:08:25+00:00,E0107,wach,0.89,,,,,,,,
_result,0,2025-11-05 17:10:33+00:00,E0107,wach,0.89,,,,,,,,
_result,1,2025-11-05 17:12:30+00:00,E0107,wach,,A,0.66,0.2,0.27,,,,
_result,0,2025-11-05 17:12:31+00:00,E0107,wach,0.89,,,,,,,,
_result,1,2025-11-05 17:14:30+00:00,E0107,wach,,A,0.66,0.2,0.27,,,,
_result,0,2025-11-05 17:14:31+00:00,E0107,wach,0.89,,,,,,,,
_result,1,2025-11-05 17:16:32+00:00,E0107,wach,,A,0.66,0.2,0.27,,,,
_result,0,2025-11-05 17:16:33+00:00,E0107,wach,0.89,,,,,,,,
_result,0,2025-11-05 17:18:33+00:00,E0107,wach,0.89,,,,,,,,
_result,0,2025-11-05 17:20:29+00:00,E0107,wach,0.89,,,,,,,,
_result,1,2025-11-05 17:22:30+00:00,E0107,wach,,A,0.66,0.2,0.27,,,,
_result,0,2025-11-05 17:22:31+00:00,E0107,wach,0.89,,,,,,,,
_result,0,2025-11-05 17:24:32+00:00,E0107,wach,0.89,,,,,,,,
_result,0,2025-11-05 17:26:33+00:00,E0107,wach,0.89,,,,,,,,
_result,2,2025-11-05 17:28:26+00:00,E0107,wach,,V,,,,240.3,,,
_result,1,2025-11-05 17:28:27+00:00,E0107,wach,,A,0.66,0.2,0.27,,,,
_result,0,2025-11-05 17:28:28+00:00,E0107,wach,0.89,,,,,,,,
_result,1,2025-11-05 17:30:33+00:00,E0107,wach,,A,0.66,0.2,0.27,,,,
_result,0,2025-11-05 17:30:34+00:00,E0107,wach,0.89,,,,,,,,
_result,0,2025-11-05 17:32:32+00:00,E0107,wach,0.89,,,,,,,,
_result,1,2025-11-05 17:34:30+00:00,E0107,wach,,A,0.66,0.2,0.27,,,,
_result,0,2025-11-05 17:34:31+00:00,E0107,wach,0.89,,,,,,,,
_result,0,2025-11-05 17:36:50+00:00,E0107,wach,0.89,,,,,,,,
_result,2,2025-11-05 17:38:27+00:00,E0107,wach,,V,,,,240.4,238.4,240.9,
_result,0,2025-11-05 17:38:28+00:00,E0107,wach,0.89,,,,,,,,
_result,1,2025-11-05 17:40:31+00:00,E0107,wach,,A,0.66,0.2,0.27,,,,
_result,0,2025-11-05 17:40:32+00:00,E0107,wach,0.89,,,,,,,,
_result,1,2025-11-05 17:42:31+00:00,E0107,wach,,A,0.66,0.2,0.27,,,,
_result,0,2025-11-05 17:42:32+00:00,E0107,wach,0.89,,,,,,,,
_result,2,2025-11-05 17:44:32+00:00,E0107,wach,,V,,,,237.5,,,
_result,0,2025-11-05 17:44:33+00:00,E0107,wach,0.9,,,,,,,,
_result,1,2025-11-05 17:46:29+00:00,E0107,wach,,A,0.66,,,,,,
_result,0,2025-11-05 17:46:30+00:00,E0107,wach,0.9,,,,,,,,
_result,1,2025-11-05 17:48:24+00:00,E0107,wach,,A,0.66,0.2,0.26,,,,
_result,0,2025-11-05 17:48:25+00:00,E0107,wach,0.9,,,,,,,,
_result,0,2025-11-05 17:50:31+00:00,E0107,wach,0.9,,,,,,,,
_result,1,2025-11-05 17:52:31+00:00,E0107,wach,,A,0.66,0.2,0.26,,,,
_result,0,2025-11-05 17:52:32+00:00,E0107,wach,0.9,,,,,,,,
_result,0,2025-11-05 17:54:56+00:00,E0107,wach,0.9,,,,,,,,
_result,0,2025-11-05 17:56:34+00:00,E0107,wach,0.9,,,,,,,,
_result,0,2025-11-05 17:58:31+00:00,E0107,wach,0.9,,,,,,,,
_result,0,2025-11-05 18:00:33+00:00,E0107,wach,0.9,,,,,,,,
_result,1,2025-11-05 18:02:31+00:00,E0107,wach,,A,0.66,0.2,0.26,,,,
_result,0,2025-11-05 18:02:32+00:00,E0107,wach,0.9,,,,,,,,
_result,2,2025-11-05 18:04:32+00:00,E0107,wach,,V,,,,237.7,235.8,238.1,
_result,0,2025-11-05 18:04:33+00:00,E0107,wach,0.9,,,,,,,,
_result,1,2025-11-05 18:06:30+00:00,E0107,wach,,A,0.66,0.2,0.26,,,,
_result,0,2025-11-05 18:06:31+00:00,E0107,wach,0.9,,,,,,,,
_result,0,2025-11-05 18:08:33+00:00,E0107,wach,0.9,,,,,,,,
_result,0,2025-11-05 18:10:33+00:00,E0107,wach,0.9,,,,,,,,
_result,0,2025-11-05 18:12:33+00:00,E0107,wach,0.9,,,,,,,,
_result,2,2025-11-05 18:14:33+00:00,E0107,wach,,V,,,,237.7,235.6,238.1,
_result,0,2025-11-05 18:14:34+00:00,E0107,wach,0.9,,,,,,,,
_result,2,2025-11-05 18:16:30+00:00,E0107,wach,,V,,,,236.7,234.7,237.2,
_result,0,2025-11-05 18:16:31+00:00,E0107,wach,0.9,,,,,,,,
_result,2,2025-11-05 18:18:32+00:00,E0107,wach,,V,,,,236.7,234.7,,
_result,0,2025-11-05 18:18:33+00:00,E0107,wach,0.9,,,,,,,,
_result,2,2025-11-05 18:20:28+00:00,E0107,wach,,V,,,,236.7,234.7,237.2,
_result,0,2025-11-05 18:20:29+00:00,E0107,wach,0.9,,,,,,,,
_result,0,2025-11-05 18:22:29+00:00,E0107,wach,0.9,,,,,,,,
_result,0,2025-11-05 18:24:34+00:00,E0107,wach,0.9,,,,,,,,
_result,2,2025-11-05 18:26:39+00:00,E0107,wach,,V,,,,237.4,235.5,237.9,
_result,0,2025-11-05 18:26:40+00:00,E0107,wach,0.9,,,,,,,,
_result,0,2025-11-05 18:28:49+00:00,E0107,wach,0.9,,,,,,,,
_result,0,2025-11-05 18:30:53+00:00,E0107,wach,0.9,,,,,,,,
_result,2,2025-11-05 18:32:38+00:00,E0107,wach,,V,,,,237.4,235.5,237.9,
_result,1,2025-11-05 18:32:39+00:00,E0107,wach,,A,0.66,0.2,0.26,,,,
_result,0,2025-11-05 18:32:40+00:00,E0107,wach,0.9,,,,,,,,
_result,0,2025-11-05 18:34:28+00:00,E0107,wach,0.9,,,,,,,,
_result,1,2025-11-05 18:36:26+00:00,E0107,wach,,A,0.66,0.2,0.26,,,,
_result,0,2025-11-05 18:36:27+00:00,E0107,wach,0.9,,,,,,,,
_result,1,2025-11-05 18:38:32+00:00,E0107,wach,,A,0.66,0.2,0.26,,,,
_result,0,2025-11-05 18:38:33+00:00,E0107,wach,0.9,,,,,,,,
_result,0,2025-11-05 18:40:36+00:00,E0107,wach,0.9,,,,,,,,
_result,0,2025-11-05 18:42:32+00:00,E0107,wach,0.9,,,,,,,,
_result,0,2025-11-05 18:44:27+00:00,E0107,wach,0.9,,,,,,,,
_result,0,2025-11-05 18:46:29+00:00,E0107,wach,0.9,,,,,,,,
_result,0,2025-11-05 18:48:27+00:00,E0107,wach,0.9,,,,,,,,
_result,0,2025-11-05 18:50:29+00:00,E0107,wach,0.9,,,,,,,,
_result,2,2025-11-05 18:52:30+00:00,E0107,wach,,V,,,,237.7,235.7,238.0,
_result,0,2025-11-05 18:52:31+00:00,E0107,wach,0.9,,,,,,,,
_result,1,2025-11-05 18:54:27+00:00,E0107,wach,,A,0.66,0.2,0.26,,,,
_result,0,2025-11-05 18:54:28+00:00,E0107,wach,0.9,,,,,,,,
_result,1,2025-11-05 18:56:34+00:00,E0107,wach,,A,0.66,0.2,0.26,,,,
_result,0,2025-11-05 18:56:35+00:00,E0107,wach,0.9,,,,,,,,
_result,0,2025-11-05 18:58:31+00:00,E0107,wach,0.9,,,,,,,,
_result,0,2025-11-05 19:00:32+00:00,E0107,wach,0.9,,,,,,,,
_result,2,2025-11-05 19:02:52+00:00,E0107,wach,,V,,,,238.1,,,
_result,0,2025-11-05 19:02:53+00:00,E0107,wach,0.9,,,,,,,,
_result,0,2025-11-05 19:04:36+00:00,E0107,wach,0.9,,,,,,,,
_result,1,2025-11-05 19:06:28+00:00,E0107,wach,,A,0.66,0.2,0.26,,,,
_result,0,2025-11-05 19:06:29+00:00,E0107,wach,0.9,,,,,,,,
_result,0,2025-11-05 19:08:32+00:00,E0107,wach,0.9,,,,,,,,
_result,1,2025-11-05 19:10:48+00:00,E0107,wach,,A,0.66,0.2,0.26,,,,
_result,0,2025-11-05 19:10:49+00:00,E0107,wach,0.9,,,,,,,,
_result,2,2025-11-05 19:12:37+00:00,E0107,wach,,V,,,,237.9,235.9,,
_result,0,2025-11-05 19:12:38+00:00,E0107,wach,0.9,,,,,,,,
_result,0,2025-11-05 19:14:31+00:00,E0107,wach,0.9,,,,,,,,
_result,0,2025-11-05 19:16:32+00:00,E0107,wach,0.9,,,,,,,,
_result,0,2025-11-05 19:18:29+00:00,E0107,wach,0.9,,,,,,,,
_result,1,2025-11-05 19:20:30+00:00,E0107,wach,,A,0.66,0.2,0.26,,,,
_result,0,2025-11-05 19:20:31+00:00,E0107,wach,0.9,,,,,,,,
_result,0,2025-11-05 19:22:34+00:00,E0107,wach,0.9,,,,,,,,
_result,0,2025-11-05 19:25:14+00:00,E0107,wach,0.9,,,,,,,,
_result,1,2025-11-05 19:26:31+00:00,E0107,wach,,A,0.66,0.2,0.26,,,,
_result,0,2025-11-05 19:26:32+00:00,E0107,wach,0.9,,,,,,,,
_result,2,2025-11-05 19:28:29+00:00,E0107,wach,,V,,,,238.3,236.3,238.6,
_result,0,2025-11-05 19:28:30+00:00,E0107,wach,0.9,,,,,,,,
_result,0,2025-11-05 19:31:13+00:00,E0107,wach,0.9,,,,,,,,
_result,2,2025-11-05 19:32:33+00:00,E0107,wach,,V,,,,238.4,236.4,238.6,
_result,0,2025-11-05 19:32:34+00:00,E0107,wach,0.9,,,,,,,,
_result,0,2025-11-05 19:34:34+00:00,E0107,wach,0.9,,,,,,,,
_result,2,2025-11-05 19:36:29+00:00,E0107,wach,,V,,,,238.2,236.3,238.6,
_result,0,2025-11-05 19:36:30+00:00,E0107,wach,0.9,,,,,,,,
_result,1,2025-11-05 19:38:29+00:00,E0107,wach,,A,0.66,0.2,,,,,
_result,0,2025-11-05 19:38:30+00:00,E0107,wach,0.9,,,,,,,,
_result,0,2025-11-05 19:40:32+00:00,E0107,wach,0.9,,,,,,,,
_result,0,2025-11-05 19:42:34+00:00,E0107,wach,0.9,,,,,,,,
_result,2,2025-11-05 19:44:29+00:00,E0107,wach,,V,,,,238.3,,,
_result,1,2025-11-05 19:44:30+00:00,E0107,wach,,A,0.66,0.2,0.26,,,,
_result,0,2025-11-05 19:44:31+00:00,E0107,wach,0.9,,,,,,,,
_result,1,2025-11-05 19:46:31+00:00,E0107,wach,,A,0.66,0.2,0.26,,,,
_result,0,2025-11-05 19:46:32+00:00,E0107,wach,0.9,,,,,,,,
_result,1,2025-11-05 19:48:31+00:00,E0107,wach,,A,0.66,0.2,0.26,,,,
_result,0,2025-11-05 19:48:32+00:00,E0107,wach,0.9,,,,,,,,
_result,2,2025-11-05 19:50:31+00:00,E0107,wach,,V,,,,238.8,236.8,,
_result,1,2025-11-05 19:50:32+00:00,E0107,wach,,A,0.66,0.2,0.26,,,,
_result,0,2025-11-05 19:50:33+00:00,E0107,wach,0.9,,,,,,,,
_result,1,2025-11-05 19:52:29+00:00,E0107,wach,,A,0.66,0.2,0.26,,,,
_result,0,2025-11-05 19:52:30+00:00,E0107,wach,0.9,,,,,,,,
_result,1,2025-11-05 19:54:32+00:00,E0107,wach,,A,0.66,0.2,0.26,,,,
_result,0,2025-11-05 19:54:33+00:00,E0107,wach,0.9,,,,,,,,
_result,1,2025-11-05 19:56:29+00:00,E0107,wach,,A,0.66,0.2,0.26,,,,
_result,0,2025-11-05 19:56:30+00:00,E0107,wach,0.9,,,,,,,,
_result,0,2025-11-05 19:58:33+00:00,E0107,wach,0.9,,,,,,,,
_result,1,2025-11-05 20:00:30+00:00,E0107,wach,,A,0.66,0.2,0.26,,,,
_result,0,2025-11-05 20:00:31+00:00,E0107,wach,0.9,,,,,,,,
_result,1,2025-11-05 20:02:31+00:00,E0107,wach,,A,0.66,0.2,0.26,,,,
_result,0,2025-11-05 20:02:32+00:00,E0107,wach,0.9,,,,,,,,
_result,2,2025-11-05 20:04:36+00:00,E0107,wach,,V,,,,239.1,237.2,239.6,
_result,0,2025-11-05 20:04:37+00:00,E0107,wach,0.9,,,,,,,,
_result,1,2025-11-05 20:06:31+00:00,E0107,wach,,A,0.66,0.2,0.26,,,,
_result,0,2025-11-05 20:06:32+00:00,E0107,wach,0.9,,,,,,,,
_result,0,2025-11-05 20:08:33+00:00,E0107,wach,0.9,,,,,,,,
_result,0,2025-11-05 20:10:33+00:00,E0107,wach,0.9,,,,,,,,
_result,0,2025-11-05 20:12:35+00:00,E0107,wach,0.9,,,,,,,,
_result,0,2025-11-05 20:14:31+00:00,E0107,wach,0.9,,,,,,,,
_result,0,2025-11-05 20:16:27+00:00,E0107,wach,0.9,,,,,,,,
_result,0,2025-11-05 20:18:32+00:00,E0107,wach,0.9,,,,,,,,
_result,2,2025-11-05 20:20:31+00:00,E0107,wach,,V,,,,239.3,237.3,239.7,
_result,0,2025-11-05 20:20:32+00:00,E0107,wach,0.9,,,,,,,,
_result,0,2025-11-05 20:22:32+00:00,E0107,wach,0.9,,,,,,,,
_result,1,2025-11-05 20:24:26+00:00,E0107,wach,,A,0.66,0.2,0.26,,,,
_result,0,2025-11-05 20:24:27+00:00,E0107,wach,0.9,,,,,,,,
_result,1,2025-11-05 20:26:30+00:00,E0107,wach,,A,0.66,0.2,0.26,,,,
_result,0,2025-11-05 20:26:31+00:00,E0107,wach,0.9,,,,,,,,
_result,1,2025-11-05 20:28:33+00:00,E0107,wach,,A,0.66,0.2,0.26,,,,
_result,0,2025-11-05 20:28:34+00:00,E0107,wach,0.9,,,,,,,,
_result,2,2025-11-05 20:30:32+00:00,E0107,wach,,V,,,,239.4,237.6,239.9,
_result,0,2025-11-05 20:30:33+00:00,E0107,wach,0.9,,,,,,,,
_result,1,2025-11-05 20:32:30+00:00,E0107,wach,,A,0.66,0.2,0.26,,,,
_result,0,2025-11-05 20:32:31+00:00,E0107,wach,0.9,,,,,,,,
_result,0,2025-11-05 20:34:31+00:00,E0107,wach,0.9,,,,,,,,
_result,1,2025-11-05 20:36:26+00:00,E0107,wach,,A,0.66,0.2,,,,,
_result,1,2025-11-05 20:36:27+00:00,E0107,wach,,A,,,0.26,,,,
_result,0,2025-11-05 20:36:28+00:00,E0107,wach,0.9,,,,,,,,
_result,0,2025-11-05 20:38:30+00:00,E0107,wach,0.9,,,,,,,,
_result,0,2025-11-05 20:40:32+00:00,E0107,wach,0.9,,,,,,,,
_result,0,2025-11-05 20:42:32+00:00,E0107,wach,0.9,,,,,,,,
_result,0,2025-11-05 20:44:31+00:00,E0107,wach,0.9,,,,,,,,
_result,0,2025-11-05 20:46:31+00:00,E0107,wach,0.9,,,,,,,,
_result,1,2025-11-05 20:48:29+00:00,E0107,wach,,A,0.66,0.2,0.26,,,,
_result,0,2025-11-05 20:48:30+00:00,E0107,wach,0.9,,,,,,,,
_result,0,2025-11-05 20:50:26+00:00,E0107,wach,0.9,,,,,,,,
_result,0,2025-11-05 20:52:33+00:00,E0107,wach,0.9,,,,,,,,
_result,1,2025-11-05 20:54:30+00:00,E0107,wach,,A,0.66,0.2,0.26,,,,
_result,0,2025-11-05 20:54:31+00:00,E0107,wach,0.9,,,,,,,,
_result,0,2025-11-05 20:56:31+00:00,E0107,wach,0.9,,,,,,,,
_result,1,2025-11-05 20:58:27+00:00,E0107,wach,,A,0.66,0.2,0.26,,,,
_result,0,2025-11-05 20:58:28+00:00,E0107,wach,0.9,,,,,,,,
_result,2,2025-11-05 21:00:31+00:00,E0107,wach,,V,,,,239.4,237.5,239.8,
_result,0,2025-11-05 21:00:32+00:00,E0107,wach,0.9,,,,,,,,
_result,0,2025-11-05 21:02:31+00:00,E0107,wach,0.9,,,,,,,,
_result,0,2025-11-05 21:04:30+00:00,E0107,wach,0.9,,,,,,,,
_result,2,2025-11-05 21:06:29+00:00,E0107,wach,,V,,,,239.4,237.5,239.8,
_result,0,2025-11-05 21:06:30+00:00,E0107,wach,0.9,,,,,,,,
_result,0,2025-11-05 21:08:33+00:00,E0107,wach,0.9,,,,,,,,
_result,2,2025-11-05 21:10:30+00:00,E0107,wach,,V,,,,238.5,236.4,238.9,
_result,1,2025-11-05 21:10:31+00:00,E0107,wach,,A,0.66,0.2,0.26,,,,
_result,0,2025-11-05 21:10:32+00:00,E0107,wach,0.9,,,,,,,,
_result,0,2025-11-05 21:12:35+00:00,E0107,wach,0.9,,,,,,,,
_result,1,2025-11-05 21:14:31+00:00,E0107,wach,,A,0.66,0.2,0.26,,,,
_result,0,2025-11-05 21:14:32+00:00,E0107,wach,0.9,,,,,,,,
_result,1,2025-11-05 21:16:31+00:00,E0107,wach,,A,0.66,0.2,0.26,,,,
_result,0,2025-11-05 21:16:32+00:00,E0107,wach,0.9,,,,,,,,
_result,2,2025-11-05 21:18:31+00:00,E0107,wach,,V,,,,238.5,236.6,238.8,
_result,0,2025-11-05 21:18:32+00:00,E0107,wach,0.9,,,,,,,,
_result,0,2025-11-05 21:20:55+00:00,E0107,wach,0.9,,,,,,,,
_result,0,2025-11-05 21:23:05+00:00,E0107,wach,0.9,,,,,,,,
_result,0,2025-11-05 21:24:42+00:00,E0107,wach,0.9,,,,,,,,
_result,1,2025-11-05 21:27:05+00:00,E0107,wach,,A,0.66,0.2,0.26,,,,
_result,0,2025-11-05 21:27:06+00:00,E0107,wach,0.9,,,,,,,,
_result,1,2025-11-05 21:28:49+00:00,E0107,wach,,A,0.66,0.2,0.26,,,,
_result,0,2025-11-05 21:28:50+00:00,E0107,wach,0.9,,,,,,,,
_result,0,2025-11-05 21:30:36+00:00,E0107,wach,0.9,,,,,,,,
_result,0,2025-11-05 21:32:29+00:00,E0107,wach,0.9,,,,,,,,
_result,2,2025-11-05 21:34:31+00:00,E0107,wach,,V,,,,238.9,236.9,,
_result,0,2025-11-05 21:34:32+00:00,E0107,wach,0.9,,,,,,,,
_result,1,2025-11-05 21:36:31+00:00,E0107,wach,,A,0.66,0.2,0.26,,,,
_result,0,2025-11-05 21:36:32+00:00,E0107,wach,0.9,,,,,,,,
_result,0,2025-11-05 21:38:29+00:00,E0107,wach,0.9,,,,,,,,
_result,1,2025-11-05 21:40:34+00:00,E0107,wach,,A,0.66,0.2,0.26,,,,
_result,0,2025-11-05 21:40:35+00:00,E0107,wach,0.9,,,,,,,,
_result,1,2025-11-05 21:42:29+00:00,E0107,wach,,A,0.66,0.2,0.26,,,,
_result,0,2025-11-05 21:42:30+00:00,E0107,wach,0.9,,,,,,,,
_result,0,2025-11-05 21:44:31+00:00,E0107,wach,0.9,,,,,,,,
_result,0,2025-11-05 21:46:28+00:00,E0107,wach,0.9,,,,,,,,
_result,2,2025-11-05 21:48:34+00:00,E0107,wach,,V,,,,238.3,236.4,238.8,
_result,0,2025-11-05 21:48:35+00:00,E0107,wach,0.9,,,,,,,,
_result,0,2025-11-05 21:50:33+00:00,E0107,wach,0.9,,,,,,,,
_result,2,2025-11-05 21:52:28+00:00,E0107,wach,,V,,,,238.3,236.4,238.8,
_result,0,2025-11-05 21:52:29+00:00,E0107,wach,0.9,,,,,,,,
_result,0,2025-11-05 21:54:32+00:00,E0107,wach,0.9,,,,,,,,
_result,0,2025-11-05 21:56:44+00:00,E0107,wach,0.9,,,,,,,,
_result,1,2025-11-05 21:58:27+00:00,E0107,wach,,A,0.66,0.2,0.26,,,,
_result,0,2025-11-05 21:58:28+00:00,E0107,wach,0.9,,,,,,,,
_result,1,2025-11-05 22:00:30+00:00,E0107,wach,,A,0.66,0.2,0.26,,,,
_result,0,2025-11-05 22:00:31+00:00,E0107,wach,0.9,,,,,,,,
_result,0,2025-11-05 22:02:35+00:00,E0107,wach,0.9,,,,,,,,
_result,1,2025-11-05 22:04:28+00:00,E0107,wach,,A,0.66,0.2,0.26,,,,
_result,0,2025-11-05 22:04:29+00:00,E0107,wach,0.9,,,,,,,,
_result,0,2025-11-05 22:06:26+00:00,E0107,wach,0.9,,,,,,,,
_result,0,2025-11-05 22:08:34+00:00,E0107,wach,0.9,,,,,,,,
_result,0,2025-11-05 22:10:32+00:00,E0107,wach,0.9,,,,,,,,
_result,2,2025-11-05 22:12:30+00:00,E0107,wach,,V,,,,237.6,235.6,238.0,
_result,0,2025-11-05 22:12:31+00:00,E0107,wach,0.9,,,,,,,,
_result,0,2025-11-05 22:14:32+00:00,E0107,wach,0.9,,,,,,,,
_result,0,2025-11-05 22:16:35+00:00,E0107,wach,0.9,,,,,,,,
_result,0,2025-11-05 22:18:26+00:00,E0107,wach,0.9,,,,,,,,
_result,0,2025-11-05 22:20:31+00:00,E0107,wach,0.9,,,,,,,,
_result,2,2025-11-05 22:22:29+00:00,E0107,wach,,V,,,,237.1,235.2,237.4,
_result,1,2025-11-05 22:22:30+00:00,E0107,wach,,A,0.66,0.2,0.26,,,,
_result,0,2025-11-05 22:22:31+00:00,E0107,wach,0.9,,,,,,,,
_result,0,2025-11-05 22:24:28+00:00,E0107,wach,0.9,,,,,,,,
_result,1,2025-11-05 22:26:29+00:00,E0107,wach,,A,0.66,0.2,0.26,,,,
_result,0,2025-11-05 22:26:30+00:00,E0107,wach,0.9,,,,,,,,
_result,1,2025-11-05 22:28:27+00:00,E0107,wach,,A,0.66,0.2,0.26,,,,
_result,0,2025-11-05 22:28:28+00:00,E0107,wach,0.9,,,,,,,,
_result,0,2025-11-05 22:30:30+00:00,E0107,wach,0.9,,,,,,,,
_result,2,2025-11-05 22:32:30+00:00,E0107,wach,,V,,,,236.4,234.6,236.8,
_result,0,2025-11-05 22:32:31+00:00,E0107,wach,0.9,,,,,,,,
_result,0,2025-11-05 22:34:31+00:00,E0107,wach,0.9,,,,,,,,
_result,0,2025-11-05 22:36:34+00:00,E0107,wach,0.9,,,,,,,,
_result,0,2025-11-05 22:38:31+00:00,E0107,wach,0.9,,,,,,,,
_result,0,2025-11-05 22:40:25+00:00,E0107,wach,0.9,,,,,,,,
_result,0,2025-11-05 22:42:32+00:00,E0107,wach,0.9,,,,,,,,
_result,0,2025-11-05 22:44:31+00:00,E0107,wach,0.9,,,,,,,,
_result,0,2025-11-05 22:46:31+00:00,E0107,wach,0.9,,,,,,,,
_result,0,2025-11-05 22:48:29+00:00,E0107,wach,0.9,,,,,,,,
_result,0,2025-11-05 22:50:33+00:00,E0107,wach,0.9,,,,,,,,
_result,0,2025-11-05 22:52:28+00:00,E0107,wach,0.9,,,,,,,,
_result,2,2025-11-05 22:54:31+00:00,E0107,wach,,V,,,,235.9,234.0,236.1,
_result,0,2025-11-05 22:54:32+00:00,E0107,wach,0.9,,,,,,,,
_result,1,2025-11-05 22:56:35+00:00,E0107,wach,,A,0.66,0.2,0.25,,,,
_result,0,2025-11-05 22:56:36+00:00,E0107,wach,0.9,,,,,,,,
_result,0,2025-11-05 22:58:29+00:00,E0107,wach,0.9,,,,,,,,
_result,1,2025-11-05 23:00:35+00:00,E0107,wach,,A,0.66,0.2,0.25,,,,
_result,0,2025-11-05 23:00:36+00:00,E0107,wach,0.9,,,,,,,,
_result,1,2025-11-05 23:02:32+00:00,E0107,wach,,A,0.65,0.2,0.25,,,,
_result,0,2025-11-05 23:02:33+00:00,E0107,wach,0.9,,,,,,,,
_result,2,2025-11-05 23:04:28+00:00,E0107,wach,,V,,,,235.1,233.1,235.1,
_result,0,2025-11-05 23:04:29+00:00,E0107,wach,0.9,,,,,,,,
_result,0,2025-11-05 23:06:32+00:00,E0107,wach,0.9,,,,,,,,
_result,1,2025-11-05 23:08:35+00:00,E0107,wach,,A,0.65,0.2,0.25,,,,
_result,0,2025-11-05 23:08:36+00:00,E0107,wach,0.9,,,,,,,,
_result,0,2025-11-05 23:10:33+00:00,E0107,wach,0.75,,,,,,,,
_result,2,2025-11-05 23:12:26+00:00,E0107,wach,,V,,,,234.3,,,
_result,1,2025-11-05 23:12:27+00:00,E0107,wach,,A,4.62,4.02,4.29,,,,
_result,0,2025-11-05 23:12:28+00:00,E0107,wach,0.75,,,,,,,,
_result,0,2025-11-05 23:14:31+00:00,E0107,wach,0.75,,,,,,,,
_result,0,2025-11-05 23:16:32+00:00,E0107,wach,0.75,,,,,,,,
_result,0,2025-11-05 23:18:32+00:00,E0107,wach,0.75,,,,,,,,
_result,1,2025-11-05 23:20:34+00:00,E0107,wach,,A,4.6,4.01,4.27,,,,
_result,0,2025-11-05 23:20:35+00:00,E0107,wach,0.75,,,,,,,,
_result,1,2025-11-05 23:22:35+00:00,E0107,wach,,A,4.6,4.01,4.27,,,,
_result,0,2025-11-05 23:22:36+00:00,E0107,wach,0.75,,,,,,,,
_result,1,2025-11-05 23:24:30+00:00,E0107,wach,,A,4.59,4.0,4.27,,,,
_result,0,2025-11-05 23:24:31+00:00,E0107,wach,0.76,,,,,,,,
_result,0,2025-11-05 23:26:30+00:00,E0107,wach,0.76,,,,,,,,
_result,0,2025-11-05 23:28:57+00:00,E0107,wach,0.76,,,,,,,,
_result,0,2025-11-05 23:30:34+00:00,E0107,wach,0.76,,,,,,,,
_result,0,2025-11-05 23:32:31+00:00,E0107,wach,0.75,,,,,,,,
_result,0,2025-11-05 23:34:32+00:00,E0107,wach,0.75,,,,,,,,
_result,0,2025-11-05 23:36:31+00:00,E0107,wach,0.75,,,,,,,,
_result,1,2025-11-05 23:38:28+00:00,E0107,wach,,A,4.57,,,,,,
_result,0,2025-11-05 23:38:29+00:00,E0107,wach,0.76,,,,,,,,
_result,0,2025-11-05 23:40:32+00:00,E0107,wach,0.76,,,,,,,,
_result,0,2025-11-05 23:42:33+00:00,E0107,wach,0.76,,,,,,,,
_result,0,2025-11-05 23:44:48+00:00,E0107,wach,0.76,,,,,,,,
_result,2,2025-11-05 23:46:29+00:00,E0107,wach,,V,,,,232.1,,,
_result,0,2025-11-05 23:46:30+00:00,E0107,wach,0.76,,,,,,,,
_result,2,2025-11-05 23:48:31+00:00,E0107,wach,,V,,,,232.1,230.1,,
_result,0,2025-11-05 23:48:32+00:00,E0107,wach,0.76,,,,,,,,
_result,1,2025-11-05 23:50:30+00:00,E0107,wach,,A,4.57,3.99,4.23,,,,
_result,0,2025-11-05 23:50:31+00:00,E0107,wach,0.76,,,,,,,,
_result,0,2025-11-05 23:52:38+00:00,E0107,wach,0.75,,,,,,,,
_result,0,2025-11-05 23:54:31+00:00,E0107,wach,0.75,,,,,,,,
_result,1,2025-11-05 23:56:29+00:00,E0107,wach,,A,4.61,4.01,,,,,
_result,0,2025-11-05 23:56:30+00:00,E0107,wach,0.75,,,,,,,,
_result,0,2025-11-05 23:58:32+00:00,E0107,wach,0.75,,,,,,,,
_result,0,2025-11-06 00:00:37+00:00,E0107,wach,0.75,,,,,,,,
_result,1,2025-11-06 00:02:33+00:00,E0107,wach,,A,4.61,4.0,4.27,,,,
_result,0,2025-11-06 00:02:34+00:00,E0107,wach,0.75,,,,,,,,
_result,2,2025-11-06 00:04:33+00:00,E0107,wach,,V,,,,233.7,231.6,233.7,
_result,0,2025-11-06 00:04:34+00:00,E0107,wach,0.75,,,,,,,,
_result,1,2025-11-06 00:06:33+00:00,E0107,wach,,A,4.58,3.99,4.25,,,,
_result,0,2025-11-06 00:06:34+00:00,E0107,wach,0.75,,,,,,,,
_result,1,2025-11-06 00:08:30+00:00,E0107,wach,,A,4.58,3.99,4.25,,,,
_result,0,2025-11-06 00:08:31+00:00,E0107,wach,0.75,,,,,,,,
_result,2,2025-11-06 00:10:32+00:00,E0107,wach,,V,,,,233.7,231.6,,
_result,0,2025-11-06 00:10:33+00:00,E0107,wach,0.75,,,,,,,,
_result,2,2025-11-06 00:12:35+00:00,E0107,wach,,V,,,,233.7,231.6,233.7,
_result,0,2025-11-06 00:12:36+00:00,E0107,wach,0.75,,,,,,,,
_result,0,2025-11-06 00:14:29+00:00,E0107,wach,0.75,,,,,,,,
_result,1,2025-11-06 00:16:30+00:00,E0107,wach,,A,4.58,3.99,4.25,,,,
_result,0,2025-11-06 00:16:31+00:00,E0107,wach,0.75,,,,,,,,
_result,2,2025-11-06 00:18:32+00:00,E0107,wach,,V,,,,232.6,230.5,232.4,
_result,0,2025-11-06 00:18:33+00:00,E0107,wach,0.75,,,,,,,,
_result,1,2025-11-06 00:20:24+00:00,E0107,wach,,A,4.57,3.98,4.23,,,,
_result,0,2025-11-06 00:20:25+00:00,E0107,wach,0.75,,,,,,,,
_result,0,2025-11-06 00:22:32+00:00,E0107,wach,0.75,,,,,,,,
_result,1,2025-11-06 00:24:32+00:00,E0107,wach,,A,4.57,3.98,4.23,,,,
_result,0,2025-11-06 00:24:33+00:00,E0107,wach,0.75,,,,,,,,
_result,0,2025-11-06 00:26:37+00:00,E0107,wach,0.75,,,,,,,,
_result,0,2025-11-06 00:28:33+00:00,E0107,wach,0.75,,,,,,,,
_result,0,2025-11-06 00:30:36+00:00,E0107,wach,0.75,,,,,,,,
_result,0,2025-11-06 00:33:38+00:00,E0107,wach,0.76,,,,,,,,
_result,0,2025-11-06 00:34:31+00:00,E0107,wach,0.76,,,,,,,,
_result,0,2025-11-06 00:36:31+00:00,E0107,wach,0.76,,,,,,,,
_result,0,2025-11-06 00:38:55+00:00,E0107,wach,0.75,,,,,,,,
_result,1,2025-11-06 00:40:35+00:00,E0107,wach,,A,4.55,3.98,4.21,,,,
_result,0,2025-11-06 00:40:36+00:00,E0107,wach,0.75,,,,,,,,
_result,1,2025-11-06 00:42:47+00:00,E0107,wach,,A,4.55,,,,,,
_result,0,2025-11-06 00:42:48+00:00,E0107,wach,0.75,,,,,,,,
_result,2,2025-11-06 00:44:31+00:00,E0107,wach,,V,,,,235.4,233.4,,
_result,0,2025-11-06 00:44:32+00:00,E0107,wach,0.75,,,,,,,,
_result,0,2025-11-06 00:46:33+00:00,E0107,wach,0.75,,,,,,,,
_result,1,2025-11-06 00:48:33+00:00,E0107,wach,,A,4.61,4.01,4.27,,,,
_result,0,2025-11-06 00:48:34+00:00,E0107,wach,0.75,,,,,,,,
_result,2,2025-11-06 00:50:32+00:00,E0107,wach,,V,,,,235.4,233.4,235.5,
_result,0,2025-11-06 00:50:33+00:00,E0107,wach,0.75,,,,,,,,
_result,2,2025-11-06 00:52:35+00:00,E0107,wach,,V,,,,235.4,233.4,235.5,
_result,0,2025-11-06 00:52:36+00:00,E0107,wach,0.75,,,,,,,,
_result,2,2025-11-06 00:54:30+00:00,E0107,wach,,V,,,,234.7,232.6,234.5,
_result,1,2025-11-06 00:54:31+00:00,E0107,wach,,A,4.59,4.01,4.26,,,,
_result,0,2025-11-06 00:54:32+00:00,E0107,wach,0.75,,,,,,,,
_result,2,2025-11-06 00:56:29+00:00,E0107,wach,,V,,,,234.7,232.6,234.5,
_result,0,2025-11-06 00:56:30+00:00,E0107,wach,0.75,,,,,,,,
_result,1,2025-11-06 00:58:34+00:00,E0107,wach,,A,4.59,4.01,4.26,,,,
_result,0,2025-11-06 00:58:35+00:00,E0107,wach,0.75,,,,,,,,
_result,0,2025-11-06 01:00:46+00:00,E0107,wach,0.75,,,,,,,,
_result,2,2025-11-06 01:02:32+00:00,E0107,wach,,V,,,,234.4,232.4,234.5,
_result,0,2025-11-06 01:02:33+00:00,E0107,wach,0.75,,,,,,,,
_result,1,2025-11-06 01:04:34+00:00,E0107,wach,,A,4.59,4.01,4.27,,,,
_result,0,2025-11-06 01:04:35+00:00,E0107,wach,0.75,,,,,,,,
_result,2,2025-11-06 01:09:16+00:00,E0107,wach,,V,,,,233.8,231.8,234.0,
_result,0,2025-11-06 01:09:17+00:00,E0107,wach,0.75,,,,,,,,
_result,0,2025-11-06 01:11:15+00:00,E0107,wach,0.75,,,,,,,,
_result,0,2025-11-06 01:12:54+00:00,E0107,wach,0.75,,,,,,,,
_result,2,2025-11-06 01:14:36+00:00,E0107,wach,,V,,,,234.4,232.2,,
_result,0,2025-11-06 01:14:37+00:00,E0107,wach,0.75,,,,,,,,
_result,0,2025-11-06 01:16:36+00:00,E0107,wach,0.75,,,,,,,,
_result,0,2025-11-06 01:18:34+00:00,E0107,wach,0.75,,,,,,,,
_result,1,2025-11-06 01:20:34+00:00,E0107,wach,,A,4.6,4.01,4.27,,,,
_result,0,2025-11-06 01:20:35+00:00,E0107,wach,0.75,,,,,,,,
_result,0,2025-11-06 01:22:34+00:00,E0107,wach,0.75,,,,,,,,
_result,0,2025-11-06 01:24:35+00:00,E0107,wach,0.75,,,,,,,,
_result,0,2025-11-06 01:26:35+00:00,E0107,wach,0.75,,,,,,,,
_result,1,2025-11-06 01:28:30+00:00,E0107,wach,,A,4.61,4.01,4.27,,,,
_result,0,2025-11-06 01:28:31+00:00,E0107,wach,0.75,,,,,,,,
_result,0,2025-11-06 01:30:33+00:00,E0107,wach,0.75,,,,,,,,
_result,2,2025-11-06 01:32:40+00:00,E0107,wach,,V,,,,235.0,232.9,235.1,
_result,0,2025-11-06 01:32:41+00:00,E0107,wach,0.75,,,,,,,,
_result,2,2025-11-06 01:34:31+00:00,E0107,wach,,V,,,,235.0,232.9,235.1,
_result,0,2025-11-06 01:34:32+00:00,E0107,wach,0.75,,,,,,,,
_result,0,2025-11-06 01:38:10+00:00,E0107,wach,0.75,,,,,,,,
_result,2,2025-11-06 01:38:34+00:00,E0107,wach,,V,,,,235.0,232.9,,
_result,0,2025-11-06 01:38:35+00:00,E0107,wach,0.75,,,,,,,,
_result,2,2025-11-06 01:40:33+00:00,E0107,wach,,V,,,,235.0,232.9,235.1,
_result,0,2025-11-06 01:40:34+00:00,E0107,wach,0.75,,,,,,,,
_result,1,2025-11-06 01:42:29+00:00,E0107,wach,,A,4.61,4.01,4.27,,,,
_result,0,2025-11-06 01:42:30+00:00,E0107,wach,0.75,,,,,,,,
_result,0,2025-11-06 01:44:38+00:00,E0107,wach,0.75,,,,,,,,
_result,1,2025-11-06 01:46:33+00:00,E0107,wach,,A,4.59,3.99,4.26,,,,
_result,0,2025-11-06 01:46:34+00:00,E0107,wach,0.75,,,,,,,,
_result,1,2025-11-06 01:48:26+00:00,E0107,wach,,A,4.59,3.99,4.26,,,,
_result,0,2025-11-06 01:48:27+00:00,E0107,wach,0.75,,,,,,,,
_result,0,2025-11-06 01:50:33+00:00,E0107,wach,0.75,,,,,,,,
_result,1,2025-11-06 01:52:30+00:00,E0107,wach,,A,4.59,3.99,4.26,,,,
_result,3,2025-11-06 01:52:31+00:00,E0107,wach,,kW,,,,,,,2.24894
_result,0,2025-11-06 01:52:32+00:00,E0107,wach,0.75,,,,,,,,
_result,2,2025-11-06 01:54:30+00:00,E0107,wach,,V,,,,233.8,231.8,233.9,
_result,0,2025-11-06 01:54:31+00:00,E0107,wach,0.75,,,,,,,,
_result,1,2025-11-06 01:57:25+00:00,E0107,wach,,A,4.58,4.0,4.26,,,,
_result,0,2025-11-06 01:57:26+00:00,E0107,wach,0.75,,,,,,,,
_result,2,2025-11-06 01:59:20+00:00,E0107,wach,,V,,,,233.8,231.8,233.9,
_result,0,2025-11-06 01:59:21+00:00,E0107,wach,0.75,,,,,,,,
_result,0,2025-11-06 02:01:03+00:00,E0107,wach,0.75,,,,,,,,
_result,0,2025-11-06 02:03:04+00:00,E0107,wach,0.75,,,,,,,,
_result,0,2025-11-06 02:04:45+00:00,E0107,wach,0.75,,,,,,,,
_result,0,2025-11-06 02:06:41+00:00,E0107,wach,0.76,,,,,,,,
_result,1,2025-11-06 02:08:34+00:00,E0107,wach,,A,4.58,4.0,4.25,,,,
_result,0,2025-11-06 02:08:35+00:00,E0107,wach,0.76,,,,,,,,
_result,0,2025-11-06 02:10:33+00:00,E0107,wach,0.76,,,,,,,,
_result,0,2025-11-06 02:12:28+00:00,E0107,wach,0.76,,,,,,,,
_result,0,2025-11-06 02:14:35+00:00,E0107,wach,0.75,,,,,,,,
_result,1,2025-11-06 02:16:30+00:00,E0107,wach,,A,4.57,3.99,4.25,,,,
_result,0,2025-11-06 02:16:31+00:00,E0107,wach,0.75,,,,,,,,
_result,1,2025-11-06 02:18:35+00:00,E0107,wach,,A,4.57,3.99,4.25,,,,
_result,0,2025-11-06 02:18:37+00:00,E0107,wach,0.75,,,,,,,,
_result,1,2025-11-06 02:20:35+00:00,E0107,wach,,A,4.57,4.0,4.25,,,,
_result,0,2025-11-06 02:20:36+00:00,E0107,wach,0.75,,,,,,,,
_result,0,2025-11-06 02:22:52+00:00,E0107,wach,0.75,,,,,,,,
_result,0,2025-11-06 02:24:38+00:00,E0107,wach,0.75,,,,,,,,
_result,0,2025-11-06 02:26:34+00:00,E0107,wach,0.75,,,,,,,,
_result,1,2025-11-06 02:28:40+00:00,E0107,wach,,A,4.58,4.0,4.26,,,,
_result,0,2025-11-06 02:28:41+00:00,E0107,wach,0.75,,,,,,,,
_result,2,2025-11-06 02:32:11+00:00,E0107,wach,,V,,,,233.7,231.8,233.8,
_result,0,2025-11-06 02:32:12+00:00,E0107,wach,0.75,,,,,,,,
_result,1,2025-11-06 02:32:36+00:00,E0107,wach,,A,4.58,4.0,4.26,,,,
_result,0,2025-11-06 02:32:37+00:00,E0107,wach,0.75,,,,,,,,
_result,1,2025-11-06 02:34:30+00:00,E0107,wach,,A,4.58,4.0,4.26,,,,
_result,0,2025-11-06 02:34:31+00:00,E0107,wach,0.75,,,,,,,,
_result,1,2025-11-06 02:36:30+00:00,E0107,wach,,A,4.58,4.0,4.26,,,,
_result,0,2025-11-06 02:36:31+00:00,E0107,wach,0.75,,,,,,,,
_result,1,2025-11-06 02:38:29+00:00,E0107,wach,,A,4.58,4.0,4.26,,,,
_result,0,2025-11-06 02:38:30+00:00,E0107,wach,0.75,,,,,,,,
_result,0,2025-11-06 02:40:37+00:00,E0107,wach,0.75,,,,,,,,
_result,2,2025-11-06 02:42:39+00:00,E0107,wach,,V,,,,232.8,230.5,233.1,
_result,0,2025-11-06 02:42:40+00:00,E0107,wach,0.75,,,,,,,,
_result,1,2025-11-06 02:44:35+00:00,E0107,wach,,A,4.58,3.99,4.24,,,,
_result,0,2025-11-06 02:44:36+00:00,E0107,wach,0.75,,,,,,,,
_result,1,2025-11-06 02:46:32+00:00,E0107,wach,,A,4.58,3.99,4.26,,,,
_result,0,2025-11-06 02:46:33+00:00,E0107,wach,0.75,,,,,,,,
_result,0,2025-11-06 02:48:34+00:00,E0107,wach,0.75,,,,,,,,
_result,2,2025-11-06 02:50:30+00:00,E0107,wach,,V,,,,233.3,231.4,233.5,
_result,0,2025-11-06 02:50:31+00:00,E0107,wach,0.75,,,,,,,,
_result,1,2025-11-06 02:52:40+00:00,E0107,wach,,A,4.57,3.98,4.24,,,,
_result,0,2025-11-06 02:52:41+00:00,E0107,wach,0.75,,,,,,,,
_result,0,2025-11-06 02:54:52+00:00,E0107,wach,0.75,,,,,,,,
_result,0,2025-11-06 02:56:43+00:00,E0107,wach,0.75,,,,,,,,
_result,2,2025-11-06 02:58:34+00:00,E0107,wach,,V,,,,233.3,,,
_result,0,2025-11-06 02:58:35+00:00,E0107,wach,0.75,,,,,,,,
_result,1,2025-11-06 03:00:51+00:00,E0107,wach,,A,4.56,3.98,4.24,,,,
_result,0,2025-11-06 03:00:52+00:00,E0107,wach,0.75,,,,,,,,
_result,0,2025-11-06 03:02:57+00:00,E0107,wach,0.75,,,,,,,,
_result,1,2025-11-06 03:04:46+00:00,E0107,wach,,A,4.57,3.98,4.24,,,,
_result,0,2025-11-06 03:04:47+00:00,E0107,wach,0.75,,,,,,,,
_result,0,2025-11-06 03:06:37+00:00,E0107,wach,0.75,,,,,,,,
_result,2,2025-11-06 03:08:39+00:00,E0107,wach,,V,,,,233.2,231.2,233.3,
_result,0,2025-11-06 03:08:40+00:00,E0107,wach,0.75,,,,,,,,
_result,2,2025-11-06 03:13:02+00:00,E0107,wach,,V,,,,233.3,231.2,233.5,
_result,0,2025-11-06 03:13:03+00:00,E0107,wach,0.75,,,,,,,,
_result,1,2025-11-06 03:15:03+00:00,E0107,wach,,A,4.57,3.98,4.25,,,,
_result,0,2025-11-06 03:15:04+00:00,E0107,wach,0.75,,,,,,,,
_result,0,2025-11-06 03:17:21+00:00,E0107,wach,0.75,,,,,,,,
_result,0,2025-11-06 03:19:06+00:00,E0107,wach,0.75,,,,,,,,
_result,0,2025-11-06 03:20:50+00:00,E0107,wach,0.75,,,,,,,,
_result,0,2025-11-06 03:22:37+00:00,E0107,wach,0.75,,,,,,,,
_result,0,2025-11-06 03:25:44+00:00,E0107,wach,0.75,,,,,,,,
_result,0,2025-11-06 03:26:39+00:00,E0107,wach,0.75,,,,,,,,
_result,1,2025-11-06 03:29:10+00:00,E0107,wach,,A,4.57,3.98,4.24,,,,
_result,0,2025-11-06 03:29:11+00:00,E0107,wach,0.75,,,,,,,,
_result,0,2025-11-06 03:30:52+00:00,E0107,wach,0.75,,,,,,,,
_result,1,2025-11-06 03:32:35+00:00,E0107,wach,,A,4.57,,,,,,
_result,0,2025-11-06 03:32:36+00:00,E0107,wach,0.75,,,,,,,,
_result,0,2025-11-06 03:34:27+00:00,E0107,wach,0.75,,,,,,,,
_result,0,2025-11-06 03:36:36+00:00,E0107,wach,0.75,,,,,,,,
_result,1,2025-11-06 03:39:14+00:00,E0107,wach,,A,4.57,3.98,4.25,,,,
_result,0,2025-11-06 03:39:15+00:00,E0107,wach,0.75,,,,,,,,
_result,1,2025-11-06 03:41:14+00:00,E0107,wach,,A,4.57,3.98,4.25,,,,
_result,0,2025-11-06 03:41:15+00:00,E0107,wach,0.75,,,,,,,,
_result,0,2025-11-06 03:43:09+00:00,E0107,wach,0.75,,,,,,,,
_result,0,2025-11-06 03:44:45+00:00,E0107,wach,0.75,,,,,,,,
_result,0,2025-11-06 03:46:34+00:00,E0107,wach,0.75,,,,,,,,
_result,2,2025-11-06 03:48:30+00:00,E0107,wach,,V,,,,233.2,231.1,233.3,
_result,0,2025-11-06 03:48:31+00:00,E0107,wach,0.75,,,,,,,,
_result,0,2025-11-06 03:50:37+00:00,E0107,wach,0.75,,,,,,,,
_result,0,2025-11-06 03:52:34+00:00,E0107,wach,0.75,,,,,,,,
_result,0,2025-11-06 03:54:43+00:00,E0107,wach,0.75,,,,,,,,
_result,0,2025-11-06 03:56:48+00:00,E0107,wach,0.75,,,,,,,,
_result,2,2025-11-06 03:58:36+00:00,E0107,wach,,V,,,,233.8,231.7,233.8,
_result,0,2025-11-06 03:58:37+00:00,E0107,wach,0.75,,,,,,,,
_result,0,2025-11-06 04:00:33+00:00,E0107,wach,0.75,,,,,,,,
_result,0,2025-11-06 04:02:34+00:00,E0107,wach,0.75,,,,,,,,
_result,0,2025-11-06 04:04:35+00:00,E0107,wach,0.75,,,,,,,,
_result,2,2025-11-06 04:06:33+00:00,E0107,wach,,V,,,,233.8,231.7,233.8,
_result,0,2025-11-06 04:06:34+00:00,E0107,wach,0.75,,,,,,,,
_result,1,2025-11-06 04:08:33+00:00,E0107,wach,,A,4.57,3.98,4.25,,,,
_result,0,2025-11-06 04:08:34+00:00,E0107,wach,0.75,,,,,,,,
_result,0,2025-11-06 04:11:18+00:00,E0107,wach,0.75,,,,,,,,
_result,0,2025-11-06 04:13:19+00:00,E0107,wach,0.75,,,,,,,,
_result,0,2025-11-06 04:15:19+00:00,E0107,wach,0.75,,,,,,,,
_result,0,2025-11-06 04:17:08+00:00,E0107,wach,0.75,,,,,,,,
_result,0,2025-11-06 04:18:49+00:00,E0107,wach,0.75,,,,,,,,
_result,0,2025-11-06 04:20:56+00:00,E0107,wach,0.75,,,,,,,,
_result,1,2025-11-06 04:22:47+00:00,E0107,wach,,A,4.57,,,,,,
_result,0,2025-11-06 04:22:48+00:00,E0107,wach,0.75,,,,,,,,
_result,1,2025-11-06 04:24:39+00:00,E0107,wach,,A,4.58,4.0,4.26,,,,
_result,0,2025-11-06 04:24:40+00:00,E0107,wach,0.75,,,,,,,,
_result,0,2025-11-06 04:26:32+00:00,E0107,wach,0.75,,,,,,,,
_result,0,2025-11-06 04:28:35+00:00,E0107,wach,0.75,,,,,,,,
_result,0,2025-11-06 04:30:29+00:00,E0107,wach,0.75,,,,,,,,
_result,1,2025-11-06 04:32:30+00:00,E0107,wach,,A,4.59,4.0,4.27,,,,
_result,0,2025-11-06 04:32:31+00:00,E0107,wach,0.75,,,,,,,,
_result,2,2025-11-06 04:34:35+00:00,E0107,wach,,V,,,,234.9,232.9,,
_result,0,2025-11-06 04:34:36+00:00,E0107,wach,0.75,,,,,,,,
_result,1,2025-11-06 04:36:35+00:00,E0107,wach,,A,4.58,3.99,4.27,,,,
_result,0,2025-11-06 04:36:36+00:00,E0107,wach,0.75,,,,,,,,
_result,0,2025-11-06 04:38:35+00:00,E0107,wach,0.75,,,,,,,,
_result,0,2025-11-06 04:41:08+00:00,E0107,wach,0.75,,,,,,,,
_result,0,2025-11-06 04:42:37+00:00,E0107,wach,0.75,,,,,,,,
_result,2,2025-11-06 04:44:31+00:00,E0107,wach,,V,,,,234.0,231.9,234.1,
_result,0,2025-11-06 04:44:32+00:00,E0107,wach,0.75,,,,,,,,
_result,0,2025-11-06 04:46:40+00:00,E0107,wach,0.75,,,,,,,,
_result,2,2025-11-06 04:48:32+00:00,E0107,wach,,V,,,,234.0,231.9,234.1,
_result,1,2025-11-06 04:48:33+00:00,E0107,wach,,A,4.57,3.99,4.26,,,,
_result,0,2025-11-06 04:48:34+00:00,E0107,wach,0.75,,,,,,,,
_result,2,2025-11-06 04:50:37+00:00,E0107,wach,,V,,,,233.9,231.9,234.0,
_result,0,2025-11-06 04:50:38+00:00,E0107,wach,0.75,,,,,,,,
_result,0,2025-11-06 04:52:41+00:00,E0107,wach,0.75,,,,,,,,
_result,0,2025-11-06 04:54:33+00:00,E0107,wach,0.75,,,,,,,,
_result,2,2025-11-06 04:58:43+00:00,E0107,wach,,V,,,,233.8,231.8,233.8,
_result,0,2025-11-06 04:58:44+00:00,E0107,wach,0.75,,,,,,,,
_result,2,2025-11-06 05:00:44+00:00,E0107,wach,,V,,,,233.8,231.8,233.8,
_result,0,2025-11-06 05:00:45+00:00,E0107,wach,0.75,,,,,,,,
_result,1,2025-11-06 05:02:41+00:00,E0107,wach,,A,4.58,3.99,4.25,,,,
_result,0,2025-11-06 05:02:42+00:00,E0107,wach,0.75,,,,,,,,
_result,1,2025-11-06 05:04:37+00:00,E0107,wach,,A,4.58,3.99,4.25,,,,
_result,0,2025-11-06 05:04:38+00:00,E0107,wach,0.75,,,,,,,,
_result,0,2025-11-06 05:06:43+00:00,E0107,wach,0.75,,,,,,,,
_result,0,2025-11-06 05:08:36+00:00,E0107,wach,0.75,,,,,,,,
_result,1,2025-11-06 05:10:38+00:00,E0107,wach,,A,4.58,3.99,4.25,,,,
_result,0,2025-11-06 05:10:39+00:00,E0107,wach,0.75,,,,,,,,
_result,0,2025-11-06 05:12:35+00:00,E0107,wach,0.75,,,,,,,,
_result,0,2025-11-06 05:14:43+00:00,E0107,wach,0.75,,,,,,,,
_result,0,2025-11-06 05:18:18+00:00,E0107,wach,0.75,,,,,,,,
_result,0,2025-11-06 05:18:39+00:00,E0107,wach,0.75,,,,,,,,
_result,2,2025-11-06 05:20:37+00:00,E0107,wach,,V,,,,233.2,230.7,232.8,
_result,0,2025-11-06 05:20:38+00:00,E0107,wach,0.75,,,,,,,,
_result,0,2025-11-06 05:22:42+00:00,E0107,wach,0.75,,,,,,,,
_result,0,2025-11-06 05:24:37+00:00,E0107,wach,0.75,,,,,,,,
_result,1,2025-11-06 05:26:29+00:00,E0107,wach,,A,4.57,,,,,,
_result,0,2025-11-06 05:26:30+00:00,E0107,wach,0.75,,,,,,,,
_result,0,2025-11-06 05:28:35+00:00,E0107,wach,0.75,,,,,,,,
_result,0,2025-11-06 05:30:37+00:00,E0107,wach,0.75,,,,,,,,
_result,1,2025-11-06 05:32:48+00:00,E0107,wach,,A,4.56,3.99,4.23,,,,
_result,0,2025-11-06 05:32:49+00:00,E0107,wach,0.75,,,,,,,,
_result,0,2025-11-06 05:34:44+00:00,E0107,wach,0.75,,,,,,,,
_result,0,2025-11-06 05:36:33+00:00,E0107,wach,0.75,,,,,,,,
_result,1,2025-11-06 05:38:34+00:00,E0107,wach,,A,4.56,3.98,4.22,,,,
_result,0,2025-11-06 05:38:35+00:00,E0107,wach,0.75,,,,,,,,
_result,0,2025-11-06 05:40:36+00:00,E0107,wach,0.75,,,,,,,,
_result,0,2025-11-06 05:42:39+00:00,E0107,wach,0.75,,,,,,,,
_result,0,2025-11-06 05:44:45+00:00,E0107,wach,0.75,,,,,,,,
_result,2,2025-11-06 05:46:40+00:00,E0107,wach,,V,,,,233.0,230.9,232.8,
_result,0,2025-11-06 05:46:41+00:00,E0107,wach,0.75,,,,,,,,
_result,0,2025-11-06 05:48:38+00:00,E0107,wach,0.75,,,,,,,,
_result,2,2025-11-06 05:52:28+00:00,E0107,wach,,V,,,,233.6,231.6,,
_result,0,2025-11-06 05:52:29+00:00,E0107,wach,0.75,,,,,,,,
_result,0,2025-11-06 05:54:37+00:00,E0107,wach,0.75,,,,,,,,
_result,1,2025-11-06 05:56:35+00:00,E0107,wach,,A,4.56,3.99,4.23,,,,
_result,0,2025-11-06 05:56:36+00:00,E0107,wach,0.75,,,,,,,,
_result,1,2025-11-06 05:58:33+00:00,E0107,wach,,A,4.56,3.99,,,,,
_result,0,2025-11-06 05:58:34+00:00,E0107,wach,0.75,,,,,,,,
_result,0,2025-11-06 06:00:56+00:00,E0107,wach,0.75,,,,,,,,
_result,0,2025-11-06 06:02:38+00:00,E0107,wach,0.75,,,,,,,,
_result,0,2025-11-06 06:04:46+00:00,E0107,wach,0.75,,,,,,,,
_result,0,2025-11-06 06:06:29+00:00,E0107,wach,0.75,,,,,,,,
_result,0,2025-11-06 06:08:35+00:00,E0107,wach,0.75,,,,,,,,
_result,0,2025-11-06 06:10:38+00:00,E0107,wach,0.75,,,,,,,,
_result,0,2025-11-06 06:12:37+00:00,E0107,wach,0.75,,,,,,,,
_result,0,2025-11-06 06:14:36+00:00,E0107,wach,0.75,,,,,,,,
_result,1,2025-11-06 06:16:35+00:00,E0107,wach,,A,4.54,3.97,4.2,,,,
_result,0,2025-11-06 06:16:36+00:00,E0107,wach,0.76,,,,,,,,
_result,0,2025-11-06 06:18:37+00:00,E0107,wach,0.76,,,,,,,,
_result,1,2025-11-06 06:22:26+00:00,E0107,wach,,A,4.54,3.97,4.2,,,,
_result,0,2025-11-06 06:22:27+00:00,E0107,wach,0.76,,,,,,,,
_result,0,2025-11-06 06:23:42+00:00,E0107,wach,0.76,,,,,,,,
_result,0,2025-11-06 06:24:35+00:00,E0107,wach,0.74,,,,,,,,
_result,0,2025-11-06 06:26:36+00:00,E0107,wach,0.74,,,,,,,,
_result,1,2025-11-06 06:28:37+00:00,E0107,wach,,A,4.59,4.0,4.25,,,,
_result,0,2025-11-06 06:28:38+00:00,E0107,wach,0.74,,,,,,,,
_result,1,2025-11-06 06:30:46+00:00,E0107,wach,,A,4.59,4.0,4.26,,,,
_result,0,2025-11-06 06:30:47+00:00,E0107,wach,0.74,,,,,,,,
_result,0,2025-11-06 06:32:49+00:00,E0107,wach,0.74,,,,,,,,
_result,2,2025-11-06 06:34:47+00:00,E0107,wach,,V,,,,235.4,233.4,235.4,
_result,0,2025-11-06 06:34:48+00:00,E0107,wach,0.74,,,,,,,,
_result,0,2025-11-06 06:36:35+00:00,E0107,wach,0.75,,,,,,,,
_result,0,2025-11-06 06:38:29+00:00,E0107,wach,0.75,,,,,,,,
_result,1,2025-11-06 06:40:38+00:00,E0107,wach,,A,4.59,4.0,4.25,,,,
_result,0,2025-11-06 06:40:39+00:00,E0107,wach,0.75,,,,,,,,
_result,1,2025-11-06 06:42:11+00:00,E0107,wach,,A,4.59,4.0,4.25,,,,
_result,0,2025-11-06 06:42:12+00:00,E0107,wach,0.75,,,,,,,,
_result,0,2025-11-06 06:44:08+00:00,E0107,wach,0.75,,,,,,,,
_result,0,2025-11-06 06:46:34+00:00,E0107,wach,0.75,,,,,,,,
_result,1,2025-11-06 06:48:12+00:00,E0107,wach,,A,4.58,4.0,4.25,,,,
_result,0,2025-11-06 06:48:13+00:00,E0107,wach,0.75,,,,,,,,
_result,1,2025-11-06 06:49:54+00:00,E0107,wach,,A,4.58,,,,,,
_result,0,2025-11-06 06:49:55+00:00,E0107,wach,0.75,,,,,,,,
_result,0,2025-11-06 06:51:47+00:00,E0107,wach,0.74,,,,,,,,
_result,1,2025-11-06 06:53:35+00:00,E0107,wach,,A,4.58,4.0,4.25,,,,
_result,0,2025-11-06 06:53:36+00:00,E0107,wach,0.74,,,,,,,,
_result,0,2025-11-06 06:55:25+00:00,E0107,wach,0.74,,,,,,,,
_result,1,2025-11-06 06:57:18+00:00,E0107,wach,,A,4.58,4.0,4.25,,,,
_result,0,2025-11-06 06:57:19+00:00,E0107,wach,0.74,,,,,,,,
_result,2,2025-11-06 06:59:48+00:00,E0107,wach,,V,,,,235.5,,,
_result,0,2025-11-06 06:59:49+00:00,E0107,wach,0.74,,,,,,,,
_result,0,2025-11-06 07:01:59+00:00,E0107,wach,0.74,,,,,,,,
_result,0,2025-11-06 07:04:00+00:00,E0107,wach,0.74,,,,,,,,
_result,2,2025-11-06 07:06:04+00:00,E0107,wach,,V,,,,235.3,233.2,235.2,
_result,0,2025-11-06 07:06:05+00:00,E0107,wach,0.74,,,,,,,,
_result,0,2025-11-06 07:07:58+00:00,E0107,wach,0.74,,,,,,,,
_result,0,2025-11-06 07:09:49+00:00,E0107,wach,0.74,,,,,,,,
_result,1,2025-11-06 07:11:56+00:00,E0107,wach,,A,4.6,4.01,4.26,,,,
_result,0,2025-11-06 07:11:57+00:00,E0107,wach,0.74,,,,,,,,
_result,0,2025-11-06 07:13:52+00:00,E0107,wach,0.74,,,,,,,,
_result,0,2025-11-06 07:16:07+00:00,E0107,wach,0.74,,,,,,,,
_result,0,2025-11-06 07:18:19+00:00,E0107,wach,0.74,,,,,,,,
_result,0,2025-11-06 07:20:39+00:00,E0107,wach,0.74,,,,,,,,
_result,1,2025-11-06 07:22:12+00:00,E0107,wach,,A,4.58,3.99,4.25,,,,
_result,0,2025-11-06 07:22:13+00:00,E0107,wach,0.74,,,,,,,,
_result,1,2025-11-06 07:23:48+00:00,E0107,wach,,A,4.58,3.99,4.25,,,,
_result,0,2025-11-06 07:23:49+00:00,E0107,wach,0.74,,,,,,,,
_result,0,2025-11-06 07:25:51+00:00,E0107,wach,0.74,,,,,,,,
_result,1,2025-11-06 07:27:48+00:00,E0107,wach,,A,4.6,,,,,,
_result,1,2025-11-06 07:27:49+00:00,E0107,wach,,A,,4.0,4.26,,,,
_result,0,2025-11-06 07:27:50+00:00,E0107,wach,0.74,,,,,,,,
_result,1,2025-11-06 07:29:48+00:00,E0107,wach,,A,4.6,4.0,4.26,,,,
_result,0,2025-11-06 07:29:49+00:00,E0107,wach,0.74,,,,,,,,
_result,0,2025-11-06 07:31:39+00:00,E0107,wach,0.74,,,,,,,,
_result,2,2025-11-06 07:33:38+00:00,E0107,wach,,V,,,,236.6,234.6,236.5,
_result,0,2025-11-06 07:33:39+00:00,E0107,wach,0.74,,,,,,,,
_result,0,2025-11-06 07:35:22+00:00,E0107,wach,0.74,,,,,,,,
_result,2,2025-11-06 07:37:46+00:00,E0107,wach,,V,,,,236.6,234.6,,
_result,0,2025-11-06 07:37:47+00:00,E0107,wach,0.74,,,,,,,,
_result,0,2025-11-06 07:39:58+00:00,E0107,wach,0.74,,,,,,,,
_result,0,2025-11-06 07:41:56+00:00,E0107,wach,0.74,,,,,,,,
_result,0,2025-11-06 07:44:12+00:00,E0107,wach,0.74,,,,,,,,
_result,1,2025-11-06 07:46:10+00:00,E0107,wach,,A,4.6,4.01,4.26,,,,
_result,0,2025-11-06 07:46:11+00:00,E0107,wach,0.74,,,,,,,,
_result,2,2025-11-06 07:48:07+00:00,E0107,wach,,V,,,,236.1,234.0,236.0,
_result,0,2025-11-06 07:48:08+00:00,E0107,wach,0.74,,,,,,,,
_result,1,2025-11-06 07:49:52+00:00,E0107,wach,,A,4.6,4.01,4.26,,,,
_result,0,2025-11-06 07:49:53+00:00,E0107,wach,0.74,,,,,,,,
_result,0,2025-11-06 07:51:59+00:00,E0107,wach,0.74,,,,,,,,
_result,2,2025-11-06 07:53:44+00:00,E0107,wach,,V,,,,236.3,234.2,,
_result,2,2025-11-06 07:53:45+00:00,E0107,wach,,V,,,,,,236.1,
_result,0,2025-11-06 07:53:52+00:00,E0107,wach,0.74,,,,,,,,
_result,2,2025-11-06 07:55:44+00:00,E0107,wach,,V,,,,236.3,234.2,236.1,
_result,0,2025-11-06 07:55:45+00:00,E0107,wach,0.74,,,,,,,,
_result,1,2025-11-06 07:57:35+00:00,E0107,wach,,A,4.6,4.0,4.27,,,,
_result,0,2025-11-06 07:57:36+00:00,E0107,wach,0.74,,,,,,,,
_result,1,2025-11-06 07:59:35+00:00,E0107,wach,,A,4.6,4.01,4.26,,,,
_result,0,2025-11-06 07:59:36+00:00,E0107,wach,0.74,,,,,,,,
_result,0,2025-11-06 08:01:29+00:00,E0107,wach,0.74,,,,,,,,
_result,0,2025-11-06 08:03:53+00:00,E0107,wach,0.74,,,,,,,,
_result,1,2025-11-06 08:05:57+00:00,E0107,wach,,A,4.6,4.01,4.26,,,,
_result,0,2025-11-06 08:05:58+00:00,E0107,wach,0.74,,,,,,,,
_result,0,2025-11-06 08:07:53+00:00,E0107,wach,0.74,,,,,,,,
_result,0,2025-11-06 08:10:47+00:00,E0107,wach,0.74,,,,,,,,
_result,2,2025-11-06 08:11:33+00:00,E0107,wach,,V,,,,236.3,234.3,236.2,
_result,0,2025-11-06 08:11:34+00:00,E0107,wach,0.74,,,,,,,,
_result,0,2025-11-06 08:15:15+00:00,E0107,wach,0.74,,,,,,,,
_result,0,2025-11-06 08:15:28+00:00,E0107,wach,0.74,,,,,,,,
_result,0,2025-11-06 08:18:08+00:00,E0107,wach,0.74,,,,,,,,
_result,0,2025-11-06 08:19:25+00:00,E0107,wach,0.74,,,,,,,,
_result,2,2025-11-06 08:21:33+00:00,E0107,wach,,V,,,,236.2,234.2,236.1,
_result,0,2025-11-06 08:21:34+00:00,E0107,wach,0.74,,,,,,,,
_result,0,2025-11-06 08:22:57+00:00,E0107,wach,0.74,,,,,,,,
_result,0,2025-11-06 08:25:18+00:00,E0107,wach,0.74,,,,,,,,
_result,2,2025-11-06 08:26:59+00:00,E0107,wach,,V,,,,236.1,,,
_result,1,2025-11-06 08:27:00+00:00,E0107,wach,,A,4.6,4.0,4.26,,,,
_result,0,2025-11-06 08:27:02+00:00,E0107,wach,0.74,,,,,,,,
_result,2,2025-11-06 08:29:11+00:00,E0107,wach,,V,,,,236.1,234.2,236.1,
_result,0,2025-11-06 08:29:12+00:00,E0107,wach,0.74,,,,,,,,
_result,1,2025-11-06 08:31:53+00:00,E0107,wach,,A,4.6,4.0,4.26,,,,
_result,0,2025-11-06 08:31:54+00:00,E0107,wach,0.74,,,,,,,,
_result,0,2025-11-06 08:33:46+00:00,E0107,wach,0.74,,,,,,,,
_result,0,2025-11-06 08:35:28+00:00,E0107,wach,0.74,,,,,,,,
_result,1,2025-11-06 08:37:06+00:00,E0107,wach,,A,4.6,4.0,4.26,,,,
_result,0,2025-11-06 08:37:07+00:00,E0107,wach,0.74,,,,,,,,
_result,2,2025-11-06 08:38:42+00:00,E0107,wach,,V,,,,236.1,234.2,236.1,
_result,0,2025-11-06 08:38:43+00:00,E0107,wach,0.74,,,,,,,,
_result,0,2025-11-06 08:41:06+00:00,E0107,wach,0.74,,,,,,,,
_result,0,2025-11-06 08:42:56+00:00,E0107,wach,0.74,,,,,,,,
_result,0,2025-11-06 08:46:54+00:00,E0107,wach,0.74,,,,,,,,
_result,0,2025-11-06 08:47:13+00:00,E0107,wach,0.74,,,,,,,,
_result,0,2025-11-06 08:49:10+00:00,E0107,wach,0.74,,,,,,,,
_result,1,2025-11-06 08:51:34+00:00,E0107,wach,,A,4.61,4.0,,,,,
_result,0,2025-11-06 08:51:35+00:00,E0107,wach,0.74,,,,,,,,
_result,0,2025-11-06 08:53:43+00:00,E0107,wach,0.74,,,,,,,,
_result,0,2025-11-06 08:55:47+00:00,E0107,wach,0.74,,,,,,,,
_result,2,2025-11-06 08:57:43+00:00,E0107,wach,,V,,,,236.7,234.7,236.7,
_result,0,2025-11-06 08:57:44+00:00,E0107,wach,0.74,,,,,,,,
_result,0,2025-11-06 08:59:36+00:00,E0107,wach,0.74,,,,,,,,
_result,0,2025-11-06 09:01:58+00:00,E0107,wach,0.74,,,,,,,,
_result,0,2025-11-06 09:03:39+00:00,E0107,wach,0.73,,,,,,,,
_result,0,2025-11-06 09:07:29+00:00,E0107,wach,0.73,,,,,,,,
_result,2,2025-11-06 09:07:57+00:00,E0107,wach,,V,,,,238.2,236.3,238.2,
_result,0,2025-11-06 09:07:58+00:00,E0107,wach,0.73,,,,,,,,
_result,0,2025-11-06 09:10:04+00:00,E0107,wach,0.73,,,,,,,,
_result,1,2025-11-06 09:11:54+00:00,E0107,wach,,A,4.62,4.01,4.29,,,,
_result,0,2025-11-06 09:11:55+00:00,E0107,wach,0.73,,,,,,,,
_result,0,2025-11-06 09:13:53+00:00,E0107,wach,0.73,,,,,,,,
_result,0,2025-11-06 09:16:14+00:00,E0107,wach,0.73,,,,,,,,
_result,1,2025-11-06 09:18:22+00:00,E0107,wach,,A,4.63,4.02,4.29,,,,
_result,0,2025-11-06 09:18:23+00:00,E0107,wach,0.73,,,,,,,,
_result,1,2025-11-06 09:20:11+00:00,E0107,wach,,A,4.63,4.02,4.29,,,,
_result,0,2025-11-06 09:20:12+00:00,E0107,wach,0.73,,,,,,,,
_result,1,2025-11-06 09:22:43+00:00,E0107,wach,,A,4.63,4.02,4.29,,,,
_result,0,2025-11-06 09:22:44+00:00,E0107,wach,0.73,,,,,,,,
_result,1,2025-11-06 09:24:43+00:00,E0107,wach,,A,4.64,4.03,4.31,,,,
_result,0,2025-11-06 09:24:44+00:00,E0107,wach,0.73,,,,,,,,
_result,0,2025-11-06 09:27:13+00:00,E0107,wach,0.73,,,,,,,,
_result,2,2025-11-06 09:29:00+00:00,E0107,wach,,V,,,,238.7,236.7,238.8,
_result,0,2025-11-06 09:29:01+00:00,E0107,wach,0.73,,,,,,,,
_result,1,2025-11-06 09:31:11+00:00,E0107,wach,,A,4.64,4.03,4.31,,,,
_result,0,2025-11-06 09:31:12+00:00,E0107,wach,0.73,,,,,,,,
_result,1,2025-11-06 09:33:44+00:00,E0107,wach,,A,4.64,4.04,4.31,,,,
_result,0,2025-11-06 09:33:45+00:00,E0107,wach,0.73,,,,,,,,
_result,0,2025-11-06 09:36:04+00:00,E0107,wach,0.73,,,,,,,,
_result,0,2025-11-06 09:37:20+00:00,E0107,wach,0.73,,,,,,,,
_result,0,2025-11-06 09:39:15+00:00,E0107,wach,0.74,,,,,,,,
_result,0,2025-11-06 09:41:32+00:00,E0107,wach,0.74,,,,,,,,
_result,2,2025-11-06 09:43:34+00:00,E0107,wach,,V,,,,235.9,,,
_result,0,2025-11-06 09:43:35+00:00,E0107,wach,0.74,,,,,,,,
_result,0,2025-11-06 09:45:31+00:00,E0107,wach,0.74,,,,,,,,
_result,0,2025-11-06 09:47:24+00:00,E0107,wach,0.74,,,,,,,,
_result,0,2025-11-06 09:49:13+00:00,E0107,wach,0.74,,,,,,,,
_result,0,2025-11-06 09:51:05+00:00,E0107,wach,0.74,,,,,,,,
_result,0,2025-11-06 09:53:33+00:00,E0107,wach,0.74,,,,,,,,
_result,0,2025-11-06 09:55:28+00:00,E0107,wach,0.74,,,,,,,,
_result,0,2025-11-06 09:57:30+00:00,E0107,wach,0.74,,,,,,,,
_result,1,2025-11-06 09:59:11+00:00,E0107,wach,,A,4.6,4.02,4.28,,,,
_result,0,2025-11-06 09:59:12+00:00,E0107,wach,0.74,,,,,,,,
_result,0,2025-11-06 10:01:41+00:00,E0107,wach,0.74,,,,,,,,
_result,0,2025-11-06 10:03:43+00:00,E0107,wach,0.74,,,,,,,,
_result,0,2025-11-06 10:05:24+00:00,E0107,wach,0.74,,,,,,,,
_result,0,2025-11-06 10:07:28+00:00,E0107,wach,0.74,,,,,,,,
_result,2,2025-11-06 10:09:22+00:00,E0107,wach,,V,,,,237.8,235.9,237.9,
_result,0,2025-11-06 10:09:23+00:00,E0107,wach,0.74,,,,,,,,
_result,0,2025-11-06 10:11:26+00:00,E0107,wach,0.73,,,,,,,,
_result,0,2025-11-06 10:13:29+00:00,E0107,wach,0.73,,,,,,,,
_result,1,2025-11-06 10:16:18+00:00,E0107,wach,,A,4.65,4.05,4.32,,,,
_result,0,2025-11-06 10:16:19+00:00,E0107,wach,0.73,,,,,,,,
_result,0,2025-11-06 10:17:15+00:00,E0107,wach,0.73,,,,,,,,
_result,1,2025-11-06 10:19:07+00:00,E0107,wach,,A,4.65,4.05,4.32,,,,
_result,0,2025-11-06 10:19:08+00:00,E0107,wach,0.73,,,,,,,,
_result,0,2025-11-06 10:21:13+00:00,E0107,wach,0.75,,,,,,,,
_result,1,2025-11-06 10:23:29+00:00,E0107,wach,,A,4.59,4.0,,,,,
_result,0,2025-11-06 10:23:30+00:00,E0107,wach,0.75,,,,,,,,
_result,1,2025-11-06 10:25:32+00:00,E0107,wach,,A,4.59,4.0,4.28,,,,
_result,0,2025-11-06 10:25:33+00:00,E0107,wach,0.75,,,,,,,,
_result,1,2025-11-06 10:27:31+00:00,E0107,wach,,A,4.58,3.99,4.27,,,,
_result,0,2025-11-06 10:27:32+00:00,E0107,wach,0.74,,,,,,,,
_result,0,2025-11-06 10:29:33+00:00,E0107,wach,0.74,,,,,,,,
_result,0,2025-11-06 10:31:56+00:00,E0107,wach,0.74,,,,,,,,
_result,1,2025-11-06 10:33:42+00:00,E0107,wach,,A,4.58,3.99,4.27,,,,
_result,0,2025-11-06 10:33:43+00:00,E0107,wach,0.74,,,,,,,,
_result,1,2025-11-06 10:35:44+00:00,E0107,wach,,A,4.59,4.0,4.27,,,,
_result,0,2025-11-06 10:35:45+00:00,E0107,wach,0.75,,,,,,,,
_result,0,2025-11-06 10:37:36+00:00,E0107,wach,0.75,,,,,,,,
_result,2,2025-11-06 10:39:18+00:00,E0107,wach,,V,,,,235.0,233.0,235.0,
_result,0,2025-11-06 10:39:19+00:00,E0107,wach,0.75,,,,,,,,
_result,1,2025-11-06 10:41:14+00:00,E0107,wach,,A,4.59,4.0,4.27,,,,
_result,0,2025-11-06 10:41:15+00:00,E0107,wach,0.75,,,,,,,,
_result,2,2025-11-06 10:43:14+00:00,E0107,wach,,V,,,,235.0,233.0,235.0,
_result,0,2025-11-06 10:43:15+00:00,E0107,wach,0.75,,,,,,,,
_result,0,2025-11-06 10:45:23+00:00,E0107,wach,0.75,,,,,,,,
_result,1,2025-11-06 10:47:07+00:00,E0107,wach,,A,4.59,4.0,4.28,,,,
_result,0,2025-11-06 10:47:08+00:00,E0107,wach,0.75,,,,,,,,
_result,0,2025-11-06 10:48:46+00:00,E0107,wach,0.75,,,,,,,,
_result,0,2025-11-06 10:50:54+00:00,E0107,wach,0.75,,,,,,,,
_result,0,2025-11-06 10:52:57+00:00,E0107,wach,0.75,,,,,,,,
_result,2,2025-11-06 10:55:01+00:00,E0107,wach,,V,,,,235.1,233.3,235.5,
_result,0,2025-11-06 10:55:02+00:00,E0107,wach,0.75,,,,,,,,
_result,2,2025-11-06 10:56:47+00:00,E0107,wach,,V,,,,235.1,233.3,235.5,
_result,0,2025-11-06 10:56:48+00:00,E0107,wach,0.75,,,,,,,,
_result,2,2025-11-06 10:58:41+00:00,E0107,wach,,V,,,,235.1,233.3,235.5,
_result,1,2025-11-06 10:58:42+00:00,E0107,wach,,A,4.59,,,,,,
_result,0,2025-11-06 10:58:43+00:00,E0107,wach,0.75,,,,,,,,
_result,0,2025-11-06 11:01:16+00:00,E0107,wach,0.75,,,,,,,,
_result,0,2025-11-06 11:02:29+00:00,E0107,wach,0.75,,,,,,,,
_result,0,2025-11-06 11:04:39+00:00,E0107,wach,0.75,,,,,,,,
_result,2,2025-11-06 11:06:46+00:00,E0107,wach,,V,,,,235.2,233.6,235.7,
_result,0,2025-11-06 11:06:47+00:00,E0107,wach,0.9,,,,,,,,
_result,0,2025-11-06 11:08:28+00:00,E0107,wach,0.9,,,,,,,,
_result,0,2025-11-06 11:10:41+00:00,E0107,wach,0.9,,,,,,,,
_result,0,2025-11-06 11:12:41+00:00,E0107,wach,0.9,,,,,,,,
_result,2,2025-11-06 11:14:23+00:00,E0107,wach,,V,,,,235.2,,,
_result,0,2025-11-06 11:14:24+00:00,E0107,wach,0.9,,,,,,,,
_result,0,2025-11-06 11:16:22+00:00,E0107,wach,0.9,,,,,,,,
_result,0,2025-11-06 11:18:14+00:00,E0107,wach,0.9,,,,,,,,
_result,2,2025-11-06 11:20:19+00:00,E0107,wach,,V,,,,234.4,232.5,234.8,
_result,0,2025-11-06 11:20:20+00:00,E0107,wach,0.9,,,,,,,,
_result,0,2025-11-06 11:22:54+00:00,E0107,wach,0.9,,,,,,,,
_result,0,2025-11-06 11:24:13+00:00,E0107,wach,0.9,,,,,,,,
_result,0,2025-11-06 11:26:03+00:00,E0107,wach,0.9,,,,,,,,
_result,0,2025-11-06 11:28:44+00:00,E0107,wach,0.9,,,,,,,,
_result,0,2025-11-06 11:30:25+00:00,E0107,wach,0.9,,,,,,,,
_result,0,2025-11-06 11:32:13+00:00,E0107,wach,0.9,,,,,,,,
_result,1,2025-11-06 11:35:10+00:00,E0107,wach,,A,0.65,0.2,0.25,,,,
_result,0,2025-11-06 11:35:11+00:00,E0107,wach,0.9,,,,,,,,
_result,0,2025-11-06 11:37:27+00:00,E0107,wach,0.9,,,,,,,,
_result,0,2025-11-06 11:39:01+00:00,E0107,wach,0.9,,,,,,,,
_result,2,2025-11-06 11:40:43+00:00,E0107,wach,,V,,,,234.9,233.2,235.5,
_result,0,2025-11-06 11:40:44+00:00,E0107,wach,0.9,,,,,,,,
_result,0,2025-11-06 11:42:37+00:00,E0107,wach,0.9,,,,,,,,
_result,1,2025-11-06 11:45:00+00:00,E0107,wach,,A,0.65,0.2,0.25,,,,
_result,0,2025-11-06 11:45:01+00:00,E0107,wach,0.9,,,,,,,,
_result,0,2025-11-06 11:47:22+00:00,E0107,wach,0.95,,,,,,,,
_result,0,2025-11-06 11:48:35+00:00,E0107,wach,0.95,,,,,,,,
_result,1,2025-11-06 11:50:36+00:00,E0107,wach,,A,0.58,0.2,0.0,,,,
_result,0,2025-11-06 11:50:37+00:00,E0107,wach,0.95,,,,,,,,
_result,1,2025-11-06 11:52:34+00:00,E0107,wach,,A,0.58,0.2,,,,,
_result,0,2025-11-06 11:52:35+00:00,E0107,wach,0.95,,,,,,,,
_result,0,2025-11-06 11:54:37+00:00,E0107,wach,0.95,,,,,,,,
_result,1,2025-11-06 11:56:48+00:00,E0107,wach,,A,0.58,0.2,0.0,,,,
_result,0,2025-11-06 11:56:49+00:00,E0107,wach,0.95,,,,,,,,
_result,0,2025-11-06 11:58:50+00:00,E0107,wach,0.93,,,,,,,,
_result,0,2025-11-06 12:00:36+00:00,E0107,wach,0.93,,,,,,,,
_result,0,2025-11-06 12:02:33+00:00,E0107,wach,0.93,,,,,,,,
_result,0,2025-11-06 12:04:37+00:00,E0107,wach,0.93,,,,,,,,
_result,0,2025-11-06 12:06:38+00:00,E0107,wach,0.93,,,,,,,,
_result,0,2025-11-06 12:08:57+00:00,E0107,wach,0.93,,,,,,,,
_result,1,2025-11-06 12:14:35+00:00,E0107,wach,,A,0.64,0.2,0.0,,,,
_result,0,2025-11-06 12:14:36+00:00,E0107,wach,0.93,,,,,,,,
_result,1,2025-11-06 12:16:45+00:00,E0107,wach,,A,0.64,0.2,0.0,,,,
_result,0,2025-11-06 12:16:46+00:00,E0107,wach,0.93,,,,,,,,
_result,0,2025-11-06 12:18:56+00:00,E0107,wach,0.93,,,,,,,,
_result,0,2025-11-06 12:21:58+00:00,E0107,wach,0.93,,,,,,,,
_result,0,2025-11-06 12:22:36+00:00,E0107,wach,0.93,,,,,,,,
_result,0,2025-11-06 12:24:38+00:00,E0107,wach,0.93,,,,,,,,
_result,0,2025-11-06 12:26:44+00:00,E0107,wach,0.93,,,,,,,,
_result,1,2025-11-06 12:28:45+00:00,E0107,wach,,A,0.64,,,,,,
_result,0,2025-11-06 12:28:46+00:00,E0107,wach,0.93,,,,,,,,
_result,2,2025-11-06 12:30:51+00:00,E0107,wach,,V,,,,235.0,233.0,236.0,
_result,0,2025-11-06 12:30:52+00:00,E0107,wach,0.93,,,,,,,,
_result,0,2025-11-06 12:33:01+00:00,E0107,wach,0.9,,,,,,,,
_result,0,2025-11-06 12:34:59+00:00,E0107,wach,0.9,,,,,,,,
_result,0,2025-11-06 12:36:53+00:00,E0107,wach,0.9,,,,,,,,
_result,0,2025-11-06 12:38:36+00:00,E0107,wach,0.9,,,,,,,,
_result,0,2025-11-06 12:40:36+00:00,E0107,wach,0.9,,,,,,,,
_result,1,2025-11-06 12:42:36+00:00,E0107,wach,,A,0.66,0.2,0.26,,,,
_result,0,2025-11-06 12:42:37+00:00,E0107,wach,0.9,,,,,,,,
_result,1,2025-11-06 12:44:51+00:00,E0107,wach,,A,0.66,0.2,0.26,,,,
_result,0,2025-11-06 12:44:52+00:00,E0107,wach,0.9,,,,,,,,
_result,2,2025-11-06 12:46:37+00:00,E0107,wach,,V,,,,235.8,233.7,,
_result,0,2025-11-06 12:46:38+00:00,E0107,wach,0.9,,,,,,,,
_result,2,2025-11-06 12:48:36+00:00,E0107,wach,,V,,,,235.8,233.7,236.5,
_result,0,2025-11-06 12:48:37+00:00,E0107,wach,0.9,,,,,,,,
_result,0,2025-11-06 12:50:35+00:00,E0107,wach,0.9,,,,,,,,
_result,1,2025-11-06 12:52:41+00:00,E0107,wach,,A,0.66,0.2,,,,,
_result,0,2025-11-06 12:52:42+00:00,E0107,wach,0.9,,,,,,,,
_result,1,2025-11-06 12:54:40+00:00,E0107,wach,,A,0.66,0.2,0.26,,,,
_result,0,2025-11-06 12:54:41+00:00,E0107,wach,0.9,,,,,,,,
_result,1,2025-11-06 12:56:35+00:00,E0107,wach,,A,0.66,0.2,0.26,,,,
_result,0,2025-11-06 12:56:36+00:00,E0107,wach,0.9,,,,,,,,
_result,1,2025-11-06 12:58:35+00:00,E0107,wach,,A,0.66,0.2,0.26,,,,
_result,0,2025-11-06 12:58:36+00:00,E0107,wach,0.9,,,,,,,,
_result,0,2025-11-06 13:00:36+00:00,E0107,wach,0.9,,,,,,,,
_result,0,2025-11-06 13:02:33+00:00,E0107,wach,0.9,,,,,,,,
_result,0,2025-11-06 13:04:35+00:00,E0107,wach,0.9,,,,,,,,
_result,0,2025-11-06 13:06:35+00:00,E0107,wach,0.9,,,,,,,,
_result,0,2025-11-06 13:08:36+00:00,E0107,wach,0.9,,,,,,,,
_result,0,2025-11-06 13:12:37+00:00,E0107,wach,0.9,,,,,,,,
_result,2,2025-11-06 13:14:38+00:00,E0107,wach,,V,,,,236.2,234.2,236.9,
_result,0,2025-11-06 13:14:39+00:00,E0107,wach,0.9,,,,,,,,
_result,2,2025-11-06 13:16:43+00:00,E0107,wach,,V,,,,236.2,,,
_result,0,2025-11-06 13:16:44+00:00,E0107,wach,0.9,,,,,,,,
_result,0,2025-11-06 13:18:36+00:00,E0107,wach,0.9,,,,,,,,
_result,0,2025-11-06 13:20:38+00:00,E0107,wach,0.9,,,,,,,,
_result,2,2025-11-06 13:22:37+00:00,E0107,wach,,V,,,,235.4,,,
_result,0,2025-11-06 13:22:38+00:00,E0107,wach,0.9,,,,,,,,
_result,0,2025-11-06 13:24:37+00:00,E0107,wach,0.9,,,,,,,,
_result,0,2025-11-06 13:26:36+00:00,E0107,wach,0.9,,,,,,,,
_result,1,2025-11-06 13:28:37+00:00,E0107,wach,,A,0.66,,,,,,
_result,0,2025-11-06 13:28:38+00:00,E0107,wach,0.9,,,,,,,,
_result,1,2025-11-06 13:30:35+00:00,E0107,wach,,A,0.66,0.2,0.26,,,,
_result,0,2025-11-06 13:30:36+00:00,E0107,wach,0.9,,,,,,,,
_result,2,2025-11-06 13:32:32+00:00,E0107,wach,,V,,,,236.3,234.1,236.9,
_result,0,2025-11-06 13:32:33+00:00,E0107,wach,0.9,,,,,,,,
_result,2,2025-11-06 13:34:49+00:00,E0107,wach,,V,,,,236.3,234.1,236.9,
_result,0,2025-11-06 13:34:50+00:00,E0107,wach,0.9,,,,,,,,
_result,1,2025-11-06 13:36:36+00:00,E0107,wach,,A,0.66,0.2,0.26,,,,
_result,0,2025-11-06 13:36:37+00:00,E0107,wach,0.9,,,,,,,,
_result,2,2025-11-06 13:38:30+00:00,E0107,wach,,V,,,,236.6,234.6,237.3,
_result,0,2025-11-06 13:38:31+00:00,E0107,wach,0.9,,,,,,,,
_result,0,2025-11-06 13:40:37+00:00,E0107,wach,0.9,,,,,,,,
_result,2,2025-11-06 13:44:33+00:00,E0107,wach,,V,,,,236.4,234.3,236.9,
_result,0,2025-11-06 13:44:34+00:00,E0107,wach,0.9,,,,,,,,
_result,0,2025-11-06 13:46:34+00:00,E0107,wach,0.9,,,,,,,,
_result,0,2025-11-06 13:48:32+00:00,E0107,wach,0.9,,,,,,,,
_result,2,2025-11-06 13:50:38+00:00,E0107,wach,,V,,,,236.8,234.6,,
_result,0,2025-11-06 13:50:39+00:00,E0107,wach,0.9,,,,,,,,
_result,2,2025-11-06 13:52:37+00:00,E0107,wach,,V,,,,236.8,234.6,237.2,
_result,0,2025-11-06 13:52:38+00:00,E0107,wach,0.9,,,,,,,,
_result,1,2025-11-06 13:54:38+00:00,E0107,wach,,A,0.66,0.2,0.26,,,,
_result,0,2025-11-06 13:54:39+00:00,E0107,wach,0.9,,,,,,,,
_result,1,2025-11-06 13:58:42+00:00,E0107,wach,,A,0.66,0.2,0.26,,,,
_result,0,2025-11-06 13:58:43+00:00,E0107,wach,0.9,,,,,,,,
_result,1,2025-11-06 14:00:36+00:00,E0107,wach,,A,0.66,0.2,0.26,,,,
_result,0,2025-11-06 14:00:37+00:00,E0107,wach,0.9,,,,,,,,
_result,1,2025-11-06 14:02:36+00:00,E0107,wach,,A,0.66,0.2,0.26,,,,
_result,0,2025-11-06 14:02:37+00:00,E0107,wach,0.9,,,,,,,,
_result,0,2025-11-06 14:04:35+00:00,E0107,wach,0.9,,,,,,,,
_result,1,2025-11-06 14:06:50+00:00,E0107,wach,,A,0.66,0.2,0.26,,,,
_result,0,2025-11-06 14:06:51+00:00,E0107,wach,0.9,,,,,,,,
_result,2,2025-11-06 14:08:42+00:00,E0107,wach,,V,,,,237.4,235.4,237.9,
_result,0,2025-11-06 14:08:43+00:00,E0107,wach,0.9,,,,,,,,
_result,0,2025-11-06 14:10:33+00:00,E0107,wach,0.9,,,,,,,,
_result,2,2025-11-06 14:12:33+00:00,E0107,wach,,V,,,,237.4,235.4,237.9,
_result,1,2025-11-06 14:12:34+00:00,E0107,wach,,A,0.66,0.2,0.26,,,,
_result,0,2025-11-06 14:12:35+00:00,E0107,wach,0.9,,,,,,,,
_result,0,2025-11-06 14:14:38+00:00,E0107,wach,0.9,,,,,,,,
_result,0,2025-11-06 14:16:35+00:00,E0107,wach,0.9,,,,,,,,
_result,1,2025-11-06 14:18:30+00:00,E0107,wach,,A,0.66,0.2,0.26,,,,
_result,0,2025-11-06 14:18:31+00:00,E0107,wach,0.9,,,,,,,,
_result,0,2025-11-06 14:20:37+00:00,E0107,wach,0.9,,,,,,,,
_result,1,2025-11-06 14:24:35+00:00,E0107,wach,,A,0.66,0.2,0.26,,,,
_result,0,2025-11-06 14:24:36+00:00,E0107,wach,0.9,,,,,,,,
_result,1,2025-11-06 14:26:33+00:00,E0107,wach,,A,0.66,0.2,0.26,,,,
_result,0,2025-11-06 14:26:34+00:00,E0107,wach,0.9,,,,,,,,
_result,1,2025-11-06 14:28:36+00:00,E0107,wach,,A,0.66,0.2,0.26,,,,
_result,0,2025-11-06 14:28:37+00:00,E0107,wach,0.9,,,,,,,,
_result,0,2025-11-06 14:30:35+00:00,E0107,wach,0.9,,,,,,,,
_result,0,2025-11-06 14:32:34+00:00,E0107,wach,0.9,,,,,,,,
_result,1,2025-11-06 14:34:33+00:00,E0107,wach,,A,0.66,0.2,0.26,,,,
_result,0,2025-11-06 14:34:34+00:00,E0107,wach,0.9,,,,,,,,
_result,0,2025-11-06 14:36:35+00:00,E0107,wach,0.9,,,,,,,,
_result,0,2025-11-06 14:38:32+00:00,E0107,wach,0.9,,,,,,,,
_result,0,2025-11-06 14:41:05+00:00,E0107,wach,0.9,,,,,,,,
_result,0,2025-11-06 14:42:59+00:00,E0107,wach,0.9,,,,,,,,
_result,2,2025-11-06 14:44:44+00:00,E0107,wach,,V,,,,238.2,,,
_result,0,2025-11-06 14:44:45+00:00,E0107,wach,0.9,,,,,,,,
_result,0,2025-11-06 14:47:11+00:00,E0107,wach,0.9,,,,,,,,
_result,0,2025-11-06 14:48:34+00:00,E0107,wach,0.9,,,,,,,,
_result,0,2025-11-06 14:50:38+00:00,E0107,wach,0.9,,,,,,,,
_result,0,2025-11-06 14:52:38+00:00,E0107,wach,0.9,,,,,,,,
_result,1,2025-11-06 14:54:37+00:00,E0107,wach,,A,0.66,0.2,0.26,,,,
_result,0,2025-11-06 14:54:38+00:00,E0107,wach,0.9,,,,,,,,
_result,0,2025-11-06 14:56:36+00:00,E0107,wach,0.9,,,,,,,,
_result,0,2025-11-06 14:58:35+00:00,E0107,wach,0.9,,,,,,,,
_result,0,2025-11-06 15:00:57+00:00,E0107,wach,0.9,,,,,,,,
_result,0,2025-11-06 15:02:39+00:00,E0107,wach,0.9,,,,,,,,
_result,0,2025-11-06 15:04:59+00:00,E0107,wach,0.9,,,,,,,,
_result,0,2025-11-06 15:06:53+00:00,E0107,wach,0.9,,,,,,,,
_result,0,2025-11-06 15:08:41+00:00,E0107,wach,0.9,,,,,,,,
_result,0,2025-11-06 15:10:36+00:00,E0107,wach,0.9,,,,,,,,
_result,0,2025-11-06 15:12:39+00:00,E0107,wach,0.9,,,,,,,,
_result,0,2025-11-06 15:14:34+00:00,E0107,wach,0.9,,,,,,,,
_result,0,2025-11-06 15:16:37+00:00,E0107,wach,0.9,,,,,,,,
_result,1,2025-11-06 15:18:33+00:00,E0107,wach,,A,0.66,0.2,0.26,,,,
_result,0,2025-11-06 15:18:34+00:00,E0107,wach,0.9,,,,,,,,
_result,0,2025-11-06 15:20:39+00:00,E0107,wach,0.9,,,,,,,,
_result,1,2025-11-06 15:22:37+00:00,E0107,wach,,A,0.66,0.2,0.26,,,,
_result,0,2025-11-06 15:22:38+00:00,E0107,wach,0.9,,,,,,,,
_result,0,2025-11-06 15:24:36+00:00,E0107,wach,0.9,,,,,,,,
_result,0,2025-11-06 15:26:36+00:00,E0107,wach,0.9,,,,,,,,
_result,0,2025-11-06 15:28:37+00:00,E0107,wach,0.9,,,,,,,,
_result,1,2025-11-06 15:30:35+00:00,E0107,wach,,A,0.66,0.2,0.26,,,,
_result,0,2025-11-06 15:30:36+00:00,E0107,wach,0.9,,,,,,,,
_result,1,2025-11-06 15:32:37+00:00,E0107,wach,,A,0.66,0.2,0.26,,,,
_result,0,2025-11-06 15:32:38+00:00,E0107,wach,0.9,,,,,,,,
_result,0,2025-11-06 15:34:46+00:00,E0107,wach,0.9,,,,,,,,
_result,2,2025-11-06 15:36:34+00:00,E0107,wach,,V,,,,238.4,,,
_result,0,2025-11-06 15:36:35+00:00,E0107,wach,0.9,,,,,,,,
_result,1,2025-11-06 15:38:37+00:00,E0107,wach,,A,0.66,0.2,0.26,,,,
_result,0,2025-11-06 15:38:38+00:00,E0107,wach,0.9,,,,,,,,
_result,2,2025-11-06 15:40:34+00:00,E0107,wach,,V,,,,238.4,236.3,,
_result,0,2025-11-06 15:40:35+00:00,E0107,wach,0.9,,,,,,,,
_result,1,2025-11-06 15:42:37+00:00,E0107,wach,,A,0.66,0.2,0.26,,,,
_result,0,2025-11-06 15:42:38+00:00,E0107,wach,0.9,,,,,,,,
_result,0,2025-11-06 15:44:35+00:00,E0107,wach,0.9,,,,,,,,
_result,1,2025-11-06 15:46:35+00:00,E0107,wach,,A,0.66,0.2,0.26,,,,
_result,0,2025-11-06 15:46:36+00:00,E0107,wach,0.9,,,,,,,,
_result,2,2025-11-06 15:48:36+00:00,E0107,wach,,V,,,,238.4,236.3,238.9,
_result,0,2025-11-06 15:48:37+00:00,E0107,wach,0.9,,,,,,,,
_result,1,2025-11-06 15:50:37+00:00,E0107,wach,,A,0.66,,,,,,
_result,0,2025-11-06 15:50:38+00:00,E0107,wach,0.9,,,,,,,,
_result,1,2025-11-06 15:52:28+00:00,E0107,wach,,A,0.66,0.2,0.26,,,,
_result,0,2025-11-06 15:52:29+00:00,E0107,wach,0.9,,,,,,,,
_result,1,2025-11-06 15:54:34+00:00,E0107,wach,,A,0.66,0.2,0.26,,,,
_result,0,2025-11-06 15:54:35+00:00,E0107,wach,0.9,,,,,,,,
_result,1,2025-11-06 15:56:33+00:00,E0107,wach,,A,0.66,0.2,0.26,,,,
_result,0,2025-11-06 15:56:34+00:00,E0107,wach,0.9,,,,,,,,
_result,1,2025-11-06 15:58:35+00:00,E0107,wach,,A,0.66,0.2,0.26,,,,
_result,0,2025-11-06 15:58:36+00:00,E0107,wach,0.9,,,,,,,,
_result,1,2025-11-06 16:00:36+00:00,E0107,wach,,A,0.66,0.2,0.26,,,,
_result,0,2025-11-06 16:00:37+00:00,E0107,wach,0.9,,,,,,,,
_result,1,2025-11-06 16:02:38+00:00,E0107,wach,,A,0.66,0.2,0.26,,,,
_result,0,2025-11-06 16:02:39+00:00,E0107,wach,0.9,,,,,,,,
_result,0,2025-11-06 16:04:36+00:00,E0107,wach,0.9,,,,,,,,
_result,0,2025-11-06 16:06:36+00:00,E0107,wach,0.9,,,,,,,,
_result,0,2025-11-06 16:08:32+00:00,E0107,wach,0.9,,,,,,,,
_result,0,2025-11-06 16:10:37+00:00,E0107,wach,0.9,,,,,,,,
_result,0,2025-11-06 16:12:37+00:00,E0107,wach,0.9,,,,,,,,
_result,2,2025-11-06 16:14:36+00:00,E0107,wach,,V,,,,239.2,237.0,239.5,
_result,0,2025-11-06 16:14:37+00:00,E0107,wach,0.9,,,,,,,,
_result,1,2025-11-06 16:16:35+00:00,E0107,wach,,A,0.66,0.2,0.26,,,,
_result,0,2025-11-06 16:16:36+00:00,E0107,wach,0.9,,,,,,,,
_result,1,2025-11-06 16:18:33+00:00,E0107,wach,,A,0.66,0.2,,,,,
_result,0,2025-11-06 16:18:34+00:00,E0107,wach,0.9,,,,,,,,
_result,0,2025-11-06 16:20:28+00:00,E0107,wach,0.9,,,,,,,,
_result,0,2025-11-06 16:22:31+00:00,E0107,wach,0.9,,,,,,,,
_result,1,2025-11-06 16:24:35+00:00,E0107,wach,,A,0.66,0.2,0.26,,,,
_result,0,2025-11-06 16:24:36+00:00,E0107,wach,0.9,,,,,,,,
_result,0,2025-11-06 16:26:35+00:00,E0107,wach,0.9,,,,,,,,
_result,1,2025-11-06 16:28:35+00:00,E0107,wach,,A,0.66,0.2,0.26,,,,
_result,0,2025-11-06 16:28:36+00:00,E0107,wach,0.9,,,,,,,,
_result,0,2025-11-06 16:30:39+00:00,E0107,wach,0.9,,,,,,,,
_result,1,2025-11-06 16:32:38+00:00,E0107,wach,,A,0.66,0.2,0.27,,,,
_result,0,2025-11-06 16:32:39+00:00,E0107,wach,0.9,,,,,,,,
_result,1,2025-11-06 16:34:34+00:00,E0107,wach,,A,0.66,0.2,0.27,,,,
_result,0,2025-11-06 16:34:35+00:00,E0107,wach,0.9,,,,,,,,
_result,1,2025-11-06 16:36:35+00:00,E0107,wach,,A,0.66,0.2,,,,,
_result,0,2025-11-06 16:36:36+00:00,E0107,wach,0.9,,,,,,,,
_result,2,2025-11-06 16:38:36+00:00,E0107,wach,,V,,,,239.6,237.5,240.0,
_result,0,2025-11-06 16:38:37+00:00,E0107,wach,0.9,,,,,,,,
_result,0,2025-11-06 16:40:35+00:00,E0107,wach,0.9,,,,,,,,
_result,1,2025-11-06 16:42:31+00:00,E0107,wach,,A,0.66,0.2,,,,,
_result,0,2025-11-06 16:42:32+00:00,E0107,wach,0.9,,,,,,,,
_result,0,2025-11-06 16:44:35+00:00,E0107,wach,0.89,,,,,,,,
_result,2,2025-11-06 16:46:33+00:00,E0107,wach,,V,,,,239.6,237.6,240.3,
_result,0,2025-11-06 16:46:34+00:00,E0107,wach,0.89,,,,,,,,
_result,0,2025-11-06 16:48:29+00:00,E0107,wach,0.89,,,,,,,,
_result,0,2025-11-06 16:50:39+00:00,E0107,wach,0.89,,,,,,,,
_result,1,2025-11-06 16:52:32+00:00,E0107,wach,,A,0.66,0.2,0.27,,,,
_result,0,2025-11-06 16:52:33+00:00,E0107,wach,0.89,,,,,,,,
_result,2,2025-11-06 16:54:34+00:00,E0107,wach,,V,,,,239.9,237.8,240.5,
_result,0,2025-11-06 16:54:35+00:00,E0107,wach,0.89,,,,,,,,
_result,0,2025-11-06 16:56:37+00:00,E0107,wach,0.89,,,,,,,,
_result,0,2025-11-06 16:58:33+00:00,E0107,wach,0.89,,,,,,,,
_result,2,2025-11-06 17:00:37+00:00,E0107,wach,,V,,,,239.8,,,
_result,0,2025-11-06 17:00:38+00:00,E0107,wach,0.89,,,,,,,,
_result,1,2025-11-06 17:02:41+00:00,E0107,wach,,A,0.66,0.2,0.27,,,,
_result,0,2025-11-06 17:02:42+00:00,E0107,wach,0.89,,,,,,,,
_result,0,2025-11-06 17:04:33+00:00,E0107,wach,0.89,,,,,,,,
_result,0,2025-11-06 17:06:35+00:00,E0107,wach,0.89,,,,,,,,
_result,2,2025-11-06 17:08:36+00:00,E0107,wach,,V,,,,239.9,237.8,240.6,
_result,0,2025-11-06 17:08:37+00:00,E0107,wach,0.89,,,,,,,,
_result,1,2025-11-06 17:10:29+00:00,E0107,wach,,A,0.66,0.2,0.27,,,,
_result,0,2025-11-06 17:10:30+00:00,E0107,wach,0.89,,,,,,,,
_result,0,2025-11-06 17:12:38+00:00,E0107,wach,0.9,,,,,,,,
_result,1,2025-11-06 17:14:31+00:00,E0107,wach,,A,0.66,0.2,0.26,,,,
_result,0,2025-11-06 17:14:32+00:00,E0107,wach,0.9,,,,,,,,
_result,1,2025-11-06 17:17:06+00:00,E0107,wach,,A,0.66,0.2,0.26,,,,
_result,0,2025-11-06 17:17:07+00:00,E0107,wach,0.9,,,,,,,,
_result,0,2025-11-06 17:18:37+00:00,E0107,wach,0.9,,,,,,,,
_result,0,2025-11-06 17:20:32+00:00,E0107,wach,0.9,,,,,,,,
_result,0,2025-11-06 17:22:36+00:00,E0107,wach,0.9,,,,,,,,
_result,1,2025-11-06 17:24:33+00:00,E0107,wach,,A,0.66,0.2,0.26,,,,
_result,0,2025-11-06 17:24:34+00:00,E0107,wach,0.9,,,,,,,,
_result,0,2025-11-06 17:26:44+00:00,E0107,wach,0.9,,,,,,,,
_result,1,2025-11-06 17:28:35+00:00,E0107,wach,,A,0.66,0.2,0.26,,,,
_result,0,2025-11-06 17:28:36+00:00,E0107,wach,0.9,,,,,,,,
_result,0,2025-11-06 17:30:37+00:00,E0107,wach,0.9,,,,,,,,
_result,0,2025-11-06 17:32:36+00:00,E0107,wach,0.9,,,,,,,,
_result,1,2025-11-06 17:34:36+00:00,E0107,wach,,A,0.66,0.2,0.26,,,,
_result,0,2025-11-06 17:34:37+00:00,E0107,wach,0.9,,,,,,,,
_result,0,2025-11-06 17:36:35+00:00,E0107,wach,0.9,,,,,,,,
_result,2,2025-11-06 17:38:34+00:00,E0107,wach,,V,,,,237.5,235.5,238.1,
_result,0,2025-11-06 17:38:35+00:00,E0107,wach,0.9,,,,,,,,
_result,1,2025-11-06 17:40:35+00:00,E0107,wach,,A,0.66,0.2,0.26,,,,
_result,0,2025-11-06 17:40:36+00:00,E0107,wach,0.9,,,,,,,,
_result,0,2025-11-06 17:42:36+00:00,E0107,wach,0.9,,,,,,,,
_result,0,2025-11-06 17:44:41+00:00,E0107,wach,0.9,,,,,,,,
_result,1,2025-11-06 17:46:33+00:00,E0107,wach,,A,0.66,0.2,0.26,,,,
_result,0,2025-11-06 17:46:34+00:00,E0107,wach,0.9,,,,,,,,
_result,0,2025-11-06 17:48:32+00:00,E0107,wach,0.9,,,,,,,,
_result,0,2025-11-06 17:50:36+00:00,E0107,wach,0.9,,,,,,,,
_result,0,2025-11-06 17:52:36+00:00,E0107,wach,0.9,,,,,,,,
_result,1,2025-11-06 17:54:33+00:00,E0107,wach,,A,0.66,0.2,0.26,,,,
_result,0,2025-11-06 17:54:34+00:00,E0107,wach,0.9,,,,,,,,
_result,0,2025-11-06 17:56:34+00:00,E0107,wach,0.9,,,,,,,,
_result,0,2025-11-06 17:58:37+00:00,E0107,wach,0.9,,,,,,,,
_result,0,2025-11-06 18:00:38+00:00,E0107,wach,0.9,,,,,,,,
_result,0,2025-11-06 18:02:45+00:00,E0107,wach,0.9,,,,,,,,
_result,1,2025-11-06 18:04:35+00:00,E0107,wach,,A,0.66,0.2,0.26,,,,
_result,0,2025-11-06 18:04:36+00:00,E0107,wach,0.9,,,,,,,,
_result,0,2025-11-06 18:06:38+00:00,E0107,wach,0.9,,,,,,,,
_result,0,2025-11-06 18:08:37+00:00,E0107,wach,0.9,,,,,,,,
_result,0,2025-11-06 18:10:32+00:00,E0107,wach,0.9,,,,,,,,
_result,1,2025-11-06 18:12:35+00:00,E0107,wach,,A,0.66,0.2,0.26,,,,
_result,0,2025-11-06 18:12:36+00:00,E0107,wach,0.9,,,,,,,,
_result,2,2025-11-06 18:14:33+00:00,E0107,wach,,V,,,,237.7,235.6,238.2,
_result,0,2025-11-06 18:14:34+00:00,E0107,wach,0.9,,,,,,,,
_result,0,2025-11-06 18:16:38+00:00,E0107,wach,0.9,,,,,,,,
_result,1,2025-11-06 18:18:33+00:00,E0107,wach,,A,0.66,0.2,0.26,,,,
_result,0,2025-11-06 18:18:34+00:00,E0107,wach,0.9,,,,,,,,
_result,0,2025-11-06 18:20:35+00:00,E0107,wach,0.9,,,,,,,,
_result,0,2025-11-06 18:22:36+00:00,E0107,wach,0.9,,,,,,,,
_result,0,2025-11-06 18:24:38+00:00,E0107,wach,0.9,,,,,,,,
_result,0,2025-11-06 18:26:54+00:00,E0107,wach,0.9,,,,,,,,
_result,1,2025-11-06 18:29:02+00:00,E0107,wach,,A,0.66,0.2,0.26,,,,
_result,0,2025-11-06 18:29:03+00:00,E0107,wach,0.9,,,,,,,,
_result,0,2025-11-06 18:31:16+00:00,E0107,wach,0.9,,,,,,,,
_result,1,2025-11-06 18:32:56+00:00,E0107,wach,,A,0.66,0.2,0.26,,,,
_result,0,2025-11-06 18:32:57+00:00,E0107,wach,0.9,,,,,,,,
_result,0,2025-11-06 18:34:39+00:00,E0107,wach,0.9,,,,,,,,
_result,2,2025-11-06 18:38:35+00:00,E0107,wach,,V,,,,238.1,236.1,238.7,
_result,0,2025-11-06 18:38:36+00:00,E0107,wach,0.9,,,,,,,,
_result,2,2025-11-06 18:40:33+00:00,E0107,wach,,V,,,,238.1,236.1,,
_result,0,2025-11-06 18:40:34+00:00,E0107,wach,0.9,,,,,,,,
_result,0,2025-11-06 18:42:36+00:00,E0107,wach,0.9,,,,,,,,
_result,0,2025-11-06 18:44:34+00:00,E0107,wach,0.9,,,,,,,,
_result,0,2025-11-06 18:46:35+00:00,E0107,wach,0.9,,,,,,,,
_result,1,2025-11-06 18:48:34+00:00,E0107,wach,,A,0.66,0.2,0.26,,,,
_result,0,2025-11-06 18:48:35+00:00,E0107,wach,0.9,,,,,,,,
_result,0,2025-11-06 18:50:33+00:00,E0107,wach,0.9,,,,,,,,
_result,2,2025-11-06 18:52:33+00:00,E0107,wach,,V,,,,238.5,236.6,,
_result,0,2025-11-06 18:52:34+00:00,E0107,wach,0.9,,,,,,,,
_result,0,2025-11-06 18:54:36+00:00,E0107,wach,0.9,,,,,,,,
_result,0,2025-11-06 18:56:35+00:00,E0107,wach,0.9,,,,,,,,
_result,0,2025-11-06 18:58:41+00:00,E0107,wach,0.9,,,,,,,,
_result,1,2025-11-06 19:00:36+00:00,E0107,wach,,A,0.66,0.2,0.26,,,,
_result,0,2025-11-06 19:00:37+00:00,E0107,wach,0.9,,,,,,,,
_result,0,2025-11-06 19:02:48+00:00,E0107,wach,0.9,,,,,,,,
_result,1,2025-11-06 19:04:37+00:00,E0107,wach,,A,0.66,0.2,0.26,,,,
_result,0,2025-11-06 19:04:38+00:00,E0107,wach,0.9,,,,,,,,
_result,1,2025-11-06 19:06:42+00:00,E0107,wach,,A,0.66,0.2,0.26,,,,
_result,0,2025-11-06 19:06:43+00:00,E0107,wach,0.9,,,,,,,,
_result,0,2025-11-06 19:08:38+00:00,E0107,wach,0.9,,,,,,,,
_result,1,2025-11-06 19:10:30+00:00,E0107,wach,,A,0.66,0.2,0.26,,,,
_result,0,2025-11-06 19:10:31+00:00,E0107,wach,0.9,,,,,,,,
_result,0,2025-11-06 19:12:39+00:00,E0107,wach,0.9,,,,,,,,
_result,0,2025-11-06 19:14:37+00:00,E0107,wach,0.9,,,,,,,,
_result,1,2025-11-06 19:16:37+00:00,E0107,wach,,A,0.66,0.2,0.26,,,,
_result,0,2025-11-06 19:16:38+00:00,E0107,wach,0.9,,,,,,,,
_result,0,2025-11-06 19:18:36+00:00,E0107,wach,0.9,,,,,,,,
_result,2,2025-11-06 19:20:32+00:00,E0107,wach,,V,,,,238.5,236.5,239.1,
_result,0,2025-11-06 19:20:33+00:00,E0107,wach,0.9,,,,,,,,
_result,1,2025-11-06 19:22:31+00:00,E0107,wach,,A,0.66,0.2,0.26,,,,
_result,0,2025-11-06 19:22:32+00:00,E0107,wach,0.9,,,,,,,,
_result,2,2025-11-06 19:24:30+00:00,E0107,wach,,V,,,,238.5,236.5,239.1,
_result,1,2025-11-06 19:24:31+00:00,E0107,wach,,A,0.66,0.2,0.26,,,,
_result,0,2025-11-06 19:24:32+00:00,E0107,wach,0.9,,,,,,,,
_result,0,2025-11-06 19:26:35+00:00,E0107,wach,0.9,,,,,,,,
_result,0,2025-11-06 19:28:35+00:00,E0107,wach,0.9,,,,,,,,
_result,2,2025-11-06 19:30:36+00:00,E0107,wach,,V,,,,238.8,236.8,239.3,
_result,0,2025-11-06 19:30:37+00:00,E0107,wach,0.9,,,,,,,,
_result,0,2025-11-06 19:32:36+00:00,E0107,wach,0.9,,,,,,,,
_result,0,2025-11-06 19:34:37+00:00,E0107,wach,0.9,,,,,,,,
_result,0,2025-11-06 19:36:36+00:00,E0107,wach,0.9,,,,,,,,
_result,0,2025-11-06 19:38:36+00:00,E0107,wach,0.9,,,,,,,,
_result,0,2025-11-06 19:40:35+00:00,E0107,wach,0.9,,,,,,,,
_result,1,2025-11-06 19:42:31+00:00,E0107,wach,,A,0.66,0.2,0.26,,,,
_result,0,2025-11-06 19:42:32+00:00,E0107,wach,0.9,,,,,,,,
_result,2,2025-11-06 19:44:32+00:00,E0107,wach,,V,,,,238.8,,,
_result,0,2025-11-06 19:44:33+00:00,E0107,wach,0.9,,,,,,,,
_result,0,2025-11-06 19:46:35+00:00,E0107,wach,0.9,,,,,,,,
_result,0,2025-11-06 19:48:37+00:00,E0107,wach,0.9,,,,,,,,
_result,2,2025-11-06 19:50:35+00:00,E0107,wach,,V,,,,238.8,236.8,239.2,
_result,0,2025-11-06 19:50:36+00:00,E0107,wach,0.9,,,,,,,,
_result,1,2025-11-06 19:52:35+00:00,E0107,wach,,A,0.66,0.2,0.26,,,,
_result,0,2025-11-06 19:52:36+00:00,E0107,wach,0.9,,,,,,,,
_result,1,2025-11-06 19:54:30+00:00,E0107,wach,,A,0.66,0.2,0.26,,,,
_result,0,2025-11-06 19:54:31+00:00,E0107,wach,0.9,,,,,,,,
_result,0,2025-11-06 19:56:32+00:00,E0107,wach,0.9,,,,,,,,
_result,0,2025-11-06 19:58:36+00:00,E0107,wach,0.9,,,,,,,,
_result,1,2025-11-06 20:00:41+00:00,E0107,wach,,A,0.66,0.2,0.26,,,,
_result,0,2025-11-06 20:00:42+00:00,E0107,wach,0.9,,,,,,,,
_result,1,2025-11-06 20:02:31+00:00,E0107,wach,,A,0.66,0.2,0.26,,,,
_result,0,2025-11-06 20:02:32+00:00,E0107,wach,0.9,,,,,,,,
_result,0,2025-11-06 20:04:35+00:00,E0107,wach,0.9,,,,,,,,
_result,0,2025-11-06 20:06:35+00:00,E0107,wach,0.9,,,,,,,,
_result,1,2025-11-06 20:08:36+00:00,E0107,wach,,A,0.66,0.2,0.26,,,,
_result,0,2025-11-06 20:08:37+00:00,E0107,wach,0.9,,,,,,,,
_result,1,2025-11-06 20:10:38+00:00,E0107,wach,,A,0.66,0.2,0.26,,,,
_result,0,2025-11-06 20:10:39+00:00,E0107,wach,0.9,,,,,,,,
_result,1,2025-11-06 20:12:34+00:00,E0107,wach,,A,0.66,0.2,0.26,,,,
_result,0,2025-11-06 20:12:35+00:00,E0107,wach,0.9,,,,,,,,
_result,0,2025-11-06 20:14:36+00:00,E0107,wach,0.9,,,,,,,,
_result,0,2025-11-06 20:16:41+00:00,E0107,wach,0.9,,,,,,,,
_result,2,2025-11-06 20:18:31+00:00,E0107,wach,,V,,,,239.0,237.1,239.5,
_result,0,2025-11-06 20:18:32+00:00,E0107,wach,0.9,,,,,,,,
_result,0,2025-11-06 20:20:35+00:00,E0107,wach,0.89,,,,,,,,
_result,2,2025-11-06 20:22:36+00:00,E0107,wach,,V,,,,239.4,237.5,,
_result,0,2025-11-06 20:22:37+00:00,E0107,wach,0.89,,,,,,,,
_result,0,2025-11-06 20:24:37+00:00,E0107,wach,0.89,,,,,,,,
_result,0,2025-11-06 20:26:37+00:00,E0107,wach,0.89,,,,,,,,
_result,0,2025-11-06 20:28:35+00:00,E0107,wach,0.9,,,,,,,,
_result,0,2025-11-06 20:30:36+00:00,E0107,wach,0.9,,,,,,,,
_result,0,2025-11-06 20:33:19+00:00,E0107,wach,0.9,,,,,,,,
_result,0,2025-11-06 20:34:39+00:00,E0107,wach,0.9,,,,,,,,
_result,2,2025-11-06 20:36:37+00:00,E0107,wach,,V,,,,239.3,237.4,239.8,
_result,0,2025-11-06 20:36:38+00:00,E0107,wach,0.9,,,,,,,,
_result,0,2025-11-06 20:38:47+00:00,E0107,wach,0.9,,,,,,,,
_result,0,2025-11-06 20:40:36+00:00,E0107,wach,0.9,,,,,,,,
_result,1,2025-11-06 20:42:36+00:00,E0107,wach,,A,0.66,0.2,0.27,,,,
_result,0,2025-11-06 20:42:37+00:00,E0107,wach,0.9,,,,,,,,
_result,2,2025-11-06 20:44:30+00:00,E0107,wach,,V,,,,239.6,237.7,240.1,
_result,0,2025-11-06 20:44:31+00:00,E0107,wach,0.9,,,,,,,,
_result,1,2025-11-06 20:46:34+00:00,E0107,wach,,A,0.66,0.2,0.27,,,,
_result,0,2025-11-06 20:46:35+00:00,E0107,wach,0.9,,,,,,,,
_result,0,2025-11-06 20:48:34+00:00,E0107,wach,0.9,,,,,,,,
_result,1,2025-11-06 20:50:36+00:00,E0107,wach,,A,0.66,0.2,0.27,,,,
_result,0,2025-11-06 20:50:37+00:00,E0107,wach,0.9,,,,,,,,
_result,1,2025-11-06 20:52:33+00:00,E0107,wach,,A,0.66,0.2,0.27,,,,
_result,0,2025-11-06 20:52:34+00:00,E0107,wach,0.9,,,,,,,,
_result,0,2025-11-06 20:54:48+00:00,E0107,wach,0.9,,,,,,,,
_result,1,2025-11-06 20:56:43+00:00,E0107,wach,,A,0.66,0.2,,,,,
_result,0,2025-11-06 20:56:44+00:00,E0107,wach,0.9,,,,,,,,
_result,0,2025-11-06 20:58:36+00:00,E0107,wach,0.9,,,,,,,,
_result,0,2025-11-06 21:00:37+00:00,E0107,wach,0.9,,,,,,,,
_result,0,2025-11-06 21:02:41+00:00,E0107,wach,0.9,,,,,,,,
_result,2,2025-11-06 21:04:37+00:00,E0107,wach,,V,,,,239.8,237.9,240.3,
_result,0,2025-11-06 21:04:38+00:00,E0107,wach,0.9,,,,,,,,
_result,1,2025-11-06 21:06:30+00:00,E0107,wach,,A,0.66,,,,,,
_result,0,2025-11-06 21:06:31+00:00,E0107,wach,0.9,,,,,,,,
_result,1,2025-11-06 21:08:30+00:00,E0107,wach,,A,0.66,0.2,0.27,,,,
_result,0,2025-11-06 21:08:31+00:00,E0107,wach,0.9,,,,,,,,
_result,1,2025-11-06 21:10:32+00:00,E0107,wach,,A,0.66,0.2,0.27,,,,
_result,0,2025-11-06 21:10:33+00:00,E0107,wach,0.9,,,,,,,,
_result,0,2025-11-06 21:12:37+00:00,E0107,wach,0.9,,,,,,,,
_result,1,2025-11-06 21:14:34+00:00,E0107,wach,,A,0.66,0.2,0.26,,,,
_result,0,2025-11-06 21:14:35+00:00,E0107,wach,0.9,,,,,,,,
_result,0,2025-11-06 21:16:37+00:00,E0107,wach,0.9,,,,,,,,
_result,1,2025-11-06 21:18:46+00:00,E0107,wach,,A,0.66,0.2,0.26,,,,
_result,0,2025-11-06 21:18:47+00:00,E0107,wach,0.9,,,,,,,,
_result,0,2025-11-06 21:21:09+00:00,E0107,wach,0.9,,,,,,,,
_result,1,2025-11-06 21:23:02+00:00,E0107,wach,,A,0.66,0.2,0.26,,,,
_result,0,2025-11-06 21:23:03+00:00,E0107,wach,0.9,,,,,,,,
_result,0,2025-11-06 21:25:10+00:00,E0107,wach,0.9,,,,,,,,
_result,1,2025-11-06 21:27:12+00:00,E0107,wach,,A,0.66,0.2,0.27,,,,
_result,0,2025-11-06 21:27:13+00:00,E0107,wach,0.9,,,,,,,,
_result,0,2025-11-06 21:29:05+00:00,E0107,wach,0.9,,,,,,,,
_result,2,2025-11-06 21:30:36+00:00,E0107,wach,,V,,,,239.5,237.5,240.0,
_result,0,2025-11-06 21:30:37+00:00,E0107,wach,0.9,,,,,,,,
_result,0,2025-11-06 21:32:40+00:00,E0107,wach,0.9,,,,,,,,
_result,2,2025-11-06 21:34:33+00:00,E0107,wach,,V,,,,239.3,237.3,239.7,
_result,0,2025-11-06 21:34:34+00:00,E0107,wach,0.9,,,,,,,,
_result,0,2025-11-06 21:36:36+00:00,E0107,wach,0.9,,,,,,,,
_result,0,2025-11-06 21:38:37+00:00,E0107,wach,0.9,,,,,,,,
_result,0,2025-11-06 21:40:38+00:00,E0107,wach,0.9,,,,,,,,
_result,1,2025-11-06 21:42:34+00:00,E0107,wach,,A,0.66,0.2,0.26,,,,
_result,0,2025-11-06 21:42:35+00:00,E0107,wach,0.9,,,,,,,,
_result,1,2025-11-06 21:44:33+00:00,E0107,wach,,A,0.66,0.2,0.26,,,,
_result,0,2025-11-06 21:44:34+00:00,E0107,wach,0.9,,,,,,,,
_result,0,2025-11-06 21:46:30+00:00,E0107,wach,0.9,,,,,,,,
_result,1,2025-11-06 21:48:39+00:00,E0107,wach,,A,0.66,0.2,0.26,,,,
_result,0,2025-11-06 21:48:40+00:00,E0107,wach,0.9,,,,,,,,
_result,0,2025-11-06 21:50:37+00:00,E0107,wach,0.9,,,,,,,,
_result,0,2025-11-06 21:52:29+00:00,E0107,wach,0.9,,,,,,,,
_result,0,2025-11-06 21:54:29+00:00,E0107,wach,0.9,,,,,,,,
_result,0,2025-11-06 21:56:35+00:00,E0107,wach,0.9,,,,,,,,
_result,1,2025-11-06 21:58:57+00:00,E0107,wach,,A,0.66,,,,,,
_result,0,2025-11-06 21:58:58+00:00,E0107,wach,0.9,,,,,,,,
_result,0,2025-11-06 22:00:49+00:00,E0107,wach,0.9,,,,,,,,
_result,0,2025-11-06 22:02:36+00:00,E0107,wach,0.9,,,,,,,,
_result,0,2025-11-06 22:04:38+00:00,E0107,wach,0.9,,,,,,,,
_result,0,2025-11-06 22:06:36+00:00,E0107,wach,0.9,,,,,,,,
_result,0,2025-11-06 22:08:35+00:00,E0107,wach,0.9,,,,,,,,
_result,1,2025-11-06 22:10:37+00:00,E0107,wach,,A,0.66,0.2,0.26,,,,
_result,0,2025-11-06 22:10:38+00:00,E0107,wach,0.9,,,,,,,,
_result,0,2025-11-06 22:12:36+00:00,E0107,wach,0.9,,,,,,,,
_result,2,2025-11-06 22:14:36+00:00,E0107,wach,,V,,,,237.9,236.0,238.4,
_result,0,2025-11-06 22:14:37+00:00,E0107,wach,0.9,,,,,,,,
_result,0,2025-11-06 22:16:38+00:00,E0107,wach,0.9,,,,,,,,
_result,1,2025-11-06 22:18:37+00:00,E0107,wach,,A,0.66,0.2,0.26,,,,
_result,0,2025-11-06 22:18:38+00:00,E0107,wach,0.9,,,,,,,,
_result,0,2025-11-06 22:20:43+00:00,E0107,wach,0.9,,,,,,,,
_result,0,2025-11-06 22:22:36+00:00,E0107,wach,0.9,,,,,,,,
_result,0,2025-11-06 22:24:35+00:00,E0107,wach,0.9,,,,,,,,
_result,1,2025-11-06 22:26:29+00:00,E0107,wach,,A,0.66,0.2,0.26,,,,
_result,0,2025-11-06 22:26:30+00:00,E0107,wach,0.9,,,,,,,,
_result,1,2025-11-06 22:28:37+00:00,E0107,wach,,A,0.66,0.2,0.26,,,,
_result,0,2025-11-06 22:28:38+00:00,E0107,wach,0.9,,,,,,,,
_result,0,2025-11-06 22:30:42+00:00,E0107,wach,0.9,,,,,,,,
_result,1,2025-11-06 22:32:38+00:00,E0107,wach,,A,0.66,0.2,0.26,,,,
_result,0,2025-11-06 22:32:39+00:00,E0107,wach,0.9,,,,,,,,
_result,2,2025-11-06 22:34:35+00:00,E0107,wach,,V,,,,237.1,235.1,237.6,
_result,0,2025-11-06 22:34:36+00:00,E0107,wach,0.9,,,,,,,,
_result,0,2025-11-06 22:36:36+00:00,E0107,wach,0.9,,,,,,,,
_result,1,2025-11-06 22:38:39+00:00,E0107,wach,,A,0.66,0.2,0.26,,,,
_result,0,2025-11-06 22:38:40+00:00,E0107,wach,0.9,,,,,,,,
_result,1,2025-11-06 22:40:38+00:00,E0107,wach,,A,0.66,0.2,0.26,,,,
_result,0,2025-11-06 22:40:39+00:00,E0107,wach,0.9,,,,,,,,
_result,0,2025-11-06 22:42:43+00:00,E0107,wach,0.9,,,,,,,,
_result,0,2025-11-06 22:44:46+00:00,E0107,wach,0.9,,,,,,,,
_result,1,2025-11-06 22:46:56+00:00,E0107,wach,,A,0.66,0.2,0.26,,,,
_result,0,2025-11-06 22:46:57+00:00,E0107,wach,0.9,,,,,,,,
_result,1,2025-11-06 22:48:38+00:00,E0107,wach,,A,0.66,0.2,0.26,,,,
_result,0,2025-11-06 22:48:39+00:00,E0107,wach,0.9,,,,,,,,
_result,1,2025-11-06 22:50:35+00:00,E0107,wach,,A,0.66,0.2,0.26,,,,
_result,0,2025-11-06 22:50:36+00:00,E0107,wach,0.9,,,,,,,,
_result,0,2025-11-06 22:52:36+00:00,E0107,wach,0.9,,,,,,,,
_result,2,2025-11-06 22:56:04+00:00,E0107,wach,,V,,,,236.6,234.6,237.0,
_result,0,2025-11-06 22:56:05+00:00,E0107,wach,0.9,,,,,,,,
_result,0,2025-11-06 22:56:32+00:00,E0107,wach,0.9,,,,,,,,
_result,0,2025-11-06 22:58:38+00:00,E0107,wach,0.9,,,,,,,,
_result,1,2025-11-06 23:00:34+00:00,E0107,wach,,A,0.66,0.2,0.25,,,,
_result,0,2025-11-06 23:00:35+00:00,E0107,wach,0.9,,,,,,,,
_result,0,2025-11-06 23:02:39+00:00,E0107,wach,0.9,,,,,,,,
_result,0,2025-11-06 23:04:39+00:00,E0107,wach,0.9,,,,,,,,
_result,1,2025-11-06 23:06:37+00:00,E0107,wach,,A,4.62,4.04,4.3,,,,
_result,0,2025-11-06 23:06:38+00:00,E0107,wach,0.75,,,,,,,,
_result,1,2025-11-06 23:08:30+00:00,E0107,wach,,A,4.62,4.04,4.3,,,,
_result,0,2025-11-06 23:08:31+00:00,E0107,wach,0.75,,,,,,,,
_result,2,2025-11-06 23:10:40+00:00,E0107,wach,,V,,,,234.0,,,
_result,0,2025-11-06 23:10:41+00:00,E0107,wach,0.75,,,,,,,,
_result,1,2025-11-06 23:12:36+00:00,E0107,wach,,A,4.62,4.04,4.3,,,,
_result,0,2025-11-06 23:12:37+00:00,E0107,wach,0.75,,,,,,,,
_result,1,2025-11-06 23:14:35+00:00,E0107,wach,,A,4.62,4.04,4.3,,,,
_result,0,2025-11-06 23:14:36+00:00,E0107,wach,0.75,,,,,,,,
_result,1,2025-11-06 23:16:32+00:00,E0107,wach,,A,4.62,4.04,4.3,,,,
_result,0,2025-11-06 23:16:33+00:00,E0107,wach,0.75,,,,,,,,
_result,1,2025-11-06 23:18:34+00:00,E0107,wach,,A,4.62,4.04,4.3,,,,
_result,0,2025-11-06 23:18:35+00:00,E0107,wach,0.75,,,,,,,,
_result,0,2025-11-06 23:20:39+00:00,E0107,wach,0.75,,,,,,,,
_result,0,2025-11-06 23:22:35+00:00,E0107,wach,0.75,,,,,,,,
_result,0,2025-11-06 23:24:36+00:00,E0107,wach,0.75,,,,,,,,
_result,0,2025-11-06 23:26:37+00:00,E0107,wach,0.75,,,,,,,,
_result,0,2025-11-06 23:28:38+00:00,E0107,wach,0.75,,,,,,,,
_result,0,2025-11-06 23:30:35+00:00,E0107,wach,0.75,,,,,,,,
_result,0,2025-11-06 23:32:37+00:00,E0107,wach,0.75,,,,,,,,
_result,0,2025-11-06 23:34:36+00:00,E0107,wach,0.75,,,,,,,,
_result,0,2025-11-06 23:36:36+00:00,E0107,wach,0.75,,,,,,,,
_result,0,2025-11-06 23:38:36+00:00,E0107,wach,0.75,,,,,,,,
_result,1,2025-11-06 23:40:38+00:00,E0107,wach,,A,4.59,3.97,4.24,,,,
_result,0,2025-11-06 23:40:39+00:00,E0107,wach,0.75,,,,,,,,
_result,1,2025-11-06 23:42:35+00:00,E0107,wach,,A,4.59,3.97,4.24,,,,
_result,0,2025-11-06 23:42:36+00:00,E0107,wach,0.75,,,,,,,,
_result,1,2025-11-06 23:44:38+00:00,E0107,wach,,A,4.59,3.97,4.24,,,,
_result,0,2025-11-06 23:44:39+00:00,E0107,wach,0.75,,,,,,,,
_result,0,2025-11-06 23:46:38+00:00,E0107,wach,0.75,,,,,,,,
_result,1,2025-11-06 23:48:30+00:00,E0107,wach,,A,4.59,3.97,4.24,,,,
_result,0,2025-11-06 23:48:31+00:00,E0107,wach,0.75,,,,,,,,
_result,0,2025-11-06 23:50:38+00:00,E0107,wach,0.75,,,,,,,,
_result,0,2025-11-06 23:52:39+00:00,E0107,wach,0.75,,,,,,,,
_result,0,2025-11-06 23:54:37+00:00,E0107,wach,0.76,,,,,,,,
_result,0,2025-11-06 23:56:37+00:00,E0107,wach,0.76,,,,,,,,
_result,0,2025-11-06 23:58:37+00:00,E0107,wach,0.76,,,,,,,,
_result,0,2025-11-07 00:01:54+00:00,E0107,wach,0.76,,,,,,,,
_result,0,2025-11-07 00:02:42+00:00,E0107,wach,0.76,,,,,,,,
_result,1,2025-11-07 00:04:35+00:00,E0107,wach,,A,4.57,3.98,4.23,,,,
_result,0,2025-11-07 00:04:36+00:00,E0107,wach,0.76,,,,,,,,
_result,0,2025-11-07 00:06:44+00:00,E0107,wach,0.76,,,,,,,,
_result,1,2025-11-07 00:08:38+00:00,E0107,wach,,A,4.57,3.98,4.23,,,,
_result,0,2025-11-07 00:08:39+00:00,E0107,wach,0.76,,,,,,,,
_result,2,2025-11-07 00:10:31+00:00,E0107,wach,,V,,,,231.7,229.6,,
_result,1,2025-11-07 00:10:32+00:00,E0107,wach,,A,4.57,3.98,4.23,,,,
_result,0,2025-11-07 00:10:33+00:00,E0107,wach,0.76,,,,,,,,
_result,0,2025-11-07 00:12:44+00:00,E0107,wach,0.76,,,,,,,,
_result,1,2025-11-07 00:14:40+00:00,E0107,wach,,A,4.58,4.0,4.24,,,,
_result,0,2025-11-07 00:14:41+00:00,E0107,wach,0.75,,,,,,,,
_result,0,2025-11-07 00:16:49+00:00,E0107,wach,0.75,,,,,,,,
_result,2,2025-11-07 00:18:34+00:00,E0107,wach,,V,,,,233.3,231.2,233.3,
_result,0,2025-11-07 00:18:35+00:00,E0107,wach,0.75,,,,,,,,
_result,0,2025-11-07 00:22:38+00:00,E0107,wach,0.75,,,,,,,,
_result,0,2025-11-07 00:24:37+00:00,E0107,wach,0.75,,,,,,,,
_result,1,2025-11-07 00:26:38+00:00,E0107,wach,,A,4.57,3.99,4.23,,,,
_result,0,2025-11-07 00:26:39+00:00,E0107,wach,0.76,,,,,,,,
_result,0,2025-11-07 00:28:43+00:00,E0107,wach,0.76,,,,,,,,
_result,1,2025-11-07 00:30:36+00:00,E0107,wach,,A,4.57,3.99,4.23,,,,
_result,0,2025-11-07 00:30:37+00:00,E0107,wach,0.76,,,,,,,,
_result,0,2025-11-07 00:32:38+00:00,E0107,wach,0.76,,,,,,,,
_result,2,2025-11-07 00:34:35+00:00,E0107,wach,,V,,,,232.4,230.3,232.5,
_result,0,2025-11-07 00:34:36+00:00,E0107,wach,0.76,,,,,,,,
_result,0,2025-11-07 00:36:46+00:00,E0107,wach,0.76,,,,,,,,
_result,2,2025-11-07 00:38:33+00:00,E0107,wach,,V,,,,232.4,,,
_result,1,2025-11-07 00:38:34+00:00,E0107,wach,,A,4.57,3.99,4.23,,,,
_result,0,2025-11-07 00:38:35+00:00,E0107,wach,0.76,,,,,,,,
_result,0,2025-11-07 00:40:35+00:00,E0107,wach,0.76,,,,,,,,
_result,2,2025-11-07 00:42:37+00:00,E0107,wach,,V,,,,231.7,,,
_result,0,2025-11-07 00:42:38+00:00,E0107,wach,0.76,,,,,,,,
_result,0,2025-11-07 00:44:38+00:00,E0107,wach,0.76,,,,,,,,
_result,1,2025-11-07 00:46:38+00:00,E0107,wach,,A,4.6,4.01,4.27,,,,
_result,0,2025-11-07 00:46:39+00:00,E0107,wach,0.75,,,,,,,,
_result,1,2025-11-07 00:48:40+00:00,E0107,wach,,A,4.6,4.01,4.27,,,,
_result,0,2025-11-07 00:48:41+00:00,E0107,wach,0.75,,,,,,,,
_result,0,2025-11-07 00:50:36+00:00,E0107,wach,0.75,,,,,,,,
_result,0,2025-11-07 00:52:38+00:00,E0107,wach,0.75,,,,,,,,
_result,0,2025-11-07 00:54:32+00:00,E0107,wach,0.75,,,,,,,,
_result,2,2025-11-07 00:56:35+00:00,E0107,wach,,V,,,,235.1,,,
_result,0,2025-11-07 00:56:36+00:00,E0107,wach,0.75,,,,,,,,
_result,2,2025-11-07 00:58:34+00:00,E0107,wach,,V,,,,235.1,232.8,235.2,
_result,0,2025-11-07 00:58:35+00:00,E0107,wach,0.75,,,,,,,,
_result,2,2025-11-07 01:00:38+00:00,E0107,wach,,V,,,,235.2,233.0,235.2,
_result,0,2025-11-07 01:00:39+00:00,E0107,wach,0.75,,,,,,,,
_result,1,2025-11-07 01:02:38+00:00,E0107,wach,,A,4.61,4.01,4.27,,,,
_result,0,2025-11-07 01:02:39+00:00,E0107,wach,0.75,,,,,,,,
_result,0,2025-11-07 01:04:35+00:00,E0107,wach,0.75,,,,,,,,
_result,1,2025-11-07 01:06:33+00:00,E0107,wach,,A,4.6,4.01,4.26,,,,
_result,0,2025-11-07 01:06:34+00:00,E0107,wach,0.75,,,,,,,,
_result,0,2025-11-07 01:08:39+00:00,E0107,wach,0.75,,,,,,,,
_result,0,2025-11-07 01:10:37+00:00,E0107,wach,0.75,,,,,,,,
_result,0,2025-11-07 01:12:38+00:00,E0107,wach,0.75,,,,,,,,
_result,1,2025-11-07 01:14:33+00:00,E0107,wach,,A,4.6,4.0,4.26,,,,
_result,0,2025-11-07 01:14:34+00:00,E0107,wach,0.75,,,,,,,,
_result,1,2025-11-07 01:16:34+00:00,E0107,wach,,A,4.6,4.0,4.26,,,,
_result,0,2025-11-07 01:16:35+00:00,E0107,wach,0.75,,,,,,,,
_result,0,2025-11-07 01:18:36+00:00,E0107,wach,0.75,,,,,,,,
_result,1,2025-11-07 01:20:32+00:00,E0107,wach,,A,4.59,3.99,4.26,,,,
_result,0,2025-11-07 01:20:33+00:00,E0107,wach,0.75,,,,,,,,
_result,1,2025-11-07 01:22:36+00:00,E0107,wach,,A,4.59,3.99,4.26,,,,
_result,0,2025-11-07 01:22:37+00:00,E0107,wach,0.75,,,,,,,,
_result,1,2025-11-07 01:24:36+00:00,E0107,wach,,A,4.59,,,,,,
_result,0,2025-11-07 01:24:37+00:00,E0107,wach,0.75,,,,,,,,
_result,2,2025-11-07 01:26:31+00:00,E0107,wach,,V,,,,233.8,231.6,233.8,
_result,0,2025-11-07 01:26:32+00:00,E0107,wach,0.75,,,,,,,,
_result,0,2025-11-07 01:28:37+00:00,E0107,wach,0.75,,,,,,,,
_result,0,2025-11-07 01:30:43+00:00,E0107,wach,0.75,,,,,,,,
_result,0,2025-11-07 01:34:36+00:00,E0107,wach,0.75,,,,,,,,
_result,1,2025-11-07 01:36:43+00:00,E0107,wach,,A,4.59,3.99,4.25,,,,
_result,0,2025-11-07 01:36:44+00:00,E0107,wach,0.75,,,,,,,,
_result,1,2025-11-07 01:38:38+00:00,E0107,wach,,A,4.59,3.99,4.25,,,,
_result,0,2025-11-07 01:38:39+00:00,E0107,wach,0.75,,,,,,,,
_result,0,2025-11-07 01:40:40+00:00,E0107,wach,0.75,,,,,,,,
_result,1,2025-11-07 01:42:38+00:00,E0107,wach,,A,4.59,3.99,4.26,,,,
_result,0,2025-11-07 01:42:39+00:00,E0107,wach,0.75,,,,,,,,
_result,0,2025-11-07 01:44:35+00:00,E0107,wach,0.75,,,,,,,,
_result,2,2025-11-07 01:46:38+00:00,E0107,wach,,V,,,,234.0,231.8,234.2,
_result,0,2025-11-07 01:46:39+00:00,E0107,wach,0.75,,,,,,,,
_result,0,2025-11-07 01:48:39+00:00,E0107,wach,0.75,,,,,,,,
_result,2,2025-11-07 01:50:36+00:00,E0107,wach,,V,,,,234.0,231.8,234.2,
_result,0,2025-11-07 01:50:37+00:00,E0107,wach,0.75,,,,,,,,
_result,0,2025-11-07 01:54:45+00:00,E0107,wach,0.75,,,,,,,,
_result,0,2025-11-07 01:56:40+00:00,E0107,wach,0.75,,,,,,,,
_result,0,2025-11-07 01:58:33+00:00,E0107,wach,0.75,,,,,,,,
_result,2,2025-11-07 02:00:40+00:00,E0107,wach,,V,,,,234.4,232.2,234.7,
_result,0,2025-11-07 02:00:41+00:00,E0107,wach,0.75,,,,,,,,
_result,0,2025-11-07 02:03:05+00:00,E0107,wach,0.75,,,,,,,,
_result,2,2025-11-07 02:04:33+00:00,E0107,wach,,V,,,,234.4,232.2,234.7,
_result,0,2025-11-07 02:04:34+00:00,E0107,wach,0.75,,,,,,,,
_result,0,2025-11-07 02:06:39+00:00,E0107,wach,0.75,,,,,,,,
_result,0,2025-11-07 02:08:37+00:00,E0107,wach,0.75,,,,,,,,
_result,1,2025-11-07 02:10:38+00:00,E0107,wach,,A,4.59,3.98,4.25,,,,
_result,0,2025-11-07 02:10:39+00:00,E0107,wach,0.75,,,,,,,,
_result,2,2025-11-07 02:12:40+00:00,E0107,wach,,V,,,,233.8,231.5,233.7,
_result,0,2025-11-07 02:12:41+00:00,E0107,wach,0.75,,,,,,,,
_result,0,2025-11-07 02:16:32+00:00,E0107,wach,0.75,,,,,,,,
_result,0,2025-11-07 02:18:38+00:00,E0107,wach,0.75,,,,,,,,
_result,1,2025-11-07 02:20:38+00:00,E0107,wach,,A,4.58,3.99,4.25,,,,
_result,0,2025-11-07 02:20:39+00:00,E0107,wach,0.75,,,,,,,,
_result,0,2025-11-07 02:22:37+00:00,E0107,wach,0.75,,,,,,,,
_result,0,2025-11-07 02:24:39+00:00,E0107,wach,0.75,,,,,,,,
_result,0,2025-11-07 02:26:40+00:00,E0107,wach,0.75,,,,,,,,
_result,0,2025-11-07 02:30:34+00:00,E0107,wach,0.75,,,,,,,,
_result,1,2025-11-07 02:33:24+00:00,E0107,wach,,A,4.58,3.99,4.25,,,,
_result,0,2025-11-07 02:33:25+00:00,E0107,wach,0.75,,,,,,,,
_result,2,2025-11-07 02:34:46+00:00,E0107,wach,,V,,,,233.6,231.4,233.7,
_result,1,2025-11-07 02:34:47+00:00,E0107,wach,,A,4.58,3.99,,,,,
_result,1,2025-11-07 02:34:48+00:00,E0107,wach,,A,,,4.25,,,,
_result,0,2025-11-07 02:34:49+00:00,E0107,wach,0.75,,,,,,,,
_result,1,2025-11-07 02:36:45+00:00,E0107,wach,,A,4.58,3.99,4.25,,,,
_result,0,2025-11-07 02:36:46+00:00,E0107,wach,0.75,,,,,,,,
_result,0,2025-11-07 02:39:12+00:00,E0107,wach,0.75,,,,,,,,
_result,1,2025-11-07 02:40:46+00:00,E0107,wach,,A,4.59,3.99,4.26,,,,
_result,3,2025-11-07 02:40:47+00:00,E0107,wach,,kW,,,,,,,2.25169
_result,0,2025-11-07 02:40:50+00:00,E0107,wach,0.75,,,,,,,,
_result,0,2025-11-07 02:42:44+00:00,E0107,wach,0.75,,,,,,,,
_result,0,2025-11-07 02:44:41+00:00,E0107,wach,0.75,,,,,,,,
_result,1,2025-11-07 02:46:44+00:00,E0107,wach,,A,4.59,3.99,4.26,,,,
_result,0,2025-11-07 02:46:45+00:00,E0107,wach,0.75,,,,,,,,
_result,0,2025-11-07 02:48:40+00:00,E0107,wach,0.75,,,,,,,,
_result,0,2025-11-07 02:51:31+00:00,E0107,wach,0.75,,,,,,,,
_result,0,2025-11-07 02:52:46+00:00,E0107,wach,0.75,,,,,,,,
_result,0,2025-11-07 02:54:40+00:00,E0107,wach,0.75,,,,,,,,
_result,0,2025-11-07 02:56:38+00:00,E0107,wach,0.75,,,,,,,,
_result,1,2025-11-07 02:58:38+00:00,E0107,wach,,A,4.59,3.99,4.26,,,,
_result,0,2025-11-07 02:58:39+00:00,E0107,wach,0.75,,,,,,,,
_result,0,2025-11-07 03:01:19+00:00,E0107,wach,0.75,,,,,,,,
_result,0,2025-11-07 03:03:27+00:00,E0107,wach,0.75,,,,,,,,
_result,0,2025-11-07 03:05:13+00:00,E0107,wach,0.75,,,,,,,,
_result,0,2025-11-07 03:07:08+00:00,E0107,wach,0.75,,,,,,,,
_result,2,2025-11-07 03:08:52+00:00,E0107,wach,,V,,,,233.1,230.8,233.2,
_result,0,2025-11-07 03:08:53+00:00,E0107,wach,0.75,,,,,,,,
_result,0,2025-11-07 03:10:39+00:00,E0107,wach,0.75,,,,,,,,
_result,0,2025-11-07 03:12:40+00:00,E0107,wach,0.75,,,,,,,,
_result,0,2025-11-07 03:16:31+00:00,E0107,wach,0.75,,,,,,,,
_result,1,2025-11-07 03:16:40+00:00,E0107,wach,,A,4.57,3.98,4.25,,,,
_result,0,2025-11-07 03:16:41+00:00,E0107,wach,0.75,,,,,,,,
_result,1,2025-11-07 03:18:47+00:00,E0107,wach,,A,4.57,3.98,4.25,,,,
_result,0,2025-11-07 03:18:48+00:00,E0107,wach,0.75,,,,,,,,
_result,0,2025-11-07 03:20:54+00:00,E0107,wach,0.75,,,,,,,,
_result,0,2025-11-07 03:22:39+00:00,E0107,wach,0.75,,,,,,,,
_result,0,2025-11-07 03:24:36+00:00,E0107,wach,0.75,,,,,,,,
_result,0,2025-11-07 03:30:46+00:00,E0107,wach,0.75,,,,,,,,
_result,2,2025-11-07 03:32:42+00:00,E0107,wach,,V,,,,233.3,231.1,,
_result,0,2025-11-07 03:32:43+00:00,E0107,wach,0.75,,,,,,,,
_result,1,2025-11-07 03:34:41+00:00,E0107,wach,,A,4.58,3.99,4.25,,,,
_result,0,2025-11-07 03:34:42+00:00,E0107,wach,0.76,,,,,,,,
_result,2,2025-11-07 03:36:38+00:00,E0107,wach,,V,,,,233.4,,,
_result,0,2025-11-07 03:36:39+00:00,E0107,wach,0.76,,,,,,,,
_result,1,2025-11-07 03:38:36+00:00,E0107,wach,,A,4.58,3.99,4.25,,,,
_result,0,2025-11-07 03:38:37+00:00,E0107,wach,0.76,,,,,,,,
_result,2,2025-11-07 03:40:41+00:00,E0107,wach,,V,,,,232.7,230.5,232.9,
_result,0,2025-11-07 03:40:42+00:00,E0107,wach,0.76,,,,,,,,
_result,1,2025-11-07 03:42:38+00:00,E0107,wach,,A,4.57,3.98,4.25,,,,
_result,0,2025-11-07 03:42:39+00:00,E0107,wach,0.76,,,,,,,,
_result,0,2025-11-07 03:44:36+00:00,E0107,wach,0.76,,,,,,,,
_result,2,2025-11-07 03:46:39+00:00,E0107,wach,,V,,,,232.7,,,
_result,0,2025-11-07 03:46:40+00:00,E0107,wach,0.76,,,,,,,,
_result,0,2025-11-07 03:48:43+00:00,E0107,wach,0.75,,,,,,,,
_result,0,2025-11-07 03:50:51+00:00,E0107,wach,0.75,,,,,,,,
_result,0,2025-11-07 03:52:52+00:00,E0107,wach,0.75,,,,,,,,
_result,0,2025-11-07 03:54:41+00:00,E0107,wach,0.76,,,,,,,,
_result,0,2025-11-07 03:56:44+00:00,E0107,wach,0.76,,,,,,,,
_result,1,2025-11-07 03:58:40+00:00,E0107,wach,,A,4.57,3.99,4.25,,,,
_result,0,2025-11-07 03:58:41+00:00,E0107,wach,0.76,,,,,,,,
_result,1,2025-11-07 04:00:40+00:00,E0107,wach,,A,4.57,3.99,4.25,,,,
_result,0,2025-11-07 04:00:41+00:00,E0107,wach,0.75,,,,,,,,
_result,0,2025-11-07 04:02:40+00:00,E0107,wach,0.75,,,,,,,,
_result,0,2025-11-07 04:04:48+00:00,E0107,wach,0.75,,,,,,,,
_result,0,2025-11-07 04:06:57+00:00,E0107,wach,0.75,,,,,,,,
_result,0,2025-11-07 04:08:42+00:00,E0107,wach,0.75,,,,,,,,
_result,0,2025-11-07 04:10:38+00:00,E0107,wach,0.75,,,,,,,,
_result,0,2025-11-07 04:12:48+00:00,E0107,wach,0.75,,,,,,,,
_result,0,2025-11-07 04:14:50+00:00,E0107,wach,0.75,,,,,,,,
_result,0,2025-11-07 04:16:51+00:00,E0107,wach,0.75,,,,,,,,
_result,2,2025-11-07 04:18:44+00:00,E0107,wach,,V,,,,233.0,230.7,233.0,
_result,0,2025-11-07 04:18:45+00:00,E0107,wach,0.75,,,,,,,,
_result,2,2025-11-07 04:20:33+00:00,E0107,wach,,V,,,,233.0,230.7,233.0,
_result,0,2025-11-07 04:20:34+00:00,E0107,wach,0.75,,,,,,,,
_result,1,2025-11-07 04:22:31+00:00,E0107,wach,,A,4.57,3.98,4.24,,,,
_result,0,2025-11-07 04:22:32+00:00,E0107,wach,0.75,,,,,,,,
_result,0,2025-11-07 04:24:58+00:00,E0107,wach,0.75,,,,,,,,
_result,0,2025-11-07 04:27:42+00:00,E0107,wach,0.75,,,,,,,,
_result,2,2025-11-07 04:30:18+00:00,E0107,wach,,V,,,,233.0,,,
_result,0,2025-11-07 04:30:19+00:00,E0107,wach,0.75,,,,,,,,
_result,1,2025-11-07 04:32:46+00:00,E0107,wach,,A,4.57,3.98,4.24,,,,
_result,0,2025-11-07 04:32:47+00:00,E0107,wach,0.75,,,,,,,,
_result,1,2025-11-07 04:34:53+00:00,E0107,wach,,A,4.57,3.98,4.24,,,,
_result,0,2025-11-07 04:34:54+00:00,E0107,wach,0.75,,,,,,,,
_result,0,2025-11-07 04:37:39+00:00,E0107,wach,0.75,,,,,,,,
_result,0,2025-11-07 04:39:47+00:00,E0107,wach,0.75,,,,,,,,
_result,0,2025-11-07 04:41:20+00:00,E0107,wach,0.75,,,,,,,,
_result,1,2025-11-07 04:43:48+00:00,E0107,wach,,A,4.57,3.98,4.25,,,,
_result,0,2025-11-07 04:43:49+00:00,E0107,wach,0.75,,,,,,,,
_result,0,2025-11-07 04:45:48+00:00,E0107,wach,0.75,,,,,,,,
_result,0,2025-11-07 04:47:45+00:00,E0107,wach,0.75,,,,,,,,
_result,0,2025-11-07 04:50:59+00:00,E0107,wach,0.75,,,,,,,,
_result,0,2025-11-07 04:53:26+00:00,E0107,wach,0.75,,,,,,,,
_result,0,2025-11-07 04:55:22+00:00,E0107,wach,0.75,,,,,,,,
_result,0,2025-11-07 04:57:32+00:00,E0107,wach,0.75,,,,,,,,
_result,0,2025-11-07 04:59:45+00:00,E0107,wach,0.75,,,,,,,,
_result,1,2025-11-07 05:01:43+00:00,E0107,wach,,A,4.58,3.99,4.25,,,,
_result,0,2025-11-07 05:01:44+00:00,E0107,wach,0.75,,,,,,,,
_result,0,2025-11-07 05:03:24+00:00,E0107,wach,0.75,,,,,,,,
_result,0,2025-11-07 05:05:24+00:00,E0107,wach,0.75,,,,,,,,
_result,1,2025-11-07 05:07:33+00:00,E0107,wach,,A,4.58,3.99,,,,,
_result,0,2025-11-07 05:07:34+00:00,E0107,wach,0.75,,,,,,,,
_result,0,2025-11-07 05:08:59+00:00,E0107,wach,0.75,,,,,,,,
_result,0,2025-11-07 05:10:39+00:00,E0107,wach,0.75,,,,,,,,
_result,1,2025-11-07 05:12:21+00:00,E0107,wach,,A,4.57,3.98,4.24,,,,
_result,0,2025-11-07 05:12:22+00:00,E0107,wach,0.75,,,,,,,,
_result,0,2025-11-07 05:14:13+00:00,E0107,wach,0.75,,,,,,,,
_result,0,2025-11-07 05:16:22+00:00,E0107,wach,0.75,,,,,,,,
_result,0,2025-11-07 05:17:55+00:00,E0107,wach,0.75,,,,,,,,
_result,1,2025-11-07 05:19:53+00:00,E0107,wach,,A,4.57,3.98,4.25,,,,
_result,0,2025-11-07 05:19:54+00:00,E0107,wach,0.75,,,,,,,,
_result,2,2025-11-07 05:21:48+00:00,E0107,wach,,V,,,,233.4,231.2,233.5,
_result,0,2025-11-07 05:21:49+00:00,E0107,wach,0.75,,,,,,,,
_result,1,2025-11-07 05:24:08+00:00,E0107,wach,,A,4.57,3.99,4.24,,,,
_result,0,2025-11-07 05:24:09+00:00,E0107,wach,0.75,,,,,,,,
_result,0,2025-11-07 05:25:50+00:00,E0107,wach,0.75,,,,,,,,
_result,0,2025-11-07 05:27:38+00:00,E0107,wach,0.75,,,,,,,,
_result,0,2025-11-07 05:29:36+00:00,E0107,wach,0.75,,,,,,,,
_result,1,2025-11-07 05:31:29+00:00,E0107,wach,,A,4.57,3.98,4.24,,,,
_result,0,2025-11-07 05:31:30+00:00,E0107,wach,0.75,,,,,,,,
_result,2,2025-11-07 05:33:55+00:00,E0107,wach,,V,,,,233.4,231.1,233.3,
_result,0,2025-11-07 05:33:56+00:00,E0107,wach,0.75,,,,,,,,
_result,0,2025-11-07 05:35:59+00:00,E0107,wach,0.75,,,,,,,,
_result,0,2025-11-07 05:37:18+00:00,E0107,wach,0.75,,,,,,,,
_result,1,2025-11-07 05:39:09+00:00,E0107,wach,,A,4.58,,,,,,
_result,0,2025-11-07 05:39:10+00:00,E0107,wach,0.75,,,,,,,,
_result,0,2025-11-07 05:41:06+00:00,E0107,wach,0.75,,,,,,,,
_result,0,2025-11-07 05:42:58+00:00,E0107,wach,0.75,,,,,,,,
_result,1,2025-11-07 05:44:47+00:00,E0107,wach,,A,4.57,,,,,,
_result,0,2025-11-07 05:44:48+00:00,E0107,wach,0.75,,,,,,,,
_result,1,2025-11-07 05:46:40+00:00,E0107,wach,,A,4.57,3.98,4.24,,,,
_result,0,2025-11-07 05:46:41+00:00,E0107,wach,0.75,,,,,,,,
_result,1,2025-11-07 05:48:34+00:00,E0107,wach,,A,4.58,3.98,4.25,,,,
_result,0,2025-11-07 05:48:35+00:00,E0107,wach,0.75,,,,,,,,
_result,1,2025-11-07 05:50:28+00:00,E0107,wach,,A,4.58,3.98,4.25,,,,
_result,0,2025-11-07 05:50:29+00:00,E0107,wach,0.75,,,,,,,,
_result,0,2025-11-07 05:52:17+00:00,E0107,wach,0.75,,,,,,,,
_result,0,2025-11-07 05:54:16+00:00,E0107,wach,0.75,,,,,,,,
_result,2,2025-11-07 05:56:19+00:00,E0107,wach,,V,,,,233.2,230.9,233.2,
_result,0,2025-11-07 05:56:20+00:00,E0107,wach,0.75,,,,,,,,
_result,0,2025-11-07 05:58:24+00:00,E0107,wach,0.75,,,,,,,,
_result,2,2025-11-07 05:59:59+00:00,E0107,wach,,V,,,,233.2,230.9,233.2,
_result,0,2025-11-07 06:00:00+00:00,E0107,wach,0.75,,,,,,,,
_result,0,2025-11-07 06:01:55+00:00,E0107,wach,0.75,,,,,,,,
_result,1,2025-11-07 06:05:40+00:00,E0107,wach,,A,4.57,3.98,4.23,,,,
_result,0,2025-11-07 06:05:41+00:00,E0107,wach,0.75,,,,,,,,
_result,0,2025-11-07 06:05:47+00:00,E0107,wach,0.75,,,,,,,,
_result,0,2025-11-07 06:07:40+00:00,E0107,wach,0.75,,,,,,,,
_result,1,2025-11-07 06:09:37+00:00,E0107,wach,,A,4.56,3.98,4.23,,,,
_result,0,2025-11-07 06:09:38+00:00,E0107,wach,0.75,,,,,,,,
_result,0,2025-11-07 06:11:28+00:00,E0107,wach,0.75,,,,,,,,
_result,0,2025-11-07 06:13:30+00:00,E0107,wach,0.75,,,,,,,,
_result,0,2025-11-07 06:15:12+00:00,E0107,wach,0.75,,,,,,,,
_result,2,2025-11-07 06:17:21+00:00,E0107,wach,,V,,,,232.8,229.7,231.9,
_result,0,2025-11-07 06:17:22+00:00,E0107,wach,0.75,,,,,,,,
_result,1,2025-11-07 06:19:26+00:00,E0107,wach,,A,4.56,3.98,4.23,,,,
_result,0,2025-11-07 06:19:27+00:00,E0107,wach,0.75,,,,,,,,
_result,2,2025-11-07 06:21:31+00:00,E0107,wach,,V,,,,232.5,230.2,,
_result,2,2025-11-07 06:21:32+00:00,E0107,wach,,V,,,,,,232.6,
_result,0,2025-11-07 06:21:34+00:00,E0107,wach,0.75,,,,,,,,
_result,0,2025-11-07 06:23:25+00:00,E0107,wach,0.75,,,,,,,,
_result,1,2025-11-07 06:25:14+00:00,E0107,wach,,A,4.56,3.98,4.23,,,,
_result,0,2025-11-07 06:25:15+00:00,E0107,wach,0.75,,,,,,,,
_result,1,2025-11-07 06:27:14+00:00,E0107,wach,,A,4.56,,,,,,
_result,0,2025-11-07 06:27:15+00:00,E0107,wach,0.75,,,,,,,,
_result,0,2025-11-07 06:29:19+00:00,E0107,wach,0.75,,,,,,,,
_result,1,2025-11-07 06:33:12+00:00,E0107,wach,,A,4.56,3.98,4.24,,,,
_result,0,2025-11-07 06:33:13+00:00,E0107,wach,0.75,,,,,,,,
_result,0,2025-11-07 06:34:37+00:00,E0107,wach,0.75,,,,,,,,
_result,1,2025-11-07 06:36:33+00:00,E0107,wach,,A,4.56,3.97,4.23,,,,
_result,0,2025-11-07 06:36:34+00:00,E0107,wach,0.75,,,,,,,,
_result,2,2025-11-07 06:39:12+00:00,E0107,wach,,V,,,,232.6,230.3,232.6,
_result,0,2025-11-07 06:39:13+00:00,E0107,wach,0.75,,,,,,,,
_result,0,2025-11-07 06:41:08+00:00,E0107,wach,0.75,,,,,,,,
_result,0,2025-11-07 06:43:10+00:00,E0107,wach,0.75,,,,,,,,
_result,0,2025-11-07 06:45:31+00:00,E0107,wach,0.75,,,,,,,,
_result,0,2025-11-07 06:47:49+00:00,E0107,wach,0.75,,,,,,,,
_result,1,2025-11-07 06:49:47+00:00,E0107,wach,,A,4.55,3.97,,,,,
_result,0,2025-11-07 06:49:48+00:00,E0107,wach,0.75,,,,,,,,
_result,1,2025-11-07 06:52:22+00:00,E0107,wach,,A,4.55,3.97,4.23,,,,
_result,0,2025-11-07 06:52:23+00:00,E0107,wach,0.75,,,,,,,,
_result,1,2025-11-07 06:54:55+00:00,E0107,wach,,A,4.55,3.97,4.23,,,,
_result,0,2025-11-07 06:54:56+00:00,E0107,wach,0.75,,,,,,,,
_result,0,2025-11-07 06:57:10+00:00,E0107,wach,0.75,,,,,,,,
_result,0,2025-11-07 06:59:57+00:00,E0107,wach,0.75,,,,,,,,
_result,2,2025-11-07 07:02:24+00:00,E0107,wach,,V,,,,234.0,231.7,234.0,
_result,0,2025-11-07 07:02:25+00:00,E0107,wach,0.75,,,,,,,,
_result,0,2025-11-07 07:03:59+00:00,E0107,wach,0.75,,,,,,,,
_result,0,2025-11-07 07:05:51+00:00,E0107,wach,0.75,,,,,,,,
_result,0,2025-11-07 07:08:33+00:00,E0107,wach,0.75,,,,,,,,
_result,1,2025-11-07 07:10:46+00:00,E0107,wach,,A,4.57,3.99,4.25,,,,
_result,0,2025-11-07 07:10:47+00:00,E0107,wach,0.75,,,,,,,,
_result,0,2025-11-07 07:13:24+00:00,E0107,wach,0.75,,,,,,,,
_result,2,2025-11-07 07:15:49+00:00,E0107,wach,,V,,,,233.8,231.5,233.9,
_result,1,2025-11-07 07:15:50+00:00,E0107,wach,,A,4.57,3.99,4.25,,,,
_result,3,2025-11-07 07:15:51+00:00,E0107,wach,,kW,,,,,,,2.23313
_result,0,2025-11-07 07:15:52+00:00,E0107,wach,0.75,,,,,,,,
_result,0,2025-11-07 07:17:43+00:00,E0107,wach,0.75,,,,,,,,
_result,1,2025-11-07 07:20:09+00:00,E0107,wach,,A,4.57,3.98,4.24,,,,
_result,0,2025-11-07 07:20:10+00:00,E0107,wach,0.75,,,,,,,,
_result,0,2025-11-07 07:23:13+00:00,E0107,wach,0.75,,,,,,,,
_result,1,2025-11-07 07:25:24+00:00,E0107,wach,,A,4.57,3.98,4.25,,,,
_result,0,2025-11-07 07:25:25+00:00,E0107,wach,0.75,,,,,,,,
_result,0,2025-11-07 07:29:57+00:00,E0107,wach,0.75,,,,,,,,
_result,1,2025-11-07 07:30:37+00:00,E0107,wach,,A,4.57,3.98,4.25,,,,
_result,0,2025-11-07 07:30:38+00:00,E0107,wach,0.75,,,,,,,,
_result,0,2025-11-07 07:32:41+00:00,E0107,wach,0.75,,,,,,,,
_result,0,2025-11-07 07:34:36+00:00,E0107,wach,0.75,,,,,,,,
_result,0,2025-11-07 07:38:14+00:00,E0107,wach,0.75,,,,,,,,
_result,0,2025-11-07 07:38:29+00:00,E0107,wach,0.75,,,,,,,,
_result,1,2025-11-07 07:41:45+00:00,E0107,wach,,A,4.58,3.99,4.25,,,,
_result,0,2025-11-07 07:41:46+00:00,E0107,wach,0.75,,,,,,,,
_result,0,2025-11-07 07:42:13+00:00,E0107,wach,0.75,,,,,,,,
_result,0,2025-11-07 07:44:13+00:00,E0107,wach,0.75,,,,,,,,
_result,0,2025-11-07 07:46:25+00:00,E0107,wach,0.75,,,,,,,,
_result,0,2025-11-07 07:49:06+00:00,E0107,wach,0.75,,,,,,,,
_result,1,2025-11-07 07:50:22+00:00,E0107,wach,,A,4.58,3.99,4.25,,,,
_result,0,2025-11-07 07:50:23+00:00,E0107,wach,0.75,,,,,,,,
_result,0,2025-11-07 07:52:23+00:00,E0107,wach,0.75,,,,,,,,
_result,0,2025-11-07 07:54:59+00:00,E0107,wach,0.75,,,,,,,,
_result,0,2025-11-07 07:57:11+00:00,E0107,wach,0.75,,,,,,,,
_result,1,2025-11-07 07:59:37+00:00,E0107,wach,,A,4.58,3.98,4.25,,,,
_result,0,2025-11-07 07:59:39+00:00,E0107,wach,0.75,,,,,,,,
_result,1,2025-11-07 08:01:58+00:00,E0107,wach,,A,4.57,3.98,4.24,,,,
_result,0,2025-11-07 08:01:59+00:00,E0107,wach,0.75,,,,,,,,
_result,1,2025-11-07 08:04:09+00:00,E0107,wach,,A,4.57,3.98,4.24,,,,
_result,0,2025-11-07 08:04:10+00:00,E0107,wach,0.75,,,,,,,,
_result,2,2025-11-07 08:06:07+00:00,E0107,wach,,V,,,,233.5,231.2,,
_result,0,2025-11-07 08:06:08+00:00,E0107,wach,0.75,,,,,,,,
_result,0,2025-11-07 08:08:21+00:00,E0107,wach,0.75,,,,,,,,
_result,0,2025-11-07 08:10:29+00:00,E0107,wach,0.75,,,,,,,,
_result,0,2025-11-07 08:12:25+00:00,E0107,wach,0.75,,,,,,,,
_result,0,2025-11-07 08:14:20+00:00,E0107,wach,0.75,,,,,,,,
_result,0,2025-11-07 08:16:07+00:00,E0107,wach,0.75,,,,,,,,
_result,1,2025-11-07 08:18:10+00:00,E0107,wach,,A,4.57,3.99,4.25,,,,
_result,0,2025-11-07 08:18:11+00:00,E0107,wach,0.75,,,,,,,,
_result,0,2025-11-07 08:23:15+00:00,E0107,wach,0.75,,,,,,,,
_result,1,2025-11-07 08:23:33+00:00,E0107,wach,,A,4.56,3.98,4.25,,,,
_result,0,2025-11-07 08:23:34+00:00,E0107,wach,0.75,,,,,,,,
_result,0,2025-11-07 08:26:59+00:00,E0107,wach,0.75,,,,,,,,
_result,0,2025-11-07 08:28:44+00:00,E0107,wach,0.75,,,,,,,,
_result,1,2025-11-07 08:30:40+00:00,E0107,wach,,A,4.56,,,,,,
_result,0,2025-11-07 08:30:41+00:00,E0107,wach,0.75,,,,,,,,
_result,2,2025-11-07 08:32:53+00:00,E0107,wach,,V,,,,233.8,231.6,233.9,
_result,0,2025-11-07 08:32:54+00:00,E0107,wach,0.75,,,,,,,,
_result,0,2025-11-07 08:34:35+00:00,E0107,wach,0.75,,,,,,,,
_result,0,2025-11-07 08:36:46+00:00,E0107,wach,0.75,,,,,,,,
_result,2,2025-11-07 08:38:39+00:00,E0107,wach,,V,,,,233.9,231.7,,
_result,2,2025-11-07 08:38:40+00:00,E0107,wach,,V,,,,,,234.0,
_result,1,2025-11-07 08:38:41+00:00,E0107,wach,,A,4.58,3.98,4.26,,,,
_result,3,2025-11-07 08:38:42+00:00,E0107,wach,,kW,,,,,,,2.22958
_result,0,2025-11-07 08:38:43+00:00,E0107,wach,0.75,,,,,,,,
_result,0,2025-11-07 08:41:27+00:00,E0107,wach,0.75,,,,,,,,
_result,0,2025-11-07 08:43:01+00:00,E0107,wach,0.75,,,,,,,,
_result,1,2025-11-07 08:45:50+00:00,E0107,wach,,A,4.57,3.99,4.25,,,,
_result,0,2025-11-07 08:45:51+00:00,E0107,wach,0.75,,,,,,,,
_result,0,2025-11-07 08:47:48+00:00,E0107,wach,0.75,,,,,,,,
_result,1,2025-11-07 08:52:07+00:00,E0107,wach,,A,4.57,3.99,4.25,,,,
_result,0,2025-11-07 08:52:08+00:00,E0107,wach,0.75,,,,,,,,
_result,0,2025-11-07 08:53:46+00:00,E0107,wach,0.75,,,,,,,,
_result,2,2025-11-07 08:55:18+00:00,E0107,wach,,V,,,,234.2,231.9,234.2,
_result,0,2025-11-07 08:55:19+00:00,E0107,wach,0.75,,,,,,,,
_result,2,2025-11-07 08:57:07+00:00,E0107,wach,,V,,,,234.2,,,
_result,1,2025-11-07 08:57:08+00:00,E0107,wach,,A,4.58,3.98,4.25,,,,
_result,3,2025-11-07 08:57:09+00:00,E0107,wach,,kW,,,,,,,2.23742
_result,0,2025-11-07 08:57:10+00:00,E0107,wach,0.75,,,,,,,,
_result,0,2025-11-07 09:01:24+00:00,E0107,wach,0.75,,,,,,,,
_result,1,2025-11-07 09:03:44+00:00,E0107,wach,,A,4.58,3.98,4.25,,,,
_result,0,2025-11-07 09:03:45+00:00,E0107,wach,0.75,,,,,,,,
_result,0,2025-11-07 09:03:59+00:00,E0107,wach,0.75,,,,,,,,
_result,0,2025-11-07 09:05:44+00:00,E0107,wach,0.75,,,,,,,,
_result,1,2025-11-07 09:08:59+00:00,E0107,wach,,A,4.59,3.99,4.26,,,,
_result,0,2025-11-07 09:09:00+00:00,E0107,wach,0.75,,,,,,,,
_result,0,2025-11-07 09:09:56+00:00,E0107,wach,0.75,,,,,,,,
_result,2,2025-11-07 09:11:51+00:00,E0107,wach,,V,,,,235.8,233.6,235.8,
_result,0,2025-11-07 09:11:52+00:00,E0107,wach,0.74,,,,,,,,
_result,1,2025-11-07 09:15:22+00:00,E0107,wach,,A,4.61,4.01,4.28,,,,
_result,0,2025-11-07 09:15:23+00:00,E0107,wach,0.74,,,,,,,,
_result,0,2025-11-07 09:15:44+00:00,E0107,wach,0.74,,,,,,,,
_result,0,2025-11-07 09:18:05+00:00,E0107,wach,0.74,,,,,,,,
_result,0,2025-11-07 09:20:05+00:00,E0107,wach,0.74,,,,,,,,
_result,0,2025-11-07 09:22:46+00:00,E0107,wach,0.74,,,,,,,,
_result,0,2025-11-07 09:24:43+00:00,E0107,wach,0.74,,,,,,,,
_result,0,2025-11-07 09:26:53+00:00,E0107,wach,0.74,,,,,,,,
_result,0,2025-11-07 09:28:49+00:00,E0107,wach,0.74,,,,,,,,
_result,2,2025-11-07 09:30:32+00:00,E0107,wach,,V,,,,235.9,,,
_result,0,2025-11-07 09:30:33+00:00,E0107,wach,0.74,,,,,,,,
_result,1,2025-11-07 09:32:52+00:00,E0107,wach,,A,4.62,4.02,4.29,,,,
_result,0,2025-11-07 09:32:53+00:00,E0107,wach,0.74,,,,,,,,
_result,0,2025-11-07 09:34:43+00:00,E0107,wach,0.74,,,,,,,,
_result,0,2025-11-07 09:36:49+00:00,E0107,wach,0.74,,,,,,,,
_result,0,2025-11-07 09:39:09+00:00,E0107,wach,0.74,,,,,,,,
_result,1,2025-11-07 09:41:10+00:00,E0107,wach,,A,4.63,4.03,4.31,,,,
_result,0,2025-11-07 09:41:11+00:00,E0107,wach,0.74,,,,,,,,
_result,2,2025-11-07 09:43:13+00:00,E0107,wach,,V,,,,237.4,235.3,237.6,
_result,1,2025-11-07 09:43:14+00:00,E0107,wach,,A,4.63,4.03,4.31,,,,
_result,0,2025-11-07 09:43:15+00:00,E0107,wach,0.74,,,,,,,,
_result,0,2025-11-07 09:45:19+00:00,E0107,wach,0.74,,,,,,,,
_result,1,2025-11-07 09:47:13+00:00,E0107,wach,,A,4.65,4.03,4.33,,,,
_result,0,2025-11-07 09:47:14+00:00,E0107,wach,0.73,,,,,,,,
_result,1,2025-11-07 09:49:01+00:00,E0107,wach,,A,4.65,4.03,,,,,
_result,0,2025-11-07 09:49:02+00:00,E0107,wach,0.73,,,,,,,,
_result,0,2025-11-07 09:51:08+00:00,E0107,wach,0.73,,,,,,,,
_result,0,2025-11-07 09:53:13+00:00,E0107,wach,0.73,,,,,,,,
_result,2,2025-11-07 09:55:29+00:00,E0107,wach,,V,,,,238.9,236.8,239.0,
_result,0,2025-11-07 09:55:30+00:00,E0107,wach,0.73,,,,,,,,
_result,0,2025-11-07 09:56:52+00:00,E0107,wach,0.73,,,,,,,,
_result,0,2025-11-07 09:58:48+00:00,E0107,wach,0.73,,,,,,,,
_result,0,2025-11-07 10:00:51+00:00,E0107,wach,0.75,,,,,,,,
_result,1,2025-11-07 10:03:18+00:00,E0107,wach,,A,4.6,4.0,4.28,,,,
_result,0,2025-11-07 10:03:19+00:00,E0107,wach,0.75,,,,,,,,
_result,0,2025-11-07 10:05:07+00:00,E0107,wach,0.75,,,,,,,,
_result,0,2025-11-07 10:06:58+00:00,E0107,wach,0.75,,,,,,,,
_result,1,2025-11-07 10:08:45+00:00,E0107,wach,,A,4.6,4.01,4.28,,,,
_result,0,2025-11-07 10:08:46+00:00,E0107,wach,0.74,,,,,,,,
_result,0,2025-11-07 10:11:08+00:00,E0107,wach,0.74,,,,,,,,
_result,0,2025-11-07 10:13:22+00:00,E0107,wach,0.74,,,,,,,,
_result,2,2025-11-07 10:15:20+00:00,E0107,wach,,V,,,,235.4,233.3,235.6,
_result,0,2025-11-07 10:15:21+00:00,E0107,wach,0.74,,,,,,,,
_result,0,2025-11-07 10:17:08+00:00,E0107,wach,0.74,,,,,,,,
_result,0,2025-11-07 10:18:51+00:00,E0107,wach,0.74,,,,,,,,
_result,1,2025-11-07 10:20:38+00:00,E0107,wach,,A,4.57,4.0,4.27,,,,
_result,0,2025-11-07 10:20:39+00:00,E0107,wach,0.75,,,,,,,,
_result,0,2025-11-07 10:24:05+00:00,E0107,wach,0.75,,,,,,,,
_result,0,2025-11-07 10:26:15+00:00,E0107,wach,0.75,,,,,,,,
_result,0,2025-11-07 10:27:09+00:00,E0107,wach,0.75,,,,,,,,
_result,1,2025-11-07 10:28:35+00:00,E0107,wach,,A,4.59,4.0,,,,,
_result,0,2025-11-07 10:28:36+00:00,E0107,wach,0.75,,,,,,,,
_result,0,2025-11-07 10:30:36+00:00,E0107,wach,0.75,,,,,,,,
_result,0,2025-11-07 10:32:36+00:00,E0107,wach,0.75,,,,,,,,
_result,0,2025-11-07 10:34:47+00:00,E0107,wach,0.75,,,,,,,,
_result,1,2025-11-07 10:36:29+00:00,E0107,wach,,A,4.59,,,,,,
_result,0,2025-11-07 10:36:30+00:00,E0107,wach,0.75,,,,,,,,
_result,0,2025-11-07 10:38:27+00:00,E0107,wach,0.75,,,,,,,,
_result,0,2025-11-07 10:40:32+00:00,E0107,wach,0.75,,,,,,,,
_result,0,2025-11-07 10:42:19+00:00,E0107,wach,0.75,,,,,,,,
_result,0,2025-11-07 10:44:34+00:00,E0107,wach,0.75,,,,,,,,
_result,0,2025-11-07 10:46:28+00:00,E0107,wach,0.75,,,,,,,,
_result,0,2025-11-07 10:48:37+00:00,E0107,wach,0.75,,,,,,,,
_result,1,2025-11-07 10:50:37+00:00,E0107,wach,,A,4.6,3.99,4.29,,,,
_result,0,2025-11-07 10:50:38+00:00,E0107,wach,0.75,,,,,,,,
_result,1,2025-11-07 10:52:36+00:00,E0107,wach,,A,4.6,3.99,,,,,
_result,0,2025-11-07 10:52:37+00:00,E0107,wach,0.75,,,,,,,,
_result,0,2025-11-07 10:54:31+00:00,E0107,wach,0.74,,,,,,,,
_result,0,2025-11-07 10:56:47+00:00,E0107,wach,0.74,,,,,,,,
_result,1,2025-11-07 10:58:38+00:00,E0107,wach,,A,4.6,4.0,4.3,,,,
_result,0,2025-11-07 10:58:39+00:00,E0107,wach,0.74,,,,,,,,
_result,1,2025-11-07 11:00:32+00:00,E0107,wach,,A,4.6,4.0,4.31,,,,
_result,0,2025-11-07 11:00:33+00:00,E0107,wach,0.74,,,,,,,,
_result,0,2025-11-07 11:04:18+00:00,E0107,wach,0.74,,,,,,,,
_result,0,2025-11-07 11:04:36+00:00,E0107,wach,0.74,,,,,,,,
_result,1,2025-11-07 11:06:13+00:00,E0107,wach,,A,4.6,4.0,4.31,,,,
_result,0,2025-11-07 11:06:14+00:00,E0107,wach,0.74,,,,,,,,
_result,1,2025-11-07 11:08:04+00:00,E0107,wach,,A,4.6,4.0,,,,,
_result,0,2025-11-07 11:08:05+00:00,E0107,wach,0.75,,,,,,,,
_result,1,2025-11-07 11:10:01+00:00,E0107,wach,,A,4.6,4.0,4.31,,,,
_result,0,2025-11-07 11:10:02+00:00,E0107,wach,0.75,,,,,,,,
_result,0,2025-11-07 11:11:56+00:00,E0107,wach,0.75,,,,,,,,
_result,1,2025-11-07 11:13:48+00:00,E0107,wach,,A,0.66,0.2,0.26,,,,
_result,0,2025-11-07 11:13:49+00:00,E0107,wach,0.9,,,,,,,,
_result,0,2025-11-07 11:15:38+00:00,E0107,wach,0.9,,,,,,,,
_result,0,2025-11-07 11:17:33+00:00,E0107,wach,0.9,,,,,,,,
_result,0,2025-11-07 11:19:20+00:00,E0107,wach,0.9,,,,,,,,
_result,0,2025-11-07 11:21:24+00:00,E0107,wach,0.9,,,,,,,,
_result,0,2025-11-07 11:23:22+00:00,E0107,wach,0.9,,,,,,,,
_result,0,2025-11-07 11:25:14+00:00,E0107,wach,0.9,,,,,,,,
_result,0,2025-11-07 11:26:58+00:00,E0107,wach,0.9,,,,,,,,
_result,0,2025-11-07 11:28:51+00:00,E0107,wach,0.9,,,,,,,,
_result,0,2025-11-07 11:30:54+00:00,E0107,wach,0.9,,,,,,,,
_result,0,2025-11-07 11:32:50+00:00,E0107,wach,0.9,,,,,,,,
_result,2,2025-11-07 11:35:04+00:00,E0107,wach,,V,,,,235.0,233.1,235.4,
_result,0,2025-11-07 11:35:05+00:00,E0107,wach,0.9,,,,,,,,
_result,0,2025-11-07 11:37:10+00:00,E0107,wach,0.9,,,,,,,,
_result,0,2025-11-07 11:39:00+00:00,E0107,wach,0.9,,,,,,,,
_result,0,2025-11-07 11:41:05+00:00,E0107,wach,0.9,,,,,,,,
_result,1,2025-11-07 11:42:32+00:00,E0107,wach,,A,0.66,0.2,0.25,,,,
_result,0,2025-11-07 11:42:33+00:00,E0107,wach,0.9,,,,,,,,
_result,1,2025-11-07 11:44:39+00:00,E0107,wach,,A,0.66,0.2,0.25,,,,
_result,0,2025-11-07 11:44:40+00:00,E0107,wach,0.9,,,,,,,,
_result,0,2025-11-07 11:46:52+00:00,E0107,wach,0.9,,,,,,,,
_result,0,2025-11-07 11:48:57+00:00,E0107,wach,0.9,,,,,,,,
_result,1,2025-11-07 11:50:59+00:00,E0107,wach,,A,0.66,0.2,0.26,,,,
_result,0,2025-11-07 11:51:00+00:00,E0107,wach,0.9,,,,,,,,
_result,0,2025-11-07 11:52:46+00:00,E0107,wach,0.9,,,,,,,,
_result,1,2025-11-07 11:54:25+00:00,E0107,wach,,A,0.66,0.2,0.25,,,,
_result,0,2025-11-07 11:54:26+00:00,E0107,wach,0.9,,,,,,,,
_result,0,2025-11-07 11:56:13+00:00,E0107,wach,0.9,,,,,,,,
_result,0,2025-11-07 11:58:09+00:00,E0107,wach,0.9,,,,,,,,
_result,1,2025-11-07 12:00:01+00:00,E0107,wach,,A,0.66,0.2,0.26,,,,
_result,0,2025-11-07 12:00:02+00:00,E0107,wach,0.9,,,,,,,,
_result,0,2025-11-07 12:02:07+00:00,E0107,wach,0.9,,,,,,,,
_result,0,2025-11-07 12:03:54+00:00,E0107,wach,0.9,,,,,,,,
_result,0,2025-11-07 12:06:07+00:00,E0107,wach,0.9,,,,,,,,
_result,0,2025-11-07 12:07:50+00:00,E0107,wach,0.9,,,,,,,,
_result,0,2025-11-07 12:09:47+00:00,E0107,wach,0.9,,,,,,,,
_result,1,2025-11-07 12:12:06+00:00,E0107,wach,,A,0.66,0.2,0.26,,,,
_result,0,2025-11-07 12:12:07+00:00,E0107,wach,0.9,,,,,,,,
_result,1,2025-11-07 12:14:12+00:00,E0107,wach,,A,0.66,0.2,0.26,,,,
_result,0,2025-11-07 12:14:13+00:00,E0107,wach,0.9,,,,,,,,
_result,0,2025-11-07 12:16:01+00:00,E0107,wach,0.9,,,,,,,,
_result,1,2025-11-07 12:17:45+00:00,E0107,wach,,A,0.66,0.2,0.26,,,,
_result,0,2025-11-07 12:17:46+00:00,E0107,wach,0.9,,,,,,,,
_result,0,2025-11-07 12:19:23+00:00,E0107,wach,0.9,,,,,,,,
_result,0,2025-11-07 12:21:19+00:00,E0107,wach,0.9,,,,,,,,
_result,0,2025-11-07 12:23:14+00:00,E0107,wach,0.9,,,,,,,,
_result,0,2025-11-07 12:25:03+00:00,E0107,wach,0.9,,,,,,,,
_result,0,2025-11-07 12:26:54+00:00,E0107,wach,0.9,,,,,,,,
_result,1,2025-11-07 12:28:54+00:00,E0107,wach,,A,0.66,0.2,0.26,,,,
_result,0,2025-11-07 12:28:55+00:00,E0107,wach,0.9,,,,,,,,
_result,0,2025-11-07 12:30:49+00:00,E0107,wach,0.9,,,,,,,,
_result,0,2025-11-07 12:33:22+00:00,E0107,wach,0.9,,,,,,,,
_result,2,2025-11-07 12:35:03+00:00,E0107,wach,,V,,,,236.1,234.2,236.7,
_result,1,2025-11-07 12:35:04+00:00,E0107,wach,,A,0.66,0.2,0.26,,,,
_result,0,2025-11-07 12:35:05+00:00,E0107,wach,0.9,,,,,,,,
_result,0,2025-11-07 12:36:59+00:00,E0107,wach,0.9,,,,,,,,
_result,0,2025-11-07 12:38:33+00:00,E0107,wach,0.9,,,,,,,,
_result,0,2025-11-07 12:40:32+00:00,E0107,wach,0.9,,,,,,,,
_result,2,2025-11-07 12:42:23+00:00,E0107,wach,,V,,,,236.1,234.2,236.7,
_result,0,2025-11-07 12:42:24+00:00,E0107,wach,0.9,,,,,,,,
_result,1,2025-11-07 12:44:24+00:00,E0107,wach,,A,0.66,0.2,0.26,,,,
_result,0,2025-11-07 12:44:25+00:00,E0107,wach,0.9,,,,,,,,
_result,1,2025-11-07 12:46:19+00:00,E0107,wach,,A,0.66,0.2,0.26,,,,
_result,0,2025-11-07 12:46:21+00:00,E0107,wach,0.9,,,,,,,,
_result,1,2025-11-07 12:48:21+00:00,E0107,wach,,A,0.66,0.2,0.26,,,,
_result,0,2025-11-07 12:48:22+00:00,E0107,wach,0.9,,,,,,,,
_result,1,2025-11-07 12:50:33+00:00,E0107,wach,,A,0.66,0.2,0.26,,,,
_result,0,2025-11-07 12:50:34+00:00,E0107,wach,0.9,,,,,,,,
_result,0,2025-11-07 12:52:06+00:00,E0107,wach,0.9,,,,,,,,
_result,0,2025-11-07 12:53:59+00:00,E0107,wach,0.9,,,,,,,,
_result,0,2025-11-07 12:55:50+00:00,E0107,wach,0.9,,,,,,,,
_result,0,2025-11-07 12:57:50+00:00,E0107,wach,0.9,,,,,,,,
_result,1,2025-11-07 12:59:35+00:00,E0107,wach,,A,0.66,0.2,0.26,,,,
_result,0,2025-11-07 12:59:36+00:00,E0107,wach,0.9,,,,,,,,
_result,0,2025-11-07 13:01:46+00:00,E0107,wach,0.9,,,,,,,,
_result,1,2025-11-07 13:03:34+00:00,E0107,wach,,A,0.66,0.2,0.26,,,,
_result,0,2025-11-07 13:03:35+00:00,E0107,wach,0.9,,,,,,,,
_result,0,2025-11-07 13:05:32+00:00,E0107,wach,0.9,,,,,,,,
_result,0,2025-11-07 13:07:21+00:00,E0107,wach,0.9,,,,,,,,
_result,0,2025-11-07 13:09:11+00:00,E0107,wach,0.9,,,,,,,,
_result,0,2025-11-07 13:11:14+00:00,E0107,wach,0.9,,,,,,,,
_result,0,2025-11-07 13:13:14+00:00,E0107,wach,0.9,,,,,,,,
_result,1,2025-11-07 13:15:08+00:00,E0107,wach,,A,0.66,,,,,,
_result,0,2025-11-07 13:15:09+00:00,E0107,wach,0.9,,,,,,,,
_result,0,2025-11-07 13:17:05+00:00,E0107,wach,0.9,,,,,,,,
_result,0,2025-11-07 13:18:55+00:00,E0107,wach,0.9,,,,,,,,
_result,0,2025-11-07 13:21:15+00:00,E0107,wach,0.9,,,,,,,,
_result,1,2025-11-07 13:23:09+00:00,E0107,wach,,A,0.66,0.2,0.26,,,,
_result,0,2025-11-07 13:23:10+00:00,E0107,wach,0.9,,,,,,,,
_result,0,2025-11-07 13:25:12+00:00,E0107,wach,0.9,,,,,,,,
_result,0,2025-11-07 13:26:55+00:00,E0107,wach,0.9,,,,,,,,
_result,0,2025-11-07 13:28:34+00:00,E0107,wach,0.9,,,,,,,,
_result,0,2025-11-07 13:30:33+00:00,E0107,wach,0.9,,,,,,,,
_result,2,2025-11-07 13:32:12+00:00,E0107,wach,,V,,,,237.0,234.9,237.6,
_result,0,2025-11-07 13:32:13+00:00,E0107,wach,0.9,,,,,,,,
_result,2,2025-11-07 13:34:10+00:00,E0107,wach,,V,,,,237.0,234.9,,
_result,0,2025-11-07 13:34:11+00:00,E0107,wach,0.9,,,,,,,,
_result,1,2025-11-07 13:36:16+00:00,E0107,wach,,A,0.66,0.2,0.26,,,,
_result,0,2025-11-07 13:36:17+00:00,E0107,wach,0.9,,,,,,,,
_result,0,2025-11-07 13:38:11+00:00,E0107,wach,0.9,,,,,,,,
_result,0,2025-11-07 13:39:48+00:00,E0107,wach,0.9,,,,,,,,
_result,0,2025-11-07 13:41:44+00:00,E0107,wach,0.9,,,,,,,,
_result,0,2025-11-07 13:43:23+00:00,E0107,wach,0.9,,,,,,,,
_result,0,2025-11-07 13:45:17+00:00,E0107,wach,0.9,,,,,,,,
_result,0,2025-11-07 13:47:09+00:00,E0107,wach,0.9,,,,,,,,
_result,1,2025-11-07 13:49:02+00:00,E0107,wach,,A,0.66,0.2,0.26,,,,
_result,0,2025-11-07 13:49:03+00:00,E0107,wach,0.9,,,,,,,,
_result,1,2025-11-07 13:51:05+00:00,E0107,wach,,A,0.66,0.2,0.26,,,,
_result,0,2025-11-07 13:51:06+00:00,E0107,wach,0.9,,,,,,,,
_result,1,2025-11-07 13:52:57+00:00,E0107,wach,,A,0.66,0.2,0.26,,,,
_result,0,2025-11-07 13:52:58+00:00,E0107,wach,0.9,,,,,,,,
_result,0,2025-11-07 13:54:49+00:00,E0107,wach,0.9,,,,,,,,
_result,2,2025-11-07 13:56:50+00:00,E0107,wach,,V,,,,237.2,235.2,,
_result,0,2025-11-07 13:56:51+00:00,E0107,wach,0.9,,,,,,,,
_result,0,2025-11-07 13:58:47+00:00,E0107,wach,0.9,,,,,,,,
_result,0,2025-11-07 14:00:29+00:00,E0107,wach,0.9,,,,,,,,
_result,0,2025-11-07 14:02:18+00:00,E0107,wach,0.9,,,,,,,,
_result,1,2025-11-07 14:05:40+00:00,E0107,wach,,A,0.66,0.2,0.26,,,,
_result,0,2025-11-07 14:05:41+00:00,E0107,wach,0.9,,,,,,,,
_result,1,2025-11-07 14:06:03+00:00,E0107,wach,,A,0.66,0.2,0.26,,,,
_result,0,2025-11-07 14:06:04+00:00,E0107,wach,0.9,,,,,,,,
_result,1,2025-11-07 14:08:06+00:00,E0107,wach,,A,0.66,0.2,0.26,,,,
_result,0,2025-11-07 14:08:07+00:00,E0107,wach,0.9,,,,,,,,
_result,0,2025-11-07 14:09:49+00:00,E0107,wach,0.9,,,,,,,,
_result,0,2025-11-07 14:11:37+00:00,E0107,wach,0.9,,,,,,,,
_result,0,2025-11-07 14:13:39+00:00,E0107,wach,0.9,,,,,,,,
_result,0,2025-11-07 14:15:47+00:00,E0107,wach,0.9,,,,,,,,
_result,0,2025-11-07 14:17:31+00:00,E0107,wach,0.9,,,,,,,,
_result,2,2025-11-07 14:19:37+00:00,E0107,wach,,V,,,,237.8,,,
_result,0,2025-11-07 14:19:38+00:00,E0107,wach,0.9,,,,,,,,
_result,1,2025-11-07 14:21:24+00:00,E0107,wach,,A,0.66,,,,,,
_result,0,2025-11-07 14:21:25+00:00,E0107,wach,0.9,,,,,,,,
_result,0,2025-11-07 14:23:18+00:00,E0107,wach,0.9,,,,,,,,
_result,0,2025-11-07 14:25:08+00:00,E0107,wach,0.9,,,,,,,,
_result,1,2025-11-07 14:26:50+00:00,E0107,wach,,A,0.66,0.2,0.26,,,,
_result,0,2025-11-07 14:26:51+00:00,E0107,wach,0.9,,,,,,,,
_result,0,2025-11-07 14:28:52+00:00,E0107,wach,0.9,,,,,,,,
_result,1,2025-11-07 14:30:51+00:00,E0107,wach,,A,0.66,0.2,,,,,
_result,0,2025-11-07 14:30:52+00:00,E0107,wach,0.9,,,,,,,,
_result,0,2025-11-07 14:32:50+00:00,E0107,wach,0.9,,,,,,,,
_result,0,2025-11-07 14:34:45+00:00,E0107,wach,0.9,,,,,,,,
_result,0,2025-11-07 14:36:42+00:00,E0107,wach,0.9,,,,,,,,
_result,0,2025-11-07 14:38:46+00:00,E0107,wach,0.9,,,,,,,,
_result,1,2025-11-07 14:40:46+00:00,E0107,wach,,A,0.66,0.2,0.26,,,,
_result,0,2025-11-07 14:40:47+00:00,E0107,wach,0.9,,,,,,,,
_result,0,2025-11-07 14:42:46+00:00,E0107,wach,0.9,,,,,,,,
_result,0,2025-11-07 14:44:41+00:00,E0107,wach,0.9,,,,,,,,
_result,2,2025-11-07 14:46:39+00:00,E0107,wach,,V,,,,237.1,234.8,237.5,
_result,1,2025-11-07 14:46:40+00:00,E0107,wach,,A,0.66,0.2,0.26,,,,
_result,0,2025-11-07 14:46:41+00:00,E0107,wach,0.9,,,,,,,,
_result,2,2025-11-07 14:48:39+00:00,E0107,wach,,V,,,,237.2,234.9,237.6,
_result,1,2025-11-07 14:48:40+00:00,E0107,wach,,A,0.66,0.2,0.26,,,,
_result,0,2025-11-07 14:48:41+00:00,E0107,wach,0.9,,,,,,,,
_result,0,2025-11-07 14:50:45+00:00,E0107,wach,0.9,,,,,,,,
_result,0,2025-11-07 14:52:43+00:00,E0107,wach,0.9,,,,,,,,
_result,1,2025-11-07 14:54:41+00:00,E0107,wach,,A,0.66,0.2,0.26,,,,
_result,0,2025-11-07 14:54:42+00:00,E0107,wach,0.9,,,,,,,,
_result,0,2025-11-07 14:56:43+00:00,E0107,wach,0.9,,,,,,,,
_result,0,2025-11-07 14:58:45+00:00,E0107,wach,0.9,,,,,,,,
_result,2,2025-11-07 15:00:50+00:00,E0107,wach,,V,,,,237.3,,,
_result,0,2025-11-07 15:00:51+00:00,E0107,wach,0.9,,,,,,,,
_result,0,2025-11-07 15:02:56+00:00,E0107,wach,0.9,,,,,,,,
_result,2,2025-11-07 15:04:52+00:00,E0107,wach,,V,,,,237.3,235.3,238.0,
_result,0,2025-11-07 15:04:53+00:00,E0107,wach,0.9,,,,,,,,
_result,0,2025-11-07 15:06:45+00:00,E0107,wach,0.9,,,,,,,,
_result,0,2025-11-07 15:08:46+00:00,E0107,wach,0.9,,,,,,,,
_result,0,2025-11-07 15:10:46+00:00,E0107,wach,0.9,,,,,,,,
_result,0,2025-11-07 15:12:49+00:00,E0107,wach,0.9,,,,,,,,
_result,0,2025-11-07 15:14:44+00:00,E0107,wach,0.9,,,,,,,,
_result,0,2025-11-07 15:16:44+00:00,E0107,wach,0.9,,,,,,,,
_result,1,2025-11-07 15:18:48+00:00,E0107,wach,,A,0.66,0.2,0.26,,,,
_result,0,2025-11-07 15:18:49+00:00,E0107,wach,0.9,,,,,,,,
_result,0,2025-11-07 15:20:43+00:00,E0107,wach,0.9,,,,,,,,
_result,0,2025-11-07 15:22:42+00:00,E0107,wach,0.9,,,,,,,,
_result,1,2025-11-07 15:24:40+00:00,E0107,wach,,A,0.66,0.2,0.26,,,,
_result,0,2025-11-07 15:24:41+00:00,E0107,wach,0.9,,,,,,,,
_result,1,2025-11-07 15:26:36+00:00,E0107,wach,,A,0.66,0.2,0.26,,,,
_result,0,2025-11-07 15:26:37+00:00,E0107,wach,0.9,,,,,,,,
_result,1,2025-11-07 15:28:41+00:00,E0107,wach,,A,0.66,0.2,0.26,,,,
_result,0,2025-11-07 15:28:42+00:00,E0107,wach,0.9,,,,,,,,
_result,1,2025-11-07 15:30:40+00:00,E0107,wach,,A,0.66,0.2,0.26,,,,
_result,0,2025-11-07 15:30:41+00:00,E0107,wach,0.9,,,,,,,,
_result,0,2025-11-07 15:32:45+00:00,E0107,wach,0.9,,,,,,,,
_result,0,2025-11-07 15:34:42+00:00,E0107,wach,0.9,,,,,,,,
_result,0,2025-11-07 15:36:42+00:00,E0107,wach,0.9,,,,,,,,
_result,0,2025-11-07 15:38:42+00:00,E0107,wach,0.9,,,,,,,,
_result,0,2025-11-07 15:40:38+00:00,E0107,wach,0.9,,,,,,,,
_result,0,2025-11-07 15:42:49+00:00,E0107,wach,0.9,,,,,,,,
_result,1,2025-11-07 15:44:39+00:00,E0107,wach,,A,0.66,0.2,0.26,,,,
_result,0,2025-11-07 15:44:40+00:00,E0107,wach,0.9,,,,,,,,
_result,0,2025-11-07 15:46:39+00:00,E0107,wach,0.9,,,,,,,,
_result,0,2025-11-07 15:48:44+00:00,E0107,wach,0.9,,,,,,,,
_result,1,2025-11-07 15:50:46+00:00,E0107,wach,,A,0.66,0.2,0.26,,,,
_result,0,2025-11-07 15:50:47+00:00,E0107,wach,0.9,,,,,,,,
_result,0,2025-11-07 15:52:43+00:00,E0107,wach,0.9,,,,,,,,
_result,0,2025-11-07 15:54:39+00:00,E0107,wach,0.9,,,,,,,,
_result,0,2025-11-07 15:56:36+00:00,E0107,wach,0.9,,,,,,,,
_result,2,2025-11-07 15:58:42+00:00,E0107,wach,,V,,,,238.4,236.2,239.0,
_result,0,2025-11-07 15:58:43+00:00,E0107,wach,0.9,,,,,,,,
_result,0,2025-11-07 16:00:43+00:00,E0107,wach,0.9,,,,,,,,
_result,1,2025-11-07 16:02:48+00:00,E0107,wach,,A,0.66,0.2,0.26,,,,
_result,0,2025-11-07 16:02:49+00:00,E0107,wach,0.9,,,,,,,,
_result,1,2025-11-07 16:04:47+00:00,E0107,wach,,A,0.66,0.2,0.26,,,,
_result,0,2025-11-07 16:04:48+00:00,E0107,wach,0.9,,,,,,,,
_result,2,2025-11-07 16:06:41+00:00,E0107,wach,,V,,,,238.4,236.2,,
_result,0,2025-11-07 16:06:42+00:00,E0107,wach,0.9,,,,,,,,
_result,1,2025-11-07 16:08:41+00:00,E0107,wach,,A,0.66,0.2,0.26,,,,
_result,0,2025-11-07 16:08:42+00:00,E0107,wach,0.9,,,,,,,,
_result,1,2025-11-07 16:10:37+00:00,E0107,wach,,A,0.66,0.2,0.26,,,,
_result,0,2025-11-07 16:10:38+00:00,E0107,wach,0.9,,,,,,,,
_result,0,2025-11-07 16:12:42+00:00,E0107,wach,0.9,,,,,,,,
_result,0,2025-11-07 16:14:42+00:00,E0107,wach,0.9,,,,,,,,
_result,1,2025-11-07 16:16:34+00:00,E0107,wach,,A,0.66,0.2,0.26,,,,
_result,0,2025-11-07 16:16:35+00:00,E0107,wach,0.9,,,,,,,,
_result,1,2025-11-07 16:18:57+00:00,E0107,wach,,A,0.66,0.2,0.26,,,,
_result,0,2025-11-07 16:18:58+00:00,E0107,wach,0.9,,,,,,,,
_result,0,2025-11-07 16:20:48+00:00,E0107,wach,0.9,,,,,,,,
_result,0,2025-11-07 16:22:46+00:00,E0107,wach,0.9,,,,,,,,
_result,0,2025-11-07 16:24:43+00:00,E0107,wach,0.9,,,,,,,,
_result,1,2025-11-07 16:26:37+00:00,E0107,wach,,A,0.66,0.2,0.26,,,,
_result,0,2025-11-07 16:26:38+00:00,E0107,wach,0.9,,,,,,,,
_result,1,2025-11-07 16:28:39+00:00,E0107,wach,,A,0.66,0.2,0.26,,,,
_result,0,2025-11-07 16:28:40+00:00,E0107,wach,0.9,,,,,,,,
_result,0,2025-11-07 16:30:53+00:00,E0107,wach,0.9,,,,,,,,
_result,2,2025-11-07 16:32:37+00:00,E0107,wach,,V,,,,238.5,236.3,239.1,
_result,0,2025-11-07 16:32:38+00:00,E0107,wach,0.9,,,,,,,,
_result,0,2025-11-07 16:34:44+00:00,E0107,wach,0.9,,,,,,,,
_result,1,2025-11-07 16:36:40+00:00,E0107,wach,,A,0.66,0.2,0.26,,,,
_result,0,2025-11-07 16:36:41+00:00,E0107,wach,0.9,,,,,,,,
_result,1,2025-11-07 16:38:42+00:00,E0107,wach,,A,0.66,0.2,0.26,,,,
_result,0,2025-11-07 16:38:43+00:00,E0107,wach,0.9,,,,,,,,
_result,0,2025-11-07 16:40:45+00:00,E0107,wach,0.9,,,,,,,,
_result,0,2025-11-07 16:42:44+00:00,E0107,wach,0.9,,,,,,,,
_result,1,2025-11-07 16:44:40+00:00,E0107,wach,,A,0.66,0.2,0.26,,,,
_result,0,2025-11-07 16:44:41+00:00,E0107,wach,0.9,,,,,,,,
_result,0,2025-11-07 16:46:43+00:00,E0107,wach,0.9,,,,,,,,
_result,0,2025-11-07 16:48:44+00:00,E0107,wach,0.9,,,,,,,,
_result,1,2025-11-07 16:50:42+00:00,E0107,wach,,A,0.66,0.2,0.26,,,,
_result,0,2025-11-07 16:50:43+00:00,E0107,wach,0.9,,,,,,,,
_result,2,2025-11-07 16:52:46+00:00,E0107,wach,,V,,,,238.6,236.4,239.3,
_result,0,2025-11-07 16:52:47+00:00,E0107,wach,0.9,,,,,,,,
_result,0,2025-11-07 16:54:41+00:00,E0107,wach,0.9,,,,,,,,
_result,0,2025-11-07 16:56:38+00:00,E0107,wach,0.9,,,,,,,,
_result,0,2025-11-07 16:58:45+00:00,E0107,wach,0.9,,,,,,,,
_result,2,2025-11-07 17:00:40+00:00,E0107,wach,,V,,,,238.6,236.5,239.1,
_result,0,2025-11-07 17:00:41+00:00,E0107,wach,0.9,,,,,,,,
_result,0,2025-11-07 17:02:45+00:00,E0107,wach,0.9,,,,,,,,
_result,2,2025-11-07 17:04:46+00:00,E0107,wach,,V,,,,238.6,236.5,239.1,
_result,0,2025-11-07 17:04:47+00:00,E0107,wach,0.9,,,,,,,,
_result,0,2025-11-07 17:06:54+00:00,E0107,wach,0.9,,,,,,,,
_result,1,2025-11-07 17:08:50+00:00,E0107,wach,,A,0.66,0.2,0.26,,,,
_result,0,2025-11-07 17:08:51+00:00,E0107,wach,0.9,,,,,,,,
_result,0,2025-11-07 17:10:47+00:00,E0107,wach,0.9,,,,,,,,
_result,0,2025-11-07 17:12:47+00:00,E0107,wach,0.9,,,,,,,,
_result,0,2025-11-07 17:15:13+00:00,E0107,wach,0.9,,,,,,,,
_result,0,2025-11-07 17:17:00+00:00,E0107,wach,0.9,,,,,,,,
_result,0,2025-11-07 17:18:44+00:00,E0107,wach,0.9,,,,,,,,
_result,2,2025-11-07 17:20:39+00:00,E0107,wach,,V,,,,239.2,237.0,,
_result,1,2025-11-07 17:20:40+00:00,E0107,wach,,A,0.66,0.2,0.26,,,,
_result,0,2025-11-07 17:20:41+00:00,E0107,wach,0.9,,,,,,,,
_result,0,2025-11-07 17:22:43+00:00,E0107,wach,0.9,,,,,,,,
_result,1,2025-11-07 17:24:44+00:00,E0107,wach,,A,0.66,0.2,0.27,,,,
_result,0,2025-11-07 17:24:45+00:00,E0107,wach,0.9,,,,,,,,
_result,0,2025-11-07 17:26:41+00:00,E0107,wach,0.9,,,,,,,,
_result,1,2025-11-07 17:28:40+00:00,E0107,wach,,A,0.66,0.2,,,,,
_result,0,2025-11-07 17:28:41+00:00,E0107,wach,0.9,,,,,,,,
_result,0,2025-11-07 17:30:45+00:00,E0107,wach,0.9,,,,,,,,
_result,0,2025-11-07 17:32:49+00:00,E0107,wach,0.89,,,,,,,,
_result,0,2025-11-07 17:34:38+00:00,E0107,wach,0.89,,,,,,,,
_result,0,2025-11-07 17:36:46+00:00,E0107,wach,0.89,,,,,,,,
_result,0,2025-11-07 17:38:43+00:00,E0107,wach,0.89,,,,,,,,
_result,0,2025-11-07 17:40:43+00:00,E0107,wach,0.89,,,,,,,,
_result,2,2025-11-07 17:42:42+00:00,E0107,wach,,V,,,,240.0,238.0,240.7,
_result,0,2025-11-07 17:42:43+00:00,E0107,wach,0.89,,,,,,,,
_result,0,2025-11-07 17:44:45+00:00,E0107,wach,0.89,,,,,,,,
_result,0,2025-11-07 17:46:42+00:00,E0107,wach,0.89,,,,,,,,
_result,1,2025-11-07 17:48:42+00:00,E0107,wach,,A,0.66,0.2,0.27,,,,
_result,0,2025-11-07 17:48:43+00:00,E0107,wach,0.89,,,,,,,,
_result,1,2025-11-07 17:50:44+00:00,E0107,wach,,A,0.66,0.2,0.27,,,,
_result,0,2025-11-07 17:50:45+00:00,E0107,wach,0.89,,,,,,,,
_result,2,2025-11-07 17:52:42+00:00,E0107,wach,,V,,,,240.1,237.9,240.8,
_result,0,2025-11-07 17:52:43+00:00,E0107,wach,0.89,,,,,,,,
_result,0,2025-11-07 17:54:43+00:00,E0107,wach,0.89,,,,,,,,
_result,0,2025-11-07 17:56:42+00:00,E0107,wach,0.89,,,,,,,,
_result,2,2025-11-07 17:58:39+00:00,E0107,wach,,V,,,,240.1,,,
_result,0,2025-11-07 17:58:40+00:00,E0107,wach,0.89,,,,,,,,
_result,2,2025-11-07 18:00:44+00:00,E0107,wach,,V,,,,240.1,237.9,240.8,
_result,0,2025-11-07 18:00:45+00:00,E0107,wach,0.89,,,,,,,,
_result,1,2025-11-07 18:02:37+00:00,E0107,wach,,A,0.66,0.2,0.27,,,,
_result,0,2025-11-07 18:02:38+00:00,E0107,wach,0.89,,,,,,,,
_result,1,2025-11-07 18:04:54+00:00,E0107,wach,,A,0.66,0.2,0.27,,,,
_result,0,2025-11-07 18:04:55+00:00,E0107,wach,0.89,,,,,,,,
_result,0,2025-11-07 18:06:46+00:00,E0107,wach,0.89,,,,,,,,
_result,0,2025-11-07 18:08:42+00:00,E0107,wach,0.89,,,,,,,,
_result,1,2025-11-07 18:10:42+00:00,E0107,wach,,A,0.66,0.2,0.27,,,,
_result,0,2025-11-07 18:10:43+00:00,E0107,wach,0.89,,,,,,,,
_result,0,2025-11-07 18:12:42+00:00,E0107,wach,0.89,,,,,,,,
_result,1,2025-11-07 18:14:40+00:00,E0107,wach,,A,0.66,0.2,0.27,,,,
_result,0,2025-11-07 18:14:41+00:00,E0107,wach,0.89,,,,,,,,
_result,0,2025-11-07 18:16:43+00:00,E0107,wach,0.89,,,,,,,,
_result,0,2025-11-07 18:18:47+00:00,E0107,wach,0.89,,,,,,,,
_result,0,2025-11-07 18:20:41+00:00,E0107,wach,0.89,,,,,,,,
_result,0,2025-11-07 18:22:43+00:00,E0107,wach,0.89,,,,,,,,
_result,1,2025-11-07 18:24:38+00:00,E0107,wach,,A,0.66,0.2,0.27,,,,
_result,0,2025-11-07 18:24:39+00:00,E0107,wach,0.89,,,,,,,,
_result,2,2025-11-07 18:26:45+00:00,E0107,wach,,V,,,,240.1,237.9,240.6,
_result,0,2025-11-07 18:26:46+00:00,E0107,wach,0.89,,,,,,,,
_result,1,2025-11-07 18:28:56+00:00,E0107,wach,,A,0.66,0.2,0.27,,,,
_result,0,2025-11-07 18:28:57+00:00,E0107,wach,0.89,,,,,,,,
_result,1,2025-11-07 18:31:10+00:00,E0107,wach,,A,0.66,0.2,0.27,,,,
_result,0,2025-11-07 18:31:11+00:00,E0107,wach,0.89,,,,,,,,
_result,0,2025-11-07 18:33:07+00:00,E0107,wach,0.89,,,,,,,,
_result,0,2025-11-07 18:34:43+00:00,E0107,wach,0.89,,,,,,,,
_result,1,2025-11-07 18:36:47+00:00,E0107,wach,,A,0.66,0.2,0.27,,,,
_result,0,2025-11-07 18:36:48+00:00,E0107,wach,0.89,,,,,,,,
_result,1,2025-11-07 18:38:42+00:00,E0107,wach,,A,0.66,0.2,0.26,,,,
_result,0,2025-11-07 18:38:43+00:00,E0107,wach,0.9,,,,,,,,
_result,0,2025-11-07 18:40:49+00:00,E0107,wach,0.9,,,,,,,,
_result,2,2025-11-07 18:42:44+00:00,E0107,wach,,V,,,,236.7,234.6,237.2,
_result,0,2025-11-07 18:42:45+00:00,E0107,wach,0.9,,,,,,,,
_result,2,2025-11-07 18:44:41+00:00,E0107,wach,,V,,,,236.7,,,
_result,0,2025-11-07 18:44:42+00:00,E0107,wach,0.9,,,,,,,,
_result,0,2025-11-07 18:47:21+00:00,E0107,wach,0.9,,,,,,,,
_result,0,2025-11-07 18:48:59+00:00,E0107,wach,0.9,,,,,,,,
_result,0,2025-11-07 18:50:53+00:00,E0107,wach,0.9,,,,,,,,
_result,0,2025-11-07 18:52:46+00:00,E0107,wach,0.9,,,,,,,,
_result,2,2025-11-07 18:54:42+00:00,E0107,wach,,V,,,,236.9,234.9,237.7,
_result,0,2025-11-07 18:54:43+00:00,E0107,wach,0.9,,,,,,,,
_result,0,2025-11-07 18:56:35+00:00,E0107,wach,0.9,,,,,,,,
_result,0,2025-11-07 18:58:43+00:00,E0107,wach,0.9,,,,,,,,
_result,1,2025-11-07 19:00:42+00:00,E0107,wach,,A,0.66,0.2,0.26,,,,
_result,0,2025-11-07 19:00:43+00:00,E0107,wach,0.9,,,,,,,,
_result,1,2025-11-07 19:02:43+00:00,E0107,wach,,A,0.66,0.2,,,,,
_result,0,2025-11-07 19:02:44+00:00,E0107,wach,0.9,,,,,,,,
_result,2,2025-11-07 19:04:48+00:00,E0107,wach,,V,,,,237.3,,,
_result,0,2025-11-07 19:04:49+00:00,E0107,wach,0.9,,,,,,,,
_result,0,2025-11-07 19:06:48+00:00,E0107,wach,0.9,,,,,,,,
_result,2,2025-11-07 19:08:48+00:00,E0107,wach,,V,,,,237.5,235.4,238.0,
_result,0,2025-11-07 19:08:49+00:00,E0107,wach,0.9,,,,,,,,
_result,1,2025-11-07 19:11:00+00:00,E0107,wach,,A,0.66,0.2,0.26,,,,
_result,0,2025-11-07 19:11:01+00:00,E0107,wach,0.9,,,,,,,,
_result,0,2025-11-07 19:12:48+00:00,E0107,wach,0.9,,,,,,,,
_result,0,2025-11-07 19:14:42+00:00,E0107,wach,0.9,,,,,,,,
_result,2,2025-11-07 19:16:47+00:00,E0107,wach,,V,,,,237.7,235.6,238.1,
_result,0,2025-11-07 19:16:48+00:00,E0107,wach,0.9,,,,,,,,
_result,1,2025-11-07 19:18:48+00:00,E0107,wach,,A,0.66,0.2,0.26,,,,
_result,0,2025-11-07 19:18:49+00:00,E0107,wach,0.9,,,,,,,,
_result,0,2025-11-07 19:20:50+00:00,E0107,wach,0.9,,,,,,,,
_result,1,2025-11-07 19:22:43+00:00,E0107,wach,,A,0.66,0.2,0.26,,,,
_result,0,2025-11-07 19:22:44+00:00,E0107,wach,0.9,,,,,,,,
_result,1,2025-11-07 19:24:43+00:00,E0107,wach,,A,0.66,,,,,,
_result,0,2025-11-07 19:24:44+00:00,E0107,wach,0.9,,,,,,,,
_result,0,2025-11-07 19:26:52+00:00,E0107,wach,0.9,,,,,,,,
_result,2,2025-11-07 19:28:43+00:00,E0107,wach,,V,,,,237.5,235.1,237.7,
_result,0,2025-11-07 19:28:44+00:00,E0107,wach,0.9,,,,,,,,
_result,0,2025-11-07 19:30:45+00:00,E0107,wach,0.9,,,,,,,,
_result,1,2025-11-07 19:32:44+00:00,E0107,wach,,A,0.66,0.2,0.26,,,,
_result,0,2025-11-07 19:32:45+00:00,E0107,wach,0.9,,,,,,,,
_result,0,2025-11-07 19:34:43+00:00,E0107,wach,0.9,,,,,,,,
_result,0,2025-11-07 19:36:42+00:00,E0107,wach,0.9,,,,,,,,
_result,2,2025-11-07 19:38:37+00:00,E0107,wach,,V,,,,237.7,235.5,238.1,
_result,1,2025-11-07 19:38:38+00:00,E0107,wach,,A,0.66,0.2,0.26,,,,
_result,0,2025-11-07 19:38:39+00:00,E0107,wach,0.9,,,,,,,,
_result,0,2025-11-07 19:40:41+00:00,E0107,wach,0.9,,,,,,,,
_result,0,2025-11-07 19:42:43+00:00,E0107,wach,0.9,,,,,,,,
_result,0,2025-11-07 19:44:45+00:00,E0107,wach,0.9,,,,,,,,
_result,1,2025-11-07 19:46:43+00:00,E0107,wach,,A,0.66,0.2,0.26,,,,
_result,0,2025-11-07 19:46:44+00:00,E0107,wach,0.9,,,,,,,,
_result,0,2025-11-07 19:48:43+00:00,E0107,wach,0.9,,,,,,,,
_result,0,2025-11-07 19:50:46+00:00,E0107,wach,0.9,,,,,,,,
_result,1,2025-11-07 19:52:36+00:00,E0107,wach,,A,0.66,0.2,0.26,,,,
_result,0,2025-11-07 19:52:37+00:00,E0107,wach,0.9,,,,,,,,
_result,0,2025-11-07 19:54:45+00:00,E0107,wach,0.9,,,,,,,,
_result,0,2025-11-07 19:56:37+00:00,E0107,wach,0.9,,,,,,,,
_result,0,2025-11-07 19:58:42+00:00,E0107,wach,0.9,,,,,,,,
_result,0,2025-11-07 20:00:38+00:00,E0107,wach,0.9,,,,,,,,
_result,0,2025-11-07 20:02:43+00:00,E0107,wach,0.9,,,,,,,,
_result,0,2025-11-07 20:04:38+00:00,E0107,wach,0.9,,,,,,,,
_result,0,2025-11-07 20:06:35+00:00,E0107,wach,0.9,,,,,,,,
_result,0,2025-11-07 20:08:45+00:00,E0107,wach,0.9,,,,,,,,
_result,0,2025-11-07 20:10:46+00:00,E0107,wach,0.9,,,,,,,,
_result,1,2025-11-07 20:12:36+00:00,E0107,wach,,A,0.66,0.2,0.26,,,,
_result,0,2025-11-07 20:12:37+00:00,E0107,wach,0.9,,,,,,,,
_result,1,2025-11-07 20:14:36+00:00,E0107,wach,,A,0.66,0.2,0.26,,,,
_result,0,2025-11-07 20:14:37+00:00,E0107,wach,0.9,,,,,,,,
_result,0,2025-11-07 20:17:59+00:00,E0107,wach,0.9,,,,,,,,
_result,1,2025-11-07 20:18:37+00:00,E0107,wach,,A,0.66,0.2,0.26,,,,
_result,3,2025-11-07 20:18:38+00:00,E0107,wach,,kW,,,,,,,0.23777
_result,0,2025-11-07 20:18:39+00:00,E0107,wach,0.9,,,,,,,,
_result,2,2025-11-07 20:20:42+00:00,E0107,wach,,V,,,,238.2,235.5,238.3,
_result,0,2025-11-07 20:20:43+00:00,E0107,wach,0.9,,,,,,,,
_result,0,2025-11-07 20:22:35+00:00,E0107,wach,0.9,,,,,,,,
_result,0,2025-11-07 20:24:44+00:00,E0107,wach,0.9,,,,,,,,
_result,0,2025-11-07 20:26:42+00:00,E0107,wach,0.9,,,,,,,,
_result,0,2025-11-07 20:28:42+00:00,E0107,wach,0.9,,,,,,,,
_result,1,2025-11-07 20:30:42+00:00,E0107,wach,,A,0.66,,,,,,
_result,1,2025-11-07 20:30:43+00:00,E0107,wach,,A,,0.2,0.26,,,,
_result,0,2025-11-07 20:30:44+00:00,E0107,wach,0.9,,,,,,,,
_result,0,2025-11-07 20:32:44+00:00,E0107,wach,0.9,,,,,,,,
_result,1,2025-11-07 20:34:42+00:00,E0107,wach,,A,0.66,0.2,0.26,,,,
_result,0,2025-11-07 20:34:43+00:00,E0107,wach,0.9,,,,,,,,
_result,0,2025-11-07 20:36:37+00:00,E0107,wach,0.9,,,,,,,,
_result,2,2025-11-07 20:38:40+00:00,E0107,wach,,V,,,,238.6,236.4,239.2,
_result,0,2025-11-07 20:38:41+00:00,E0107,wach,0.9,,,,,,,,
_result,1,2025-11-07 20:40:43+00:00,E0107,wach,,A,0.66,0.2,0.26,,,,
_result,0,2025-11-07 20:40:44+00:00,E0107,wach,0.9,,,,,,,,
_result,1,2025-11-07 20:42:42+00:00,E0107,wach,,A,0.66,0.2,0.26,,,,
_result,0,2025-11-07 20:42:43+00:00,E0107,wach,0.9,,,,,,,,
_result,2,2025-11-07 20:44:43+00:00,E0107,wach,,V,,,,238.2,236.3,238.9,
_result,0,2025-11-07 20:44:44+00:00,E0107,wach,0.9,,,,,,,,
_result,0,2025-11-07 20:46:37+00:00,E0107,wach,0.9,,,,,,,,
_result,1,2025-11-07 20:48:39+00:00,E0107,wach,,A,0.66,0.2,0.26,,,,
_result,0,2025-11-07 20:48:40+00:00,E0107,wach,0.9,,,,,,,,
_result,0,2025-11-07 20:50:43+00:00,E0107,wach,0.9,,,,,,,,
_result,0,2025-11-07 20:52:43+00:00,E0107,wach,0.9,,,,,,,,
_result,0,2025-11-07 20:54:39+00:00,E0107,wach,0.9,,,,,,,,
_result,2,2025-11-07 20:56:43+00:00,E0107,wach,,V,,,,238.1,,,
_result,0,2025-11-07 20:56:44+00:00,E0107,wach,0.9,,,,,,,,
_result,0,2025-11-07 20:58:44+00:00,E0107,wach,0.9,,,,,,,,
_result,2,2025-11-07 21:00:35+00:00,E0107,wach,,V,,,,238.5,236.3,239.0,
_result,0,2025-11-07 21:00:36+00:00,E0107,wach,0.9,,,,,,,,
_result,2,2025-11-07 21:02:40+00:00,E0107,wach,,V,,,,238.5,,,
_result,1,2025-11-07 21:02:41+00:00,E0107,wach,,A,0.66,0.2,0.26,,,,
_result,0,2025-11-07 21:02:42+00:00,E0107,wach,0.9,,,,,,,,
_result,0,2025-11-07 21:04:55+00:00,E0107,wach,0.9,,,,,,,,
_result,0,2025-11-07 21:06:47+00:00,E0107,wach,0.9,,,,,,,,
_result,1,2025-11-07 21:08:41+00:00,E0107,wach,,A,0.66,0.2,0.26,,,,
_result,0,2025-11-07 21:08:42+00:00,E0107,wach,0.9,,,,,,,,
_result,0,2025-11-07 21:10:43+00:00,E0107,wach,0.9,,,,,,,,
_result,0,2025-11-07 21:12:40+00:00,E0107,wach,0.9,,,,,,,,
_result,1,2025-11-07 21:14:43+00:00,E0107,wach,,A,0.66,0.2,0.26,,,,
_result,0,2025-11-07 21:14:44+00:00,E0107,wach,0.9,,,,,,,,
_result,0,2025-11-07 21:16:46+00:00,E0107,wach,0.9,,,,,,,,
_result,1,2025-11-07 21:19:00+00:00,E0107,wach,,A,0.66,0.2,0.26,,,,
_result,0,2025-11-07 21:19:01+00:00,E0107,wach,0.9,,,,,,,,
_result,0,2025-11-07 21:21:30+00:00,E0107,wach,0.9,,,,,,,,
_result,0,2025-11-07 21:23:22+00:00,E0107,wach,0.9,,,,,,,,
_result,0,2025-11-07 21:25:26+00:00,E0107,wach,0.9,,,,,,,,
_result,0,2025-11-07 21:27:41+00:00,E0107,wach,0.9,,,,,,,,
_result,0,2025-11-07 21:29:47+00:00,E0107,wach,0.9,,,,,,,,
_result,0,2025-11-07 21:31:45+00:00,E0107,wach,0.9,,,,,,,,
_result,0,2025-11-07 21:33:43+00:00,E0107,wach,0.9,,,,,,,,
_result,0,2025-11-07 21:35:32+00:00,E0107,wach,0.9,,,,,,,,
_result,0,2025-11-07 21:37:23+00:00,E0107,wach,0.9,,,,,,,,
_result,1,2025-11-07 21:39:08+00:00,E0107,wach,,A,0.66,0.2,0.26,,,,
_result,0,2025-11-07 21:39:09+00:00,E0107,wach,0.9,,,,,,,,
_result,0,2025-11-07 21:40:49+00:00,E0107,wach,0.9,,,,,,,,
_result,2,2025-11-07 21:42:45+00:00,E0107,wach,,V,,,,238.0,235.9,238.5,
_result,0,2025-11-07 21:42:46+00:00,E0107,wach,0.9,,,,,,,,
_result,0,2025-11-07 21:44:41+00:00,E0107,wach,0.9,,,,,,,,
_result,2,2025-11-07 21:46:41+00:00,E0107,wach,,V,,,,237.8,235.6,238.2,
_result,0,2025-11-07 21:46:42+00:00,E0107,wach,0.9,,,,,,,,
_result,0,2025-11-07 21:48:35+00:00,E0107,wach,0.9,,,,,,,,
_result,0,2025-11-07 21:50:42+00:00,E0107,wach,0.9,,,,,,,,
_result,1,2025-11-07 21:52:46+00:00,E0107,wach,,A,0.66,0.2,0.26,,,,
_result,0,2025-11-07 21:52:47+00:00,E0107,wach,0.9,,,,,,,,
_result,0,2025-11-07 21:54:39+00:00,E0107,wach,0.9,,,,,,,,
_result,2,2025-11-07 21:56:45+00:00,E0107,wach,,V,,,,237.5,235.5,238.3,
_result,0,2025-11-07 21:56:46+00:00,E0107,wach,0.9,,,,,,,,
_result,0,2025-11-07 21:58:43+00:00,E0107,wach,0.9,,,,,,,,
_result,1,2025-11-07 22:00:37+00:00,E0107,wach,,A,0.66,0.2,0.26,,,,
_result,0,2025-11-07 22:00:38+00:00,E0107,wach,0.9,,,,,,,,
_result,0,2025-11-07 22:02:46+00:00,E0107,wach,0.9,,,,,,,,
_result,0,2025-11-07 22:04:42+00:00,E0107,wach,0.9,,,,,,,,
_result,0,2025-11-07 22:06:42+00:00,E0107,wach,0.9,,,,,,,,
_result,2,2025-11-07 22:08:42+00:00,E0107,wach,,V,,,,237.8,235.6,,
_result,0,2025-11-07 22:08:43+00:00,E0107,wach,0.9,,,,,,,,
_result,1,2025-11-07 22:10:51+00:00,E0107,wach,,A,0.66,,,,,,
_result,0,2025-11-07 22:10:52+00:00,E0107,wach,0.9,,,,,,,,
_result,1,2025-11-07 22:12:44+00:00,E0107,wach,,A,0.66,0.2,0.26,,,,
_result,0,2025-11-07 22:12:45+00:00,E0107,wach,0.9,,,,,,,,
_result,1,2025-11-07 22:14:41+00:00,E0107,wach,,A,0.66,0.2,0.26,,,,
_result,0,2025-11-07 22:14:42+00:00,E0107,wach,0.9,,,,,,,,
_result,0,2025-11-07 22:16:38+00:00,E0107,wach,0.9,,,,,,,,
_result,1,2025-11-07 22:18:36+00:00,E0107,wach,,A,0.66,0.2,0.26,,,,
_result,0,2025-11-07 22:18:37+00:00,E0107,wach,0.9,,,,,,,,
_result,0,2025-11-07 22:20:41+00:00,E0107,wach,0.9,,,,,,,,
_result,0,2025-11-07 22:22:41+00:00,E0107,wach,0.9,,,,,,,,
_result,0,2025-11-07 22:24:45+00:00,E0107,wach,0.9,,,,,,,,
_result,0,2025-11-07 22:26:43+00:00,E0107,wach,0.9,,,,,,,,
_result,0,2025-11-07 22:28:44+00:00,E0107,wach,0.9,,,,,,,,
_result,1,2025-11-07 22:30:38+00:00,E0107,wach,,A,0.66,0.2,0.26,,,,
_result,0,2025-11-07 22:30:39+00:00,E0107,wach,0.9,,,,,,,,
_result,1,2025-11-07 22:32:43+00:00,E0107,wach,,A,0.66,0.2,0.26,,,,
_result,0,2025-11-07 22:32:44+00:00,E0107,wach,0.9,,,,,,,,
_result,0,2025-11-07 22:34:44+00:00,E0107,wach,0.9,,,,,,,,
_result,0,2025-11-07 22:36:43+00:00,E0107,wach,0.9,,,,,,,,
_result,0,2025-11-07 22:38:42+00:00,E0107,wach,0.9,,,,,,,,
_result,0,2025-11-07 22:40:39+00:00,E0107,wach,0.9,,,,,,,,
_result,1,2025-11-07 22:42:38+00:00,E0107,wach,,A,0.66,0.2,0.26,,,,
_result,0,2025-11-07 22:42:39+00:00,E0107,wach,0.9,,,,,,,,
_result,0,2025-11-07 22:44:42+00:00,E0107,wach,0.9,,,,,,,,
_result,0,2025-11-07 22:46:41+00:00,E0107,wach,0.9,,,,,,,,
_result,0,2025-11-07 22:48:39+00:00,E0107,wach,0.9,,,,,,,,
_result,1,2025-11-07 22:50:43+00:00,E0107,wach,,A,0.66,0.2,0.26,,,,
_result,0,2025-11-07 22:50:44+00:00,E0107,wach,0.9,,,,,,,,
_result,0,2025-11-07 22:52:39+00:00,E0107,wach,0.9,,,,,,,,
_result,0,2025-11-07 22:54:43+00:00,E0107,wach,0.9,,,,,,,,
_result,1,2025-11-07 22:56:42+00:00,E0107,wach,,A,0.66,0.2,0.26,,,,
_result,0,2025-11-07 22:56:43+00:00,E0107,wach,0.9,,,,,,,,
_result,1,2025-11-07 22:58:40+00:00,E0107,wach,,A,0.66,0.2,0.26,,,,
_result,0,2025-11-07 22:58:41+00:00,E0107,wach,0.9,,,,,,,,
_result,0,2025-11-07 23:00:44+00:00,E0107,wach,0.9,,,,,,,,
_result,1,2025-11-07 23:02:43+00:00,E0107,wach,,A,0.66,0.2,,,,,
_result,0,2025-11-07 23:02:44+00:00,E0107,wach,0.9,,,,,,,,
_result,1,2025-11-07 23:04:42+00:00,E0107,wach,,A,0.66,0.2,0.26,,,,
_result,0,2025-11-07 23:04:43+00:00,E0107,wach,0.9,,,,,,,,
_result,2,2025-11-07 23:06:43+00:00,E0107,wach,,V,,,,237.2,235.0,,
_result,0,2025-11-07 23:06:44+00:00,E0107,wach,0.9,,,,,,,,
_result,1,2025-11-07 23:08:41+00:00,E0107,wach,,A,0.66,0.2,0.26,,,,
_result,0,2025-11-07 23:08:42+00:00,E0107,wach,0.9,,,,,,,,
_result,0,2025-11-07 23:10:44+00:00,E0107,wach,0.74,,,,,,,,
_result,0,2025-11-07 23:12:42+00:00,E0107,wach,0.74,,,,,,,,
_result,1,2025-11-07 23:14:44+00:00,E0107,wach,,A,4.66,4.05,4.35,,,,
_result,0,2025-11-07 23:14:45+00:00,E0107,wach,0.74,,,,,,,,
_result,0,2025-11-07 23:16:46+00:00,E0107,wach,0.74,,,,,,,,
_result,2,2025-11-07 23:18:50+00:00,E0107,wach,,V,,,,236.3,234.3,236.7,
_result,0,2025-11-07 23:18:52+00:00,E0107,wach,0.74,,,,,,,,
_result,0,2025-11-07 23:20:43+00:00,E0107,wach,0.74,,,,,,,,
_result,0,2025-11-07 23:22:45+00:00,E0107,wach,0.74,,,,,,,,
_result,0,2025-11-07 23:24:43+00:00,E0107,wach,0.74,,,,,,,,
_result,0,2025-11-07 23:26:41+00:00,E0107,wach,0.74,,,,,,,,
_result,2,2025-11-07 23:28:37+00:00,E0107,wach,,V,,,,236.7,234.5,,
_result,0,2025-11-07 23:28:38+00:00,E0107,wach,0.74,,,,,,,,
_result,1,2025-11-07 23:30:39+00:00,E0107,wach,,A,4.64,4.03,4.33,,,,
_result,0,2025-11-07 23:30:40+00:00,E0107,wach,0.74,,,,,,,,
_result,0,2025-11-07 23:32:37+00:00,E0107,wach,0.74,,,,,,,,
_result,0,2025-11-07 23:34:43+00:00,E0107,wach,0.74,,,,,,,,
_result,0,2025-11-07 23:36:42+00:00,E0107,wach,0.74,,,,,,,,
_result,0,2025-11-07 23:38:43+00:00,E0107,wach,0.74,,,,,,,,
_result,2,2025-11-07 23:40:58+00:00,E0107,wach,,V,,,,236.3,234.3,236.7,
_result,0,2025-11-07 23:40:59+00:00,E0107,wach,0.74,,,,,,,,
_result,1,2025-11-07 23:42:40+00:00,E0107,wach,,A,4.63,,,,,,
_result,0,2025-11-07 23:42:41+00:00,E0107,wach,0.74,,,,,,,,
_result,1,2025-11-07 23:44:35+00:00,E0107,wach,,A,4.64,4.02,,,,,
_result,0,2025-11-07 23:44:36+00:00,E0107,wach,0.74,,,,,,,,
_result,0,2025-11-07 23:46:48+00:00,E0107,wach,0.74,,,,,,,,
_result,0,2025-11-07 23:48:42+00:00,E0107,wach,0.74,,,,,,,,
_result,0,2025-11-07 23:50:42+00:00,E0107,wach,0.74,,,,,,,,
_result,1,2025-11-07 23:52:40+00:00,E0107,wach,,A,4.63,4.02,4.32,,,,
_result,0,2025-11-07 23:52:41+00:00,E0107,wach,0.74,,,,,,,,
_result,0,2025-11-07 23:54:43+00:00,E0107,wach,0.74,,,,,,,,
_result,0,2025-11-07 23:56:43+00:00,E0107,wach,0.74,,,,,,,,
_result,0,2025-11-07 23:58:46+00:00,E0107,wach,0.74,,,,,,,,
_result,1,2025-11-08 00:00:48+00:00,E0107,wach,,A,4.62,4.01,4.3,,,,
_result,0,2025-11-08 00:00:49+00:00,E0107,wach,0.74,,,,,,,,
_result,2,2025-11-08 00:02:52+00:00,E0107,wach,,V,,,,236.0,233.8,236.3,
_result,0,2025-11-08 00:02:53+00:00,E0107,wach,0.74,,,,,,,,
_result,1,2025-11-08 00:04:50+00:00,E0107,wach,,A,4.61,4.0,4.29,,,,
_result,0,2025-11-08 00:04:51+00:00,E0107,wach,0.75,,,,,,,,
_result,0,2025-11-08 00:06:53+00:00,E0107,wach,0.75,,,,,,,,
_result,2,2025-11-08 00:08:42+00:00,E0107,wach,,V,,,,235.0,232.9,235.3,
_result,0,2025-11-08 00:08:43+00:00,E0107,wach,0.75,,,,,,,,
_result,1,2025-11-08 00:10:47+00:00,E0107,wach,,A,4.61,4.0,4.29,,,,
_result,0,2025-11-08 00:10:48+00:00,E0107,wach,0.75,,,,,,,,
_result,0,2025-11-08 00:12:45+00:00,E0107,wach,0.75,,,,,,,,
_result,1,2025-11-08 00:14:41+00:00,E0107,wach,,A,4.6,4.0,,,,,
_result,0,2025-11-08 00:14:42+00:00,E0107,wach,0.75,,,,,,,,
_result,2,2025-11-08 00:16:40+00:00,E0107,wach,,V,,,,234.8,232.7,235.3,
_result,0,2025-11-08 00:16:41+00:00,E0107,wach,0.75,,,,,,,,
_result,2,2025-11-08 00:18:45+00:00,E0107,wach,,V,,,,234.4,232.4,234.7,
_result,0,2025-11-08 00:18:46+00:00,E0107,wach,0.75,,,,,,,,
_result,1,2025-11-08 00:20:47+00:00,E0107,wach,,A,4.6,4.0,4.28,,,,
_result,0,2025-11-08 00:20:48+00:00,E0107,wach,0.75,,,,,,,,
_result,0,2025-11-08 00:22:43+00:00,E0107,wach,0.75,,,,,,,,
_result,1,2025-11-08 00:24:41+00:00,E0107,wach,,A,4.6,4.0,4.28,,,,
_result,0,2025-11-08 00:24:42+00:00,E0107,wach,0.75,,,,,,,,
_result,0,2025-11-08 00:26:45+00:00,E0107,wach,0.75,,,,,,,,
_result,0,2025-11-08 00:28:45+00:00,E0107,wach,0.75,,,,,,,,
_result,0,2025-11-08 00:30:45+00:00,E0107,wach,0.75,,,,,,,,
_result,2,2025-11-08 00:32:41+00:00,E0107,wach,,V,,,,233.9,231.9,234.3,
_result,1,2025-11-08 00:32:42+00:00,E0107,wach,,A,4.59,3.99,4.27,,,,
_result,0,2025-11-08 00:32:43+00:00,E0107,wach,0.75,,,,,,,,
_result,0,2025-11-08 00:34:41+00:00,E0107,wach,0.75,,,,,,,,
_result,1,2025-11-08 00:36:43+00:00,E0107,wach,,A,4.59,,,,,,
_result,0,2025-11-08 00:36:44+00:00,E0107,wach,0.75,,,,,,,,
_result,0,2025-11-08 00:38:42+00:00,E0107,wach,0.75,,,,,,,,
_result,0,2025-11-08 00:40:43+00:00,E0107,wach,0.75,,,,,,,,
_result,1,2025-11-08 00:42:42+00:00,E0107,wach,,A,4.59,3.99,4.28,,,,
_result,0,2025-11-08 00:42:43+00:00,E0107,wach,0.75,,,,,,,,
_result,2,2025-11-08 00:44:41+00:00,E0107,wach,,V,,,,233.9,,,
_result,0,2025-11-08 00:44:42+00:00,E0107,wach,0.75,,,,,,,,
_result,2,2025-11-08 00:46:43+00:00,E0107,wach,,V,,,,233.9,231.9,234.3,
_result,0,2025-11-08 00:46:44+00:00,E0107,wach,0.75,,,,,,,,
_result,0,2025-11-08 00:48:43+00:00,E0107,wach,0.75,,,,,,,,
_result,2,2025-11-08 00:50:40+00:00,E0107,wach,,V,,,,233.6,231.6,,
_result,0,2025-11-08 00:50:41+00:00,E0107,wach,0.75,,,,,,,,
_result,0,2025-11-08 00:53:09+00:00,E0107,wach,0.75,,,,,,,,
_result,0,2025-11-08 00:54:44+00:00,E0107,wach,0.75,,,,,,,,
_result,1,2025-11-08 00:56:46+00:00,E0107,wach,,A,4.58,3.98,4.26,,,,
_result,0,2025-11-08 00:56:47+00:00,E0107,wach,0.75,,,,,,,,
_result,0,2025-11-08 00:58:49+00:00,E0107,wach,0.75,,,,,,,,
_result,2,2025-11-08 01:00:44+00:00,E0107,wach,,V,,,,233.2,231.1,233.6,
_result,0,2025-11-08 01:00:45+00:00,E0107,wach,0.75,,,,,,,,
_result,1,2025-11-08 01:02:41+00:00,E0107,wach,,A,4.58,3.98,4.27,,,,
_result,0,2025-11-08 01:02:42+00:00,E0107,wach,0.75,,,,,,,,
_result,0,2025-11-08 01:04:44+00:00,E0107,wach,0.75,,,,,,,,
_result,0,2025-11-08 01:06:43+00:00,E0107,wach,0.75,,,,,,,,
_result,0,2025-11-08 01:08:38+00:00,E0107,wach,0.76,,,,,,,,
_result,2,2025-11-08 01:10:40+00:00,E0107,wach,,V,,,,232.0,230.0,232.5,
_result,0,2025-11-08 01:10:41+00:00,E0107,wach,0.76,,,,,,,,
_result,2,2025-11-08 01:12:42+00:00,E0107,wach,,V,,,,232.0,230.0,232.5,
_result,0,2025-11-08 01:12:43+00:00,E0107,wach,0.76,,,,,,,,
_result,0,2025-11-08 01:14:47+00:00,E0107,wach,0.76,,,,,,,,
_result,0,2025-11-08 01:16:50+00:00,E0107,wach,0.74,,,,,,,,
_result,1,2025-11-08 01:18:52+00:00,E0107,wach,,A,4.62,4.0,4.31,,,,
_result,0,2025-11-08 01:18:53+00:00,E0107,wach,0.74,,,,,,,,
_result,2,2025-11-08 01:20:47+00:00,E0107,wach,,V,,,,235.8,233.6,,
_result,1,2025-11-08 01:20:48+00:00,E0107,wach,,A,4.62,4.0,4.31,,,,
_result,0,2025-11-08 01:20:49+00:00,E0107,wach,0.74,,,,,,,,
_result,0,2025-11-08 01:22:45+00:00,E0107,wach,0.75,,,,,,,,
_result,1,2025-11-08 01:24:40+00:00,E0107,wach,,A,4.61,4.0,4.3,,,,
_result,0,2025-11-08 01:24:41+00:00,E0107,wach,0.75,,,,,,,,
_result,0,2025-11-08 01:26:45+00:00,E0107,wach,0.75,,,,,,,,
_result,1,2025-11-08 01:28:40+00:00,E0107,wach,,A,4.61,4.0,4.3,,,,
_result,3,2025-11-08 01:28:41+00:00,E0107,wach,,kW,,,,,,,2.26109
_result,0,2025-11-08 01:28:42+00:00,E0107,wach,0.75,,,,,,,,
_result,0,2025-11-08 01:30:49+00:00,E0107,wach,0.75,,,,,,,,
_result,0,2025-11-08 01:32:47+00:00,E0107,wach,0.75,,,,,,,,
_result,0,2025-11-08 01:34:43+00:00,E0107,wach,0.75,,,,,,,,
_result,0,2025-11-08 01:36:44+00:00,E0107,wach,0.75,,,,,,,,
_result,2,2025-11-08 01:38:42+00:00,E0107,wach,,V,,,,234.5,232.4,235.0,
_result,0,2025-11-08 01:38:43+00:00,E0107,wach,0.75,,,,,,,,
_result,0,2025-11-08 01:40:45+00:00,E0107,wach,0.75,,,,,,,,
_result,0,2025-11-08 01:42:44+00:00,E0107,wach,0.75,,,,,,,,
_result,0,2025-11-08 01:44:58+00:00,E0107,wach,0.75,,,,,,,,
_result,1,2025-11-08 01:46:40+00:00,E0107,wach,,A,4.6,3.99,4.29,,,,
_result,0,2025-11-08 01:46:41+00:00,E0107,wach,0.75,,,,,,,,
_result,0,2025-11-08 01:48:41+00:00,E0107,wach,0.75,,,,,,,,
_result,2,2025-11-08 01:50:37+00:00,E0107,wach,,V,,,,234.4,232.3,,
_result,0,2025-11-08 01:50:38+00:00,E0107,wach,0.75,,,,,,,,
_result,0,2025-11-08 01:52:44+00:00,E0107,wach,0.95,,,,,,,,
_result,0,2025-11-08 01:54:42+00:00,E0107,wach,0.95,,,,,,,,
_result,1,2025-11-08 01:56:42+00:00,E0107,wach,,A,0.59,0.2,0.0,,,,
_result,0,2025-11-08 01:56:43+00:00,E0107,wach,0.95,,,,,,,,
_result,0,2025-11-08 01:58:53+00:00,E0107,wach,0.95,,,,,,,,
_result,1,2025-11-08 02:00:43+00:00,E0107,wach,,A,0.59,0.2,0.0,,,,
_result,0,2025-11-08 02:00:44+00:00,E0107,wach,0.95,,,,,,,,
_result,1,2025-11-08 02:02:47+00:00,E0107,wach,,A,0.59,0.2,0.0,,,,
_result,0,2025-11-08 02:02:48+00:00,E0107,wach,0.95,,,,,,,,
_result,1,2025-11-08 02:04:40+00:00,E0107,wach,,A,0.59,0.2,,,,,
_result,0,2025-11-08 02:04:41+00:00,E0107,wach,0.95,,,,,,,,
_result,1,2025-11-08 02:06:42+00:00,E0107,wach,,A,0.59,0.2,0.0,,,,
_result,0,2025-11-08 02:06:43+00:00,E0107,wach,0.95,,,,,,,,
_result,1,2025-11-08 02:08:46+00:00,E0107,wach,,A,0.59,0.2,0.0,,,,
_result,0,2025-11-08 02:08:47+00:00,E0107,wach,0.95,,,,,,,,
_result,0,2025-11-08 02:10:46+00:00,E0107,wach,0.95,,,,,,,,
_result,1,2025-11-08 02:12:45+00:00,E0107,wach,,A,0.59,0.2,0.0,,,,
_result,0,2025-11-08 02:12:46+00:00,E0107,wach,0.95,,,,,,,,
_result,0,2025-11-08 02:14:52+00:00,E0107,wach,0.95,,,,,,,,
_result,0,2025-11-08 02:16:51+00:00,E0107,wach,0.95,,,,,,,,
_result,0,2025-11-08 02:18:51+00:00,E0107,wach,0.95,,,,,,,,
_result,1,2025-11-08 02:20:49+00:00,E0107,wach,,A,0.59,,,,,,
_result,1,2025-11-08 02:20:50+00:00,E0107,wach,,A,,0.2,0.0,,,,
_result,0,2025-11-08 02:20:51+00:00,E0107,wach,0.95,,,,,,,,
_result,0,2025-11-08 02:22:56+00:00,E0107,wach,0.95,,,,,,,,
_result,2,2025-11-08 02:24:47+00:00,E0107,wach,,V,,,,238.9,237.9,240.4,
_result,0,2025-11-08 02:24:48+00:00,E0107,wach,0.95,,,,,,,,
_result,0,2025-11-08 02:26:45+00:00,E0107,wach,0.95,,,,,,,,
_result,1,2025-11-08 02:28:52+00:00,E0107,wach,,A,0.59,0.2,0.0,,,,
_result,0,2025-11-08 02:28:53+00:00,E0107,wach,0.95,,,,,,,,
_result,1,2025-11-08 02:30:46+00:00,E0107,wach,,A,0.59,0.2,0.0,,,,
_result,0,2025-11-08 02:30:47+00:00,E0107,wach,0.95,,,,,,,,
_result,0,2025-11-08 02:32:57+00:00,E0107,wach,0.74,,,,,,,,
_result,0,2025-11-08 02:34:43+00:00,E0107,wach,0.74,,,,,,,,
_result,2,2025-11-08 02:36:47+00:00,E0107,wach,,V,,,,234.1,,,
_result,0,2025-11-08 02:36:48+00:00,E0107,wach,0.74,,,,,,,,
_result,2,2025-11-08 02:38:40+00:00,E0107,wach,,V,,,,234.0,231.9,234.6,
_result,1,2025-11-08 02:38:41+00:00,E0107,wach,,A,4.57,3.99,4.03,,,,
_result,0,2025-11-08 02:38:43+00:00,E0107,wach,0.75,,,,,,,,
_result,0,2025-11-08 02:40:47+00:00,E0107,wach,0.75,,,,,,,,
_result,2,2025-11-08 02:42:46+00:00,E0107,wach,,V,,,,234.0,231.9,234.6,
_result,0,2025-11-08 02:42:47+00:00,E0107,wach,0.75,,,,,,,,
_result,1,2025-11-08 02:44:42+00:00,E0107,wach,,A,4.57,3.99,4.03,,,,
_result,0,2025-11-08 02:44:43+00:00,E0107,wach,0.75,,,,,,,,
_result,1,2025-11-08 02:46:43+00:00,E0107,wach,,A,4.55,3.99,4.01,,,,
_result,0,2025-11-08 02:46:44+00:00,E0107,wach,0.75,,,,,,,,
_result,1,2025-11-08 02:48:51+00:00,E0107,wach,,A,4.55,3.99,4.01,,,,
_result,0,2025-11-08 02:48:52+00:00,E0107,wach,0.75,,,,,,,,
_result,0,2025-11-08 02:50:46+00:00,E0107,wach,0.75,,,,,,,,
_result,2,2025-11-08 02:52:45+00:00,E0107,wach,,V,,,,233.5,231.4,234.0,
_result,0,2025-11-08 02:52:46+00:00,E0107,wach,0.75,,,,,,,,
_result,0,2025-11-08 02:54:46+00:00,E0107,wach,0.75,,,,,,,,
_result,0,2025-11-08 02:56:43+00:00,E0107,wach,0.75,,,,,,,,
_result,0,2025-11-08 02:58:52+00:00,E0107,wach,0.75,,,,,,,,
_result,2,2025-11-08 03:01:03+00:00,E0107,wach,,V,,,,233.6,231.5,234.0,
_result,0,2025-11-08 03:01:04+00:00,E0107,wach,0.75,,,,,,,,
_result,0,2025-11-08 03:02:47+00:00,E0107,wach,0.75,,,,,,,,
_result,0,2025-11-08 03:04:44+00:00,E0107,wach,0.75,,,,,,,,
_result,2,2025-11-08 03:06:41+00:00,E0107,wach,,V,,,,233.0,230.9,233.6,
_result,0,2025-11-08 03:06:42+00:00,E0107,wach,0.75,,,,,,,,
_result,1,2025-11-08 03:08:44+00:00,E0107,wach,,A,4.55,3.98,4.02,,,,
_result,0,2025-11-08 03:08:45+00:00,E0107,wach,0.75,,,,,,,,
_result,1,2025-11-08 03:10:41+00:00,E0107,wach,,A,4.55,,,,,,
_result,0,2025-11-08 03:10:42+00:00,E0107,wach,0.75,,,,,,,,
_result,0,2025-11-08 03:12:46+00:00,E0107,wach,0.75,,,,,,,,
_result,0,2025-11-08 03:15:07+00:00,E0107,wach,0.75,,,,,,,,
_result,0,2025-11-08 03:16:44+00:00,E0107,wach,0.75,,,,,,,,
_result,0,2025-11-08 03:18:46+00:00,E0107,wach,0.75,,,,,,,,
_result,1,2025-11-08 03:20:37+00:00,E0107,wach,,A,4.56,3.99,4.02,,,,
_result,0,2025-11-08 03:20:38+00:00,E0107,wach,0.75,,,,,,,,
_result,1,2025-11-08 03:22:43+00:00,E0107,wach,,A,4.56,3.99,4.02,,,,
_result,0,2025-11-08 03:22:44+00:00,E0107,wach,0.75,,,,,,,,
_result,0,2025-11-08 03:24:55+00:00,E0107,wach,0.75,,,,,,,,
_result,1,2025-11-08 03:26:42+00:00,E0107,wach,,A,4.59,3.99,4.28,,,,
_result,0,2025-11-08 03:26:43+00:00,E0107,wach,0.75,,,,,,,,
_result,2,2025-11-08 03:28:47+00:00,E0107,wach,,V,,,,234.1,232.0,234.6,
_result,0,2025-11-08 03:28:48+00:00,E0107,wach,0.75,,,,,,,,
_result,0,2025-11-08 03:30:52+00:00,E0107,wach,0.75,,,,,,,,
_result,2,2025-11-08 03:32:45+00:00,E0107,wach,,V,,,,234.6,232.5,,
_result,0,2025-11-08 03:32:46+00:00,E0107,wach,0.75,,,,,,,,
_result,0,2025-11-08 03:36:27+00:00,E0107,wach,0.75,,,,,,,,
_result,0,2025-11-08 03:36:44+00:00,E0107,wach,0.75,,,,,,,,
_result,0,2025-11-08 03:38:48+00:00,E0107,wach,0.75,,,,,,,,
_result,0,2025-11-08 03:40:48+00:00,E0107,wach,0.75,,,,,,,,
_result,1,2025-11-08 03:42:43+00:00,E0107,wach,,A,4.6,4.0,4.28,,,,
_result,0,2025-11-08 03:42:44+00:00,E0107,wach,0.75,,,,,,,,
_result,0,2025-11-08 03:44:44+00:00,E0107,wach,0.75,,,,,,,,
_result,1,2025-11-08 03:46:44+00:00,E0107,wach,,A,4.59,4.0,4.28,,,,
_result,0,2025-11-08 03:46:45+00:00,E0107,wach,0.75,,,,,,,,
_result,0,2025-11-08 03:49:14+00:00,E0107,wach,0.75,,,,,,,,
_result,0,2025-11-08 03:51:21+00:00,E0107,wach,0.75,,,,,,,,
_result,0,2025-11-08 03:53:13+00:00,E0107,wach,0.75,,,,,,,,
_result,0,2025-11-08 03:54:53+00:00,E0107,wach,0.75,,,,,,,,
_result,1,2025-11-08 03:56:45+00:00,E0107,wach,,A,4.6,4.0,4.29,,,,
_result,0,2025-11-08 03:56:46+00:00,E0107,wach,0.75,,,,,,,,
_result,0,2025-11-08 04:01:24+00:00,E0107,wach,0.75,,,,,,,,
_result,0,2025-11-08 04:03:33+00:00,E0107,wach,0.75,,,,,,,,
_result,0,2025-11-08 04:05:27+00:00,E0107,wach,0.75,,,,,,,,
_result,0,2025-11-08 04:07:13+00:00,E0107,wach,0.75,,,,,,,,
_result,0,2025-11-08 04:08:49+00:00,E0107,wach,0.75,,,,,,,,
_result,2,2025-11-08 04:10:47+00:00,E0107,wach,,V,,,,234.5,,,
_result,0,2025-11-08 04:10:48+00:00,E0107,wach,0.75,,,,,,,,
_result,1,2025-11-08 04:12:44+00:00,E0107,wach,,A,4.6,4.0,4.28,,,,
_result,0,2025-11-08 04:12:45+00:00,E0107,wach,0.75,,,,,,,,
_result,0,2025-11-08 04:14:40+00:00,E0107,wach,0.75,,,,,,,,
_result,0,2025-11-08 04:16:43+00:00,E0107,wach,0.75,,,,,,,,
_result,2,2025-11-08 04:18:40+00:00,E0107,wach,,V,,,,234.7,,,
_result,0,2025-11-08 04:18:41+00:00,E0107,wach,0.75,,,,,,,,
_result,0,2025-11-08 04:21:11+00:00,E0107,wach,0.75,,,,,,,,
_result,0,2025-11-08 04:22:45+00:00,E0107,wach,0.75,,,,,,,,
_result,2,2025-11-08 04:24:45+00:00,E0107,wach,,V,,,,234.4,232.4,235.0,
_result,0,2025-11-08 04:24:46+00:00,E0107,wach,0.75,,,,,,,,
_result,0,2025-11-08 04:26:54+00:00,E0107,wach,0.75,,,,,,,,
_result,2,2025-11-08 04:28:45+00:00,E0107,wach,,V,,,,234.4,232.4,235.0,
_result,0,2025-11-08 04:28:46+00:00,E0107,wach,0.75,,,,,,,,
_result,1,2025-11-08 04:30:50+00:00,E0107,wach,,A,4.59,4.0,4.28,,,,
_result,0,2025-11-08 04:30:51+00:00,E0107,wach,0.75,,,,,,,,
_result,0,2025-11-08 04:32:46+00:00,E0107,wach,0.75,,,,,,,,
_result,0,2025-11-08 04:34:52+00:00,E0107,wach,0.75,,,,,,,,
_result,0,2025-11-08 04:36:46+00:00,E0107,wach,0.75,,,,,,,,
_result,2,2025-11-08 04:38:44+00:00,E0107,wach,,V,,,,234.7,,,
_result,0,2025-11-08 04:38:45+00:00,E0107,wach,0.75,,,,,,,,
_result,1,2025-11-08 04:40:47+00:00,E0107,wach,,A,4.6,4.0,4.28,,,,
_result,0,2025-11-08 04:40:48+00:00,E0107,wach,0.75,,,,,,,,
_result,1,2025-11-08 04:42:51+00:00,E0107,wach,,A,4.6,4.0,4.28,,,,
_result,0,2025-11-08 04:42:52+00:00,E0107,wach,0.75,,,,,,,,
_result,1,2025-11-08 04:44:48+00:00,E0107,wach,,A,4.59,4.01,4.29,,,,
_result,0,2025-11-08 04:44:49+00:00,E0107,wach,0.75,,,,,,,,
_result,0,2025-11-08 04:46:49+00:00,E0107,wach,0.75,,,,,,,,
_result,0,2025-11-08 04:48:49+00:00,E0107,wach,0.75,,,,,,,,
_result,0,2025-11-08 04:50:44+00:00,E0107,wach,0.75,,,,,,,,
_result,0,2025-11-08 04:52:48+00:00,E0107,wach,0.75,,,,,,,,
_result,1,2025-11-08 04:54:41+00:00,E0107,wach,,A,4.58,4.0,4.28,,,,
_result,0,2025-11-08 04:54:42+00:00,E0107,wach,0.75,,,,,,,,
_result,0,2025-11-08 04:57:15+00:00,E0107,wach,0.75,,,,,,,,
_result,1,2025-11-08 04:58:48+00:00,E0107,wach,,A,4.58,4.0,4.28,,,,
_result,0,2025-11-08 04:58:49+00:00,E0107,wach,0.75,,,,,,,,
_result,0,2025-11-08 05:01:18+00:00,E0107,wach,0.75,,,,,,,,
_result,0,2025-11-08 05:02:53+00:00,E0107,wach,0.75,,,,,,,,
_result,0,2025-11-08 05:04:52+00:00,E0107,wach,0.75,,,,,,,,
_result,1,2025-11-08 05:06:43+00:00,E0107,wach,,A,4.58,4.0,,,,,
_result,0,2025-11-08 05:06:44+00:00,E0107,wach,0.75,,,,,,,,
_result,0,2025-11-08 05:08:49+00:00,E0107,wach,0.75,,,,,,,,
_result,0,2025-11-08 05:10:49+00:00,E0107,wach,0.75,,,,,,,,
_result,2,2025-11-08 05:12:59+00:00,E0107,wach,,V,,,,234.8,232.7,235.2,
_result,0,2025-11-08 05:13:00+00:00,E0107,wach,0.75,,,,,,,,
_result,0,2025-11-08 05:14:47+00:00,E0107,wach,0.75,,,,,,,,
_result,1,2025-11-08 05:16:45+00:00,E0107,wach,,A,4.59,,,,,,
_result,0,2025-11-08 05:16:46+00:00,E0107,wach,0.75,,,,,,,,
_result,2,2025-11-08 05:18:49+00:00,E0107,wach,,V,,,,234.2,232.1,234.5,
_result,0,2025-11-08 05:18:50+00:00,E0107,wach,0.75,,,,,,,,
_result,1,2025-11-08 05:20:48+00:00,E0107,wach,,A,4.59,3.99,4.27,,,,
_result,0,2025-11-08 05:20:49+00:00,E0107,wach,0.75,,,,,,,,
_result,0,2025-11-08 05:24:13+00:00,E0107,wach,0.75,,,,,,,,
_result,1,2025-11-08 05:24:49+00:00,E0107,wach,,A,4.59,4.0,4.28,,,,
_result,0,2025-11-08 05:24:50+00:00,E0107,wach,0.75,,,,,,,,
_result,2,2025-11-08 05:26:46+00:00,E0107,wach,,V,,,,234.2,,,
_result,0,2025-11-08 05:26:47+00:00,E0107,wach,0.75,,,,,,,,
_result,0,2025-11-08 05:28:45+00:00,E0107,wach,0.75,,,,,,,,
_result,0,2025-11-08 05:30:52+00:00,E0107,wach,0.75,,,,,,,,
_result,0,2025-11-08 05:32:48+00:00,E0107,wach,0.75,,,,,,,,
_result,0,2025-11-08 05:34:47+00:00,E0107,wach,0.75,,,,,,,,
_result,1,2025-11-08 05:36:44+00:00,E0107,wach,,A,4.59,4.0,4.27,,,,
_result,0,2025-11-08 05:36:45+00:00,E0107,wach,0.75,,,,,,,,
_result,0,2025-11-08 05:38:39+00:00,E0107,wach,0.75,,,,,,,,
_result,0,2025-11-08 05:40:45+00:00,E0107,wach,0.75,,,,,,,,
_result,1,2025-11-08 05:42:42+00:00,E0107,wach,,A,4.59,4.0,4.27,,,,
_result,0,2025-11-08 05:42:43+00:00,E0107,wach,0.75,,,,,,,,
_result,0,2025-11-08 05:44:48+00:00,E0107,wach,0.75,,,,,,,,
_result,2,2025-11-08 05:46:41+00:00,E0107,wach,,V,,,,234.0,232.1,234.5,
_result,0,2025-11-08 05:46:42+00:00,E0107,wach,0.75,,,,,,,,
_result,0,2025-11-08 05:48:47+00:00,E0107,wach,0.75,,,,,,,,
_result,0,2025-11-08 05:51:06+00:00,E0107,wach,0.75,,,,,,,,
_result,0,2025-11-08 05:52:49+00:00,E0107,wach,0.75,,,,,,,,
_result,0,2025-11-08 05:54:45+00:00,E0107,wach,0.75,,,,,,,,
_result,1,2025-11-08 05:56:46+00:00,E0107,wach,,A,4.58,,,,,,
_result,0,2025-11-08 05:56:47+00:00,E0107,wach,0.75,,,,,,,,
_result,0,2025-11-08 05:58:49+00:00,E0107,wach,0.75,,,,,,,,
_result,2,2025-11-08 06:00:46+00:00,E0107,wach,,V,,,,233.9,231.9,234.5,
_result,0,2025-11-08 06:00:47+00:00,E0107,wach,0.75,,,,,,,,
_result,2,2025-11-08 06:03:22+00:00,E0107,wach,,V,,,,233.9,231.9,234.5,
_result,0,2025-11-08 06:03:23+00:00,E0107,wach,0.75,,,,,,,,
_result,0,2025-11-08 06:04:47+00:00,E0107,wach,0.75,,,,,,,,
_result,0,2025-11-08 06:06:44+00:00,E0107,wach,0.75,,,,,,,,
_result,0,2025-11-08 06:08:51+00:00,E0107,wach,0.75,,,,,,,,
_result,0,2025-11-08 06:10:58+00:00,E0107,wach,0.75,,,,,,,,
_result,2,2025-11-08 06:12:51+00:00,E0107,wach,,V,,,,233.5,231.5,233.9,
_result,0,2025-11-08 06:12:52+00:00,E0107,wach,0.75,,,,,,,,
_result,1,2025-11-08 06:14:49+00:00,E0107,wach,,A,4.57,3.99,4.26,,,,
_result,0,2025-11-08 06:14:50+00:00,E0107,wach,0.75,,,,,,,,
_result,1,2025-11-08 06:16:52+00:00,E0107,wach,,A,4.57,3.99,4.26,,,,
_result,0,2025-11-08 06:16:53+00:00,E0107,wach,0.75,,,,,,,,
_result,0,2025-11-08 06:18:51+00:00,E0107,wach,0.75,,,,,,,,
_result,0,2025-11-08 06:21:11+00:00,E0107,wach,0.75,,,,,,,,
_result,0,2025-11-08 06:23:10+00:00,E0107,wach,0.75,,,,,,,,
_result,0,2025-11-08 06:24:56+00:00,E0107,wach,0.75,,,,,,,,
_result,0,2025-11-08 06:26:49+00:00,E0107,wach,0.75,,,,,,,,
_result,1,2025-11-08 06:28:46+00:00,E0107,wach,,A,4.57,3.99,4.26,,,,
_result,0,2025-11-08 06:28:47+00:00,E0107,wach,0.75,,,,,,,,
_result,0,2025-11-08 06:30:48+00:00,E0107,wach,0.75,,,,,,,,
_result,1,2025-11-08 06:33:05+00:00,E0107,wach,,A,4.59,3.99,4.28,,,,
_result,0,2025-11-08 06:33:06+00:00,E0107,wach,0.75,,,,,,,,
_result,0,2025-11-08 06:34:46+00:00,E0107,wach,0.75,,,,,,,,
_result,1,2025-11-08 06:36:48+00:00,E0107,wach,,A,4.59,,,,,,
_result,0,2025-11-08 06:36:49+00:00,E0107,wach,0.75,,,,,,,,
_result,0,2025-11-08 06:38:49+00:00,E0107,wach,0.75,,,,,,,,
_result,1,2025-11-08 06:40:46+00:00,E0107,wach,,A,4.59,3.99,4.28,,,,
_result,0,2025-11-08 06:40:47+00:00,E0107,wach,0.75,,,,,,,,
_result,0,2025-11-08 06:42:56+00:00,E0107,wach,0.75,,,,,,,,
_result,0,2025-11-08 06:44:48+00:00,E0107,wach,0.75,,,,,,,,
_result,1,2025-11-08 06:46:49+00:00,E0107,wach,,A,4.58,,,,,,
_result,0,2025-11-08 06:46:50+00:00,E0107,wach,0.75,,,,,,,,
_result,1,2025-11-08 06:48:40+00:00,E0107,wach,,A,4.58,3.98,4.27,,,,
_result,0,2025-11-08 06:48:41+00:00,E0107,wach,0.75,,,,,,,,
_result,1,2025-11-08 06:50:42+00:00,E0107,wach,,A,4.58,3.98,4.27,,,,
_result,0,2025-11-08 06:50:43+00:00,E0107,wach,0.75,,,,,,,,
_result,0,2025-11-08 06:52:47+00:00,E0107,wach,0.75,,,,,,,,
_result,0,2025-11-08 06:54:49+00:00,E0107,wach,0.75,,,,,,,,
_result,1,2025-11-08 06:56:47+00:00,E0107,wach,,A,4.58,3.98,4.27,,,,
_result,0,2025-11-08 06:56:48+00:00,E0107,wach,0.75,,,,,,,,
_result,0,2025-11-08 06:58:47+00:00,E0107,wach,0.75,,,,,,,,
_result,0,2025-11-08 07:00:48+00:00,E0107,wach,0.75,,,,,,,,
_result,1,2025-11-08 07:02:47+00:00,E0107,wach,,A,4.57,3.98,4.27,,,,
_result,0,2025-11-08 07:02:48+00:00,E0107,wach,0.75,,,,,,,,
_result,1,2025-11-08 07:05:26+00:00,E0107,wach,,A,4.58,3.99,4.27,,,,
_result,0,2025-11-08 07:05:27+00:00,E0107,wach,0.75,,,,,,,,
_result,0,2025-11-08 07:06:53+00:00,E0107,wach,0.75,,,,,,,,
_result,0,2025-11-08 07:09:39+00:00,E0107,wach,0.75,,,,,,,,
_result,0,2025-11-08 07:10:47+00:00,E0107,wach,0.75,,,,,,,,
_result,0,2025-11-08 07:12:47+00:00,E0107,wach,0.75,,,,,,,,
_result,0,2025-11-08 07:14:48+00:00,E0107,wach,0.75,,,,,,,,
_result,0,2025-11-08 07:18:20+00:00,E0107,wach,0.75,,,,,,,,
_result,0,2025-11-08 07:18:41+00:00,E0107,wach,0.75,,,,,,,,
_result,0,2025-11-08 07:20:48+00:00,E0107,wach,0.75,,,,,,,,
_result,2,2025-11-08 07:22:47+00:00,E0107,wach,,V,,,,233.6,231.4,233.9,
_result,0,2025-11-08 07:22:48+00:00,E0107,wach,0.75,,,,,,,,
_result,0,2025-11-08 07:24:49+00:00,E0107,wach,0.75,,,,,,,,
_result,2,2025-11-08 07:26:49+00:00,E0107,wach,,V,,,,233.5,231.4,233.9,
_result,0,2025-11-08 07:26:50+00:00,E0107,wach,0.75,,,,,,,,
_result,2,2025-11-08 07:28:56+00:00,E0107,wach,,V,,,,233.5,231.4,233.9,
_result,0,2025-11-08 07:28:57+00:00,E0107,wach,0.75,,,,,,,,
_result,0,2025-11-08 07:31:08+00:00,E0107,wach,0.75,,,,,,,,
_result,1,2025-11-08 07:34:26+00:00,E0107,wach,,A,4.57,3.98,4.26,,,,
_result,0,2025-11-08 07:34:27+00:00,E0107,wach,0.75,,,,,,,,
_result,2,2025-11-08 07:34:52+00:00,E0107,wach,,V,,,,233.5,231.4,233.9,
_result,0,2025-11-08 07:34:53+00:00,E0107,wach,0.75,,,,,,,,
_result,1,2025-11-08 07:36:46+00:00,E0107,wach,,A,4.57,3.98,4.26,,,,
_result,0,2025-11-08 07:36:47+00:00,E0107,wach,0.75,,,,,,,,
_result,0,2025-11-08 07:38:52+00:00,E0107,wach,0.75,,,,,,,,
_result,0,2025-11-08 07:40:46+00:00,E0107,wach,0.75,,,,,,,,
_result,0,2025-11-08 07:42:51+00:00,E0107,wach,0.75,,,,,,,,
_result,2,2025-11-08 07:44:43+00:00,E0107,wach,,V,,,,233.5,231.4,233.9,
_result,0,2025-11-08 07:44:44+00:00,E0107,wach,0.75,,,,,,,,
_result,0,2025-11-08 07:46:51+00:00,E0107,wach,0.75,,,,,,,,
_result,1,2025-11-08 07:48:53+00:00,E0107,wach,,A,4.57,3.98,4.26,,,,
_result,0,2025-11-08 07:48:54+00:00,E0107,wach,0.75,,,,,,,,
_result,1,2025-11-08 07:50:49+00:00,E0107,wach,,A,4.57,3.98,4.26,,,,
_result,3,2025-11-08 07:50:50+00:00,E0107,wach,,kW,,,,,,,2.23594
_result,0,2025-11-08 07:50:51+00:00,E0107,wach,0.75,,,,,,,,
_result,1,2025-11-08 07:53:06+00:00,E0107,wach,,A,4.56,3.97,4.25,,,,
_result,0,2025-11-08 07:53:07+00:00,E0107,wach,0.75,,,,,,,,
_result,0,2025-11-08 07:54:46+00:00,E0107,wach,0.75,,,,,,,,
_result,0,2025-11-08 07:56:48+00:00,E0107,wach,0.75,,,,,,,,
_result,0,2025-11-08 07:58:56+00:00,E0107,wach,0.75,,,,,,,,
_result,1,2025-11-08 08:00:53+00:00,E0107,wach,,A,4.57,3.98,4.26,,,,
_result,0,2025-11-08 08:00:54+00:00,E0107,wach,0.75,,,,,,,,
_result,0,2025-11-08 08:03:06+00:00,E0107,wach,0.75,,,,,,,,
_result,0,2025-11-08 08:04:57+00:00,E0107,wach,0.75,,,,,,,,
_result,1,2025-11-08 08:06:51+00:00,E0107,wach,,A,4.56,3.97,4.26,,,,
_result,0,2025-11-08 08:06:52+00:00,E0107,wach,0.75,,,,,,,,
_result,1,2025-11-08 08:09:08+00:00,E0107,wach,,A,4.56,3.97,4.26,,,,
_result,0,2025-11-08 08:09:09+00:00,E0107,wach,0.75,,,,,,,,
_result,1,2025-11-08 08:10:55+00:00,E0107,wach,,A,4.56,3.97,4.26,,,,
_result,0,2025-11-08 08:10:56+00:00,E0107,wach,0.75,,,,,,,,
_result,0,2025-11-08 08:13:12+00:00,E0107,wach,0.75,,,,,,,,
_result,0,2025-11-08 08:15:01+00:00,E0107,wach,0.75,,,,,,,,
_result,0,2025-11-08 08:16:58+00:00,E0107,wach,0.75,,,,,,,,
_result,1,2025-11-08 08:18:53+00:00,E0107,wach,,A,4.56,3.97,4.26,,,,
_result,0,2025-11-08 08:18:54+00:00,E0107,wach,0.75,,,,,,,,
_result,1,2025-11-08 08:20:49+00:00,E0107,wach,,A,4.56,,,,,,
_result,0,2025-11-08 08:20:50+00:00,E0107,wach,0.75,,,,,,,,
_result,2,2025-11-08 08:22:48+00:00,E0107,wach,,V,,,,233.0,230.9,233.5,
_result,0,2025-11-08 08:22:49+00:00,E0107,wach,0.75,,,,,,,,
_result,0,2025-11-08 08:25:05+00:00,E0107,wach,0.75,,,,,,,,
_result,0,2025-11-08 08:26:58+00:00,E0107,wach,0.75,,,,,,,,
_result,0,2025-11-08 08:28:46+00:00,E0107,wach,0.75,,,,,,,,
_result,0,2025-11-08 08:30:47+00:00,E0107,wach,0.75,,,,,,,,
_result,1,2025-11-08 08:32:43+00:00,E0107,wach,,A,4.57,3.97,4.26,,,,
_result,0,2025-11-08 08:32:44+00:00,E0107,wach,0.75,,,,,,,,
_result,0,2025-11-08 08:34:49+00:00,E0107,wach,0.75,,,,,,,,
_result,0,2025-11-08 08:36:49+00:00,E0107,wach,0.75,,,,,,,,
_result,1,2025-11-08 08:39:03+00:00,E0107,wach,,A,4.56,3.96,4.26,,,,
_result,0,2025-11-08 08:39:04+00:00,E0107,wach,0.75,,,,,,,,
_result,0,2025-11-08 08:40:58+00:00,E0107,wach,0.75,,,,,,,,
_result,0,2025-11-08 08:43:35+00:00,E0107,wach,0.75,,,,,,,,
_result,0,2025-11-08 08:45:45+00:00,E0107,wach,0.75,,,,,,,,
_result,0,2025-11-08 08:47:35+00:00,E0107,wach,0.75,,,,,,,,
_result,0,2025-11-08 08:49:36+00:00,E0107,wach,0.75,,,,,,,,
_result,0,2025-11-08 08:51:26+00:00,E0107,wach,0.75,,,,,,,,
_result,0,2025-11-08 08:53:31+00:00,E0107,wach,0.75,,,,,,,,
_result,0,2025-11-08 08:55:17+00:00,E0107,wach,0.75,,,,,,,,
_result,0,2025-11-08 08:56:59+00:00,E0107,wach,0.75,,,,,,,,
_result,0,2025-11-08 09:00:12+00:00,E0107,wach,0.75,,,,,,,,
_result,0,2025-11-08 09:02:20+00:00,E0107,wach,0.75,,,,,,,,
_result,0,2025-11-08 09:03:05+00:00,E0107,wach,0.75,,,,,,,,
_result,1,2025-11-08 09:04:45+00:00,E0107,wach,,A,4.57,3.97,,,,,
_result,0,2025-11-08 09:04:46+00:00,E0107,wach,0.75,,,,,,,,
_result,1,2025-11-08 09:06:48+00:00,E0107,wach,,A,4.56,3.96,4.26,,,,
_result,0,2025-11-08 09:06:49+00:00,E0107,wach,0.75,,,,,,,,
_result,1,2025-11-08 09:08:53+00:00,E0107,wach,,A,4.56,3.96,4.26,,,,
_result,0,2025-11-08 09:08:54+00:00,E0107,wach,0.75,,,,,,,,
_result,1,2025-11-08 09:10:49+00:00,E0107,wach,,A,4.56,3.96,4.26,,,,
_result,3,2025-11-08 09:10:50+00:00,E0107,wach,,kW,,,,,,,2.24055
_result,0,2025-11-08 09:10:51+00:00,E0107,wach,0.75,,,,,,,,
_result,1,2025-11-08 09:12:48+00:00,E0107,wach,,A,4.57,3.97,4.27,,,,
_result,0,2025-11-08 09:12:49+00:00,E0107,wach,0.75,,,,,,,,
_result,0,2025-11-08 09:14:53+00:00,E0107,wach,0.75,,,,,,,,
_result,0,2025-11-08 09:16:47+00:00,E0107,wach,0.75,,,,,,,,
_result,0,2025-11-08 09:18:48+00:00,E0107,wach,0.75,,,,,,,,
_result,0,2025-11-08 09:20:57+00:00,E0107,wach,0.75,,,,,,,,
_result,2,2025-11-08 09:22:53+00:00,E0107,wach,,V,,,,233.4,,,
_result,0,2025-11-08 09:22:54+00:00,E0107,wach,0.75,,,,,,,,
_result,1,2025-11-08 09:24:47+00:00,E0107,wach,,A,4.57,3.97,4.26,,,,
_result,0,2025-11-08 09:24:48+00:00,E0107,wach,0.75,,,,,,,,
_result,0,2025-11-08 09:27:07+00:00,E0107,wach,0.75,,,,,,,,
_result,0,2025-11-08 09:29:07+00:00,E0107,wach,0.75,,,,,,,,
_result,2,2025-11-08 09:30:49+00:00,E0107,wach,,V,,,,233.4,231.2,233.8,
_result,0,2025-11-08 09:30:50+00:00,E0107,wach,0.75,,,,,,,,
_result,0,2025-11-08 09:32:48+00:00,E0107,wach,0.75,,,,,,,,
_result,1,2025-11-08 09:34:44+00:00,E0107,wach,,A,4.57,3.97,4.26,,,,
_result,0,2025-11-08 09:34:45+00:00,E0107,wach,0.75,,,,,,,,
_result,1,2025-11-08 09:36:55+00:00,E0107,wach,,A,4.57,3.97,4.26,,,,
_result,0,2025-11-08 09:36:56+00:00,E0107,wach,0.75,,,,,,,,
_result,0,2025-11-08 09:40:46+00:00,E0107,wach,0.75,,,,,,,,
_result,0,2025-11-08 09:41:09+00:00,E0107,wach,0.75,,,,,,,,
_result,0,2025-11-08 09:43:03+00:00,E0107,wach,0.75,,,,,,,,
_result,1,2025-11-08 09:44:48+00:00,E0107,wach,,A,4.57,3.97,4.26,,,,
_result,0,2025-11-08 09:44:49+00:00,E0107,wach,0.75,,,,,,,,
_result,1,2025-11-08 09:46:44+00:00,E0107,wach,,A,4.57,,,,,,
_result,1,2025-11-08 09:46:45+00:00,E0107,wach,,A,,3.97,4.26,,,,
_result,0,2025-11-08 09:46:46+00:00,E0107,wach,0.75,,,,,,,,
_result,1,2025-11-08 09:48:51+00:00,E0107,wach,,A,4.57,3.97,4.26,,,,
_result,0,2025-11-08 09:48:52+00:00,E0107,wach,0.75,,,,,,,,
_result,0,2025-11-08 09:51:06+00:00,E0107,wach,0.75,,,,,,,,
_result,0,2025-11-08 09:52:50+00:00,E0107,wach,0.75,,,,,,,,
_result,2,2025-11-08 09:54:51+00:00,E0107,wach,,V,,,,233.5,,,
_result,0,2025-11-08 09:54:52+00:00,E0107,wach,0.75,,,,,,,,
_result,2,2025-11-08 09:56:49+00:00,E0107,wach,,V,,,,233.5,,,
_result,1,2025-11-08 09:56:51+00:00,E0107,wach,,A,4.56,3.98,4.26,,,,
_result,0,2025-11-08 09:56:52+00:00,E0107,wach,0.75,,,,,,,,
_result,0,2025-11-08 09:58:57+00:00,E0107,wach,0.75,,,,,,,,
_result,0,2025-11-08 10:00:43+00:00,E0107,wach,0.75,,,,,,,,
_result,2,2025-11-08 10:02:46+00:00,E0107,wach,,V,,,,233.5,,,
_result,0,2025-11-08 10:02:47+00:00,E0107,wach,0.75,,,,,,,,
_result,0,2025-11-08 10:04:47+00:00,E0107,wach,0.75,,,,,,,,
_result,2,2025-11-08 10:06:45+00:00,E0107,wach,,V,,,,234.1,231.8,234.5,
_result,0,2025-11-08 10:06:46+00:00,E0107,wach,0.75,,,,,,,,
_result,0,2025-11-08 10:09:11+00:00,E0107,wach,0.75,,,,,,,,
_result,2,2025-11-08 10:10:45+00:00,E0107,wach,,V,,,,234.1,231.8,234.5,
_result,0,2025-11-08 10:10:46+00:00,E0107,wach,0.75,,,,,,,,
_result,1,2025-11-08 10:13:14+00:00,E0107,wach,,A,4.58,3.99,4.28,,,,
_result,0,2025-11-08 10:13:15+00:00,E0107,wach,0.75,,,,,,,,
_result,0,2025-11-08 10:14:56+00:00,E0107,wach,0.75,,,,,,,,
_result,0,2025-11-08 10:16:47+00:00,E0107,wach,0.75,,,,,,,,
_result,2,2025-11-08 10:18:43+00:00,E0107,wach,,V,,,,234.5,232.4,234.9,
_result,0,2025-11-08 10:18:44+00:00,E0107,wach,0.75,,,,,,,,
_result,0,2025-11-08 10:20:45+00:00,E0107,wach,0.75,,,,,,,,
_result,0,2025-11-08 10:22:49+00:00,E0107,wach,0.75,,,,,,,,
_result,1,2025-11-08 10:24:47+00:00,E0107,wach,,A,4.58,3.99,4.28,,,,
_result,0,2025-11-08 10:24:48+00:00,E0107,wach,0.75,,,,,,,,
_result,1,2025-11-08 10:26:48+00:00,E0107,wach,,A,4.59,3.98,4.29,,,,
_result,0,2025-11-08 10:26:49+00:00,E0107,wach,0.75,,,,,,,,
_result,0,2025-11-08 10:28:47+00:00,E0107,wach,0.75,,,,,,,,
_result,1,2025-11-08 10:30:51+00:00,E0107,wach,,A,4.59,3.98,4.29,,,,
_result,0,2025-11-08 10:30:52+00:00,E0107,wach,0.75,,,,,,,,
_result,0,2025-11-08 10:32:49+00:00,E0107,wach,0.75,,,,,,,,
_result,0,2025-11-08 10:34:41+00:00,E0107,wach,0.75,,,,,,,,
_result,1,2025-11-08 10:36:57+00:00,E0107,wach,,A,4.59,3.98,4.28,,,,
_result,0,2025-11-08 10:36:58+00:00,E0107,wach,0.75,,,,,,,,
_result,0,2025-11-08 10:38:48+00:00,E0107,wach,0.75,,,,,,,,
_result,1,2025-11-08 10:42:25+00:00,E0107,wach,,A,4.59,3.98,4.29,,,,
_result,0,2025-11-08 10:42:26+00:00,E0107,wach,0.75,,,,,,,,
_result,2,2025-11-08 10:42:50+00:00,E0107,wach,,V,,,,234.5,232.3,235.0,
_result,0,2025-11-08 10:42:51+00:00,E0107,wach,0.75,,,,,,,,
_result,0,2025-11-08 10:44:48+00:00,E0107,wach,0.75,,,,,,,,
_result,0,2025-11-08 10:46:49+00:00,E0107,wach,0.75,,,,,,,,
_result,0,2025-11-08 10:48:46+00:00,E0107,wach,0.75,,,,,,,,
_result,2,2025-11-08 10:50:47+00:00,E0107,wach,,V,,,,234.5,232.3,235.0,
_result,0,2025-11-08 10:50:48+00:00,E0107,wach,0.75,,,,,,,,
_result,0,2025-11-08 10:53:00+00:00,E0107,wach,0.75,,,,,,,,
_result,2,2025-11-08 10:54:59+00:00,E0107,wach,,V,,,,233.8,231.7,234.3,
_result,0,2025-11-08 10:55:00+00:00,E0107,wach,0.75,,,,,,,,
_result,0,2025-11-08 10:57:02+00:00,E0107,wach,0.75,,,,,,,,
_result,2,2025-11-08 10:58:54+00:00,E0107,wach,,V,,,,234.4,231.7,234.3,
_result,0,2025-11-08 10:58:55+00:00,E0107,wach,0.75,,,,,,,,
_result,1,2025-11-08 11:00:46+00:00,E0107,wach,,A,4.59,3.98,4.3,,,,
_result,0,2025-11-08 11:00:47+00:00,E0107,wach,0.75,,,,,,,,
_result,0,2025-11-08 11:02:55+00:00,E0107,wach,0.75,,,,,,,,
_result,1,2025-11-08 11:04:45+00:00,E0107,wach,,A,4.59,3.98,4.3,,,,
_result,0,2025-11-08 11:04:46+00:00,E0107,wach,0.75,,,,,,,,
_result,2,2025-11-08 11:06:44+00:00,E0107,wach,,V,,,,234.4,,,
_result,2,2025-11-08 11:06:45+00:00,E0107,wach,,V,,,,,232.2,235.0,
_result,0,2025-11-08 11:06:46+00:00,E0107,wach,0.75,,,,,,,,
_result,0,2025-11-08 11:08:49+00:00,E0107,wach,0.75,,,,,,,,
_result,1,2025-11-08 11:10:59+00:00,E0107,wach,,A,4.59,3.98,4.3,,,,
_result,0,2025-11-08 11:11:00+00:00,E0107,wach,0.75,,,,,,,,
_result,1,2025-11-08 11:12:54+00:00,E0107,wach,,A,0.65,0.2,0.25,,,,
_result,0,2025-11-08 11:12:55+00:00,E0107,wach,0.9,,,,,,,,
_result,0,2025-11-08 11:14:58+00:00,E0107,wach,0.9,,,,,,,,
_result,0,2025-11-08 11:16:47+00:00,E0107,wach,0.9,,,,,,,,
_result,1,2025-11-08 11:19:18+00:00,E0107,wach,,A,0.65,0.2,0.25,,,,
_result,0,2025-11-08 11:19:19+00:00,E0107,wach,0.9,,,,,,,,
_result,1,2025-11-08 11:20:43+00:00,E0107,wach,,A,0.65,0.2,0.25,,,,
_result,0,2025-11-08 11:20:44+00:00,E0107,wach,0.9,,,,,,,,
_result,1,2025-11-08 11:22:48+00:00,E0107,wach,,A,0.65,0.2,0.25,,,,
_result,0,2025-11-08 11:22:49+00:00,E0107,wach,0.9,,,,,,,,
_result,0,2025-11-08 11:24:57+00:00,E0107,wach,0.9,,,,,,,,
_result,0,2025-11-08 11:26:51+00:00,E0107,wach,0.9,,,,,,,,
_result,2,2025-11-08 11:28:51+00:00,E0107,wach,,V,,,,234.7,232.6,235.4,
_result,0,2025-11-08 11:28:52+00:00,E0107,wach,0.9,,,,,,,,
_result,0,2025-11-08 11:31:28+00:00,E0107,wach,0.9,,,,,,,,
_result,2,2025-11-08 11:32:54+00:00,E0107,wach,,V,,,,234.6,232.5,235.2,
_result,0,2025-11-08 11:32:55+00:00,E0107,wach,0.9,,,,,,,,
_result,0,2025-11-08 11:34:48+00:00,E0107,wach,0.9,,,,,,,,
_result,2,2025-11-08 11:36:50+00:00,E0107,wach,,V,,,,234.6,232.5,,
_result,0,2025-11-08 11:36:51+00:00,E0107,wach,0.9,,,,,,,,
_result,0,2025-11-08 11:38:50+00:00,E0107,wach,0.9,,,,,,,,
_result,0,2025-11-08 11:40:48+00:00,E0107,wach,0.9,,,,,,,,
_result,1,2025-11-08 11:42:48+00:00,E0107,wach,,A,0.65,0.2,0.25,,,,
_result,0,2025-11-08 11:42:49+00:00,E0107,wach,0.9,,,,,,,,
_result,0,2025-11-08 11:44:53+00:00,E0107,wach,0.9,,,,,,,,
_result,0,2025-11-08 11:46:48+00:00,E0107,wach,0.9,,,,,,,,
_result,0,2025-11-08 11:48:47+00:00,E0107,wach,0.9,,,,,,,,
_result,1,2025-11-08 11:50:52+00:00,E0107,wach,,A,0.65,0.2,0.25,,,,
_result,0,2025-11-08 11:50:53+00:00,E0107,wach,0.9,,,,,,,,
_result,0,2025-11-08 11:52:48+00:00,E0107,wach,0.9,,,,,,,,
_result,0,2025-11-08 11:54:48+00:00,E0107,wach,0.9,,,,,,,,
_result,0,2025-11-08 11:56:48+00:00,E0107,wach,0.9,,,,,,,,
_result,0,2025-11-08 11:58:51+00:00,E0107,wach,0.9,,,,,,,,
_result,0,2025-11-08 12:00:43+00:00,E0107,wach,0.9,,,,,,,,
_result,0,2025-11-08 12:02:44+00:00,E0107,wach,0.9,,,,,,,,
_result,2,2025-11-08 12:04:47+00:00,E0107,wach,,V,,,,235.5,,,
_result,0,2025-11-08 12:04:48+00:00,E0107,wach,0.9,,,,,,,,
_result,0,2025-11-08 12:06:50+00:00,E0107,wach,0.9,,,,,,,,
_result,1,2025-11-08 12:08:45+00:00,E0107,wach,,A,0.66,0.2,0.25,,,,
_result,0,2025-11-08 12:08:46+00:00,E0107,wach,0.9,,,,,,,,
_result,0,2025-11-08 12:10:49+00:00,E0107,wach,0.9,,,,,,,,
_result,1,2025-11-08 12:12:44+00:00,E0107,wach,,A,0.66,,,,,,
_result,0,2025-11-08 12:12:45+00:00,E0107,wach,0.9,,,,,,,,
_result,2,2025-11-08 12:14:50+00:00,E0107,wach,,V,,,,235.7,233.5,236.3,
_result,0,2025-11-08 12:14:51+00:00,E0107,wach,0.9,,,,,,,,
_result,0,2025-11-08 12:16:48+00:00,E0107,wach,0.9,,,,,,,,
_result,0,2025-11-08 12:18:47+00:00,E0107,wach,0.9,,,,,,,,
_result,1,2025-11-08 12:20:47+00:00,E0107,wach,,A,0.66,0.2,0.26,,,,
_result,0,2025-11-08 12:20:48+00:00,E0107,wach,0.9,,,,,,,,
_result,1,2025-11-08 12:22:49+00:00,E0107,wach,,A,0.66,0.2,0.26,,,,
_result,0,2025-11-08 12:22:50+00:00,E0107,wach,0.9,,,,,,,,
_result,0,2025-11-08 12:25:11+00:00,E0107,wach,0.9,,,,,,,,
_result,1,2025-11-08 12:27:23+00:00,E0107,wach,,A,0.66,0.2,0.26,,,,
_result,0,2025-11-08 12:27:24+00:00,E0107,wach,0.9,,,,,,,,
_result,1,2025-11-08 12:28:47+00:00,E0107,wach,,A,0.66,0.2,0.26,,,,
_result,0,2025-11-08 12:28:48+00:00,E0107,wach,0.9,,,,,,,,
_result,0,2025-11-08 12:30:54+00:00,E0107,wach,0.9,,,,,,,,
_result,2,2025-11-08 12:32:41+00:00,E0107,wach,,V,,,,235.6,,,
_result,2,2025-11-08 12:32:42+00:00,E0107,wach,,V,,,,,233.5,236.3,
_result,1,2025-11-08 12:32:43+00:00,E0107,wach,,A,0.66,0.2,0.26,,,,
_result,0,2025-11-08 12:32:44+00:00,E0107,wach,0.9,,,,,,,,
_result,0,2025-11-08 12:34:49+00:00,E0107,wach,0.9,,,,,,,,
_result,2,2025-11-08 12:36:46+00:00,E0107,wach,,V,,,,235.6,233.5,236.3,
_result,0,2025-11-08 12:36:47+00:00,E0107,wach,0.9,,,,,,,,
_result,0,2025-11-08 12:38:53+00:00,E0107,wach,0.9,,,,,,,,
_result,0,2025-11-08 12:40:48+00:00,E0107,wach,0.9,,,,,,,,
_result,0,2025-11-08 12:42:58+00:00,E0107,wach,0.9,,,,,,,,
_result,0,2025-11-08 12:44:50+00:00,E0107,wach,0.9,,,,,,,,
_result,0,2025-11-08 12:46:53+00:00,E0107,wach,0.9,,,,,,,,
_result,0,2025-11-08 12:48:49+00:00,E0107,wach,0.9,,,,,,,,
_result,1,2025-11-08 12:50:50+00:00,E0107,wach,,A,0.65,0.2,0.25,,,,
_result,0,2025-11-08 12:50:51+00:00,E0107,wach,0.9,,,,,,,,
_result,0,2025-11-08 12:52:46+00:00,E0107,wach,0.9,,,,,,,,
_result,0,2025-11-08 12:55:19+00:00,E0107,wach,0.9,,,,,,,,
_result,1,2025-11-08 12:56:50+00:00,E0107,wach,,A,0.65,0.2,0.25,,,,
_result,0,2025-11-08 12:56:51+00:00,E0107,wach,0.9,,,,,,,,
_result,0,2025-11-08 12:58:49+00:00,E0107,wach,0.9,,,,,,,,
_result,1,2025-11-08 13:00:47+00:00,E0107,wach,,A,0.65,0.2,0.25,,,,
_result,0,2025-11-08 13:00:48+00:00,E0107,wach,0.9,,,,,,,,
_result,1,2025-11-08 13:02:49+00:00,E0107,wach,,A,0.65,0.2,0.25,,,,
_result,0,2025-11-08 13:02:50+00:00,E0107,wach,0.9,,,,,,,,
_result,0,2025-11-08 13:04:48+00:00,E0107,wach,0.9,,,,,,,,
_result,0,2025-11-08 13:06:54+00:00,E0107,wach,0.9,,,,,,,,
_result,1,2025-11-08 13:08:50+00:00,E0107,wach,,A,0.66,0.2,0.26,,,,
_result,0,2025-11-08 13:08:51+00:00,E0107,wach,0.9,,,,,,,,
_result,0,2025-11-08 13:10:49+00:00,E0107,wach,0.9,,,,,,,,
_result,2,2025-11-08 13:12:48+00:00,E0107,wach,,V,,,,236.0,233.9,236.8,
_result,0,2025-11-08 13:12:49+00:00,E0107,wach,0.9,,,,,,,,
_result,1,2025-11-08 13:14:48+00:00,E0107,wach,,A,0.66,0.2,0.26,,,,
_result,0,2025-11-08 13:14:49+00:00,E0107,wach,0.9,,,,,,,,
_result,2,2025-11-08 13:17:09+00:00,E0107,wach,,V,,,,236.0,233.9,236.8,
_result,1,2025-11-08 13:17:10+00:00,E0107,wach,,A,0.66,0.2,0.26,,,,
_result,0,2025-11-08 13:17:11+00:00,E0107,wach,0.9,,,,,,,,
_result,0,2025-11-08 13:19:00+00:00,E0107,wach,0.9,,,,,,,,
_result,0,2025-11-08 13:20:55+00:00,E0107,wach,0.9,,,,,,,,
_result,1,2025-11-08 13:22:44+00:00,E0107,wach,,A,0.66,0.2,0.26,,,,
_result,0,2025-11-08 13:22:45+00:00,E0107,wach,0.9,,,,,,,,
_result,0,2025-11-08 13:24:49+00:00,E0107,wach,0.9,,,,,,,,
_result,0,2025-11-08 13:26:50+00:00,E0107,wach,0.9,,,,,,,,
_result,0,2025-11-08 13:28:50+00:00,E0107,wach,0.9,,,,,,,,
_result,0,2025-11-08 13:31:10+00:00,E0107,wach,0.9,,,,,,,,
_result,2,2025-11-08 13:33:02+00:00,E0107,wach,,V,,,,236.1,233.9,236.8,
_result,0,2025-11-08 13:33:03+00:00,E0107,wach,0.9,,,,,,,,
_result,1,2025-11-08 13:35:02+00:00,E0107,wach,,A,0.66,0.2,0.26,,,,
_result,0,2025-11-08 13:35:03+00:00,E0107,wach,0.9,,,,,,,,
_result,0,2025-11-08 13:36:52+00:00,E0107,wach,0.9,,,,,,,,
_result,1,2025-11-08 13:38:48+00:00,E0107,wach,,A,0.66,0.2,0.26,,,,
_result,0,2025-11-08 13:38:49+00:00,E0107,wach,0.9,,,,,,,,
_result,1,2025-11-08 13:40:44+00:00,E0107,wach,,A,0.66,0.2,0.26,,,,
_result,0,2025-11-08 13:40:45+00:00,E0107,wach,0.9,,,,,,,,
_result,0,2025-11-08 13:42:51+00:00,E0107,wach,0.9,,,,,,,,
_result,1,2025-11-08 13:44:48+00:00,E0107,wach,,A,0.66,0.2,0.26,,,,
_result,0,2025-11-08 13:44:49+00:00,E0107,wach,0.9,,,,,,,,
_result,0,2025-11-08 13:46:50+00:00,E0107,wach,0.9,,,,,,,,
_result,1,2025-11-08 13:48:50+00:00,E0107,wach,,A,0.66,0.2,0.26,,,,
_result,0,2025-11-08 13:48:51+00:00,E0107,wach,0.9,,,,,,,,
_result,0,2025-11-08 13:50:49+00:00,E0107,wach,0.9,,,,,,,,
_result,0,2025-11-08 13:52:44+00:00,E0107,wach,0.9,,,,,,,,
_result,0,2025-11-08 13:54:50+00:00,E0107,wach,0.9,,,,,,,,
_result,0,2025-11-08 13:56:52+00:00,E0107,wach,0.9,,,,,,,,
_result,0,2025-11-08 13:59:05+00:00,E0107,wach,0.9,,,,,,,,
_result,0,2025-11-08 14:00:51+00:00,E0107,wach,0.9,,,,,,,,
_result,2,2025-11-08 14:02:49+00:00,E0107,wach,,V,,,,237.4,235.2,238.0,
_result,0,2025-11-08 14:02:50+00:00,E0107,wach,0.9,,,,,,,,
_result,0,2025-11-08 14:04:48+00:00,E0107,wach,0.9,,,,,,,,
_result,1,2025-11-08 14:06:47+00:00,E0107,wach,,A,0.66,0.2,0.26,,,,
_result,0,2025-11-08 14:06:48+00:00,E0107,wach,0.9,,,,,,,,
_result,0,2025-11-08 14:08:47+00:00,E0107,wach,0.9,,,,,,,,
_result,0,2025-11-08 14:10:50+00:00,E0107,wach,0.9,,,,,,,,
_result,1,2025-11-08 14:12:49+00:00,E0107,wach,,A,0.66,0.2,0.26,,,,
_result,0,2025-11-08 14:12:50+00:00,E0107,wach,0.9,,,,,,,,
_result,0,2025-11-08 14:14:49+00:00,E0107,wach,0.9,,,,,,,,
_result,1,2025-11-08 14:16:52+00:00,E0107,wach,,A,0.66,0.2,0.26,,,,
_result,0,2025-11-08 14:16:53+00:00,E0107,wach,0.9,,,,,,,,
_result,1,2025-11-08 14:18:50+00:00,E0107,wach,,A,0.66,0.2,,,,,
_result,0,2025-11-08 14:18:51+00:00,E0107,wach,0.9,,,,,,,,
_result,1,2025-11-08 14:22:28+00:00,E0107,wach,,A,0.66,0.2,0.26,,,,
_result,0,2025-11-08 14:22:29+00:00,E0107,wach,0.9,,,,,,,,
_result,1,2025-11-08 14:22:42+00:00,E0107,wach,,A,0.66,0.2,0.26,,,,
_result,0,2025-11-08 14:22:43+00:00,E0107,wach,0.9,,,,,,,,
_result,0,2025-11-08 14:24:53+00:00,E0107,wach,0.9,,,,,,,,
_result,1,2025-11-08 14:26:48+00:00,E0107,wach,,A,0.66,0.2,0.26,,,,
_result,0,2025-11-08 14:26:49+00:00,E0107,wach,0.9,,,,,,,,
_result,1,2025-11-08 14:28:48+00:00,E0107,wach,,A,0.66,,,,,,
_result,1,2025-11-08 14:28:49+00:00,E0107,wach,,A,,0.2,0.26,,,,
_result,3,2025-11-08 14:28:52+00:00,E0107,wach,,kW,,,,,,,0.237439
_result,0,2025-11-08 14:28:58+00:00,E0107,wach,0.9,,,,,,,,
_result,0,2025-11-08 14:30:59+00:00,E0107,wach,0.9,,,,,,,,
_result,1,2025-11-08 14:32:48+00:00,E0107,wach,,A,0.66,0.2,0.26,,,,
_result,0,2025-11-08 14:32:49+00:00,E0107,wach,0.9,,,,,,,,
_result,1,2025-11-08 14:34:49+00:00,E0107,wach,,A,0.66,0.2,0.26,,,,
_result,0,2025-11-08 14:34:50+00:00,E0107,wach,0.9,,,,,,,,
_result,1,2025-11-08 14:36:49+00:00,E0107,wach,,A,0.66,0.2,0.26,,,,
_result,0,2025-11-08 14:36:50+00:00,E0107,wach,0.9,,,,,,,,
_result,0,2025-11-08 14:38:51+00:00,E0107,wach,0.9,,,,,,,,
_result,0,2025-11-08 14:40:48+00:00,E0107,wach,0.9,,,,,,,,
_result,0,2025-11-08 14:42:48+00:00,E0107,wach,0.9,,,,,,,,
_result,1,2025-11-08 14:44:48+00:00,E0107,wach,,A,0.66,0.2,0.26,,,,
_result,0,2025-11-08 14:44:49+00:00,E0107,wach,0.9,,,,,,,,
_result,0,2025-11-08 14:46:49+00:00,E0107,wach,0.9,,,,,,,,
_result,0,2025-11-08 14:48:53+00:00,E0107,wach,0.9,,,,,,,,
_result,0,2025-11-08 14:50:53+00:00,E0107,wach,0.9,,,,,,,,
_result,1,2025-11-08 14:52:54+00:00,E0107,wach,,A,0.66,0.2,0.26,,,,
_result,0,2025-11-08 14:52:55+00:00,E0107,wach,0.9,,,,,,,,
_result,1,2025-11-08 14:54:49+00:00,E0107,wach,,A,0.66,0.2,0.26,,,,
_result,0,2025-11-08 14:54:50+00:00,E0107,wach,0.9,,,,,,,,
_result,2,2025-11-08 14:56:48+00:00,E0107,wach,,V,,,,238.1,235.9,238.8,
_result,0,2025-11-08 14:56:49+00:00,E0107,wach,0.9,,,,,,,,
_result,1,2025-11-08 14:58:49+00:00,E0107,wach,,A,0.66,0.2,0.26,,,,
_result,0,2025-11-08 14:58:50+00:00,E0107,wach,0.9,,,,,,,,
_result,1,2025-11-08 15:00:54+00:00,E0107,wach,,A,0.66,,,,,,
_result,0,2025-11-08 15:00:55+00:00,E0107,wach,0.9,,,,,,,,
_result,2,2025-11-08 15:02:49+00:00,E0107,wach,,V,,,,238.4,236.1,239.1,
_result,0,2025-11-08 15:02:50+00:00,E0107,wach,0.9,,,,,,,,
_result,0,2025-11-08 15:04:47+00:00,E0107,wach,0.9,,,,,,,,
_result,1,2025-11-08 15:06:56+00:00,E0107,wach,,A,0.66,0.2,0.26,,,,
_result,0,2025-11-08 15:06:57+00:00,E0107,wach,0.9,,,,,,,,
_result,2,2025-11-08 15:08:48+00:00,E0107,wach,,V,,,,238.4,236.1,239.1,
_result,0,2025-11-08 15:08:49+00:00,E0107,wach,0.9,,,,,,,,
_result,0,2025-11-08 15:11:08+00:00,E0107,wach,0.9,,,,,,,,
_result,1,2025-11-08 15:13:04+00:00,E0107,wach,,A,0.66,0.2,0.26,,,,
_result,0,2025-11-08 15:13:05+00:00,E0107,wach,0.9,,,,,,,,
_result,2,2025-11-08 15:14:51+00:00,E0107,wach,,V,,,,238.8,236.5,239.5,
_result,0,2025-11-08 15:14:52+00:00,E0107,wach,0.9,,,,,,,,
_result,1,2025-11-08 15:16:47+00:00,E0107,wach,,A,0.66,0.2,0.26,,,,
_result,0,2025-11-08 15:16:48+00:00,E0107,wach,0.9,,,,,,,,
_result,0,2025-11-08 15:18:47+00:00,E0107,wach,0.9,,,,,,,,
_result,2,2025-11-08 15:20:49+00:00,E0107,wach,,V,,,,238.8,236.5,239.5,
_result,0,2025-11-08 15:20:50+00:00,E0107,wach,0.9,,,,,,,,
_result,0,2025-11-08 15:22:48+00:00,E0107,wach,0.9,,,,,,,,
_result,2,2025-11-08 15:24:48+00:00,E0107,wach,,V,,,,238.8,236.5,239.5,
_result,0,2025-11-08 15:24:49+00:00,E0107,wach,0.9,,,,,,,,
_result,0,2025-11-08 15:26:51+00:00,E0107,wach,0.9,,,,,,,,
_result,2,2025-11-08 15:28:48+00:00,E0107,wach,,V,,,,238.8,236.5,239.5,
_result,0,2025-11-08 15:28:49+00:00,E0107,wach,0.9,,,,,,,,
_result,0,2025-11-08 15:30:49+00:00,E0107,wach,0.9,,,,,,,,
_result,1,2025-11-08 15:32:50+00:00,E0107,wach,,A,0.66,0.2,0.26,,,,
_result,0,2025-11-08 15:32:51+00:00,E0107,wach,0.9,,,,,,,,
_result,0,2025-11-08 15:34:49+00:00,E0107,wach,0.9,,,,,,,,
_result,0,2025-11-08 15:36:48+00:00,E0107,wach,0.9,,,,,,,,
_result,1,2025-11-08 15:40:37+00:00,E0107,wach,,A,0.66,0.2,0.26,,,,
_result,0,2025-11-08 15:40:38+00:00,E0107,wach,0.9,,,,,,,,
_result,0,2025-11-08 15:42:38+00:00,E0107,wach,0.9,,,,,,,,
_result,0,2025-11-08 15:44:23+00:00,E0107,wach,0.9,,,,,,,,
_result,0,2025-11-08 15:44:46+00:00,E0107,wach,0.9,,,,,,,,
_result,0,2025-11-08 15:46:54+00:00,E0107,wach,0.9,,,,,,,,
_result,0,2025-11-08 15:48:47+00:00,E0107,wach,0.9,,,,,,,,
_result,0,2025-11-08 15:52:39+00:00,E0107,wach,0.9,,,,,,,,
_result,1,2025-11-08 15:52:56+00:00,E0107,wach,,A,0.66,0.2,0.27,,,,
_result,0,2025-11-08 15:52:57+00:00,E0107,wach,0.9,,,,,,,,
_result,0,2025-11-08 15:54:52+00:00,E0107,wach,0.9,,,,,,,,
_result,2,2025-11-08 15:58:07+00:00,E0107,wach,,V,,,,238.4,236.1,239.1,
_result,0,2025-11-08 15:58:08+00:00,E0107,wach,0.9,,,,,,,,
_result,0,2025-11-08 15:58:46+00:00,E0107,wach,0.9,,,,,,,,
_result,0,2025-11-08 16:01:12+00:00,E0107,wach,0.9,,,,,,,,
_result,0,2025-11-08 16:03:05+00:00,E0107,wach,0.9,,,,,,,,
_result,1,2025-11-08 16:04:44+00:00,E0107,wach,,A,0.66,,,,,,
_result,0,2025-11-08 16:04:45+00:00,E0107,wach,0.9,,,,,,,,
_result,1,2025-11-08 16:06:52+00:00,E0107,wach,,A,0.66,0.2,0.26,,,,
_result,0,2025-11-08 16:06:53+00:00,E0107,wach,0.9,,,,,,,,
_result,0,2025-11-08 16:08:51+00:00,E0107,wach,0.9,,,,,,,,
_result,0,2025-11-08 16:10:50+00:00,E0107,wach,0.9,,,,,,,,
_result,0,2025-11-08 16:12:53+00:00,E0107,wach,0.9,,,,,,,,
_result,0,2025-11-08 16:14:50+00:00,E0107,wach,0.9,,,,,,,,
_result,1,2025-11-08 16:16:52+00:00,E0107,wach,,A,0.66,0.2,0.26,,,,
_result,0,2025-11-08 16:16:53+00:00,E0107,wach,0.9,,,,,,,,
_result,1,2025-11-08 16:18:44+00:00,E0107,wach,,A,0.66,0.2,0.26,,,,
_result,0,2025-11-08 16:18:45+00:00,E0107,wach,0.9,,,,,,,,
_result,1,2025-11-08 16:20:53+00:00,E0107,wach,,A,0.66,0.2,0.26,,,,
_result,0,2025-11-08 16:20:54+00:00,E0107,wach,0.9,,,,,,,,
_result,0,2025-11-08 16:22:56+00:00,E0107,wach,0.9,,,,,,,,
_result,0,2025-11-08 16:24:49+00:00,E0107,wach,0.9,,,,,,,,
_result,1,2025-11-08 16:26:45+00:00,E0107,wach,,A,0.66,0.2,0.26,,,,
_result,0,2025-11-08 16:26:46+00:00,E0107,wach,0.9,,,,,,,,
_result,0,2025-11-08 16:28:46+00:00,E0107,wach,0.9,,,,,,,,
_result,1,2025-11-08 16:30:49+00:00,E0107,wach,,A,0.66,0.2,0.26,,,,
_result,0,2025-11-08 16:30:50+00:00,E0107,wach,0.9,,,,,,,,
_result,1,2025-11-08 16:32:48+00:00,E0107,wach,,A,0.66,0.2,0.26,,,,
_result,0,2025-11-08 16:32:49+00:00,E0107,wach,0.9,,,,,,,,
_result,0,2025-11-08 16:34:47+00:00,E0107,wach,0.9,,,,,,,,
_result,1,2025-11-08 16:36:52+00:00,E0107,wach,,A,0.66,0.2,0.26,,,,
_result,0,2025-11-08 16:36:53+00:00,E0107,wach,0.9,,,,,,,,
_result,1,2025-11-08 16:38:48+00:00,E0107,wach,,A,0.66,0.2,0.26,,,,
_result,0,2025-11-08 16:38:49+00:00,E0107,wach,0.9,,,,,,,,
_result,0,2025-11-08 16:40:50+00:00,E0107,wach,0.9,,,,,,,,
_result,1,2025-11-08 16:42:59+00:00,E0107,wach,,A,0.66,0.2,0.26,,,,
_result,0,2025-11-08 16:43:00+00:00,E0107,wach,0.9,,,,,,,,
_result,0,2025-11-08 16:45:21+00:00,E0107,wach,0.9,,,,,,,,
_result,2,2025-11-08 16:46:48+00:00,E0107,wach,,V,,,,239.3,237.0,,
_result,1,2025-11-08 16:46:49+00:00,E0107,wach,,A,0.66,0.2,0.26,,,,
_result,0,2025-11-08 16:46:50+00:00,E0107,wach,0.9,,,,,,,,
_result,2,2025-11-08 16:48:49+00:00,E0107,wach,,V,,,,239.3,237.0,239.9,
_result,0,2025-11-08 16:48:50+00:00,E0107,wach,0.9,,,,,,,,
_result,0,2025-11-08 16:50:51+00:00,E0107,wach,0.9,,,,,,,,
_result,1,2025-11-08 16:52:48+00:00,E0107,wach,,A,0.66,0.2,0.26,,,,
_result,0,2025-11-08 16:52:49+00:00,E0107,wach,0.9,,,,,,,,
_result,0,2025-11-08 16:54:49+00:00,E0107,wach,0.9,,,,,,,,
_result,0,2025-11-08 16:56:54+00:00,E0107,wach,0.9,,,,,,,,
_result,0,2025-11-08 16:58:45+00:00,E0107,wach,0.9,,,,,,,,
_result,2,2025-11-08 17:00:52+00:00,E0107,wach,,V,,,,238.5,236.3,239.2,
_result,0,2025-11-08 17:00:53+00:00,E0107,wach,0.9,,,,,,,,
_result,0,2025-11-08 17:03:11+00:00,E0107,wach,0.9,,,,,,,,
_result,0,2025-11-08 17:04:53+00:00,E0107,wach,0.9,,,,,,,,
_result,2,2025-11-08 17:06:49+00:00,E0107,wach,,V,,,,238.7,236.5,239.5,
_result,0,2025-11-08 17:06:50+00:00,E0107,wach,0.9,,,,,,,,
_result,0,2025-11-08 17:08:49+00:00,E0107,wach,0.9,,,,,,,,
_result,1,2025-11-08 17:10:50+00:00,E0107,wach,,A,0.66,0.2,0.26,,,,
_result,0,2025-11-08 17:10:51+00:00,E0107,wach,0.9,,,,,,,,
_result,0,2025-11-08 17:12:49+00:00,E0107,wach,0.9,,,,,,,,
_result,1,2025-11-08 17:14:50+00:00,E0107,wach,,A,0.66,0.2,0.26,,,,
_result,0,2025-11-08 17:14:51+00:00,E0107,wach,0.9,,,,,,,,
_result,0,2025-11-08 17:16:49+00:00,E0107,wach,0.9,,,,,,,,
_result,1,2025-11-08 17:18:54+00:00,E0107,wach,,A,0.66,0.2,0.26,,,,
_result,0,2025-11-08 17:18:55+00:00,E0107,wach,0.9,,,,,,,,
_result,0,2025-11-08 17:20:55+00:00,E0107,wach,0.9,,,,,,,,
_result,0,2025-11-08 17:22:50+00:00,E0107,wach,0.9,,,,,,,,
_result,0,2025-11-08 17:24:46+00:00,E0107,wach,0.9,,,,,,,,
_result,0,2025-11-08 17:26:51+00:00,E0107,wach,0.9,,,,,,,,
_result,0,2025-11-08 17:28:50+00:00,E0107,wach,0.9,,,,,,,,
_result,1,2025-11-08 17:30:51+00:00,E0107,wach,,A,0.66,,,,,,
_result,1,2025-11-08 17:30:52+00:00,E0107,wach,,A,,0.2,0.26,,,,
_result,0,2025-11-08 17:30:53+00:00,E0107,wach,0.9,,,,,,,,
_result,0,2025-11-08 17:32:52+00:00,E0107,wach,0.9,,,,,,,,
_result,0,2025-11-08 17:34:46+00:00,E0107,wach,0.9,,,,,,,,
_result,0,2025-11-08 17:36:50+00:00,E0107,wach,0.9,,,,,,,,
_result,0,2025-11-08 17:38:48+00:00,E0107,wach,0.9,,,,,,,,
_result,1,2025-11-08 17:40:51+00:00,E0107,wach,,A,0.66,0.2,0.27,,,,
_result,0,2025-11-08 17:40:52+00:00,E0107,wach,0.9,,,,,,,,
_result,0,2025-11-08 17:44:23+00:00,E0107,wach,0.9,,,,,,,,
_result,1,2025-11-08 17:44:46+00:00,E0107,wach,,A,0.66,0.2,0.27,,,,
_result,0,2025-11-08 17:44:47+00:00,E0107,wach,0.9,,,,,,,,
_result,1,2025-11-08 17:46:50+00:00,E0107,wach,,A,0.66,0.2,0.27,,,,
_result,0,2025-11-08 17:46:51+00:00,E0107,wach,0.9,,,,,,,,
_result,2,2025-11-08 17:48:43+00:00,E0107,wach,,V,,,,239.8,237.6,240.6,
_result,0,2025-11-08 17:48:44+00:00,E0107,wach,0.9,,,,,,,,
_result,1,2025-11-08 17:50:59+00:00,E0107,wach,,A,0.66,0.2,0.27,,,,
_result,0,2025-11-08 17:51:00+00:00,E0107,wach,0.9,,,,,,,,
_result,0,2025-11-08 17:52:52+00:00,E0107,wach,0.9,,,,,,,,
_result,0,2025-11-08 17:54:45+00:00,E0107,wach,0.9,,,,,,,,
_result,1,2025-11-08 17:56:53+00:00,E0107,wach,,A,0.66,0.2,0.27,,,,
_result,0,2025-11-08 17:56:54+00:00,E0107,wach,0.9,,,,,,,,
_result,0,2025-11-08 17:58:51+00:00,E0107,wach,0.9,,,,,,,,
_result,1,2025-11-08 18:00:52+00:00,E0107,wach,,A,0.66,,,,,,
_result,0,2025-11-08 18:00:53+00:00,E0107,wach,0.9,,,,,,,,
_result,0,2025-11-08 18:02:55+00:00,E0107,wach,0.9,,,,,,,,
_result,2,2025-11-08 18:04:55+00:00,E0107,wach,,V,,,,239.8,237.4,240.6,
_result,0,2025-11-08 18:04:56+00:00,E0107,wach,0.9,,,,,,,,
_result,1,2025-11-08 18:06:50+00:00,E0107,wach,,A,0.66,0.2,0.27,,,,
_result,0,2025-11-08 18:06:51+00:00,E0107,wach,0.9,,,,,,,,
_result,1,2025-11-08 18:08:49+00:00,E0107,wach,,A,0.66,0.2,0.27,,,,
_result,0,2025-11-08 18:08:50+00:00,E0107,wach,0.9,,,,,,,,
_result,2,2025-11-08 18:10:53+00:00,E0107,wach,,V,,,,240.2,,,
_result,1,2025-11-08 18:10:54+00:00,E0107,wach,,A,0.66,0.2,0.27,,,,
_result,0,2025-11-08 18:10:55+00:00,E0107,wach,0.89,,,,,,,,
_result,0,2025-11-08 18:13:08+00:00,E0107,wach,0.89,,,,,,,,
_result,1,2025-11-08 18:15:29+00:00,E0107,wach,,A,0.66,0.2,0.27,,,,
_result,0,2025-11-08 18:15:30+00:00,E0107,wach,0.89,,,,,,,,
_result,1,2025-11-08 18:17:17+00:00,E0107,wach,,A,0.66,,,,,,
_result,0,2025-11-08 18:17:18+00:00,E0107,wach,0.89,,,,,,,,
_result,1,2025-11-08 18:19:14+00:00,E0107,wach,,A,0.66,0.2,0.27,,,,
_result,0,2025-11-08 18:19:15+00:00,E0107,wach,0.89,,,,,,,,
_result,2,2025-11-08 18:21:11+00:00,E0107,wach,,V,,,,240.4,238.2,241.0,
_result,0,2025-11-08 18:21:12+00:00,E0107,wach,0.89,,,,,,,,
_result,0,2025-11-08 18:23:06+00:00,E0107,wach,0.89,,,,,,,,
_result,2,2025-11-08 18:25:21+00:00,E0107,wach,,V,,,,236.8,234.6,237.5,
_result,0,2025-11-08 18:25:22+00:00,E0107,wach,0.9,,,,,,,,
_result,0,2025-11-08 18:27:23+00:00,E0107,wach,0.9,,,,,,,,
_result,0,2025-11-08 18:29:52+00:00,E0107,wach,0.9,,,,,,,,
_result,1,2025-11-08 18:33:24+00:00,E0107,wach,,A,0.66,0.2,0.26,,,,
_result,0,2025-11-08 18:33:25+00:00,E0107,wach,0.9,,,,,,,,
_result,0,2025-11-08 18:33:54+00:00,E0107,wach,0.9,,,,,,,,
_result,0,2025-11-08 18:36:49+00:00,E0107,wach,0.9,,,,,,,,
_result,0,2025-11-08 18:38:19+00:00,E0107,wach,0.9,,,,,,,,
_result,0,2025-11-08 18:39:37+00:00,E0107,wach,0.9,,,,,,,,
_result,0,2025-11-08 18:41:30+00:00,E0107,wach,0.9,,,,,,,,
_result,2,2025-11-08 18:43:29+00:00,E0107,wach,,V,,,,237.3,235.1,237.8,
_result,0,2025-11-08 18:43:30+00:00,E0107,wach,0.9,,,,,,,,
_result,0,2025-11-08 18:45:15+00:00,E0107,wach,0.9,,,,,,,,
_result,0,2025-11-08 18:47:05+00:00,E0107,wach,0.9,,,,,,,,
_result,1,2025-11-08 18:49:02+00:00,E0107,wach,,A,0.66,0.2,0.26,,,,
_result,0,2025-11-08 18:49:03+00:00,E0107,wach,0.9,,,,,,,,
_result,0,2025-11-08 18:50:53+00:00,E0107,wach,0.9,,,,,,,,
_result,1,2025-11-08 18:52:50+00:00,E0107,wach,,A,0.66,0.2,0.26,,,,
_result,0,2025-11-08 18:52:51+00:00,E0107,wach,0.9,,,,,,,,
_result,1,2025-11-08 18:54:50+00:00,E0107,wach,,A,0.66,0.2,,,,,
_result,0,2025-11-08 18:54:51+00:00,E0107,wach,0.9,,,,,,,,
_result,0,2025-11-08 18:56:54+00:00,E0107,wach,0.9,,,,,,,,
_result,1,2025-11-08 18:58:46+00:00,E0107,wach,,A,0.66,0.2,0.26,,,,
_result,0,2025-11-08 18:58:47+00:00,E0107,wach,0.9,,,,,,,,
_result,1,2025-11-08 19:00:48+00:00,E0107,wach,,A,0.66,0.2,,,,,
_result,0,2025-11-08 19:00:49+00:00,E0107,wach,0.9,,,,,,,,
_result,0,2025-11-08 19:03:21+00:00,E0107,wach,0.9,,,,,,,,
_result,0,2025-11-08 19:04:54+00:00,E0107,wach,0.9,,,,,,,,
_result,0,2025-11-08 19:08:32+00:00,E0107,wach,0.9,,,,,,,,
_result,2,2025-11-08 19:08:51+00:00,E0107,wach,,V,,,,237.5,235.4,238.2,
_result,0,2025-11-08 19:08:52+00:00,E0107,wach,0.9,,,,,,,,
_result,0,2025-11-08 19:11:04+00:00,E0107,wach,0.9,,,,,,,,
_result,0,2025-11-08 19:12:54+00:00,E0107,wach,0.9,,,,,,,,
_result,0,2025-11-08 19:14:49+00:00,E0107,wach,0.9,,,,,,,,
_result,0,2025-11-08 19:16:52+00:00,E0107,wach,0.9,,,,,,,,
_result,0,2025-11-08 19:18:48+00:00,E0107,wach,0.9,,,,,,,,
_result,0,2025-11-08 19:20:53+00:00,E0107,wach,0.9,,,,,,,,
_result,2,2025-11-08 19:22:53+00:00,E0107,wach,,V,,,,237.7,,,
_result,0,2025-11-08 19:22:54+00:00,E0107,wach,0.9,,,,,,,,
_result,0,2025-11-08 19:24:51+00:00,E0107,wach,0.9,,,,,,,,
_result,0,2025-11-08 19:26:45+00:00,E0107,wach,0.9,,,,,,,,
_result,1,2025-11-08 19:28:49+00:00,E0107,wach,,A,0.66,0.2,0.26,,,,
_result,0,2025-11-08 19:28:50+00:00,E0107,wach,0.9,,,,,,,,
_result,1,2025-11-08 19:30:47+00:00,E0107,wach,,A,0.66,0.2,0.26,,,,
_result,0,2025-11-08 19:30:48+00:00,E0107,wach,0.9,,,,,,,,
_result,1,2025-11-08 19:32:50+00:00,E0107,wach,,A,0.66,0.2,,,,,
_result,0,2025-11-08 19:32:51+00:00,E0107,wach,0.9,,,,,,,,
_result,1,2025-11-08 19:35:55+00:00,E0107,wach,,A,0.66,0.2,0.26,,,,
_result,0,2025-11-08 19:35:56+00:00,E0107,wach,0.9,,,,,,,,
_result,1,2025-11-08 19:36:47+00:00,E0107,wach,,A,0.66,0.2,0.26,,,,
_result,0,2025-11-08 19:36:48+00:00,E0107,wach,0.9,,,,,,,,
_result,0,2025-11-08 19:38:52+00:00,E0107,wach,0.9,,,,,,,,
_result,1,2025-11-08 19:40:49+00:00,E0107,wach,,A,0.66,0.2,0.26,,,,
_result,0,2025-11-08 19:40:50+00:00,E0107,wach,0.9,,,,,,,,
_result,1,2025-11-08 19:42:48+00:00,E0107,wach,,A,0.66,0.2,0.26,,,,
_result,0,2025-11-08 19:42:55+00:00,E0107,wach,0.9,,,,,,,,
_result,0,2025-11-08 19:44:51+00:00,E0107,wach,0.9,,,,,,,,
_result,0,2025-11-08 19:46:52+00:00,E0107,wach,0.9,,,,,,,,
_result,0,2025-11-08 19:48:45+00:00,E0107,wach,0.9,,,,,,,,
_result,0,2025-11-08 19:50:51+00:00,E0107,wach,0.9,,,,,,,,
_result,0,2025-11-08 19:52:52+00:00,E0107,wach,0.9,,,,,,,,
_result,0,2025-11-08 19:54:49+00:00,E0107,wach,0.9,,,,,,,,
_result,0,2025-11-08 19:56:50+00:00,E0107,wach,0.9,,,,,,,,
_result,1,2025-11-08 19:58:50+00:00,E0107,wach,,A,0.66,0.2,0.26,,,,
_result,0,2025-11-08 19:58:51+00:00,E0107,wach,0.9,,,,,,,,
_result,1,2025-11-08 20:00:47+00:00,E0107,wach,,A,0.66,,,,,,
_result,0,2025-11-08 20:00:48+00:00,E0107,wach,0.9,,,,,,,,
_result,1,2025-11-08 20:02:49+00:00,E0107,wach,,A,0.66,0.2,0.26,,,,
_result,0,2025-11-08 20:02:50+00:00,E0107,wach,0.9,,,,,,,,
_result,0,2025-11-08 20:04:51+00:00,E0107,wach,0.9,,,,,,,,
_result,0,2025-11-08 20:06:58+00:00,E0107,wach,0.9,,,,,,,,
_result,1,2025-11-08 20:08:48+00:00,E0107,wach,,A,0.66,0.2,0.26,,,,
_result,0,2025-11-08 20:08:49+00:00,E0107,wach,0.9,,,,,,,,
_result,0,2025-11-08 20:10:54+00:00,E0107,wach,0.9,,,,,,,,
_result,2,2025-11-08 20:12:50+00:00,E0107,wach,,V,,,,237.3,235.2,237.9,
_result,0,2025-11-08 20:12:51+00:00,E0107,wach,0.9,,,,,,,,
_result,0,2025-11-08 20:15:13+00:00,E0107,wach,0.9,,,,,,,,
_result,0,2025-11-08 20:16:49+00:00,E0107,wach,0.9,,,,,,,,
_result,0,2025-11-08 20:18:51+00:00,E0107,wach,0.9,,,,,,,,
_result,1,2025-11-08 20:20:51+00:00,E0107,wach,,A,0.66,0.2,0.26,,,,
_result,0,2025-11-08 20:20:52+00:00,E0107,wach,0.9,,,,,,,,
_result,1,2025-11-08 20:22:50+00:00,E0107,wach,,A,0.66,0.2,0.26,,,,
_result,0,2025-11-08 20:22:51+00:00,E0107,wach,0.9,,,,,,,,
_result,1,2025-11-08 20:24:46+00:00,E0107,wach,,A,0.66,0.2,0.26,,,,
_result,0,2025-11-08 20:24:47+00:00,E0107,wach,0.9,,,,,,,,
_result,0,2025-11-08 20:26:51+00:00,E0107,wach,0.9,,,,,,,,
_result,0,2025-11-08 20:28:52+00:00,E0107,wach,0.9,,,,,,,,
_result,0,2025-11-08 20:30:49+00:00,E0107,wach,0.9,,,,,,,,
_result,1,2025-11-08 20:32:47+00:00,E0107,wach,,A,0.66,0.2,0.26,,,,
_result,0,2025-11-08 20:32:48+00:00,E0107,wach,0.9,,,,,,,,
_result,1,2025-11-08 20:34:56+00:00,E0107,wach,,A,0.66,0.2,0.26,,,,
_result,0,2025-11-08 20:34:57+00:00,E0107,wach,0.9,,,,,,,,
_result,0,2025-11-08 20:36:47+00:00,E0107,wach,0.9,,,,,,,,
_result,1,2025-11-08 20:38:49+00:00,E0107,wach,,A,0.66,0.2,0.26,,,,
_result,0,2025-11-08 20:38:50+00:00,E0107,wach,0.9,,,,,,,,
_result,0,2025-11-08 20:40:51+00:00,E0107,wach,0.9,,,,,,,,
_result,0,2025-11-08 20:42:52+00:00,E0107,wach,0.9,,,,,,,,
_result,0,2025-11-08 20:44:48+00:00,E0107,wach,0.9,,,,,,,,
_result,0,2025-11-08 20:46:51+00:00,E0107,wach,0.9,,,,,,,,
_result,0,2025-11-08 20:48:49+00:00,E0107,wach,0.9,,,,,,,,
_result,0,2025-11-08 20:50:50+00:00,E0107,wach,0.9,,,,,,,,
_result,0,2025-11-08 20:52:55+00:00,E0107,wach,0.9,,,,,,,,
_result,0,2025-11-08 20:54:48+00:00,E0107,wach,0.9,,,,,,,,
_result,0,2025-11-08 20:56:48+00:00,E0107,wach,0.9,,,,,,,,
_result,2,2025-11-08 20:58:52+00:00,E0107,wach,,V,,,,237.8,235.7,238.4,
_result,0,2025-11-08 20:58:53+00:00,E0107,wach,0.9,,,,,,,,
_result,1,2025-11-08 21:00:49+00:00,E0107,wach,,A,0.66,0.2,0.26,,,,
_result,0,2025-11-08 21:00:50+00:00,E0107,wach,0.9,,,,,,,,
_result,0,2025-11-08 21:02:47+00:00,E0107,wach,0.9,,,,,,,,
_result,0,2025-11-08 21:04:48+00:00,E0107,wach,0.9,,,,,,,,
_result,0,2025-11-08 21:06:47+00:00,E0107,wach,0.9,,,,,,,,
_result,1,2025-11-08 21:08:46+00:00,E0107,wach,,A,0.66,0.2,0.26,,,,
_result,0,2025-11-08 21:08:47+00:00,E0107,wach,0.9,,,,,,,,
_result,0,2025-11-08 21:10:52+00:00,E0107,wach,0.9,,,,,,,,
_result,0,2025-11-08 21:12:56+00:00,E0107,wach,0.9,,,,,,,,
_result,0,2025-11-08 21:14:51+00:00,E0107,wach,0.9,,,,,,,,
_result,2,2025-11-08 21:16:49+00:00,E0107,wach,,V,,,,237.8,235.7,238.4,
_result,0,2025-11-08 21:16:50+00:00,E0107,wach,0.9,,,,,,,,
_result,0,2025-11-08 21:18:45+00:00,E0107,wach,0.9,,,,,,,,
_result,0,2025-11-08 21:21:15+00:00,E0107,wach,0.9,,,,,,,,
_result,2,2025-11-08 21:23:15+00:00,E0107,wach,,V,,,,237.8,,,
_result,0,2025-11-08 21:23:16+00:00,E0107,wach,0.9,,,,,,,,
_result,1,2025-11-08 21:25:31+00:00,E0107,wach,,A,0.66,0.2,0.26,,,,
_result,0,2025-11-08 21:25:32+00:00,E0107,wach,0.9,,,,,,,,
_result,0,2025-11-08 21:27:37+00:00,E0107,wach,0.9,,,,,,,,
_result,1,2025-11-08 21:29:24+00:00,E0107,wach,,A,0.66,0.2,0.26,,,,
_result,0,2025-11-08 21:29:25+00:00,E0107,wach,0.9,,,,,,,,
_result,0,2025-11-08 21:31:12+00:00,E0107,wach,0.9,,,,,,,,
_result,0,2025-11-08 21:33:08+00:00,E0107,wach,0.9,,,,,,,,
_result,0,2025-11-08 21:34:50+00:00,E0107,wach,0.9,,,,,,,,
_result,0,2025-11-08 21:36:50+00:00,E0107,wach,0.9,,,,,,,,
_result,1,2025-11-08 21:38:50+00:00,E0107,wach,,A,0.66,0.2,0.26,,,,
_result,0,2025-11-08 21:38:51+00:00,E0107,wach,0.9,,,,,,,,
_result,2,2025-11-08 21:40:49+00:00,E0107,wach,,V,,,,237.8,235.6,238.3,
_result,1,2025-11-08 21:40:50+00:00,E0107,wach,,A,0.66,0.2,0.26,,,,
_result,0,2025-11-08 21:40:51+00:00,E0107,wach,0.9,,,,,,,,
_result,0,2025-11-08 21:42:48+00:00,E0107,wach,0.9,,,,,,,,
_result,0,2025-11-08 21:44:48+00:00,E0107,wach,0.9,,,,,,,,
_result,0,2025-11-08 21:46:51+00:00,E0107,wach,0.9,,,,,,,,
_result,0,2025-11-08 21:48:50+00:00,E0107,wach,0.9,,,,,,,,
_result,1,2025-11-08 21:50:49+00:00,E0107,wach,,A,0.66,0.2,0.26,,,,
_result,0,2025-11-08 21:50:50+00:00,E0107,wach,0.9,,,,,,,,
_result,2,2025-11-08 21:52:45+00:00,E0107,wach,,V,,,,237.7,235.8,238.4,
_result,0,2025-11-08 21:52:46+00:00,E0107,wach,0.9,,,,,,,,
_result,1,2025-11-08 21:54:48+00:00,E0107,wach,,A,0.66,0.2,0.26,,,,
_result,0,2025-11-08 21:54:49+00:00,E0107,wach,0.9,,,,,,,,
_result,1,2025-11-08 21:56:44+00:00,E0107,wach,,A,0.66,0.2,0.26,,,,
_result,0,2025-11-08 21:56:45+00:00,E0107,wach,0.9,,,,,,,,
_result,1,2025-11-08 21:58:54+00:00,E0107,wach,,A,0.66,0.2,0.26,,,,
_result,0,2025-11-08 21:58:55+00:00,E0107,wach,0.9,,,,,,,,
_result,0,2025-11-08 22:00:48+00:00,E0107,wach,0.9,,,,,,,,
_result,0,2025-11-08 22:02:51+00:00,E0107,wach,0.9,,,,,,,,
_result,0,2025-11-08 22:04:52+00:00,E0107,wach,0.9,,,,,,,,
_result,0,2025-11-08 22:06:52+00:00,E0107,wach,0.9,,,,,,,,
_result,0,2025-11-08 22:08:50+00:00,E0107,wach,0.9,,,,,,,,
_result,0,2025-11-08 22:10:50+00:00,E0107,wach,0.9,,,,,,,,
_result,0,2025-11-08 22:12:54+00:00,E0107,wach,0.9,,,,,,,,
_result,0,2025-11-08 22:14:49+00:00,E0107,wach,0.9,,,,,,,,
_result,0,2025-11-08 22:16:50+00:00,E0107,wach,0.9,,,,,,,,
_result,1,2025-11-08 22:18:46+00:00,E0107,wach,,A,0.66,0.2,0.26,,,,
_result,0,2025-11-08 22:18:47+00:00,E0107,wach,0.9,,,,,,,,
_result,2,2025-11-08 22:20:52+00:00,E0107,wach,,V,,,,237.7,235.6,238.3,
_result,0,2025-11-08 22:20:53+00:00,E0107,wach,0.9,,,,,,,,
_result,0,2025-11-08 22:22:51+00:00,E0107,wach,0.9,,,,,,,,
_result,0,2025-11-08 22:24:49+00:00,E0107,wach,0.9,,,,,,,,
_result,0,2025-11-08 22:26:49+00:00,E0107,wach,0.9,,,,,,,,
_result,0,2025-11-08 22:28:46+00:00,E0107,wach,0.9,,,,,,,,
_result,0,2025-11-08 22:30:52+00:00,E0107,wach,0.9,,,,,,,,
_result,0,2025-11-08 22:32:59+00:00,E0107,wach,0.9,,,,,,,,
_result,1,2025-11-08 22:34:50+00:00,E0107,wach,,A,0.66,0.2,,,,,
_result,0,2025-11-08 22:34:51+00:00,E0107,wach,0.9,,,,,,,,
_result,0,2025-11-08 22:36:55+00:00,E0107,wach,0.9,,,,,,,,
_result,1,2025-11-08 22:38:49+00:00,E0107,wach,,A,0.66,0.2,0.26,,,,
_result,0,2025-11-08 22:38:50+00:00,E0107,wach,0.9,,,,,,,,
_result,0,2025-11-08 22:40:46+00:00,E0107,wach,0.9,,,,,,,,
_result,1,2025-11-08 22:42:48+00:00,E0107,wach,,A,0.66,0.2,0.26,,,,
_result,0,2025-11-08 22:42:49+00:00,E0107,wach,0.9,,,,,,,,
_result,1,2025-11-08 22:44:48+00:00,E0107,wach,,A,0.66,0.2,0.26,,,,
_result,0,2025-11-08 22:44:49+00:00,E0107,wach,0.9,,,,,,,,
_result,0,2025-11-08 22:46:48+00:00,E0107,wach,0.9,,,,,,,,
_result,1,2025-11-08 22:48:48+00:00,E0107,wach,,A,0.66,0.2,0.26,,,,
_result,0,2025-11-08 22:48:49+00:00,E0107,wach,0.9,,,,,,,,
_result,2,2025-11-08 22:50:51+00:00,E0107,wach,,V,,,,237.8,235.8,238.5,
_result,0,2025-11-08 22:50:52+00:00,E0107,wach,0.9,,,,,,,,
_result,1,2025-11-08 22:52:51+00:00,E0107,wach,,A,0.66,0.2,0.26,,,,
_result,0,2025-11-08 22:52:52+00:00,E0107,wach,0.9,,,,,,,,
_result,0,2025-11-08 22:54:55+00:00,E0107,wach,0.9,,,,,,,,
_result,0,2025-11-08 22:56:49+00:00,E0107,wach,0.9,,,,,,,,
_result,0,2025-11-08 22:58:52+00:00,E0107,wach,0.9,,,,,,,,
_result,0,2025-11-08 23:00:53+00:00,E0107,wach,0.9,,,,,,,,
_result,1,2025-11-08 23:02:50+00:00,E0107,wach,,A,0.66,0.2,0.26,,,,
_result,0,2025-11-08 23:02:51+00:00,E0107,wach,0.9,,,,,,,,
_result,2,2025-11-08 23:04:48+00:00,E0107,wach,,V,,,,237.6,235.6,238.2,
_result,0,2025-11-08 23:04:49+00:00,E0107,wach,0.9,,,,,,,,
_result,0,2025-11-08 23:07:05+00:00,E0107,wach,0.73,,,,,,,,
_result,0,2025-11-08 23:08:51+00:00,E0107,wach,0.73,,,,,,,,
_result,0,2025-11-08 23:11:00+00:00,E0107,wach,0.73,,,,,,,,
_result,2,2025-11-08 23:12:46+00:00,E0107,wach,,V,,,,237.2,235.2,237.7,
_result,0,2025-11-08 23:12:47+00:00,E0107,wach,0.73,,,,,,,,
_result,0,2025-11-08 23:14:49+00:00,E0107,wach,0.73,,,,,,,,
_result,0,2025-11-08 23:16:47+00:00,E0107,wach,0.73,,,,,,,,
_result,1,2025-11-08 23:18:50+00:00,E0107,wach,,A,4.65,4.04,4.33,,,,
_result,0,2025-11-08 23:18:51+00:00,E0107,wach,0.74,,,,,,,,
_result,0,2025-11-08 23:20:48+00:00,E0107,wach,0.74,,,,,,,,
_result,1,2025-11-08 23:22:52+00:00,E0107,wach,,A,4.65,4.04,4.33,,,,
_result,0,2025-11-08 23:22:53+00:00,E0107,wach,0.74,,,,,,,,
_result,1,2025-11-08 23:24:49+00:00,E0107,wach,,A,4.65,4.04,4.33,,,,
_result,0,2025-11-08 23:24:50+00:00,E0107,wach,0.74,,,,,,,,
_result,2,2025-11-08 23:26:45+00:00,E0107,wach,,V,,,,237.0,,,
_result,0,2025-11-08 23:26:46+00:00,E0107,wach,0.74,,,,,,,,
_result,0,2025-11-08 23:28:48+00:00,E0107,wach,0.74,,,,,,,,
_result,1,2025-11-08 23:30:47+00:00,E0107,wach,,A,4.65,4.04,4.33,,,,
_result,0,2025-11-08 23:30:48+00:00,E0107,wach,0.74,,,,,,,,
_result,0,2025-11-08 23:32:50+00:00,E0107,wach,0.74,,,,,,,,
_result,1,2025-11-08 23:34:45+00:00,E0107,wach,,A,4.65,4.04,4.33,,,,
_result,0,2025-11-08 23:34:46+00:00,E0107,wach,0.74,,,,,,,,
_result,2,2025-11-08 23:37:10+00:00,E0107,wach,,V,,,,237.3,235.3,,
_result,0,2025-11-08 23:37:11+00:00,E0107,wach,0.74,,,,,,,,
_result,1,2025-11-08 23:38:50+00:00,E0107,wach,,A,4.65,4.04,,,,,
_result,0,2025-11-08 23:38:51+00:00,E0107,wach,0.74,,,,,,,,
_result,0,2025-11-08 23:40:52+00:00,E0107,wach,0.74,,,,,,,,
_result,0,2025-11-08 23:42:45+00:00,E0107,wach,0.74,,,,,,,,
_result,1,2025-11-08 23:44:45+00:00,E0107,wach,,A,4.65,4.04,4.33,,,,
_result,0,2025-11-08 23:44:46+00:00,E0107,wach,0.74,,,,,,,,
_result,0,2025-11-08 23:46:49+00:00,E0107,wach,0.74,,,,,,,,
_result,2,2025-11-08 23:48:50+00:00,E0107,wach,,V,,,,237.4,,,
_result,2,2025-11-08 23:48:56+00:00,E0107,wach,,V,,,,,235.4,,
_result,2,2025-11-08 23:48:57+00:00,E0107,wach,,V,,,,,,237.7,
_result,0,2025-11-08 23:48:58+00:00,E0107,wach,0.74,,,,,,,,
_result,2,2025-11-08 23:50:56+00:00,E0107,wach,,V,,,,237.4,235.4,237.7,
_result,0,2025-11-08 23:50:57+00:00,E0107,wach,0.74,,,,,,,,
_result,2,2025-11-08 23:52:45+00:00,E0107,wach,,V,,,,236.9,234.8,237.3,
_result,0,2025-11-08 23:52:46+00:00,E0107,wach,0.74,,,,,,,,
_result,0,2025-11-08 23:54:52+00:00,E0107,wach,0.74,,,,,,,,
_result,0,2025-11-08 23:56:53+00:00,E0107,wach,0.74,,,,,,,,
_result,1,2025-11-08 23:58:47+00:00,E0107,wach,,A,4.64,4.03,4.32,,,,
_result,0,2025-11-08 23:58:48+00:00,E0107,wach,0.74,,,,,,,,
_result,1,2025-11-09 00:00:51+00:00,E0107,wach,,A,4.65,4.03,4.32,,,,
_result,0,2025-11-09 00:00:52+00:00,E0107,wach,0.74,,,,,,,,
_result,0,2025-11-09 00:02:49+00:00,E0107,wach,0.74,,,,,,,,
_result,0,2025-11-09 00:04:49+00:00,E0107,wach,0.74,,,,,,,,
_result,1,2025-11-09 00:06:50+00:00,E0107,wach,,A,4.63,4.03,4.31,,,,
_result,0,2025-11-09 00:06:51+00:00,E0107,wach,0.74,,,,,,,,
_result,0,2025-11-09 00:08:50+00:00,E0107,wach,0.74,,,,,,,,
_result,1,2025-11-09 00:10:44+00:00,E0107,wach,,A,4.63,4.03,4.31,,,,
_result,0,2025-11-09 00:10:45+00:00,E0107,wach,0.74,,,,,,,,
_result,0,2025-11-09 00:12:49+00:00,E0107,wach,0.74,,,,,,,,
_result,2,2025-11-09 00:14:49+00:00,E0107,wach,,V,,,,236.0,234.0,236.4,
_result,0,2025-11-09 00:14:50+00:00,E0107,wach,0.74,,,,,,,,
_result,0,2025-11-09 00:16:49+00:00,E0107,wach,0.74,,,,,,,,
_result,2,2025-11-09 00:18:47+00:00,E0107,wach,,V,,,,236.0,234.0,236.4,
_result,0,2025-11-09 00:18:48+00:00,E0107,wach,0.74,,,,,,,,
_result,0,2025-11-09 00:20:48+00:00,E0107,wach,0.74,,,,,,,,
_result,0,2025-11-09 00:22:51+00:00,E0107,wach,0.74,,,,,,,,
_result,0,2025-11-09 00:25:16+00:00,E0107,wach,0.74,,,,,,,,
_result,0,2025-11-09 00:26:48+00:00,E0107,wach,0.74,,,,,,,,
_result,0,2025-11-09 00:28:50+00:00,E0107,wach,0.74,,,,,,,,
_result,0,2025-11-09 00:30:49+00:00,E0107,wach,0.74,,,,,,,,
_result,1,2025-11-09 00:32:47+00:00,E0107,wach,,A,4.62,4.02,4.3,,,,
_result,0,2025-11-09 00:32:48+00:00,E0107,wach,0.75,,,,,,,,
_result,1,2025-11-09 00:34:51+00:00,E0107,wach,,A,4.62,4.02,4.3,,,,
_result,0,2025-11-09 00:34:52+00:00,E0107,wach,0.75,,,,,,,,
_result,0,2025-11-09 00:36:46+00:00,E0107,wach,0.75,,,,,,,,
_result,1,2025-11-09 00:38:51+00:00,E0107,wach,,A,4.62,4.01,4.29,,,,
_result,0,2025-11-09 00:38:52+00:00,E0107,wach,0.75,,,,,,,,
_result,2,2025-11-09 00:40:49+00:00,E0107,wach,,V,,,,235.6,,,
_result,1,2025-11-09 00:40:50+00:00,E0107,wach,,A,4.62,4.01,4.29,,,,
_result,0,2025-11-09 00:40:51+00:00,E0107,wach,0.74,,,,,,,,
_result,0,2025-11-09 00:42:46+00:00,E0107,wach,0.74,,,,,,,,
_result,0,2025-11-09 00:44:48+00:00,E0107,wach,0.74,,,,,,,,
_result,0,2025-11-09 00:46:51+00:00,E0107,wach,0.74,,,,,,,,
_result,0,2025-11-09 00:48:52+00:00,E0107,wach,0.74,,,,,,,,
_result,0,2025-11-09 00:50:48+00:00,E0107,wach,0.74,,,,,,,,
_result,0,2025-11-09 00:53:05+00:00,E0107,wach,0.74,,,,,,,,
_result,0,2025-11-09 00:54:59+00:00,E0107,wach,0.74,,,,,,,,
_result,0,2025-11-09 00:56:49+00:00,E0107,wach,0.74,,,,,,,,
_result,1,2025-11-09 00:58:51+00:00,E0107,wach,,A,4.62,4.0,4.29,,,,
_result,0,2025-11-09 00:58:52+00:00,E0107,wach,0.74,,,,,,,,
_result,0,2025-11-09 01:00:47+00:00,E0107,wach,0.75,,,,,,,,
_result,0,2025-11-09 01:02:48+00:00,E0107,wach,0.75,,,,,,,,
_result,2,2025-11-09 01:04:51+00:00,E0107,wach,,V,,,,235.5,,,
_result,0,2025-11-09 01:04:52+00:00,E0107,wach,0.75,,,,,,,,
_result,0,2025-11-09 01:06:57+00:00,E0107,wach,0.74,,,,,,,,
_result,0,2025-11-09 01:08:57+00:00,E0107,wach,0.74,,,,,,,,
_result,2,2025-11-09 01:10:54+00:00,E0107,wach,,V,,,,235.7,233.8,236.1,
_result,0,2025-11-09 01:10:55+00:00,E0107,wach,0.74,,,,,,,,
_result,0,2025-11-09 01:12:53+00:00,E0107,wach,0.75,,,,,,,,
_result,0,2025-11-09 01:14:49+00:00,E0107,wach,0.75,,,,,,,,
_result,0,2025-11-09 01:16:53+00:00,E0107,wach,0.75,,,,,,,,
_result,0,2025-11-09 01:18:52+00:00,E0107,wach,0.75,,,,,,,,
_result,2,2025-11-09 01:22:37+00:00,E0107,wach,,V,,,,235.1,233.0,235.5,
_result,0,2025-11-09 01:22:38+00:00,E0107,wach,0.75,,,,,,,,
_result,1,2025-11-09 01:22:52+00:00,E0107,wach,,A,4.61,4.0,4.28,,,,
_result,0,2025-11-09 01:22:53+00:00,E0107,wach,0.75,,,,,,,,
_result,0,2025-11-09 01:24:49+00:00,E0107,wach,0.75,,,,,,,,
_result,1,2025-11-09 01:26:48+00:00,E0107,wach,,A,4.61,4.0,4.28,,,,
_result,0,2025-11-09 01:26:49+00:00,E0107,wach,0.75,,,,,,,,
_result,1,2025-11-09 01:28:51+00:00,E0107,wach,,A,4.6,3.99,4.27,,,,
_result,0,2025-11-09 01:28:52+00:00,E0107,wach,0.75,,,,,,,,
_result,2,2025-11-09 01:30:50+00:00,E0107,wach,,V,,,,234.6,232.1,234.8,
_result,0,2025-11-09 01:30:51+00:00,E0107,wach,0.75,,,,,,,,
_result,0,2025-11-09 01:32:54+00:00,E0107,wach,0.75,,,,,,,,
_result,0,2025-11-09 01:34:52+00:00,E0107,wach,0.75,,,,,,,,
_result,0,2025-11-09 01:36:55+00:00,E0107,wach,0.75,,,,,,,,
_result,2,2025-11-09 01:38:58+00:00,E0107,wach,,V,,,,234.6,232.5,234.9,
_result,0,2025-11-09 01:38:59+00:00,E0107,wach,0.75,,,,,,,,
_result,2,2025-11-09 01:40:54+00:00,E0107,wach,,V,,,,234.6,,,
_result,0,2025-11-09 01:40:55+00:00,E0107,wach,0.75,,,,,,,,
_result,2,2025-11-09 01:43:02+00:00,E0107,wach,,V,,,,234.6,,,
_result,0,2025-11-09 01:43:03+00:00,E0107,wach,0.75,,,,,,,,
_result,0,2025-11-09 01:44:48+00:00,E0107,wach,0.75,,,,,,,,
_result,0,2025-11-09 01:46:51+00:00,E0107,wach,0.75,,,,,,,,
_result,0,2025-11-09 01:49:03+00:00,E0107,wach,0.75,,,,,,,,
_result,2,2025-11-09 01:50:55+00:00,E0107,wach,,V,,,,234.2,232.2,,
_result,0,2025-11-09 01:50:56+00:00,E0107,wach,0.75,,,,,,,,
_result,0,2025-11-09 01:53:05+00:00,E0107,wach,0.75,,,,,,,,
_result,1,2025-11-09 01:54:55+00:00,E0107,wach,,A,4.58,4.0,4.27,,,,
_result,0,2025-11-09 01:54:56+00:00,E0107,wach,0.75,,,,,,,,
_result,0,2025-11-09 01:56:49+00:00,E0107,wach,0.75,,,,,,,,
_result,2,2025-11-09 01:58:47+00:00,E0107,wach,,V,,,,233.9,232.0,234.3,
_result,0,2025-11-09 01:58:48+00:00,E0107,wach,0.75,,,,,,,,
_result,0,2025-11-09 02:00:49+00:00,E0107,wach,0.76,,,,,,,,
_result,0,2025-11-09 02:03:01+00:00,E0107,wach,0.76,,,,,,,,
_result,1,2025-11-09 02:04:46+00:00,E0107,wach,,A,4.59,4.0,,,,,
_result,0,2025-11-09 02:04:47+00:00,E0107,wach,0.76,,,,,,,,
_result,0,2025-11-09 02:06:55+00:00,E0107,wach,0.76,,,,,,,,
_result,2,2025-11-09 02:08:49+00:00,E0107,wach,,V,,,,233.5,231.5,234.0,
_result,0,2025-11-09 02:08:50+00:00,E0107,wach,0.75,,,,,,,,
_result,0,2025-11-09 02:11:09+00:00,E0107,wach,0.75,,,,,,,,
_result,0,2025-11-09 02:12:51+00:00,E0107,wach,0.75,,,,,,,,
_result,0,2025-11-09 02:14:48+00:00,E0107,wach,0.75,,,,,,,,
_result,0,2025-11-09 02:16:48+00:00,E0107,wach,0.75,,,,,,,,
_result,0,2025-11-09 02:18:50+00:00,E0107,wach,0.75,,,,,,,,
_result,2,2025-11-09 02:20:48+00:00,E0107,wach,,V,,,,232.9,230.9,233.4,
_result,0,2025-11-09 02:20:49+00:00,E0107,wach,0.75,,,,,,,,
_result,0,2025-11-09 02:23:13+00:00,E0107,wach,0.75,,,,,,,,
_result,0,2025-11-09 02:26:59+00:00,E0107,wach,0.76,,,,,,,,
_result,1,2025-11-09 02:27:40+00:00,E0107,wach,,A,4.57,4.0,4.25,,,,
_result,0,2025-11-09 02:27:41+00:00,E0107,wach,0.76,,,,,,,,
_result,0,2025-11-09 02:29:13+00:00,E0107,wach,0.76,,,,,,,,
_result,0,2025-11-09 02:30:54+00:00,E0107,wach,0.76,,,,,,,,
_result,2,2025-11-09 02:32:49+00:00,E0107,wach,,V,,,,232.3,,,
_result,1,2025-11-09 02:32:50+00:00,E0107,wach,,A,4.57,3.98,4.26,,,,
_result,0,2025-11-09 02:32:51+00:00,E0107,wach,0.76,,,,,,,,
_result,2,2025-11-09 02:34:52+00:00,E0107,wach,,V,,,,232.3,230.2,232.8,
_result,0,2025-11-09 02:34:53+00:00,E0107,wach,0.76,,,,,,,,
_result,0,2025-11-09 02:36:56+00:00,E0107,wach,0.76,,,,,,,,
_result,0,2025-11-09 02:39:11+00:00,E0107,wach,0.76,,,,,,,,
_result,0,2025-11-09 02:41:28+00:00,E0107,wach,0.76,,,,,,,,
_result,0,2025-11-09 02:43:09+00:00,E0107,wach,0.76,,,,,,,,
_result,2,2025-11-09 02:44:48+00:00,E0107,wach,,V,,,,232.0,229.4,232.1,
_result,0,2025-11-09 02:44:49+00:00,E0107,wach,0.76,,,,,,,,
_result,0,2025-11-09 02:46:53+00:00,E0107,wach,0.76,,,,,,,,
_result,0,2025-11-09 02:49:26+00:00,E0107,wach,0.76,,,,,,,,
_result,0,2025-11-09 02:51:20+00:00,E0107,wach,0.74,,,,,,,,
_result,1,2025-11-09 02:53:17+00:00,E0107,wach,,A,4.61,4.0,4.3,,,,
_result,0,2025-11-09 02:53:18+00:00,E0107,wach,0.74,,,,,,,,
_result,1,2025-11-09 02:55:04+00:00,E0107,wach,,A,4.61,4.0,4.3,,,,
_result,0,2025-11-09 02:55:05+00:00,E0107,wach,0.74,,,,,,,,
_result,0,2025-11-09 02:57:36+00:00,E0107,wach,0.74,,,,,,,,
_result,0,2025-11-09 02:58:46+00:00,E0107,wach,0.74,,,,,,,,
_result,1,2025-11-09 03:00:53+00:00,E0107,wach,,A,4.62,4.01,4.32,,,,
_result,0,2025-11-09 03:00:54+00:00,E0107,wach,0.74,,,,,,,,
_result,0,2025-11-09 03:02:59+00:00,E0107,wach,0.74,,,,,,,,
_result,0,2025-11-09 03:05:19+00:00,E0107,wach,0.74,,,,,,,,
_result,0,2025-11-09 03:07:14+00:00,E0107,wach,0.74,,,,,,,,
_result,0,2025-11-09 03:09:16+00:00,E0107,wach,0.74,,,,,,,,
_result,1,2025-11-09 03:11:12+00:00,E0107,wach,,A,4.61,4.0,4.31,,,,
_result,0,2025-11-09 03:11:13+00:00,E0107,wach,0.74,,,,,,,,
_result,0,2025-11-09 03:13:19+00:00,E0107,wach,0.74,,,,,,,,
_result,2,2025-11-09 03:15:05+00:00,E0107,wach,,V,,,,235.6,,,
_result,0,2025-11-09 03:15:06+00:00,E0107,wach,0.74,,,,,,,,
_result,0,2025-11-09 03:17:04+00:00,E0107,wach,0.74,,,,,,,,
_result,2,2025-11-09 03:19:10+00:00,E0107,wach,,V,,,,235.5,233.5,,
_result,0,2025-11-09 03:19:11+00:00,E0107,wach,0.74,,,,,,,,
_result,0,2025-11-09 03:21:20+00:00,E0107,wach,0.74,,,,,,,,
_result,0,2025-11-09 03:23:09+00:00,E0107,wach,0.74,,,,,,,,
_result,0,2025-11-09 03:25:13+00:00,E0107,wach,0.74,,,,,,,,
_result,1,2025-11-09 03:27:22+00:00,E0107,wach,,A,4.62,4.01,4.31,,,,
_result,0,2025-11-09 03:27:23+00:00,E0107,wach,0.74,,,,,,,,
_result,1,2025-11-09 03:29:07+00:00,E0107,wach,,A,4.62,4.01,4.31,,,,
_result,0,2025-11-09 03:29:08+00:00,E0107,wach,0.74,,,,,,,,
_result,0,2025-11-09 03:30:59+00:00,E0107,wach,0.75,,,,,,,,
_result,1,2025-11-09 03:32:52+00:00,E0107,wach,,A,4.61,4.01,4.31,,,,
_result,0,2025-11-09 03:32:53+00:00,E0107,wach,0.75,,,,,,,,
_result,1,2025-11-09 03:34:55+00:00,E0107,wach,,A,4.61,4.01,4.31,,,,
_result,0,2025-11-09 03:34:56+00:00,E0107,wach,0.75,,,,,,,,
_result,0,2025-11-09 03:36:50+00:00,E0107,wach,0.74,,,,,,,,
_result,1,2025-11-09 03:38:49+00:00,E0107,wach,,A,4.62,4.0,4.31,,,,
_result,0,2025-11-09 03:38:50+00:00,E0107,wach,0.74,,,,,,,,
_result,0,2025-11-09 03:40:53+00:00,E0107,wach,0.74,,,,,,,,
_result,0,2025-11-09 03:42:49+00:00,E0107,wach,0.74,,,,,,,,
_result,0,2025-11-09 03:44:52+00:00,E0107,wach,0.75,,,,,,,,
_result,1,2025-11-09 03:46:54+00:00,E0107,wach,,A,4.61,4.0,4.3,,,,
_result,0,2025-11-09 03:46:55+00:00,E0107,wach,0.75,,,,,,,,
_result,1,2025-11-09 03:48:46+00:00,E0107,wach,,A,4.61,4.0,4.3,,,,
_result,0,2025-11-09 03:48:47+00:00,E0107,wach,0.75,,,,,,,,
_result,0,2025-11-09 03:50:51+00:00,E0107,wach,0.75,,,,,,,,
_result,1,2025-11-09 03:52:47+00:00,E0107,wach,,A,4.61,,,,,,
_result,0,2025-11-09 03:52:48+00:00,E0107,wach,0.75,,,,,,,,
_result,0,2025-11-09 03:55:09+00:00,E0107,wach,0.75,,,,,,,,
_result,0,2025-11-09 03:57:11+00:00,E0107,wach,0.75,,,,,,,,
_result,2,2025-11-09 03:59:01+00:00,E0107,wach,,V,,,,235.4,233.2,236.0,
_result,0,2025-11-09 03:59:02+00:00,E0107,wach,0.75,,,,,,,,
_result,0,2025-11-09 04:00:56+00:00,E0107,wach,0.75,,,,,,,,
_result,1,2025-11-09 04:02:51+00:00,E0107,wach,,A,4.61,3.99,4.3,,,,
_result,0,2025-11-09 04:02:52+00:00,E0107,wach,0.75,,,,,,,,
_result,2,2025-11-09 04:05:19+00:00,E0107,wach,,V,,,,235.5,233.5,236.1,
_result,0,2025-11-09 04:05:20+00:00,E0107,wach,0.75,,,,,,,,
_result,0,2025-11-09 04:07:20+00:00,E0107,wach,0.75,,,,,,,,
_result,0,2025-11-09 04:09:10+00:00,E0107,wach,0.75,,,,,,,,
_result,0,2025-11-09 04:10:44+00:00,E0107,wach,0.75,,,,,,,,
_result,0,2025-11-09 04:12:54+00:00,E0107,wach,0.75,,,,,,,,
_result,0,2025-11-09 04:14:47+00:00,E0107,wach,0.75,,,,,,,,
_result,0,2025-11-09 04:16:51+00:00,E0107,wach,0.75,,,,,,,,
_result,1,2025-11-09 04:19:08+00:00,E0107,wach,,A,4.61,3.97,4.29,,,,
_result,0,2025-11-09 04:19:09+00:00,E0107,wach,0.75,,,,,,,,
_result,0,2025-11-09 04:21:15+00:00,E0107,wach,0.75,,,,,,,,
_result,2,2025-11-09 04:23:14+00:00,E0107,wach,,V,,,,234.7,,,
_result,2,2025-11-09 04:23:15+00:00,E0107,wach,,V,,,,,232.1,235.0,
_result,0,2025-11-09 04:23:21+00:00,E0107,wach,0.75,,,,,,,,
_result,0,2025-11-09 04:25:23+00:00,E0107,wach,0.75,,,,,,,,
_result,0,2025-11-09 04:26:58+00:00,E0107,wach,0.75,,,,,,,,
_result,0,2025-11-09 04:28:54+00:00,E0107,wach,0.75,,,,,,,,
_result,0,2025-11-09 04:30:49+00:00,E0107,wach,0.75,,,,,,,,
_result,1,2025-11-09 04:32:57+00:00,E0107,wach,,A,4.61,3.99,4.29,,,,
_result,0,2025-11-09 04:32:58+00:00,E0107,wach,0.75,,,,,,,,
_result,2,2025-11-09 04:35:14+00:00,E0107,wach,,V,,,,235.2,233.0,,
_result,0,2025-11-09 04:35:15+00:00,E0107,wach,0.75,,,,,,,,
_result,1,2025-11-09 04:36:56+00:00,E0107,wach,,A,4.61,3.99,4.29,,,,
_result,0,2025-11-09 04:36:57+00:00,E0107,wach,0.75,,,,,,,,
_result,2,2025-11-09 04:38:48+00:00,E0107,wach,,V,,,,234.9,232.8,235.5,
_result,0,2025-11-09 04:38:49+00:00,E0107,wach,0.75,,,,,,,,
_result,0,2025-11-09 04:40:47+00:00,E0107,wach,0.75,,,,,,,,
_result,2,2025-11-09 04:42:49+00:00,E0107,wach,,V,,,,234.9,232.8,,
_result,0,2025-11-09 04:42:50+00:00,E0107,wach,0.75,,,,,,,,
_result,0,2025-11-09 04:44:47+00:00,E0107,wach,0.75,,,,,,,,
_result,0,2025-11-09 04:46:58+00:00,E0107,wach,0.75,,,,,,,,
_result,1,2025-11-09 04:48:52+00:00,E0107,wach,,A,4.6,3.99,4.29,,,,
_result,0,2025-11-09 04:48:53+00:00,E0107,wach,0.75,,,,,,,,
_result,0,2025-11-09 04:51:04+00:00,E0107,wach,0.75,,,,,,,,
_result,0,2025-11-09 04:53:15+00:00,E0107,wach,0.75,,,,,,,,
_result,1,2025-11-09 04:54:50+00:00,E0107,wach,,A,4.6,3.99,4.29,,,,
_result,0,2025-11-09 04:54:51+00:00,E0107,wach,0.75,,,,,,,,
_result,2,2025-11-09 04:56:51+00:00,E0107,wach,,V,,,,234.8,232.6,235.3,
_result,0,2025-11-09 04:56:52+00:00,E0107,wach,0.75,,,,,,,,
_result,0,2025-11-09 04:58:47+00:00,E0107,wach,0.75,,,,,,,,
_result,0,2025-11-09 05:00:51+00:00,E0107,wach,0.75,,,,,,,,
_result,1,2025-11-09 05:02:51+00:00,E0107,wach,,A,4.6,3.99,4.29,,,,
_result,0,2025-11-09 05:02:52+00:00,E0107,wach,0.75,,,,,,,,
_result,2,2025-11-09 05:05:02+00:00,E0107,wach,,V,,,,234.8,232.6,235.2,
_result,0,2025-11-09 05:05:03+00:00,E0107,wach,0.75,,,,,,,,
_result,2,2025-11-09 05:06:51+00:00,E0107,wach,,V,,,,234.8,232.6,235.2,
_result,0,2025-11-09 05:06:52+00:00,E0107,wach,0.75,,,,,,,,
_result,0,2025-11-09 05:08:50+00:00,E0107,wach,0.75,,,,,,,,
_result,1,2025-11-09 05:10:50+00:00,E0107,wach,,A,4.59,3.99,4.28,,,,
_result,0,2025-11-09 05:10:51+00:00,E0107,wach,0.75,,,,,,,,
_result,2,2025-11-09 05:12:58+00:00,E0107,wach,,V,,,,234.1,231.8,234.4,
_result,0,2025-11-09 05:12:59+00:00,E0107,wach,0.75,,,,,,,,
_result,0,2025-11-09 05:14:48+00:00,E0107,wach,0.75,,,,,,,,
_result,1,2025-11-09 05:16:53+00:00,E0107,wach,,A,4.58,3.98,4.28,,,,
_result,0,2025-11-09 05:16:54+00:00,E0107,wach,0.75,,,,,,,,
_result,1,2025-11-09 05:18:52+00:00,E0107,wach,,A,4.59,3.99,4.28,,,,
_result,0,2025-11-09 05:18:53+00:00,E0107,wach,0.75,,,,,,,,
_result,0,2025-11-09 05:20:52+00:00,E0107,wach,0.75,,,,,,,,
_result,0,2025-11-09 05:22:49+00:00,E0107,wach,0.75,,,,,,,,
_result,0,2025-11-09 05:24:56+00:00,E0107,wach,0.75,,,,,,,,
_result,0,2025-11-09 05:26:50+00:00,E0107,wach,0.75,,,,,,,,
_result,0,2025-11-09 05:28:50+00:00,E0107,wach,0.75,,,,,,,,
_result,0,2025-11-09 05:30:51+00:00,E0107,wach,0.75,,,,,,,,
_result,0,2025-11-09 05:32:52+00:00,E0107,wach,0.75,,,,,,,,
_result,0,2025-11-09 05:34:51+00:00,E0107,wach,0.75,,,,,,,,
_result,0,2025-11-09 05:36:54+00:00,E0107,wach,0.75,,,,,,,,
_result,0,2025-11-09 05:38:49+00:00,E0107,wach,0.75,,,,,,,,
_result,1,2025-11-09 05:40:50+00:00,E0107,wach,,A,4.59,3.98,,,,,
_result,0,2025-11-09 05:40:51+00:00,E0107,wach,0.75,,,,,,,,
_result,1,2025-11-09 05:42:49+00:00,E0107,wach,,A,4.59,3.98,4.28,,,,
_result,0,2025-11-09 05:42:50+00:00,E0107,wach,0.75,,,,,,,,
_result,2,2025-11-09 05:44:49+00:00,E0107,wach,,V,,,,234.3,232.0,,
_result,0,2025-11-09 05:44:50+00:00,E0107,wach,0.75,,,,,,,,
_result,0,2025-11-09 05:46:52+00:00,E0107,wach,0.75,,,,,,,,
_result,0,2025-11-09 05:48:50+00:00,E0107,wach,0.75,,,,,,,,
_result,0,2025-11-09 05:50:52+00:00,E0107,wach,0.75,,,,,,,,
_result,0,2025-11-09 05:52:52+00:00,E0107,wach,0.75,,,,,,,,
_result,0,2025-11-09 05:54:54+00:00,E0107,wach,0.75,,,,,,,,
_result,2,2025-11-09 05:56:50+00:00,E0107,wach,,V,,,,233.9,231.8,,
_result,0,2025-11-09 05:56:51+00:00,E0107,wach,0.75,,,,,,,,
_result,0,2025-11-09 05:58:52+00:00,E0107,wach,0.75,,,,,,,,
_result,1,2025-11-09 06:00:54+00:00,E0107,wach,,A,4.58,3.98,4.27,,,,
_result,0,2025-11-09 06:00:55+00:00,E0107,wach,0.75,,,,,,,,
_result,0,2025-11-09 06:02:55+00:00,E0107,wach,0.75,,,,,,,,
_result,0,2025-11-09 06:04:53+00:00,E0107,wach,0.75,,,,,,,,
_result,0,2025-11-09 06:07:03+00:00,E0107,wach,0.75,,,,,,,,
_result,0,2025-11-09 06:08:50+00:00,E0107,wach,0.75,,,,,,,,
_result,0,2025-11-09 06:10:56+00:00,E0107,wach,0.75,,,,,,,,
_result,0,2025-11-09 06:12:59+00:00,E0107,wach,0.75,,,,,,,,
_result,0,2025-11-09 06:14:53+00:00,E0107,wach,0.75,,,,,,,,
_result,1,2025-11-09 06:16:47+00:00,E0107,wach,,A,4.58,3.97,4.27,,,,
_result,0,2025-11-09 06:16:48+00:00,E0107,wach,0.75,,,,,,,,
_result,0,2025-11-09 06:18:47+00:00,E0107,wach,0.75,,,,,,,,
_result,0,2025-11-09 06:20:54+00:00,E0107,wach,0.75,,,,,,,,
_result,1,2025-11-09 06:22:50+00:00,E0107,wach,,A,4.58,3.97,4.27,,,,
_result,0,2025-11-09 06:22:51+00:00,E0107,wach,0.75,,,,,,,,
_result,0,2025-11-09 06:24:55+00:00,E0107,wach,0.75,,,,,,,,
_result,1,2025-11-09 06:27:04+00:00,E0107,wach,,A,4.58,3.97,4.27,,,,
_result,0,2025-11-09 06:27:05+00:00,E0107,wach,0.75,,,,,,,,
_result,0,2025-11-09 06:29:15+00:00,E0107,wach,0.75,,,,,,,,
_result,0,2025-11-09 06:31:11+00:00,E0107,wach,0.75,,,,,,,,
_result,0,2025-11-09 06:32:57+00:00,E0107,wach,0.75,,,,,,,,
_result,2,2025-11-09 06:34:47+00:00,E0107,wach,,V,,,,234.4,232.1,234.7,
_result,0,2025-11-09 06:34:48+00:00,E0107,wach,0.75,,,,,,,,
_result,0,2025-11-09 06:37:15+00:00,E0107,wach,0.75,,,,,,,,
_result,0,2025-11-09 06:38:56+00:00,E0107,wach,0.75,,,,,,,,
_result,0,2025-11-09 06:40:57+00:00,E0107,wach,0.75,,,,,,,,
_result,0,2025-11-09 06:42:47+00:00,E0107,wach,0.75,,,,,,,,
_result,1,2025-11-09 06:44:46+00:00,E0107,wach,,A,4.58,3.97,4.27,,,,
_result,0,2025-11-09 06:44:47+00:00,E0107,wach,0.75,,,,,,,,
_result,1,2025-11-09 06:47:29+00:00,E0107,wach,,A,4.58,3.97,4.27,,,,
_result,0,2025-11-09 06:47:30+00:00,E0107,wach,0.75,,,,,,,,
_result,1,2025-11-09 06:49:06+00:00,E0107,wach,,A,4.58,3.97,4.27,,,,
_result,0,2025-11-09 06:49:07+00:00,E0107,wach,0.75,,,,,,,,
_result,0,2025-11-09 06:50:58+00:00,E0107,wach,0.75,,,,,,,,
_result,0,2025-11-09 06:53:05+00:00,E0107,wach,0.75,,,,,,,,
_result,0,2025-11-09 06:55:06+00:00,E0107,wach,0.75,,,,,,,,
_result,0,2025-11-09 06:56:47+00:00,E0107,wach,0.75,,,,,,,,
_result,2,2025-11-09 06:58:52+00:00,E0107,wach,,V,,,,234.0,231.8,234.5,
_result,0,2025-11-09 06:58:53+00:00,E0107,wach,0.75,,,,,,,,
_result,2,2025-11-09 07:00:53+00:00,E0107,wach,,V,,,,234.0,231.8,,
_result,0,2025-11-09 07:00:54+00:00,E0107,wach,0.75,,,,,,,,
_result,0,2025-11-09 07:04:24+00:00,E0107,wach,0.75,,,,,,,,
_result,0,2025-11-09 07:05:32+00:00,E0107,wach,0.75,,,,,,,,
_result,0,2025-11-09 07:07:02+00:00,E0107,wach,0.75,,,,,,,,
_result,2,2025-11-09 07:09:08+00:00,E0107,wach,,V,,,,233.7,231.4,234.1,
_result,0,2025-11-09 07:09:09+00:00,E0107,wach,0.75,,,,,,,,
_result,1,2025-11-09 07:11:16+00:00,E0107,wach,,A,4.56,3.97,4.26,,,,
_result,0,2025-11-09 07:11:17+00:00,E0107,wach,0.75,,,,,,,,
_result,0,2025-11-09 07:13:16+00:00,E0107,wach,0.75,,,,,,,,
_result,0,2025-11-09 07:15:34+00:00,E0107,wach,0.75,,,,,,,,
_result,0,2025-11-09 07:17:20+00:00,E0107,wach,0.75,,,,,,,,
_result,2,2025-11-09 07:18:56+00:00,E0107,wach,,V,,,,233.8,231.7,234.4,
_result,0,2025-11-09 07:18:57+00:00,E0107,wach,0.75,,,,,,,,
_result,1,2025-11-09 07:20:52+00:00,E0107,wach,,A,4.57,3.97,4.27,,,,
_result,0,2025-11-09 07:20:53+00:00,E0107,wach,0.75,,,,,,,,
_result,0,2025-11-09 07:22:47+00:00,E0107,wach,0.75,,,,,,,,
_result,0,2025-11-09 07:25:20+00:00,E0107,wach,0.75,,,,,,,,
_result,1,2025-11-09 07:27:06+00:00,E0107,wach,,A,4.57,3.97,4.27,,,,
_result,0,2025-11-09 07:27:07+00:00,E0107,wach,0.75,,,,,,,,
_result,0,2025-11-09 07:30:36+00:00,E0107,wach,0.75,,,,,,,,
_result,1,2025-11-09 07:30:55+00:00,E0107,wach,,A,4.57,3.97,4.27,,,,
_result,0,2025-11-09 07:30:56+00:00,E0107,wach,0.75,,,,,,,,
_result,0,2025-11-09 07:32:56+00:00,E0107,wach,0.75,,,,,,,,
_result,1,2025-11-09 07:35:23+00:00,E0107,wach,,A,4.57,3.97,4.27,,,,
_result,0,2025-11-09 07:35:24+00:00,E0107,wach,0.75,,,,,,,,
_result,0,2025-11-09 07:37:22+00:00,E0107,wach,0.75,,,,,,,,
_result,0,2025-11-09 07:39:07+00:00,E0107,wach,0.75,,,,,,,,
_result,2,2025-11-09 07:41:01+00:00,E0107,wach,,V,,,,233.6,231.4,,
_result,2,2025-11-09 07:41:02+00:00,E0107,wach,,V,,,,,,234.2,
_result,0,2025-11-09 07:41:03+00:00,E0107,wach,0.75,,,,,,,,
_result,2,2025-11-09 07:42:55+00:00,E0107,wach,,V,,,,233.6,,,
_result,2,2025-11-09 07:42:57+00:00,E0107,wach,,V,,,,,231.4,234.2,
_result,1,2025-11-09 07:43:02+00:00,E0107,wach,,A,4.57,,,,,,
_result,1,2025-11-09 07:43:03+00:00,E0107,wach,,A,,3.97,4.27,,,,
_result,0,2025-11-09 07:43:04+00:00,E0107,wach,0.75,,,,,,,,
_result,0,2025-11-09 07:45:50+00:00,E0107,wach,0.75,,,,,,,,
_result,1,2025-11-09 07:47:34+00:00,E0107,wach,,A,4.57,3.97,4.27,,,,
_result,0,2025-11-09 07:47:35+00:00,E0107,wach,0.75,,,,,,,,
_result,1,2025-11-09 07:49:30+00:00,E0107,wach,,A,4.57,3.97,4.27,,,,
_result,0,2025-11-09 07:49:31+00:00,E0107,wach,0.75,,,,,,,,
_result,1,2025-11-09 07:51:16+00:00,E0107,wach,,A,4.57,3.97,,,,,
_result,0,2025-11-09 07:51:17+00:00,E0107,wach,0.75,,,,,,,,
_result,1,2025-11-09 07:53:11+00:00,E0107,wach,,A,4.57,,,,,,
_result,0,2025-11-09 07:53:12+00:00,E0107,wach,0.75,,,,,,,,
_result,1,2025-11-09 07:55:08+00:00,E0107,wach,,A,4.57,3.97,,,,,
_result,0,2025-11-09 07:55:09+00:00,E0107,wach,0.75,,,,,,,,
_result,1,2025-11-09 07:57:15+00:00,E0107,wach,,A,4.57,3.97,,,,,
_result,0,2025-11-09 07:57:16+00:00,E0107,wach,0.75,,,,,,,,
_result,0,2025-11-09 07:59:16+00:00,E0107,wach,0.75,,,,,,,,
_result,0,2025-11-09 08:01:09+00:00,E0107,wach,0.75,,,,,,,,
_result,0,2025-11-09 08:03:04+00:00,E0107,wach,0.75,,,,,,,,
_result,0,2025-11-09 08:05:02+00:00,E0107,wach,0.75,,,,,,,,
_result,0,2025-11-09 08:07:19+00:00,E0107,wach,0.75,,,,,,,,
_result,2,2025-11-09 08:09:17+00:00,E0107,wach,,V,,,,233.2,231.1,233.7,
_result,0,2025-11-09 08:09:18+00:00,E0107,wach,0.75,,,,,,,,
_result,0,2025-11-09 08:11:25+00:00,E0107,wach,0.75,,,,,,,,
_result,1,2025-11-09 08:13:21+00:00,E0107,wach,,A,4.57,3.97,4.27,,,,
_result,0,2025-11-09 08:13:22+00:00,E0107,wach,0.75,,,,,,,,
_result,0,2025-11-09 08:15:14+00:00,E0107,wach,0.75,,,,,,,,
_result,1,2025-11-09 08:17:00+00:00,E0107,wach,,A,4.57,3.97,4.27,,,,
_result,0,2025-11-09 08:17:01+00:00,E0107,wach,0.75,,,,,,,,
_result,0,2025-11-09 08:19:08+00:00,E0107,wach,0.75,,,,,,,,
_result,2,2025-11-09 08:20:52+00:00,E0107,wach,,V,,,,233.5,231.2,233.9,
_result,0,2025-11-09 08:20:53+00:00,E0107,wach,0.75,,,,,,,,
_result,0,2025-11-09 08:22:59+00:00,E0107,wach,0.75,,,,,,,,
_result,0,2025-11-09 08:24:52+00:00,E0107,wach,0.75,,,,,,,,
_result,0,2025-11-09 08:26:54+00:00,E0107,wach,0.75,,,,,,,,
_result,0,2025-11-09 08:28:52+00:00,E0107,wach,0.75,,,,,,,,
_result,2,2025-11-09 08:30:57+00:00,E0107,wach,,V,,,,233.6,231.4,234.0,
_result,0,2025-11-09 08:30:58+00:00,E0107,wach,0.75,,,,,,,,
_result,0,2025-11-09 08:33:20+00:00,E0107,wach,0.75,,,,,,,,
_result,1,2025-11-09 08:34:54+00:00,E0107,wach,,A,4.57,3.96,4.27,,,,
_result,0,2025-11-09 08:34:55+00:00,E0107,wach,0.75,,,,,,,,
_result,0,2025-11-09 08:37:14+00:00,E0107,wach,0.75,,,,,,,,
_result,1,2025-11-09 08:39:10+00:00,E0107,wach,,A,4.58,3.96,4.27,,,,
_result,0,2025-11-09 08:39:11+00:00,E0107,wach,0.75,,,,,,,,
_result,1,2025-11-09 08:41:13+00:00,E0107,wach,,A,4.58,3.96,4.27,,,,
_result,0,2025-11-09 08:41:14+00:00,E0107,wach,0.75,,,,,,,,
_result,0,2025-11-09 08:43:33+00:00,E0107,wach,0.75,,,,,,,,
_result,0,2025-11-09 08:45:42+00:00,E0107,wach,0.75,,,,,,,,
_result,0,2025-11-09 08:47:38+00:00,E0107,wach,0.75,,,,,,,,
_result,0,2025-11-09 08:49:38+00:00,E0107,wach,0.75,,,,,,,,
_result,0,2025-11-09 08:52:55+00:00,E0107,wach,0.75,,,,,,,,
_result,0,2025-11-09 08:54:08+00:00,E0107,wach,0.75,,,,,,,,
_result,0,2025-11-09 08:56:08+00:00,E0107,wach,0.75,,,,,,,,
_result,1,2025-11-09 08:58:24+00:00,E0107,wach,,A,4.58,3.97,4.27,,,,
_result,0,2025-11-09 08:58:25+00:00,E0107,wach,0.75,,,,,,,,
_result,0,2025-11-09 09:00:29+00:00,E0107,wach,0.75,,,,,,,,
_result,1,2025-11-09 09:02:15+00:00,E0107,wach,,A,4.58,3.97,4.27,,,,
_result,0,2025-11-09 09:02:16+00:00,E0107,wach,0.75,,,,,,,,
_result,2,2025-11-09 09:03:56+00:00,E0107,wach,,V,,,,234.2,231.8,234.5,
_result,0,2025-11-09 09:03:57+00:00,E0107,wach,0.75,,,,,,,,
_result,1,2025-11-09 09:05:52+00:00,E0107,wach,,A,4.58,3.97,4.28,,,,
_result,0,2025-11-09 09:05:53+00:00,E0107,wach,0.75,,,,,,,,
_result,1,2025-11-09 09:07:54+00:00,E0107,wach,,A,4.58,3.97,4.28,,,,
_result,0,2025-11-09 09:07:55+00:00,E0107,wach,0.75,,,,,,,,
_result,0,2025-11-09 09:10:03+00:00,E0107,wach,0.75,,,,,,,,
_result,1,2025-11-09 09:12:29+00:00,E0107,wach,,A,4.57,3.97,4.27,,,,
_result,0,2025-11-09 09:12:30+00:00,E0107,wach,0.75,,,,,,,,
_result,0,2025-11-09 09:14:36+00:00,E0107,wach,0.75,,,,,,,,
_result,1,2025-11-09 09:16:16+00:00,E0107,wach,,A,4.57,3.97,4.27,,,,
_result,0,2025-11-09 09:16:17+00:00,E0107,wach,0.75,,,,,,,,
_result,0,2025-11-09 09:18:09+00:00,E0107,wach,0.75,,,,,,,,
_result,0,2025-11-09 09:20:11+00:00,E0107,wach,0.75,,,,,,,,
_result,0,2025-11-09 09:22:31+00:00,E0107,wach,0.75,,,,,,,,
_result,0,2025-11-09 09:25:20+00:00,E0107,wach,0.75,,,,,,,,
_result,0,2025-11-09 09:27:20+00:00,E0107,wach,0.75,,,,,,,,
_result,1,2025-11-09 09:29:28+00:00,E0107,wach,,A,4.58,3.97,4.27,,,,
_result,0,2025-11-09 09:29:29+00:00,E0107,wach,0.75,,,,,,,,
_result,0,2025-11-09 09:31:21+00:00,E0107,wach,0.75,,,,,,,,
_result,0,2025-11-09 09:33:24+00:00,E0107,wach,0.75,,,,,,,,
_result,0,2025-11-09 09:35:11+00:00,E0107,wach,0.75,,,,,,,,
_result,2,2025-11-09 09:37:13+00:00,E0107,wach,,V,,,,234.3,,,
_result,1,2025-11-09 09:37:14+00:00,E0107,wach,,A,4.58,3.97,4.28,,,,
_result,0,2025-11-09 09:37:15+00:00,E0107,wach,0.75,,,,,,,,
_result,1,2025-11-09 09:39:26+00:00,E0107,wach,,A,4.58,3.97,4.28,,,,
_result,0,2025-11-09 09:39:27+00:00,E0107,wach,0.75,,,,,,,,
_result,0,2025-11-09 09:41:43+00:00,E0107,wach,0.75,,,,,,,,
_result,0,2025-11-09 09:43:57+00:00,E0107,wach,0.75,,,,,,,,
_result,0,2025-11-09 09:45:51+00:00,E0107,wach,0.75,,,,,,,,
_result,0,2025-11-09 09:48:04+00:00,E0107,wach,0.75,,,,,,,,
_result,0,2025-11-09 09:49:54+00:00,E0107,wach,0.75,,,,,,,,
_result,0,2025-11-09 09:51:54+00:00,E0107,wach,0.75,,,,,,,,
_result,1,2025-11-09 09:53:58+00:00,E0107,wach,,A,4.58,3.97,4.28,,,,
_result,0,2025-11-09 09:53:59+00:00,E0107,wach,0.75,,,,,,,,
_result,0,2025-11-09 09:56:18+00:00,E0107,wach,0.75,,,,,,,,
_result,1,2025-11-09 09:58:31+00:00,E0107,wach,,A,4.58,3.97,,,,,
_result,0,2025-11-09 09:58:32+00:00,E0107,wach,0.75,,,,,,,,
_result,0,2025-11-09 10:00:35+00:00,E0107,wach,0.75,,,,,,,,
_result,0,2025-11-09 10:02:40+00:00,E0107,wach,0.75,,,,,,,,
_result,1,2025-11-09 10:04:49+00:00,E0107,wach,,A,4.58,3.97,4.28,,,,
_result,0,2025-11-09 10:04:50+00:00,E0107,wach,0.75,,,,,,,,
_result,0,2025-11-09 10:06:47+00:00,E0107,wach,0.75,,,,,,,,
_result,0,2025-11-09 10:08:43+00:00,E0107,wach,0.75,,,,,,,,
_result,1,2025-11-09 10:11:01+00:00,E0107,wach,,A,4.58,3.97,4.28,,,,
_result,0,2025-11-09 10:11:02+00:00,E0107,wach,0.75,,,,,,,,
_result,0,2025-11-09 10:13:56+00:00,E0107,wach,0.75,,,,,,,,
_result,0,2025-11-09 10:16:18+00:00,E0107,wach,0.75,,,,,,,,
_result,0,2025-11-09 10:18:15+00:00,E0107,wach,0.75,,,,,,,,
_result,0,2025-11-09 10:20:21+00:00,E0107,wach,0.75,,,,,,,,
_result,0,2025-11-09 10:23:01+00:00,E0107,wach,0.75,,,,,,,,
_result,0,2025-11-09 10:25:16+00:00,E0107,wach,0.75,,,,,,,,
_result,0,2025-11-09 10:27:19+00:00,E0107,wach,0.75,,,,,,,,
_result,1,2025-11-09 10:29:38+00:00,E0107,wach,,A,4.59,3.97,4.29,,,,
_result,0,2025-11-09 10:29:39+00:00,E0107,wach,0.75,,,,,,,,
_result,2,2025-11-09 10:32:52+00:00,E0107,wach,,V,,,,234.5,232.3,,
_result,1,2025-11-09 10:32:53+00:00,E0107,wach,,A,4.59,3.96,4.28,,,,
_result,0,2025-11-09 10:32:54+00:00,E0107,wach,0.75,,,,,,,,
_result,0,2025-11-09 10:35:13+00:00,E0107,wach,0.75,,,,,,,,
_result,0,2025-11-09 10:36:59+00:00,E0107,wach,0.75,,,,,,,,
_result,0,2025-11-09 10:38:39+00:00,E0107,wach,0.75,,,,,,,,
_result,0,2025-11-09 10:41:08+00:00,E0107,wach,0.75,,,,,,,,
_result,1,2025-11-09 10:43:41+00:00,E0107,wach,,A,4.59,3.97,,,,,
_result,0,2025-11-09 10:43:42+00:00,E0107,wach,0.75,,,,,,,,
_result,0,2025-11-09 10:45:24+00:00,E0107,wach,0.75,,,,,,,,
_result,0,2025-11-09 10:47:17+00:00,E0107,wach,0.75,,,,,,,,
_result,0,2025-11-09 10:49:13+00:00,E0107,wach,0.75,,,,,,,,
_result,2,2025-11-09 10:50:43+00:00,E0107,wach,,V,,,,234.1,231.9,234.6,
_result,0,2025-11-09 10:50:44+00:00,E0107,wach,0.75,,,,,,,,
_result,0,2025-11-09 10:52:31+00:00,E0107,wach,0.75,,,,,,,,
_result,2,2025-11-09 10:54:30+00:00,E0107,wach,,V,,,,233.3,231.1,233.9,
_result,0,2025-11-09 10:54:31+00:00,E0107,wach,0.75,,,,,,,,
_result,0,2025-11-09 10:56:28+00:00,E0107,wach,0.75,,,,,,,,
_result,0,2025-11-09 10:58:52+00:00,E0107,wach,0.75,,,,,,,,
_result,0,2025-11-09 11:01:18+00:00,E0107,wach,0.75,,,,,,,,
_result,0,2025-11-09 11:03:09+00:00,E0107,wach,0.75,,,,,,,,
_result,0,2025-11-09 11:04:44+00:00,E0107,wach,0.75,,,,,,,,
_result,0,2025-11-09 11:08:23+00:00,E0107,wach,0.75,,,,,,,,
_result,0,2025-11-09 11:08:28+00:00,E0107,wach,0.75,,,,,,,,
_result,1,2025-11-09 11:10:30+00:00,E0107,wach,,A,4.58,3.97,4.29,,,,
_result,0,2025-11-09 11:10:31+00:00,E0107,wach,0.75,,,,,,,,
_result,0,2025-11-09 11:12:42+00:00,E0107,wach,0.75,,,,,,,,
_result,0,2025-11-09 11:14:39+00:00,E0107,wach,0.9,,,,,,,,
_result,0,2025-11-09 11:16:45+00:00,E0107,wach,0.9,,,,,,,,
_result,0,2025-11-09 11:18:39+00:00,E0107,wach,0.9,,,,,,,,
_result,1,2025-11-09 11:20:31+00:00,E0107,wach,,A,0.65,0.2,0.25,,,,
_result,0,2025-11-09 11:20:32+00:00,E0107,wach,0.9,,,,,,,,
_result,2,2025-11-09 11:22:36+00:00,E0107,wach,,V,,,,234.7,232.5,235.3,
_result,0,2025-11-09 11:22:38+00:00,E0107,wach,0.9,,,,,,,,
_result,1,2025-11-09 11:24:49+00:00,E0107,wach,,A,0.65,0.2,0.25,,,,
_result,0,2025-11-09 11:24:50+00:00,E0107,wach,0.9,,,,,,,,
_result,0,2025-11-09 11:27:23+00:00,E0107,wach,0.9,,,,,,,,
_result,1,2025-11-09 11:29:27+00:00,E0107,wach,,A,0.65,0.2,0.25,,,,
_result,0,2025-11-09 11:29:28+00:00,E0107,wach,0.9,,,,,,,,
_result,1,2025-11-09 11:31:27+00:00,E0107,wach,,A,0.65,0.2,0.25,,,,
_result,3,2025-11-09 11:31:28+00:00,E0107,wach,,kW,,,,,,,0.231793
_result,0,2025-11-09 11:31:29+00:00,E0107,wach,0.9,,,,,,,,
_result,0,2025-11-09 11:33:28+00:00,E0107,wach,0.9,,,,,,,,
_result,2,2025-11-09 11:35:15+00:00,E0107,wach,,V,,,,234.8,232.4,235.4,
_result,0,2025-11-09 11:35:16+00:00,E0107,wach,0.9,,,,,,,,
_result,0,2025-11-09 11:36:59+00:00,E0107,wach,0.9,,,,,,,,
_result,0,2025-11-09 11:39:13+00:00,E0107,wach,0.9,,,,,,,,
_result,0,2025-11-09 11:41:10+00:00,E0107,wach,0.9,,,,,,,,
_result,1,2025-11-09 11:45:32+00:00,E0107,wach,,A,0.65,0.2,0.25,,,,
_result,0,2025-11-09 11:45:33+00:00,E0107,wach,0.9,,,,,,,,
_result,0,2025-11-09 11:45:40+00:00,E0107,wach,0.9,,,,,,,,
_result,1,2025-11-09 11:48:27+00:00,E0107,wach,,A,0.65,0.2,0.25,,,,
_result,0,2025-11-09 11:48:28+00:00,E0107,wach,0.9,,,,,,,,
_result,1,2025-11-09 11:50:13+00:00,E0107,wach,,A,0.65,0.2,0.25,,,,
_result,0,2025-11-09 11:50:14+00:00,E0107,wach,0.9,,,,,,,,
_result,2,2025-11-09 11:52:39+00:00,E0107,wach,,V,,,,234.7,232.5,235.5,
_result,0,2025-11-09 11:52:40+00:00,E0107,wach,0.9,,,,,,,,
_result,0,2025-11-09 11:54:30+00:00,E0107,wach,0.9,,,,,,,,
_result,1,2025-11-09 11:56:52+00:00,E0107,wach,,A,0.65,0.2,0.25,,,,
_result,0,2025-11-09 11:56:53+00:00,E0107,wach,0.9,,,,,,,,
_result,0,2025-11-09 11:59:50+00:00,E0107,wach,0.9,,,,,,,,
_result,0,2025-11-09 12:02:31+00:00,E0107,wach,0.9,,,,,,,,
_result,1,2025-11-09 12:04:14+00:00,E0107,wach,,A,0.65,0.2,0.25,,,,
_result,0,2025-11-09 12:04:15+00:00,E0107,wach,0.9,,,,,,,,
_result,2,2025-11-09 12:06:05+00:00,E0107,wach,,V,,,,234.2,,,
_result,0,2025-11-09 12:06:06+00:00,E0107,wach,0.9,,,,,,,,
_result,0,2025-11-09 12:07:54+00:00,E0107,wach,0.9,,,,,,,,
_result,0,2025-11-09 12:09:53+00:00,E0107,wach,0.9,,,,,,,,
_result,1,2025-11-09 12:12:05+00:00,E0107,wach,,A,0.65,0.2,0.25,,,,
_result,0,2025-11-09 12:12:06+00:00,E0107,wach,0.9,,,,,,,,
_result,0,2025-11-09 12:14:33+00:00,E0107,wach,0.9,,,,,,,,
_result,0,2025-11-09 12:16:43+00:00,E0107,wach,0.9,,,,,,,,
_result,0,2025-11-09 12:18:46+00:00,E0107,wach,0.9,,,,,,,,
_result,1,2025-11-09 12:21:05+00:00,E0107,wach,,A,0.65,0.2,0.25,,,,
_result,0,2025-11-09 12:21:06+00:00,E0107,wach,0.9,,,,,,,,
_result,1,2025-11-09 12:22:48+00:00,E0107,wach,,A,0.65,0.2,0.25,,,,
_result,0,2025-11-09 12:22:49+00:00,E0107,wach,0.9,,,,,,,,
_result,1,2025-11-09 12:26:02+00:00,E0107,wach,,A,0.65,0.2,0.25,,,,
_result,0,2025-11-09 12:26:03+00:00,E0107,wach,0.9,,,,,,,,
_result,1,2025-11-09 12:28:39+00:00,E0107,wach,,A,0.65,0.2,0.25,,,,
_result,0,2025-11-09 12:28:40+00:00,E0107,wach,0.9,,,,,,,,
_result,0,2025-11-09 12:30:30+00:00,E0107,wach,0.9,,,,,,,,
_result,1,2025-11-09 12:32:47+00:00,E0107,wach,,A,0.65,0.2,0.25,,,,
_result,0,2025-11-09 12:32:48+00:00,E0107,wach,0.9,,,,,,,,
_result,1,2025-11-09 12:34:24+00:00,E0107,wach,,A,0.65,0.2,0.25,,,,
_result,0,2025-11-09 12:34:25+00:00,E0107,wach,0.9,,,,,,,,
_result,2,2025-11-09 12:36:10+00:00,E0107,wach,,V,,,,234.3,232.0,235.0,
_result,0,2025-11-09 12:36:11+00:00,E0107,wach,0.9,,,,,,,,
_result,0,2025-11-09 12:38:04+00:00,E0107,wach,0.9,,,,,,,,
_result,0,2025-11-09 12:40:09+00:00,E0107,wach,0.9,,,,,,,,
_result,1,2025-11-09 12:42:20+00:00,E0107,wach,,A,0.65,0.2,0.25,,,,
_result,0,2025-11-09 12:42:21+00:00,E0107,wach,0.9,,,,,,,,
_result,0,2025-11-09 12:44:13+00:00,E0107,wach,0.9,,,,,,,,
_result,0,2025-11-09 12:45:58+00:00,E0107,wach,0.9,,,,,,,,
_result,1,2025-11-09 12:47:52+00:00,E0107,wach,,A,0.65,0.2,0.25,,,,
_result,0,2025-11-09 12:47:53+00:00,E0107,wach,0.9,,,,,,,,
_result,1,2025-11-09 12:49:54+00:00,E0107,wach,,A,0.65,0.2,0.25,,,,
_result,0,2025-11-09 12:49:55+00:00,E0107,wach,0.9,,,,,,,,
_result,0,2025-11-09 12:52:08+00:00,E0107,wach,0.9,,,,,,,,
_result,0,2025-11-09 12:54:11+00:00,E0107,wach,0.9,,,,,,,,
_result,0,2025-11-09 12:55:57+00:00,E0107,wach,0.9,,,,,,,,
_result,0,2025-11-09 12:57:56+00:00,E0107,wach,0.9,,,,,,,,
_result,0,2025-11-09 12:59:50+00:00,E0107,wach,0.9,,,,,,,,
_result,0,2025-11-09 13:02:00+00:00,E0107,wach,0.9,,,,,,,,
_result,0,2025-11-09 13:04:08+00:00,E0107,wach,0.9,,,,,,,,
_result,1,2025-11-09 13:06:17+00:00,E0107,wach,,A,0.65,,,,,,
_result,0,2025-11-09 13:06:18+00:00,E0107,wach,0.9,,,,,,,,
_result,0,2025-11-09 13:08:04+00:00,E0107,wach,0.9,,,,,,,,
_result,0,2025-11-09 13:09:49+00:00,E0107,wach,0.9,,,,,,,,
_result,0,2025-11-09 13:11:45+00:00,E0107,wach,0.9,,,,,,,,
_result,0,2025-11-09 13:13:21+00:00,E0107,wach,0.9,,,,,,,,
_result,0,2025-11-09 13:14:58+00:00,E0107,wach,0.9,,,,,,,,
_result,0,2025-11-09 13:16:30+00:00,E0107,wach,0.9,,,,,,,,
_result,1,2025-11-09 13:18:00+00:00,E0107,wach,,A,0.66,,,,,,
_result,0,2025-11-09 13:18:01+00:00,E0107,wach,0.9,,,,,,,,
_result,0,2025-11-09 13:19:57+00:00,E0107,wach,0.9,,,,,,,,
_result,0,2025-11-09 13:22:13+00:00,E0107,wach,0.9,,,,,,,,
_result,0,2025-11-09 13:24:08+00:00,E0107,wach,0.9,,,,,,,,
_result,0,2025-11-09 13:25:57+00:00,E0107,wach,0.9,,,,,,,,
_result,0,2025-11-09 13:27:36+00:00,E0107,wach,0.9,,,,,,,,
_result,2,2025-11-09 13:29:17+00:00,E0107,wach,,V,,,,235.6,,,
_result,0,2025-11-09 13:29:18+00:00,E0107,wach,0.9,,,,,,,,
_result,2,2025-11-09 13:31:13+00:00,E0107,wach,,V,,,,235.4,233.1,236.0,
_result,0,2025-11-09 13:31:14+00:00,E0107,wach,0.9,,,,,,,,
_result,0,2025-11-09 13:33:04+00:00,E0107,wach,0.9,,,,,,,,
_result,0,2025-11-09 13:34:38+00:00,E0107,wach,0.9,,,,,,,,
_result,0,2025-11-09 13:36:16+00:00,E0107,wach,0.9,,,,,,,,
_result,0,2025-11-09 13:37:55+00:00,E0107,wach,0.9,,,,,,,,
_result,0,2025-11-09 13:39:51+00:00,E0107,wach,0.9,,,,,,,,
_result,0,2025-11-09 13:41:46+00:00,E0107,wach,0.9,,,,,,,,
_result,0,2025-11-09 13:43:47+00:00,E0107,wach,0.9,,,,,,,,
_result,1,2025-11-09 13:45:39+00:00,E0107,wach,,A,0.66,0.2,0.26,,,,
_result,0,2025-11-09 13:45:40+00:00,E0107,wach,0.9,,,,,,,,
_result,0,2025-11-09 13:47:25+00:00,E0107,wach,0.9,,,,,,,,
_result,2,2025-11-09 13:49:03+00:00,E0107,wach,,V,,,,236.0,233.6,236.7,
_result,0,2025-11-09 13:49:04+00:00,E0107,wach,0.9,,,,,,,,
_result,1,2025-11-09 13:50:43+00:00,E0107,wach,,A,0.66,0.2,,,,,
_result,0,2025-11-09 13:50:44+00:00,E0107,wach,0.9,,,,,,,,
_result,0,2025-11-09 13:52:22+00:00,E0107,wach,0.9,,,,,,,,
_result,0,2025-11-09 13:54:15+00:00,E0107,wach,0.9,,,,,,,,
_result,0,2025-11-09 13:56:03+00:00,E0107,wach,0.9,,,,,,,,
_result,2,2025-11-09 13:57:49+00:00,E0107,wach,,V,,,,235.9,233.5,236.5,
_result,0,2025-11-09 13:57:50+00:00,E0107,wach,0.9,,,,,,,,
_result,1,2025-11-09 13:59:37+00:00,E0107,wach,,A,0.66,0.2,0.26,,,,
_result,0,2025-11-09 13:59:38+00:00,E0107,wach,0.9,,,,,,,,
_result,0,2025-11-09 14:01:44+00:00,E0107,wach,0.9,,,,,,,,
_result,0,2025-11-09 14:03:31+00:00,E0107,wach,0.9,,,,,,,,
_result,0,2025-11-09 14:05:20+00:00,E0107,wach,0.9,,,,,,,,
_result,1,2025-11-09 14:07:08+00:00,E0107,wach,,A,0.66,0.2,0.26,,,,
_result,0,2025-11-09 14:07:09+00:00,E0107,wach,0.9,,,,,,,,
_result,0,2025-11-09 14:08:28+00:00,E0107,wach,0.9,,,,,,,,
_result,0,2025-11-09 14:10:09+00:00,E0107,wach,0.9,,,,,,,,
_result,0,2025-11-09 14:12:07+00:00,E0107,wach,0.9,,,,,,,,
_result,0,2025-11-09 14:14:07+00:00,E0107,wach,0.9,,,,,,,,
_result,0,2025-11-09 14:16:04+00:00,E0107,wach,0.9,,,,,,,,
_result,0,2025-11-09 14:17:49+00:00,E0107,wach,0.9,,,,,,,,
_result,0,2025-11-09 14:19:31+00:00,E0107,wach,0.9,,,,,,,,
_result,0,2025-11-09 14:21:09+00:00,E0107,wach,0.9,,,,,,,,
_result,0,2025-11-09 14:22:44+00:00,E0107,wach,0.9,,,,,,,,
_result,0,2025-11-09 14:24:28+00:00,E0107,wach,0.9,,,,,,,,
_result,0,2025-11-09 14:26:20+00:00,E0107,wach,0.9,,,,,,,,
_result,0,2025-11-09 14:28:09+00:00,E0107,wach,0.9,,,,,,,,
_result,2,2025-11-09 14:30:17+00:00,E0107,wach,,V,,,,237.2,234.7,237.8,
_result,0,2025-11-09 14:30:18+00:00,E0107,wach,0.9,,,,,,,,
_result,0,2025-11-09 14:31:54+00:00,E0107,wach,0.9,,,,,,,,
_result,2,2025-11-09 14:33:37+00:00,E0107,wach,,V,,,,236.4,233.6,236.8,
_result,0,2025-11-09 14:33:38+00:00,E0107,wach,0.9,,,,,,,,
_result,0,2025-11-09 14:35:23+00:00,E0107,wach,0.9,,,,,,,,
_result,0,2025-11-09 14:37:11+00:00,E0107,wach,0.9,,,,,,,,
_result,0,2025-11-09 14:38:31+00:00,E0107,wach,0.9,,,,,,,,
_result,2,2025-11-09 14:40:22+00:00,E0107,wach,,V,,,,237.2,234.8,237.8,
_result,0,2025-11-09 14:40:23+00:00,E0107,wach,0.9,,,,,,,,
_result,0,2025-11-09 14:43:21+00:00,E0107,wach,0.9,,,,,,,,
_result,0,2025-11-09 14:44:22+00:00,E0107,wach,0.9,,,,,,,,
_result,1,2025-11-09 14:46:12+00:00,E0107,wach,,A,0.66,0.2,0.26,,,,
_result,0,2025-11-09 14:46:13+00:00,E0107,wach,0.9,,,,,,,,
_result,2,2025-11-09 14:48:06+00:00,E0107,wach,,V,,,,237.5,235.1,238.3,
_result,0,2025-11-09 14:48:07+00:00,E0107,wach,0.9,,,,,,,,
_result,0,2025-11-09 14:49:37+00:00,E0107,wach,0.9,,,,,,,,
_result,0,2025-11-09 14:51:24+00:00,E0107,wach,0.9,,,,,,,,
_result,2,2025-11-09 14:53:09+00:00,E0107,wach,,V,,,,237.6,235.1,,
_result,0,2025-11-09 14:53:10+00:00,E0107,wach,0.9,,,,,,,,
_result,0,2025-11-09 14:55:05+00:00,E0107,wach,0.9,,,,,,,,
_result,2,2025-11-09 14:57:03+00:00,E0107,wach,,V,,,,237.3,234.9,237.8,
_result,0,2025-11-09 14:57:04+00:00,E0107,wach,0.9,,,,,,,,
_result,0,2025-11-09 14:58:58+00:00,E0107,wach,0.9,,,,,,,,
_result,0,2025-11-09 15:01:15+00:00,E0107,wach,0.9,,,,,,,,
_result,2,2025-11-09 15:02:56+00:00,E0107,wach,,V,,,,237.6,235.2,238.3,
_result,1,2025-11-09 15:02:57+00:00,E0107,wach,,A,0.66,0.2,0.26,,,,
_result,0,2025-11-09 15:02:58+00:00,E0107,wach,0.9,,,,,,,,
_result,0,2025-11-09 15:04:55+00:00,E0107,wach,0.9,,,,,,,,
_result,1,2025-11-09 15:06:53+00:00,E0107,wach,,A,0.66,0.2,0.26,,,,
_result,0,2025-11-09 15:06:54+00:00,E0107,wach,0.9,,,,,,,,
_result,0,2025-11-09 15:08:56+00:00,E0107,wach,0.9,,,,,,,,
_result,0,2025-11-09 15:10:56+00:00,E0107,wach,0.9,,,,,,,,
_result,1,2025-11-09 15:12:57+00:00,E0107,wach,,A,0.66,0.2,0.26,,,,
_result,0,2025-11-09 15:12:58+00:00,E0107,wach,0.9,,,,,,,,
_result,2,2025-11-09 15:14:57+00:00,E0107,wach,,V,,,,237.5,234.9,237.9,
_result,0,2025-11-09 15:14:58+00:00,E0107,wach,0.9,,,,,,,,
_result,2,2025-11-09 15:16:57+00:00,E0107,wach,,V,,,,237.8,235.3,238.3,
_result,0,2025-11-09 15:16:58+00:00,E0107,wach,0.9,,,,,,,,
_result,1,2025-11-09 15:18:56+00:00,E0107,wach,,A,0.66,0.2,0.26,,,,
_result,0,2025-11-09 15:18:57+00:00,E0107,wach,0.9,,,,,,,,
_result,0,2025-11-09 15:20:55+00:00,E0107,wach,0.9,,,,,,,,
_result,0,2025-11-09 15:23:25+00:00,E0107,wach,0.9,,,,,,,,
_result,0,2025-11-09 15:24:53+00:00,E0107,wach,0.9,,,,,,,,
_result,0,2025-11-09 15:27:00+00:00,E0107,wach,0.9,,,,,,,,
_result,0,2025-11-09 15:28:55+00:00,E0107,wach,0.9,,,,,,,,
_result,0,2025-11-09 15:30:55+00:00,E0107,wach,0.9,,,,,,,,
_result,0,2025-11-09 15:32:55+00:00,E0107,wach,0.9,,,,,,,,
_result,1,2025-11-09 15:35:11+00:00,E0107,wach,,A,0.66,0.2,0.26,,,,
_result,0,2025-11-09 15:35:12+00:00,E0107,wach,0.9,,,,,,,,
_result,2,2025-11-09 15:36:55+00:00,E0107,wach,,V,,,,238.6,236.1,239.1,
_result,0,2025-11-09 15:36:56+00:00,E0107,wach,0.9,,,,,,,,
_result,0,2025-11-09 15:38:53+00:00,E0107,wach,0.9,,,,,,,,
_result,0,2025-11-09 15:41:00+00:00,E0107,wach,0.9,,,,,,,,
_result,0,2025-11-09 15:42:51+00:00,E0107,wach,0.9,,,,,,,,
_result,0,2025-11-09 15:45:40+00:00,E0107,wach,0.9,,,,,,,,
_result,2,2025-11-09 15:46:49+00:00,E0107,wach,,V,,,,238.8,236.4,239.4,
_result,0,2025-11-09 15:46:50+00:00,E0107,wach,0.9,,,,,,,,
_result,0,2025-11-09 15:48:55+00:00,E0107,wach,0.9,,,,,,,,
_result,0,2025-11-09 15:50:55+00:00,E0107,wach,0.9,,,,,,,,
_result,0,2025-11-09 15:52:56+00:00,E0107,wach,0.9,,,,,,,,
_result,0,2025-11-09 15:54:57+00:00,E0107,wach,0.9,,,,,,,,
_result,0,2025-11-09 15:57:04+00:00,E0107,wach,0.9,,,,,,,,
_result,1,2025-11-09 15:58:57+00:00,E0107,wach,,A,0.66,0.2,0.26,,,,
_result,0,2025-11-09 15:58:58+00:00,E0107,wach,0.9,,,,,,,,
_result,1,2025-11-09 16:01:01+00:00,E0107,wach,,A,0.66,0.2,0.26,,,,
_result,0,2025-11-09 16:01:02+00:00,E0107,wach,0.9,,,,,,,,
_result,0,2025-11-09 16:02:55+00:00,E0107,wach,0.9,,,,,,,,
_result,0,2025-11-09 16:04:55+00:00,E0107,wach,0.9,,,,,,,,
_result,1,2025-11-09 16:06:56+00:00,E0107,wach,,A,0.66,,,,,,
_result,0,2025-11-09 16:06:57+00:00,E0107,wach,0.9,,,,,,,,
_result,0,2025-11-09 16:09:02+00:00,E0107,wach,0.89,,,,,,,,
_result,0,2025-11-09 16:10:56+00:00,E0107,wach,0.89,,,,,,,,
_result,0,2025-11-09 16:12:54+00:00,E0107,wach,0.89,,,,,,,,
_result,2,2025-11-09 16:14:55+00:00,E0107,wach,,V,,,,239.2,236.9,239.9,
_result,0,2025-11-09 16:14:56+00:00,E0107,wach,0.9,,,,,,,,
_result,1,2025-11-09 16:16:58+00:00,E0107,wach,,A,0.66,0.2,0.27,,,,
_result,0,2025-11-09 16:16:59+00:00,E0107,wach,0.9,,,,,,,,
_result,1,2025-11-09 16:18:55+00:00,E0107,wach,,A,0.66,0.2,0.27,,,,
_result,0,2025-11-09 16:18:56+00:00,E0107,wach,0.9,,,,,,,,
_result,0,2025-11-09 16:20:55+00:00,E0107,wach,0.9,,,,,,,,
_result,0,2025-11-09 16:22:56+00:00,E0107,wach,0.9,,,,,,,,
_result,1,2025-11-09 16:24:54+00:00,E0107,wach,,A,0.66,0.2,0.26,,,,
_result,0,2025-11-09 16:24:55+00:00,E0107,wach,0.9,,,,,,,,
_result,1,2025-11-09 16:27:07+00:00,E0107,wach,,A,0.66,0.2,0.26,,,,
_result,0,2025-11-09 16:27:08+00:00,E0107,wach,0.9,,,,,,,,
_result,2,2025-11-09 16:28:54+00:00,E0107,wach,,V,,,,239.2,236.8,239.7,
_result,0,2025-11-09 16:28:55+00:00,E0107,wach,0.9,,,,,,,,
_result,0,2025-11-09 16:30:56+00:00,E0107,wach,0.9,,,,,,,,
_result,1,2025-11-09 16:32:54+00:00,E0107,wach,,A,0.66,0.2,0.26,,,,
_result,0,2025-11-09 16:32:55+00:00,E0107,wach,0.9,,,,,,,,
_result,1,2025-11-09 16:34:53+00:00,E0107,wach,,A,0.66,0.2,0.26,,,,
_result,0,2025-11-09 16:34:54+00:00,E0107,wach,0.9,,,,,,,,
_result,0,2025-11-09 16:36:54+00:00,E0107,wach,0.9,,,,,,,,
_result,0,2025-11-09 16:38:55+00:00,E0107,wach,0.9,,,,,,,,
_result,2,2025-11-09 16:40:57+00:00,E0107,wach,,V,,,,239.6,237.2,240.2,
_result,0,2025-11-09 16:40:58+00:00,E0107,wach,0.9,,,,,,,,
_result,0,2025-11-09 16:42:56+00:00,E0107,wach,0.9,,,,,,,,
_result,0,2025-11-09 16:44:54+00:00,E0107,wach,0.9,,,,,,,,
_result,0,2025-11-09 16:46:53+00:00,E0107,wach,0.9,,,,,,,,
_result,0,2025-11-09 16:48:59+00:00,E0107,wach,0.9,,,,,,,,
_result,0,2025-11-09 16:50:55+00:00,E0107,wach,0.9,,,,,,,,
_result,0,2025-11-09 16:52:56+00:00,E0107,wach,0.9,,,,,,,,
_result,1,2025-11-09 16:54:56+00:00,E0107,wach,,A,0.66,0.2,0.27,,,,
_result,0,2025-11-09 16:54:57+00:00,E0107,wach,0.9,,,,,,,,
_result,2,2025-11-09 16:56:54+00:00,E0107,wach,,V,,,,239.9,237.4,240.4,
_result,0,2025-11-09 16:56:55+00:00,E0107,wach,0.9,,,,,,,,
_result,0,2025-11-09 16:58:56+00:00,E0107,wach,0.9,,,,,,,,
_result,1,2025-11-09 17:01:03+00:00,E0107,wach,,A,0.66,0.2,0.26,,,,
_result,0,2025-11-09 17:01:04+00:00,E0107,wach,0.9,,,,,,,,
_result,1,2025-11-09 17:02:50+00:00,E0107,wach,,A,0.66,0.2,0.26,,,,
_result,0,2025-11-09 17:02:51+00:00,E0107,wach,0.9,,,,,,,,
_result,2,2025-11-09 17:04:50+00:00,E0107,wach,,V,,,,236.9,234.5,237.7,
_result,1,2025-11-09 17:04:51+00:00,E0107,wach,,A,0.66,0.2,0.26,,,,
_result,0,2025-11-09 17:04:52+00:00,E0107,wach,0.9,,,,,,,,
_result,1,2025-11-09 17:07:06+00:00,E0107,wach,,A,0.66,0.2,0.26,,,,
_result,0,2025-11-09 17:07:07+00:00,E0107,wach,0.9,,,,,,,,
_result,1,2025-11-09 17:08:57+00:00,E0107,wach,,A,0.66,0.2,0.26,,,,
_result,0,2025-11-09 17:08:58+00:00,E0107,wach,0.9,,,,,,,,
_result,0,2025-11-09 17:10:57+00:00,E0107,wach,0.9,,,,,,,,
_result,0,2025-11-09 17:12:56+00:00,E0107,wach,0.9,,,,,,,,
_result,1,2025-11-09 17:14:55+00:00,E0107,wach,,A,0.66,0.2,0.26,,,,
_result,0,2025-11-09 17:14:56+00:00,E0107,wach,0.9,,,,,,,,
_result,1,2025-11-09 17:16:55+00:00,E0107,wach,,A,0.66,0.2,0.26,,,,
_result,0,2025-11-09 17:16:56+00:00,E0107,wach,0.9,,,,,,,,
_result,1,2025-11-09 17:18:56+00:00,E0107,wach,,A,0.66,0.2,0.26,,,,
_result,0,2025-11-09 17:18:57+00:00,E0107,wach,0.9,,,,,,,,
_result,0,2025-11-09 17:20:56+00:00,E0107,wach,0.9,,,,,,,,
_result,1,2025-11-09 17:22:59+00:00,E0107,wach,,A,0.66,0.2,0.26,,,,
_result,0,2025-11-09 17:23:00+00:00,E0107,wach,0.9,,,,,,,,
_result,0,2025-11-09 17:24:54+00:00,E0107,wach,0.9,,,,,,,,
_result,2,2025-11-09 17:26:56+00:00,E0107,wach,,V,,,,237.6,,,
_result,0,2025-11-09 17:26:57+00:00,E0107,wach,0.9,,,,,,,,
_result,1,2025-11-09 17:29:00+00:00,E0107,wach,,A,0.66,0.2,0.26,,,,
_result,0,2025-11-09 17:29:01+00:00,E0107,wach,0.9,,,,,,,,
_result,1,2025-11-09 17:30:55+00:00,E0107,wach,,A,0.66,0.2,0.26,,,,
_result,0,2025-11-09 17:30:56+00:00,E0107,wach,0.9,,,,,,,,
_result,0,2025-11-09 17:32:57+00:00,E0107,wach,0.9,,,,,,,,
_result,0,2025-11-09 17:34:56+00:00,E0107,wach,0.9,,,,,,,,
_result,0,2025-11-09 17:36:50+00:00,E0107,wach,0.9,,,,,,,,
_result,0,2025-11-09 17:38:54+00:00,E0107,wach,0.9,,,,,,,,
_result,0,2025-11-09 17:42:35+00:00,E0107,wach,0.9,,,,,,,,
_result,0,2025-11-09 17:42:57+00:00,E0107,wach,0.9,,,,,,,,
_result,0,2025-11-09 17:44:55+00:00,E0107,wach,0.9,,,,,,,,
_result,0,2025-11-09 17:46:57+00:00,E0107,wach,0.9,,,,,,,,
_result,0,2025-11-09 17:48:55+00:00,E0107,wach,0.9,,,,,,,,
_result,1,2025-11-09 17:50:54+00:00,E0107,wach,,A,0.66,0.2,0.26,,,,
_result,0,2025-11-09 17:50:55+00:00,E0107,wach,0.9,,,,,,,,
_result,0,2025-11-09 17:52:55+00:00,E0107,wach,0.9,,,,,,,,
_result,0,2025-11-09 17:54:58+00:00,E0107,wach,0.9,,,,,,,,
_result,1,2025-11-09 17:56:52+00:00,E0107,wach,,A,0.66,0.2,0.26,,,,
_result,0,2025-11-09 17:56:53+00:00,E0107,wach,0.9,,,,,,,,
_result,1,2025-11-09 17:58:53+00:00,E0107,wach,,A,0.66,,,,,,
_result,0,2025-11-09 17:58:54+00:00,E0107,wach,0.9,,,,,,,,
_result,0,2025-11-09 18:00:57+00:00,E0107,wach,0.9,,,,,,,,
_result,2,2025-11-09 18:02:59+00:00,E0107,wach,,V,,,,237.6,234.8,,
_result,0,2025-11-09 18:03:00+00:00,E0107,wach,0.9,,,,,,,,
_result,1,2025-11-09 18:04:56+00:00,E0107,wach,,A,0.66,0.2,0.26,,,,
_result,0,2025-11-09 18:04:57+00:00,E0107,wach,0.9,,,,,,,,
_result,1,2025-11-09 18:07:08+00:00,E0107,wach,,A,0.66,0.2,0.26,,,,
_result,0,2025-11-09 18:07:09+00:00,E0107,wach,0.9,,,,,,,,
_result,2,2025-11-09 18:09:55+00:00,E0107,wach,,V,,,,237.7,235.4,,
_result,0,2025-11-09 18:09:56+00:00,E0107,wach,0.9,,,,,,,,
_result,0,2025-11-09 18:10:57+00:00,E0107,wach,0.9,,,,,,,,
_result,0,2025-11-09 18:12:57+00:00,E0107,wach,0.9,,,,,,,,
_result,0,2025-11-09 18:14:57+00:00,E0107,wach,0.9,,,,,,,,
_result,2,2025-11-09 18:16:53+00:00,E0107,wach,,V,,,,237.7,,,
_result,0,2025-11-09 18:16:54+00:00,E0107,wach,0.9,,,,,,,,
_result,0,2025-11-09 18:18:55+00:00,E0107,wach,0.9,,,,,,,,
_result,0,2025-11-09 18:20:49+00:00,E0107,wach,0.9,,,,,,,,
_result,1,2025-11-09 18:22:57+00:00,E0107,wach,,A,0.66,0.2,0.26,,,,
_result,0,2025-11-09 18:22:58+00:00,E0107,wach,0.9,,,,,,,,
_result,1,2025-11-09 18:24:53+00:00,E0107,wach,,A,0.66,0.2,0.26,,,,
_result,0,2025-11-09 18:24:54+00:00,E0107,wach,0.9,,,,,,,,
_result,0,2025-11-09 18:27:11+00:00,E0107,wach,0.9,,,,,,,,
_result,1,2025-11-09 18:29:24+00:00,E0107,wach,,A,0.66,0.2,0.26,,,,
_result,0,2025-11-09 18:29:25+00:00,E0107,wach,0.9,,,,,,,,
_result,2,2025-11-09 18:31:30+00:00,E0107,wach,,V,,,,238.9,236.5,239.5,
_result,0,2025-11-09 18:31:31+00:00,E0107,wach,0.9,,,,,,,,
_result,0,2025-11-09 18:33:06+00:00,E0107,wach,0.9,,,,,,,,
_result,0,2025-11-09 18:34:55+00:00,E0107,wach,0.9,,,,,,,,
_result,2,2025-11-09 18:37:19+00:00,E0107,wach,,V,,,,238.8,,,
_result,0,2025-11-09 18:37:20+00:00,E0107,wach,0.9,,,,,,,,
_result,0,2025-11-09 18:38:58+00:00,E0107,wach,0.9,,,,,,,,
_result,1,2025-11-09 18:40:52+00:00,E0107,wach,,A,0.66,0.2,0.26,,,,
_result,0,2025-11-09 18:40:53+00:00,E0107,wach,0.9,,,,,,,,
_result,0,2025-11-09 18:42:57+00:00,E0107,wach,0.9,,,,,,,,
_result,0,2025-11-09 18:44:56+00:00,E0107,wach,0.9,,,,,,,,
_result,0,2025-11-09 18:46:56+00:00,E0107,wach,0.9,,,,,,,,
_result,0,2025-11-09 18:48:51+00:00,E0107,wach,0.9,,,,,,,,
_result,1,2025-11-09 18:51:34+00:00,E0107,wach,,A,0.66,0.2,0.26,,,,
_result,0,2025-11-09 18:51:35+00:00,E0107,wach,0.9,,,,,,,,
_result,0,2025-11-09 18:52:57+00:00,E0107,wach,0.9,,,,,,,,
_result,1,2025-11-09 18:54:51+00:00,E0107,wach,,A,0.66,,,,,,
_result,1,2025-11-09 18:54:52+00:00,E0107,wach,,A,,0.2,0.26,,,,
_result,0,2025-11-09 18:54:53+00:00,E0107,wach,0.9,,,,,,,,
_result,0,2025-11-09 18:56:54+00:00,E0107,wach,0.9,,,,,,,,
_result,1,2025-11-09 18:58:54+00:00,E0107,wach,,A,0.66,0.2,,,,,
_result,0,2025-11-09 18:58:55+00:00,E0107,wach,0.9,,,,,,,,
_result,2,2025-11-09 19:02:30+00:00,E0107,wach,,V,,,,239.1,236.8,239.7,
_result,0,2025-11-09 19:02:31+00:00,E0107,wach,0.9,,,,,,,,
_result,1,2025-11-09 19:03:16+00:00,E0107,wach,,A,0.66,0.2,0.26,,,,
_result,0,2025-11-09 19:03:17+00:00,E0107,wach,0.9,,,,,,,,
_result,0,2025-11-09 19:05:16+00:00,E0107,wach,0.9,,,,,,,,
_result,0,2025-11-09 19:07:07+00:00,E0107,wach,0.9,,,,,,,,
_result,2,2025-11-09 19:08:54+00:00,E0107,wach,,V,,,,238.4,236.1,239.0,
_result,0,2025-11-09 19:08:55+00:00,E0107,wach,0.9,,,,,,,,
_result,1,2025-11-09 19:10:52+00:00,E0107,wach,,A,0.66,0.2,0.26,,,,
_result,0,2025-11-09 19:10:53+00:00,E0107,wach,0.9,,,,,,,,
_result,1,2025-11-09 19:12:50+00:00,E0107,wach,,A,0.66,,,,,,
_result,0,2025-11-09 19:12:51+00:00,E0107,wach,0.9,,,,,,,,
_result,2,2025-11-09 19:14:56+00:00,E0107,wach,,V,,,,238.8,236.4,239.4,
_result,0,2025-11-09 19:14:57+00:00,E0107,wach,0.9,,,,,,,,
_result,2,2025-11-09 19:16:53+00:00,E0107,wach,,V,,,,238.8,236.4,239.4,
_result,0,2025-11-09 19:16:54+00:00,E0107,wach,0.9,,,,,,,,
_result,0,2025-11-09 19:18:56+00:00,E0107,wach,0.9,,,,,,,,
_result,0,2025-11-09 19:20:55+00:00,E0107,wach,0.9,,,,,,,,
_result,0,2025-11-09 19:22:55+00:00,E0107,wach,0.9,,,,,,,,
_result,0,2025-11-09 19:24:55+00:00,E0107,wach,0.9,,,,,,,,
_result,0,2025-11-09 19:26:49+00:00,E0107,wach,0.9,,,,,,,,
_result,0,2025-11-09 19:28:55+00:00,E0107,wach,0.9,,,,,,,,
_result,0,2025-11-09 19:30:49+00:00,E0107,wach,0.9,,,,,,,,
_result,0,2025-11-09 19:32:56+00:00,E0107,wach,0.9,,,,,,,,
_result,0,2025-11-09 19:34:55+00:00,E0107,wach,0.9,,,,,,,,
_result,0,2025-11-09 19:36:59+00:00,E0107,wach,0.9,,,,,,,,
_result,0,2025-11-09 19:38:57+00:00,E0107,wach,0.9,,,,,,,,
_result,1,2025-11-09 19:40:55+00:00,E0107,wach,,A,0.66,0.2,0.26,,,,
_result,0,2025-11-09 19:40:56+00:00,E0107,wach,0.9,,,,,,,,
_result,2,2025-11-09 19:42:56+00:00,E0107,wach,,V,,,,239.2,237.0,239.7,
_result,0,2025-11-09 19:42:57+00:00,E0107,wach,0.9,,,,,,,,
_result,2,2025-11-09 19:44:54+00:00,E0107,wach,,V,,,,238.6,236.4,239.2,
_result,0,2025-11-09 19:44:55+00:00,E0107,wach,0.9,,,,,,,,
_result,1,2025-11-09 19:46:53+00:00,E0107,wach,,A,0.66,0.2,0.26,,,,
_result,0,2025-11-09 19:46:54+00:00,E0107,wach,0.9,,,,,,,,
_result,0,2025-11-09 19:48:55+00:00,E0107,wach,0.9,,,,,,,,
_result,0,2025-11-09 19:50:58+00:00,E0107,wach,0.9,,,,,,,,
_result,0,2025-11-09 19:52:56+00:00,E0107,wach,0.9,,,,,,,,
_result,0,2025-11-09 19:54:53+00:00,E0107,wach,0.9,,,,,,,,
_result,0,2025-11-09 19:56:49+00:00,E0107,wach,0.9,,,,,,,,
_result,0,2025-11-09 19:58:58+00:00,E0107,wach,0.9,,,,,,,,
_result,1,2025-11-09 20:00:55+00:00,E0107,wach,,A,0.66,0.2,0.26,,,,
_result,0,2025-11-09 20:00:56+00:00,E0107,wach,0.9,,,,,,,,
_result,0,2025-11-09 20:02:54+00:00,E0107,wach,0.9,,,,,,,,
_result,0,2025-11-09 20:04:49+00:00,E0107,wach,0.9,,,,,,,,
_result,0,2025-11-09 20:06:56+00:00,E0107,wach,0.9,,,,,,,,
_result,0,2025-11-09 20:08:55+00:00,E0107,wach,0.9,,,,,,,,
_result,2,2025-11-09 20:10:57+00:00,E0107,wach,,V,,,,239.1,236.8,239.6,
_result,0,2025-11-09 20:10:58+00:00,E0107,wach,0.9,,,,,,,,
_result,0,2025-11-09 20:12:57+00:00,E0107,wach,0.9,,,,,,,,
_result,0,2025-11-09 20:14:59+00:00,E0107,wach,0.9,,,,,,,,
_result,1,2025-11-09 20:17:00+00:00,E0107,wach,,A,0.66,0.2,0.26,,,,
_result,0,2025-11-09 20:17:01+00:00,E0107,wach,0.9,,,,,,,,
_result,0,2025-11-09 20:18:57+00:00,E0107,wach,0.9,,,,,,,,
_result,0,2025-11-09 20:20:55+00:00,E0107,wach,0.9,,,,,,,,
_result,0,2025-11-09 20:22:56+00:00,E0107,wach,0.9,,,,,,,,
_result,0,2025-11-09 20:24:56+00:00,E0107,wach,0.9,,,,,,,,
_result,0,2025-11-09 20:26:56+00:00,E0107,wach,0.9,,,,,,,,
_result,0,2025-11-09 20:28:55+00:00,E0107,wach,0.9,,,,,,,,
_result,1,2025-11-09 20:30:53+00:00,E0107,wach,,A,0.66,0.2,0.26,,,,
_result,0,2025-11-09 20:30:54+00:00,E0107,wach,0.9,,,,,,,,
_result,0,2025-11-09 20:32:55+00:00,E0107,wach,0.9,,,,,,,,
_result,0,2025-11-09 20:34:54+00:00,E0107,wach,0.9,,,,,,,,
_result,0,2025-11-09 20:36:55+00:00,E0107,wach,0.9,,,,,,,,
_result,0,2025-11-09 20:38:55+00:00,E0107,wach,0.9,,,,,,,,
_result,0,2025-11-09 20:40:58+00:00,E0107,wach,0.9,,,,,,,,
_result,2,2025-11-09 20:42:57+00:00,E0107,wach,,V,,,,239.4,237.1,240.0,
_result,0,2025-11-09 20:42:58+00:00,E0107,wach,0.9,,,,,,,,
_result,0,2025-11-09 20:45:00+00:00,E0107,wach,0.9,,,,,,,,
_result,0,2025-11-09 20:46:58+00:00,E0107,wach,0.9,,,,,,,,
_result,2,2025-11-09 20:48:54+00:00,E0107,wach,,V,,,,239.4,237.2,239.9,
_result,0,2025-11-09 20:48:55+00:00,E0107,wach,0.9,,,,,,,,
_result,1,2025-11-09 20:50:53+00:00,E0107,wach,,A,0.66,0.2,0.26,,,,
_result,0,2025-11-09 20:50:54+00:00,E0107,wach,0.9,,,,,,,,
_result,0,2025-11-09 20:52:58+00:00,E0107,wach,0.9,,,,,,,,
_result,0,2025-11-09 20:54:58+00:00,E0107,wach,0.9,,,,,,,,
_result,0,2025-11-09 20:56:56+00:00,E0107,wach,0.9,,,,,,,,
_result,1,2025-11-09 20:58:53+00:00,E0107,wach,,A,0.66,0.2,0.26,,,,
_result,0,2025-11-09 20:58:54+00:00,E0107,wach,0.9,,,,,,,,
_result,1,2025-11-09 21:00:58+00:00,E0107,wach,,A,0.66,0.2,0.26,,,,
_result,0,2025-11-09 21:00:59+00:00,E0107,wach,0.9,,,,,,,,
_result,1,2025-11-09 21:02:58+00:00,E0107,wach,,A,0.66,0.2,0.26,,,,
_result,0,2025-11-09 21:02:59+00:00,E0107,wach,0.9,,,,,,,,
_result,2,2025-11-09 21:04:56+00:00,E0107,wach,,V,,,,239.1,236.8,239.5,
_result,0,2025-11-09 21:04:57+00:00,E0107,wach,0.9,,,,,,,,
_result,1,2025-11-09 21:06:54+00:00,E0107,wach,,A,0.66,0.2,0.26,,,,
_result,0,2025-11-09 21:06:55+00:00,E0107,wach,0.9,,,,,,,,
_result,1,2025-11-09 21:09:00+00:00,E0107,wach,,A,0.66,0.2,0.26,,,,
_result,0,2025-11-09 21:09:01+00:00,E0107,wach,0.9,,,,,,,,
_result,0,2025-11-09 21:10:59+00:00,E0107,wach,0.9,,,,,,,,
_result,1,2025-11-09 21:12:54+00:00,E0107,wach,,A,0.66,0.2,0.26,,,,
_result,0,2025-11-09 21:12:55+00:00,E0107,wach,0.9,,,,,,,,
_result,0,2025-11-09 21:15:00+00:00,E0107,wach,0.9,,,,,,,,
_result,1,2025-11-09 21:17:06+00:00,E0107,wach,,A,0.66,0.2,0.26,,,,
_result,0,2025-11-09 21:17:07+00:00,E0107,wach,0.9,,,,,,,,
_result,1,2025-11-09 21:19:17+00:00,E0107,wach,,A,0.66,0.2,0.26,,,,
_result,0,2025-11-09 21:19:18+00:00,E0107,wach,0.9,,,,,,,,
_result,1,2025-11-09 21:21:47+00:00,E0107,wach,,A,0.66,0.2,0.26,,,,
_result,0,2025-11-09 21:21:48+00:00,E0107,wach,0.9,,,,,,,,
_result,0,2025-11-09 21:23:33+00:00,E0107,wach,0.9,,,,,,,,
_result,1,2025-11-09 21:26:23+00:00,E0107,wach,,A,0.66,0.2,0.26,,,,
_result,0,2025-11-09 21:26:24+00:00,E0107,wach,0.9,,,,,,,,
_result,0,2025-11-09 21:28:25+00:00,E0107,wach,0.9,,,,,,,,
_result,0,2025-11-09 21:30:18+00:00,E0107,wach,0.9,,,,,,,,
_result,1,2025-11-09 21:32:00+00:00,E0107,wach,,A,0.66,0.2,0.26,,,,
_result,0,2025-11-09 21:32:01+00:00,E0107,wach,0.9,,,,,,,,
_result,0,2025-11-09 21:33:40+00:00,E0107,wach,0.9,,,,,,,,
_result,0,2025-11-09 21:35:17+00:00,E0107,wach,0.9,,,,,,,,
_result,0,2025-11-09 21:36:54+00:00,E0107,wach,0.9,,,,,,,,
_result,2,2025-11-09 21:38:52+00:00,E0107,wach,,V,,,,238.7,,,
_result,1,2025-11-09 21:38:53+00:00,E0107,wach,,A,0.66,0.2,0.26,,,,
_result,0,2025-11-09 21:38:54+00:00,E0107,wach,0.9,,,,,,,,
_result,0,2025-11-09 21:40:58+00:00,E0107,wach,0.9,,,,,,,,
_result,1,2025-11-09 21:42:52+00:00,E0107,wach,,A,0.66,0.2,0.26,,,,
_result,0,2025-11-09 21:42:53+00:00,E0107,wach,0.9,,,,,,,,
_result,0,2025-11-09 21:44:56+00:00,E0107,wach,0.9,,,,,,,,
_result,1,2025-11-09 21:47:01+00:00,E0107,wach,,A,0.66,0.2,0.26,,,,
_result,0,2025-11-09 21:47:02+00:00,E0107,wach,0.9,,,,,,,,
_result,0,2025-11-09 21:48:54+00:00,E0107,wach,0.9,,,,,,,,
_result,1,2025-11-09 21:50:56+00:00,E0107,wach,,A,0.66,0.2,0.26,,,,
_result,0,2025-11-09 21:50:57+00:00,E0107,wach,0.9,,,,,,,,
_result,0,2025-11-09 21:53:03+00:00,E0107,wach,0.9,,,,,,,,
_result,0,2025-11-09 21:55:00+00:00,E0107,wach,0.9,,,,,,,,
_result,1,2025-11-09 21:56:54+00:00,E0107,wach,,A,0.66,0.2,0.26,,,,
_result,0,2025-11-09 21:56:55+00:00,E0107,wach,0.9,,,,,,,,
_result,0,2025-11-09 21:58:56+00:00,E0107,wach,0.9,,,,,,,,
_result,0,2025-11-09 22:00:57+00:00,E0107,wach,0.9,,,,,,,,
_result,1,2025-11-09 22:02:53+00:00,E0107,wach,,A,0.66,0.2,0.26,,,,
_result,0,2025-11-09 22:02:54+00:00,E0107,wach,0.9,,,,,,,,
_result,0,2025-11-09 22:04:56+00:00,E0107,wach,0.9,,,,,,,,
_result,0,2025-11-09 22:06:57+00:00,E0107,wach,0.9,,,,,,,,
_result,1,2025-11-09 22:08:56+00:00,E0107,wach,,A,0.66,0.2,0.26,,,,
_result,0,2025-11-09 22:08:57+00:00,E0107,wach,0.9,,,,,,,,
_result,0,2025-11-09 22:12:16+00:00,E0107,wach,0.9,,,,,,,,
_result,1,2025-11-09 22:12:58+00:00,E0107,wach,,A,0.66,0.2,0.26,,,,
_result,0,2025-11-09 22:12:59+00:00,E0107,wach,0.9,,,,,,,,
_result,0,2025-11-09 22:14:58+00:00,E0107,wach,0.9,,,,,,,,
_result,0,2025-11-09 22:16:58+00:00,E0107,wach,0.9,,,,,,,,
_result,0,2025-11-09 22:18:54+00:00,E0107,wach,0.9,,,,,,,,
_result,0,2025-11-09 22:20:58+00:00,E0107,wach,0.9,,,,,,,,
_result,0,2025-11-09 22:22:58+00:00,E0107,wach,0.9,,,,,,,,
_result,0,2025-11-09 22:24:54+00:00,E0107,wach,0.9,,,,,,,,
_result,1,2025-11-09 22:26:54+00:00,E0107,wach,,A,0.66,,,,,,
_result,0,2025-11-09 22:26:55+00:00,E0107,wach,0.9,,,,,,,,
_result,0,2025-11-09 22:28:57+00:00,E0107,wach,0.9,,,,,,,,
_result,2,2025-11-09 22:30:55+00:00,E0107,wach,,V,,,,237.2,234.9,237.9,
_result,0,2025-11-09 22:30:56+00:00,E0107,wach,0.9,,,,,,,,
_result,1,2025-11-09 22:32:55+00:00,E0107,wach,,A,0.66,0.2,0.26,,,,
_result,0,2025-11-09 22:32:56+00:00,E0107,wach,0.9,,,,,,,,
_result,2,2025-11-09 22:34:55+00:00,E0107,wach,,V,,,,237.1,234.9,,
_result,0,2025-11-09 22:34:56+00:00,E0107,wach,0.9,,,,,,,,
_result,1,2025-11-09 22:37:02+00:00,E0107,wach,,A,0.66,0.2,0.26,,,,
_result,0,2025-11-09 22:37:03+00:00,E0107,wach,0.9,,,,,,,,
_result,0,2025-11-09 22:38:57+00:00,E0107,wach,0.9,,,,,,,,
_result,2,2025-11-09 22:40:59+00:00,E0107,wach,,V,,,,236.3,234.0,237.0,
_result,0,2025-11-09 22:41:00+00:00,E0107,wach,0.9,,,,,,,,
_result,0,2025-11-09 22:42:57+00:00,E0107,wach,0.9,,,,,,,,
_result,1,2025-11-09 22:44:56+00:00,E0107,wach,,A,0.66,0.2,0.26,,,,
_result,0,2025-11-09 22:44:57+00:00,E0107,wach,0.9,,,,,,,,
_result,0,2025-11-09 22:46:53+00:00,E0107,wach,0.9,,,,,,,,
_result,0,2025-11-09 22:49:29+00:00,E0107,wach,0.9,,,,,,,,
_result,1,2025-11-09 22:50:53+00:00,E0107,wach,,A,0.66,0.2,0.25,,,,
_result,0,2025-11-09 22:50:54+00:00,E0107,wach,0.9,,,,,,,,
_result,0,2025-11-09 22:52:55+00:00,E0107,wach,0.9,,,,,,,,
_result,0,2025-11-09 22:54:56+00:00,E0107,wach,0.9,,,,,,,,
_result,2,2025-11-09 22:56:52+00:00,E0107,wach,,V,,,,235.1,232.7,235.5,
_result,0,2025-11-09 22:56:53+00:00,E0107,wach,0.9,,,,,,,,
_result,1,2025-11-09 22:58:55+00:00,E0107,wach,,A,0.66,,,,,,
_result,0,2025-11-09 22:58:56+00:00,E0107,wach,0.9,,,,,,,,
_result,0,2025-11-09 23:01:00+00:00,E0107,wach,0.9,,,,,,,,
_result,2,2025-11-09 23:03:04+00:00,E0107,wach,,V,,,,234.9,232.6,235.4,
_result,0,2025-11-09 23:03:05+00:00,E0107,wach,0.9,,,,,,,,
_result,2,2025-11-09 23:04:52+00:00,E0107,wach,,V,,,,234.9,232.6,235.4,
_result,0,2025-11-09 23:04:53+00:00,E0107,wach,0.9,,,,,,,,
_result,1,2025-11-09 23:06:57+00:00,E0107,wach,,A,4.62,4.01,4.3,,,,
_result,0,2025-11-09 23:06:58+00:00,E0107,wach,0.75,,,,,,,,
_result,1,2025-11-09 23:08:59+00:00,E0107,wach,,A,4.62,4.01,4.3,,,,
_result,0,2025-11-09 23:09:00+00:00,E0107,wach,0.75,,,,,,,,
_result,1,2025-11-09 23:10:57+00:00,E0107,wach,,A,4.62,4.01,4.3,,,,
_result,0,2025-11-09 23:10:58+00:00,E0107,wach,0.75,,,,,,,,
_result,0,2025-11-09 23:12:56+00:00,E0107,wach,0.75,,,,,,,,
_result,0,2025-11-09 23:14:59+00:00,E0107,wach,0.75,,,,,,,,
_result,0,2025-11-09 23:16:55+00:00,E0107,wach,0.75,,,,,,,,
_result,1,2025-11-09 23:18:54+00:00,E0107,wach,,A,4.62,4.01,4.3,,,,
_result,0,2025-11-09 23:18:55+00:00,E0107,wach,0.75,,,,,,,,
_result,2,2025-11-09 23:20:57+00:00,E0107,wach,,V,,,,232.8,230.5,,
_result,0,2025-11-09 23:20:58+00:00,E0107,wach,0.75,,,,,,,,
_result,0,2025-11-09 23:22:58+00:00,E0107,wach,0.75,,,,,,,,
_result,0,2025-11-09 23:24:58+00:00,E0107,wach,0.75,,,,,,,,
_result,1,2025-11-09 23:26:56+00:00,E0107,wach,,A,4.59,3.99,4.26,,,,
_result,0,2025-11-09 23:26:57+00:00,E0107,wach,0.75,,,,,,,,
_result,1,2025-11-09 23:28:52+00:00,E0107,wach,,A,4.59,3.99,4.26,,,,
_result,0,2025-11-09 23:28:53+00:00,E0107,wach,0.75,,,,,,,,
_result,0,2025-11-09 23:30:58+00:00,E0107,wach,0.75,,,,,,,,
_result,0,2025-11-09 23:32:58+00:00,E0107,wach,0.76,,,,,,,,
_result,0,2025-11-09 23:34:52+00:00,E0107,wach,0.76,,,,,,,,
_result,0,2025-11-09 23:36:58+00:00,E0107,wach,0.76,,,,,,,,
_result,0,2025-11-09 23:39:14+00:00,E0107,wach,0.76,,,,,,,,
_result,0,2025-11-09 23:41:14+00:00,E0107,wach,0.76,,,,,,,,
_result,1,2025-11-09 23:42:58+00:00,E0107,wach,,A,4.58,3.99,4.25,,,,
_result,0,2025-11-09 23:42:59+00:00,E0107,wach,0.76,,,,,,,,
_result,0,2025-11-09 23:44:59+00:00,E0107,wach,0.76,,,,,,,,
_result,0,2025-11-09 23:46:58+00:00,E0107,wach,0.75,,,,,,,,
_result,0,2025-11-09 23:48:56+00:00,E0107,wach,0.75,,,,,,,,
_result,1,2025-11-09 23:50:57+00:00,E0107,wach,,A,4.6,4.0,4.27,,,,
_result,0,2025-11-09 23:50:58+00:00,E0107,wach,0.75,,,,,,,,
_result,0,2025-11-09 23:52:55+00:00,E0107,wach,0.75,,,,,,,,
_result,1,2025-11-09 23:54:53+00:00,E0107,wach,,A,4.59,3.99,4.25,,,,
_result,0,2025-11-09 23:54:54+00:00,E0107,wach,0.75,,,,,,,,
_result,1,2025-11-09 23:56:56+00:00,E0107,wach,,A,4.59,3.99,,,,,
_result,1,2025-11-09 23:56:57+00:00,E0107,wach,,A,,,4.25,,,,
_result,0,2025-11-09 23:57:04+00:00,E0107,wach,0.75,,,,,,,,
_result,2,2025-11-09 23:58:59+00:00,E0107,wach,,V,,,,234.1,231.6,234.1,
_result,0,2025-11-09 23:59:00+00:00,E0107,wach,0.75,,,,,,,,
_result,2,2025-11-10 00:01:21+00:00,E0107,wach,,V,,,,233.8,231.4,234.0,
_result,0,2025-11-10 00:01:22+00:00,E0107,wach,0.75,,,,,,,,
_result,2,2025-11-10 00:03:37+00:00,E0107,wach,,V,,,,233.8,231.4,234.0,
_result,0,2025-11-10 00:03:38+00:00,E0107,wach,0.75,,,,,,,,
_result,1,2025-11-10 00:05:36+00:00,E0107,wach,,A,4.6,3.98,4.27,,,,
_result,0,2025-11-10 00:05:37+00:00,E0107,wach,0.75,,,,,,,,
_result,0,2025-11-10 00:07:24+00:00,E0107,wach,0.75,,,,,,,,
_result,0,2025-11-10 00:09:21+00:00,E0107,wach,0.75,,,,,,,,
_result,0,2025-11-10 00:12:00+00:00,E0107,wach,0.75,,,,,,,,
_result,0,2025-11-10 00:14:09+00:00,E0107,wach,0.76,,,,,,,,
_result,0,2025-11-10 00:15:50+00:00,E0107,wach,0.76,,,,,,,,
_result,0,2025-11-10 00:17:57+00:00,E0107,wach,0.76,,,,,,,,
_result,0,2025-11-10 00:19:38+00:00,E0107,wach,0.76,,,,,,,,
_result,2,2025-11-10 00:21:56+00:00,E0107,wach,,V,,,,232.2,230.0,232.5,
_result,0,2025-11-10 00:21:57+00:00,E0107,wach,0.76,,,,,,,,
_result,0,2025-11-10 00:25:07+00:00,E0107,wach,0.76,,,,,,,,
_result,1,2025-11-10 00:25:29+00:00,E0107,wach,,A,4.56,3.96,4.24,,,,
_result,0,2025-11-10 00:25:30+00:00,E0107,wach,0.76,,,,,,,,
_result,0,2025-11-10 00:28:14+00:00,E0107,wach,0.76,,,,,,,,
_result,1,2025-11-10 00:29:03+00:00,E0107,wach,,A,4.57,3.97,4.24,,,,
_result,0,2025-11-10 00:29:04+00:00,E0107,wach,0.76,,,,,,,,
_result,1,2025-11-10 00:30:58+00:00,E0107,wach,,A,4.57,,,,,,
_result,0,2025-11-10 00:30:59+00:00,E0107,wach,0.76,,,,,,,,
_result,0,2025-11-10 00:32:56+00:00,E0107,wach,0.76,,,,,,,,
_result,0,2025-11-10 00:34:56+00:00,E0107,wach,0.76,,,,,,,,
_result,0,2025-11-10 00:38:24+00:00,E0107,wach,0.76,,,,,,,,
_result,2,2025-11-10 00:38:53+00:00,E0107,wach,,V,,,,231.5,229.1,,
_result,0,2025-11-10 00:38:54+00:00,E0107,wach,0.76,,,,,,,,
_result,1,2025-11-10 00:41:00+00:00,E0107,wach,,A,4.56,3.97,4.22,,,,
_result,0,2025-11-10 00:41:01+00:00,E0107,wach,0.76,,,,,,,,
_result,0,2025-11-10 00:43:12+00:00,E0107,wach,0.76,,,,,,,,
_result,0,2025-11-10 00:44:55+00:00,E0107,wach,0.76,,,,,,,,
_result,1,2025-11-10 00:47:01+00:00,E0107,wach,,A,4.56,3.97,4.22,,,,
_result,0,2025-11-10 00:47:02+00:00,E0107,wach,0.76,,,,,,,,
_result,1,2025-11-10 00:50:36+00:00,E0107,wach,,A,4.56,3.97,4.22,,,,
_result,0,2025-11-10 00:50:37+00:00,E0107,wach,0.76,,,,,,,,
_result,1,2025-11-10 00:50:56+00:00,E0107,wach,,A,4.56,3.97,4.22,,,,
_result,0,2025-11-10 00:50:57+00:00,E0107,wach,0.76,,,,,,,,
_result,1,2025-11-10 00:52:58+00:00,E0107,wach,,A,4.56,3.96,4.24,,,,
_result,0,2025-11-10 00:52:59+00:00,E0107,wach,0.76,,,,,,,,
_result,1,2025-11-10 00:54:55+00:00,E0107,wach,,A,4.56,3.96,4.24,,,,
_result,0,2025-11-10 00:54:56+00:00,E0107,wach,0.76,,,,,,,,
_result,0,2025-11-10 00:57:09+00:00,E0107,wach,0.76,,,,,,,,
_result,0,2025-11-10 00:59:03+00:00,E0107,wach,0.76,,,,,,,,
_result,0,2025-11-10 01:00:58+00:00,E0107,wach,0.76,,,,,,,,
_result,0,2025-11-10 01:02:56+00:00,E0107,wach,0.76,,,,,,,,
_result,0,2025-11-10 01:07:13+00:00,E0107,wach,0.75,,,,,,,,
_result,2,2025-11-10 01:09:23+00:00,E0107,wach,,V,,,,234.4,232.2,234.7,
_result,0,2025-11-10 01:09:24+00:00,E0107,wach,0.75,,,,,,,,
_result,0,2025-11-10 01:12:26+00:00,E0107,wach,0.75,,,,,,,,
_result,0,2025-11-10 01:13:32+00:00,E0107,wach,0.75,,,,,,,,
_result,1,2025-11-10 01:15:05+00:00,E0107,wach,,A,4.59,3.99,4.26,,,,
_result,0,2025-11-10 01:15:06+00:00,E0107,wach,0.75,,,,,,,,
_result,1,2025-11-10 01:16:55+00:00,E0107,wach,,A,4.59,3.99,,,,,
_result,0,2025-11-10 01:16:56+00:00,E0107,wach,0.75,,,,,,,,
_result,1,2025-11-10 01:19:41+00:00,E0107,wach,,A,4.59,3.99,4.26,,,,
_result,0,2025-11-10 01:19:42+00:00,E0107,wach,0.75,,,,,,,,
_result,0,2025-11-10 01:22:36+00:00,E0107,wach,0.75,,,,,,,,
_result,1,2025-11-10 01:23:22+00:00,E0107,wach,,A,4.59,3.99,4.26,,,,
_result,0,2025-11-10 01:23:23+00:00,E0107,wach,0.75,,,,,,,,
_result,0,2025-11-10 01:26:11+00:00,E0107,wach,0.74,,,,,,,,
_result,0,2025-11-10 01:27:17+00:00,E0107,wach,0.74,,,,,,,,
_result,2,2025-11-10 01:29:42+00:00,E0107,wach,,V,,,,235.6,233.4,235.9,
_result,0,2025-11-10 01:29:43+00:00,E0107,wach,0.74,,,,,,,,
_result,0,2025-11-10 01:31:32+00:00,E0107,wach,0.75,,,,,,,,
_result,1,2025-11-10 01:36:22+00:00,E0107,wach,,A,4.61,,,,,,
_result,1,2025-11-10 01:36:23+00:00,E0107,wach,,A,,3.99,4.28,,,,
_result,3,2025-11-10 01:36:24+00:00,E0107,wach,,kW,,,,,,,2.25747
_result,0,2025-11-10 01:36:28+00:00,E0107,wach,0.75,,,,,,,,
_result,1,2025-11-10 01:36:55+00:00,E0107,wach,,A,4.61,3.99,4.28,,,,
_result,3,2025-11-10 01:36:56+00:00,E0107,wach,,kW,,,,,,,2.25747
_result,0,2025-11-10 01:36:57+00:00,E0107,wach,0.75,,,,,,,,
_result,2,2025-11-10 01:40:34+00:00,E0107,wach,,V,,,,235.3,,,
_result,0,2025-11-10 01:40:35+00:00,E0107,wach,0.75,,,,,,,,
_result,0,2025-11-10 01:43:25+00:00,E0107,wach,0.75,,,,,,,,
_result,1,2025-11-10 01:44:39+00:00,E0107,wach,,A,4.61,3.99,4.28,,,,
_result,0,2025-11-10 01:44:40+00:00,E0107,wach,0.75,,,,,,,,
_result,2,2025-11-10 01:47:12+00:00,E0107,wach,,V,,,,235.3,232.9,,
_result,1,2025-11-10 01:47:13+00:00,E0107,wach,,A,4.61,3.99,4.28,,,,
_result,3,2025-11-10 01:47:14+00:00,E0107,wach,,kW,,,,,,,2.25747
_result,0,2025-11-10 01:47:16+00:00,E0107,wach,0.75,,,,,,,,
_result,1,2025-11-10 01:48:17+00:00,E0107,wach,,A,4.61,3.99,4.28,,,,
_result,0,2025-11-10 01:48:18+00:00,E0107,wach,0.75,,,,,,,,
_result,2,2025-11-10 01:50:14+00:00,E0107,wach,,V,,,,235.3,232.9,235.4,
_result,1,2025-11-10 01:50:15+00:00,E0107,wach,,A,4.61,3.99,4.28,,,,
_result,3,2025-11-10 01:50:16+00:00,E0107,wach,,kW,,,,,,,2.25747
_result,0,2025-11-10 01:50:18+00:00,E0107,wach,0.75,,,,,,,,
_result,1,2025-11-10 01:52:18+00:00,E0107,wach,,A,4.61,,,,,,
_result,0,2025-11-10 01:52:19+00:00,E0107,wach,0.75,,,,,,,,
_result,0,2025-11-10 01:54:06+00:00,E0107,wach,0.75,,,,,,,,
_result,1,2025-11-10 01:55:51+00:00,E0107,wach,,A,4.59,3.98,4.26,,,,
_result,0,2025-11-10 01:55:52+00:00,E0107,wach,0.75,,,,,,,,
_result,0,2025-11-10 01:58:44+00:00,E0107,wach,0.75,,,,,,,,
_result,1,2025-11-10 02:00:43+00:00,E0107,wach,,A,4.59,3.97,4.26,,,,
_result,0,2025-11-10 02:00:44+00:00,E0107,wach,0.75,,,,,,,,
_result,2,2025-11-10 02:03:06+00:00,E0107,wach,,V,,,,233.6,231.2,233.8,
_result,1,2025-11-10 02:03:07+00:00,E0107,wach,,A,4.59,3.97,4.26,,,,
_result,0,2025-11-10 02:03:09+00:00,E0107,wach,0.75,,,,,,,,
_result,0,2025-11-10 02:06:14+00:00,E0107,wach,0.75,,,,,,,,
_result,1,2025-11-10 02:08:02+00:00,E0107,wach,,A,4.59,3.97,4.26,,,,
_result,0,2025-11-10 02:08:03+00:00,E0107,wach,0.75,,,,,,,,
_result,1,2025-11-10 02:10:37+00:00,E0107,wach,,A,4.59,3.97,4.26,,,,
_result,0,2025-11-10 02:10:38+00:00,E0107,wach,0.75,,,,,,,,
_result,1,2025-11-10 02:12:23+00:00,E0107,wach,,A,4.58,3.98,4.26,,,,
_result,0,2025-11-10 02:12:24+00:00,E0107,wach,0.75,,,,,,,,
_result,0,2025-11-10 02:14:41+00:00,E0107,wach,0.75,,,,,,,,
_result,1,2025-11-10 02:16:57+00:00,E0107,wach,,A,4.58,3.98,4.26,,,,
_result,0,2025-11-10 02:16:58+00:00,E0107,wach,0.75,,,,,,,,
_result,1,2025-11-10 02:18:57+00:00,E0107,wach,,A,0.58,0.2,0.0,,,,
_result,0,2025-11-10 02:18:58+00:00,E0107,wach,0.95,,,,,,,,
_result,0,2025-11-10 02:21:32+00:00,E0107,wach,0.95,,,,,,,,
_result,0,2025-11-10 02:23:19+00:00,E0107,wach,0.95,,,,,,,,
_result,0,2025-11-10 02:25:07+00:00,E0107,wach,0.95,,,,,,,,
_result,0,2025-11-10 02:26:44+00:00,E0107,wach,0.95,,,,,,,,
_result,2,2025-11-10 02:30:38+00:00,E0107,wach,,V,,,,237.3,235.1,238.0,
_result,1,2025-11-10 02:30:39+00:00,E0107,wach,,A,0.58,0.2,0.0,,,,
_result,0,2025-11-10 02:30:40+00:00,E0107,wach,0.95,,,,,,,,
_result,0,2025-11-10 02:30:47+00:00,E0107,wach,0.95,,,,,,,,
_result,1,2025-11-10 02:34:05+00:00,E0107,wach,,A,0.59,0.2,0.0,,,,
_result,0,2025-11-10 02:34:06+00:00,E0107,wach,0.95,,,,,,,,
_result,0,2025-11-10 02:34:43+00:00,E0107,wach,0.95,,,,,,,,
_result,0,2025-11-10 02:36:37+00:00,E0107,wach,0.95,,,,,,,,
_result,2,2025-11-10 02:38:21+00:00,E0107,wach,,V,,,,239.5,238.5,241.0,
_result,0,2025-11-10 02:38:22+00:00,E0107,wach,0.95,,,,,,,,
_result,0,2025-11-10 02:40:36+00:00,E0107,wach,0.95,,,,,,,,
_result,2,2025-11-10 02:43:36+00:00,E0107,wach,,V,,,,239.5,238.5,241.0,
_result,1,2025-11-10 02:43:37+00:00,E0107,wach,,A,0.59,0.2,0.0,,,,
_result,0,2025-11-10 02:43:38+00:00,E0107,wach,0.95,,,,,,,,
_result,0,2025-11-10 02:45:25+00:00,E0107,wach,0.95,,,,,,,,
_result,2,2025-11-10 02:49:01+00:00,E0107,wach,,V,,,,239.2,238.2,240.7,
_result,1,2025-11-10 02:49:02+00:00,E0107,wach,,A,0.59,0.2,0.0,,,,
_result,0,2025-11-10 02:49:03+00:00,E0107,wach,0.95,,,,,,,,
_result,1,2025-11-10 02:54:16+00:00,E0107,wach,,A,0.59,0.2,0.0,,,,
_result,0,2025-11-10 02:54:17+00:00,E0107,wach,0.95,,,,,,,,
_result,0,2025-11-10 02:54:30+00:00,E0107,wach,0.95,,,,,,,,
_result,2,2025-11-10 02:56:57+00:00,E0107,wach,,V,,,,239.2,238.2,240.7,
_result,1,2025-11-10 02:56:58+00:00,E0107,wach,,A,0.59,0.2,0.0,,,,
_result,3,2025-11-10 02:56:59+00:00,E0107,wach,,kW,,,,,,,0.177429
_result,0,2025-11-10 02:57:00+00:00,E0107,wach,0.95,,,,,,,,
_result,0,2025-11-10 02:59:50+00:00,E0107,wach,0.95,,,,,,,,
_result,0,2025-11-10 03:02:26+00:00,E0107,wach,0.95,,,,,,,,
_result,0,2025-11-10 03:04:00+00:00,E0107,wach,0.95,,,,,,,,
_result,0,2025-11-10 03:08:00+00:00,E0107,wach,0.95,,,,,,,,
_result,0,2025-11-10 03:08:11+00:00,E0107,wach,0.95,,,,,,,,
_result,2,2025-11-10 03:10:12+00:00,E0107,wach,,V,,,,234.3,232.4,235.1,
_result,0,2025-11-10 03:10:13+00:00,E0107,wach,0.74,,,,,,,,
_result,1,2025-11-10 03:12:03+00:00,E0107,wach,,A,4.58,3.99,4.02,,,,
_result,0,2025-11-10 03:12:04+00:00,E0107,wach,0.74,,,,,,,,
_result,0,2025-11-10 03:14:42+00:00,E0107,wach,0.74,,,,,,,,
_result,0,2025-11-10 03:16:39+00:00,E0107,wach,0.74,,,,,,,,
_result,0,2025-11-10 03:18:47+00:00,E0107,wach,0.75,,,,,,,,
_result,0,2025-11-10 03:22:14+00:00,E0107,wach,0.75,,,,,,,,
_result,0,2025-11-10 03:24:21+00:00,E0107,wach,0.75,,,,,,,,
_result,0,2025-11-10 03:27:02+00:00,E0107,wach,0.75,,,,,,,,
_result,1,2025-11-10 03:28:31+00:00,E0107,wach,,A,4.6,3.99,4.27,,,,
_result,0,2025-11-10 03:28:32+00:00,E0107,wach,0.75,,,,,,,,
_result,0,2025-11-10 03:30:18+00:00,E0107,wach,0.75,,,,,,,,
_result,1,2025-11-10 03:31:51+00:00,E0107,wach,,A,4.6,3.99,4.28,,,,
_result,0,2025-11-10 03:31:52+00:00,E0107,wach,0.75,,,,,,,,
_result,0,2025-11-10 03:33:20+00:00,E0107,wach,0.75,,,,,,,,
_result,1,2025-11-10 03:35:09+00:00,E0107,wach,,A,4.6,3.99,4.28,,,,
_result,0,2025-11-10 03:35:10+00:00,E0107,wach,0.75,,,,,,,,
_result,0,2025-11-10 03:36:45+00:00,E0107,wach,0.75,,,,,,,,
_result,0,2025-11-10 03:38:05+00:00,E0107,wach,0.75,,,,,,,,
_result,1,2025-11-10 03:39:37+00:00,E0107,wach,,A,4.6,3.99,4.28,,,,
_result,0,2025-11-10 03:39:38+00:00,E0107,wach,0.75,,,,,,,,
_result,2,2025-11-10 03:41:06+00:00,E0107,wach,,V,,,,234.5,,,
_result,0,2025-11-10 03:41:07+00:00,E0107,wach,0.75,,,,,,,,
_result,2,2025-11-10 03:42:49+00:00,E0107,wach,,V,,,,234.5,232.8,235.2,
_result,0,2025-11-10 03:42:50+00:00,E0107,wach,0.75,,,,,,,,
_result,0,2025-11-10 03:44:25+00:00,E0107,wach,0.75,,,,,,,,
_result,0,2025-11-10 03:46:26+00:00,E0107,wach,0.75,,,,,,,,
_result,0,2025-11-10 03:48:19+00:00,E0107,wach,0.75,,,,,,,,
_result,0,2025-11-10 03:49:40+00:00,E0107,wach,0.75,,,,,,,,
_result,0,2025-11-10 03:51:17+00:00,E0107,wach,0.75,,,,,,,,
_result,1,2025-11-10 03:53:05+00:00,E0107,wach,,A,4.61,3.99,4.27,,,,
_result,0,2025-11-10 03:53:06+00:00,E0107,wach,0.75,,,,,,,,
_result,1,2025-11-10 03:55:09+00:00,E0107,wach,,A,4.61,3.99,,,,,
_result,0,2025-11-10 03:55:10+00:00,E0107,wach,0.75,,,,,,,,
_result,0,2025-11-10 03:56:37+00:00,E0107,wach,0.75,,,,,,,,
_result,0,2025-11-10 03:58:14+00:00,E0107,wach,0.75,,,,,,,,
_result,0,2025-11-10 03:59:48+00:00,E0107,wach,0.75,,,,,,,,
_result,1,2025-11-10 04:01:22+00:00,E0107,wach,,A,4.61,3.99,4.27,,,,
_result,0,2025-11-10 04:01:23+00:00,E0107,wach,0.75,,,,,,,,
_result,0,2025-11-10 04:03:05+00:00,E0107,wach,0.75,,,,,,,,
_result,2,2025-11-10 04:04:42+00:00,E0107,wach,,V,,,,234.2,232.2,234.4,
_result,0,2025-11-10 04:04:43+00:00,E0107,wach,0.75,,,,,,,,
_result,0,2025-11-10 04:06:27+00:00,E0107,wach,0.75,,,,,,,,
_result,1,2025-11-10 04:07:53+00:00,E0107,wach,,A,4.61,3.99,4.28,,,,
_result,0,2025-11-10 04:07:54+00:00,E0107,wach,0.75,,,,,,,,
_result,0,2025-11-10 04:09:21+00:00,E0107,wach,0.75,,,,,,,,
_result,0,2025-11-10 04:11:05+00:00,E0107,wach,0.75,,,,,,,,
_result,1,2025-11-10 04:13:45+00:00,E0107,wach,,A,4.61,3.99,4.28,,,,
_result,0,2025-11-10 04:13:46+00:00,E0107,wach,0.75,,,,,,,,
_result,2,2025-11-10 04:15:49+00:00,E0107,wach,,V,,,,235.4,233.8,,
_result,0,2025-11-10 04:15:50+00:00,E0107,wach,0.75,,,,,,,,
_result,1,2025-11-10 04:17:32+00:00,E0107,wach,,A,4.61,4.0,4.28,,,,
_result,0,2025-11-10 04:17:33+00:00,E0107,wach,0.75,,,,,,,,
_result,0,2025-11-10 04:20:32+00:00,E0107,wach,0.75,,,,,,,,
_result,2,2025-11-10 04:20:49+00:00,E0107,wach,,V,,,,235.4,233.8,235.9,
_result,0,2025-11-10 04:20:50+00:00,E0107,wach,0.75,,,,,,,,
_result,1,2025-11-10 04:22:20+00:00,E0107,wach,,A,4.61,4.0,4.28,,,,
_result,0,2025-11-10 04:22:22+00:00,E0107,wach,0.75,,,,,,,,
_result,2,2025-11-10 04:23:54+00:00,E0107,wach,,V,,,,235.4,,,
_result,0,2025-11-10 04:23:55+00:00,E0107,wach,0.75,,,,,,,,
_result,0,2025-11-10 04:25:31+00:00,E0107,wach,0.75,,,,,,,,
_result,2,2025-11-10 04:27:04+00:00,E0107,wach,,V,,,,235.6,,,
_result,0,2025-11-10 04:27:05+00:00,E0107,wach,0.75,,,,,,,,
_result,0,2025-11-10 04:28:45+00:00,E0107,wach,0.75,,,,,,,,
_result,0,2025-11-10 04:30:22+00:00,E0107,wach,0.75,,,,,,,,
_result,1,2025-11-10 04:32:10+00:00,E0107,wach,,A,4.61,4.0,4.28,,,,
_result,0,2025-11-10 04:32:11+00:00,E0107,wach,0.75,,,,,,,,
_result,0,2025-11-10 04:34:26+00:00,E0107,wach,0.75,,,,,,,,
_result,0,2025-11-10 04:36:35+00:00,E0107,wach,0.75,,,,,,,,
_result,0,2025-11-10 04:38:02+00:00,E0107,wach,0.75,,,,,,,,
_result,0,2025-11-10 04:39:48+00:00,E0107,wach,0.75,,,,,,,,
_result,0,2025-11-10 04:41:54+00:00,E0107,wach,0.75,,,,,,,,
_result,2,2025-11-10 04:44:11+00:00,E0107,wach,,V,,,,234.8,232.9,234.9,
_result,0,2025-11-10 04:44:12+00:00,E0107,wach,0.75,,,,,,,,
_result,0,2025-11-10 04:45:52+00:00,E0107,wach,0.75,,,,,,,,
_result,0,2025-11-10 04:47:43+00:00,E0107,wach,0.75,,,,,,,,
_result,2,2025-11-10 04:49:50+00:00,E0107,wach,,V,,,,234.8,,,
_result,0,2025-11-10 04:49:51+00:00,E0107,wach,0.75,,,,,,,,
_result,0,2025-11-10 04:52:14+00:00,E0107,wach,0.75,,,,,,,,
_result,0,2025-11-10 04:54:17+00:00,E0107,wach,0.75,,,,,,,,
_result,0,2025-11-10 04:56:08+00:00,E0107,wach,0.75,,,,,,,,
_result,0,2025-11-10 04:57:47+00:00,E0107,wach,0.75,,,,,,,,
_result,0,2025-11-10 04:59:56+00:00,E0107,wach,0.75,,,,,,,,
_result,0,2025-11-10 05:01:41+00:00,E0107,wach,0.75,,,,,,,,
_result,0,2025-11-10 05:03:35+00:00,E0107,wach,0.75,,,,,,,,
_result,1,2025-11-10 05:05:31+00:00,E0107,wach,,A,4.6,4.01,4.27,,,,
_result,0,2025-11-10 05:05:32+00:00,E0107,wach,0.75,,,,,,,,
_result,0,2025-11-10 05:07:48+00:00,E0107,wach,0.75,,,,,,,,
_result,0,2025-11-10 05:09:06+00:00,E0107,wach,0.75,,,,,,,,
_result,0,2025-11-10 05:11:16+00:00,E0107,wach,0.75,,,,,,,,
_result,0,2025-11-10 05:13:10+00:00,E0107,wach,0.75,,,,,,,,
_result,0,2025-11-10 05:15:06+00:00,E0107,wach,0.75,,,,,,,,
_result,1,2025-11-10 05:17:11+00:00,E0107,wach,,A,4.59,4.0,4.25,,,,
_result,0,2025-11-10 05:17:12+00:00,E0107,wach,0.75,,,,,,,,
_result,2,2025-11-10 05:19:19+00:00,E0107,wach,,V,,,,234.1,232.0,233.9,
_result,0,2025-11-10 05:19:20+00:00,E0107,wach,0.75,,,,,,,,
_result,0,2025-11-10 05:21:20+00:00,E0107,wach,0.75,,,,,,,,
_result,0,2025-11-10 05:23:19+00:00,E0107,wach,0.75,,,,,,,,
_result,1,2025-11-10 05:25:12+00:00,E0107,wach,,A,4.59,4.0,4.25,,,,
_result,0,2025-11-10 05:25:13+00:00,E0107,wach,0.75,,,,,,,,
_result,0,2025-11-10 05:26:58+00:00,E0107,wach,0.75,,,,,,,,
_result,1,2025-11-10 05:29:00+00:00,E0107,wach,,A,4.59,4.0,4.25,,,,
_result,0,2025-11-10 05:29:01+00:00,E0107,wach,0.75,,,,,,,,
_result,0,2025-11-10 05:31:03+00:00,E0107,wach,0.75,,,,,,,,
_result,0,2025-11-10 05:33:25+00:00,E0107,wach,0.75,,,,,,,,
_result,0,2025-11-10 05:35:23+00:00,E0107,wach,0.75,,,,,,,,
_result,1,2025-11-10 05:37:33+00:00,E0107,wach,,A,4.58,3.99,,,,,
_result,0,2025-11-10 05:37:34+00:00,E0107,wach,0.75,,,,,,,,
_result,0,2025-11-10 05:39:07+00:00,E0107,wach,0.75,,,,,,,,
_result,2,2025-11-10 05:41:00+00:00,E0107,wach,,V,,,,233.7,,,
_result,0,2025-11-10 05:41:01+00:00,E0107,wach,0.75,,,,,,,,
_result,0,2025-11-10 05:43:03+00:00,E0107,wach,0.75,,,,,,,,
_result,2,2025-11-10 05:45:14+00:00,E0107,wach,,V,,,,233.7,231.5,233.5,
_result,0,2025-11-10 05:45:15+00:00,E0107,wach,0.75,,,,,,,,
_result,0,2025-11-10 05:49:13+00:00,E0107,wach,0.75,,,,,,,,
_result,0,2025-11-10 05:49:19+00:00,E0107,wach,0.75,,,,,,,,
_result,0,2025-11-10 05:51:30+00:00,E0107,wach,0.75,,,,,,,,
_result,2,2025-11-10 05:53:26+00:00,E0107,wach,,V,,,,233.3,,,
_result,0,2025-11-10 05:53:27+00:00,E0107,wach,0.75,,,,,,,,
_result,0,2025-11-10 05:55:16+00:00,E0107,wach,0.75,,,,,,,,
_result,1,2025-11-10 05:57:06+00:00,E0107,wach,,A,4.59,3.99,4.25,,,,
_result,0,2025-11-10 05:57:07+00:00,E0107,wach,0.75,,,,,,,,
_result,1,2025-11-10 05:58:59+00:00,E0107,wach,,A,4.59,3.99,4.25,,,,
_result,0,2025-11-10 05:59:00+00:00,E0107,wach,0.75,,,,,,,,
_result,1,2025-11-10 06:01:18+00:00,E0107,wach,,A,4.59,3.99,4.25,,,,
_result,0,2025-11-10 06:01:19+00:00,E0107,wach,0.75,,,,,,,,
_result,0,2025-11-10 06:03:18+00:00,E0107,wach,0.75,,,,,,,,
_result,2,2025-11-10 06:05:11+00:00,E0107,wach,,V,,,,233.9,231.6,233.6,
_result,0,2025-11-10 06:05:12+00:00,E0107,wach,0.75,,,,,,,,
_result,1,2025-11-10 06:07:48+00:00,E0107,wach,,A,4.59,3.99,4.25,,,,
_result,0,2025-11-10 06:07:49+00:00,E0107,wach,0.75,,,,,,,,
_result,0,2025-11-10 06:09:11+00:00,E0107,wach,0.75,,,,,,,,
_result,1,2025-11-10 06:11:11+00:00,E0107,wach,,A,4.59,3.99,4.25,,,,
_result,0,2025-11-10 06:11:12+00:00,E0107,wach,0.75,,,,,,,,
_result,0,2025-11-10 06:13:23+00:00,E0107,wach,0.75,,,,,,,,
_result,0,2025-11-10 06:15:25+00:00,E0107,wach,0.75,,,,,,,,
_result,0,2025-11-10 06:17:41+00:00,E0107,wach,0.75,,,,,,,,
_result,0,2025-11-10 06:19:46+00:00,E0107,wach,0.75,,,,,,,,
_result,1,2025-11-10 06:21:45+00:00,E0107,wach,,A,4.58,3.99,4.24,,,,
_result,0,2025-11-10 06:21:46+00:00,E0107,wach,0.75,,,,,,,,
_result,2,2025-11-10 06:23:42+00:00,E0107,wach,,V,,,,234.4,232.3,,
_result,0,2025-11-10 06:23:43+00:00,E0107,wach,0.75,,,,,,,,
_result,1,2025-11-10 06:25:30+00:00,E0107,wach,,A,4.59,3.99,4.26,,,,
_result,0,2025-11-10 06:25:31+00:00,E0107,wach,0.75,,,,,,,,
_result,0,2025-11-10 06:27:31+00:00,E0107,wach,0.75,,,,,,,,
_result,0,2025-11-10 06:29:19+00:00,E0107,wach,0.75,,,,,,,,
_result,0,2025-11-10 06:31:17+00:00,E0107,wach,0.75,,,,,,,,
_result,0,2025-11-10 06:33:13+00:00,E0107,wach,0.75,,,,,,,,
_result,1,2025-11-10 06:35:19+00:00,E0107,wach,,A,4.59,4.0,4.25,,,,
_result,0,2025-11-10 06:35:20+00:00,E0107,wach,0.75,,,,,,,,
_result,0,2025-11-10 06:37:21+00:00,E0107,wach,0.75,,,,,,,,
_result,1,2025-11-10 06:39:14+00:00,E0107,wach,,A,4.59,3.99,4.26,,,,
_result,0,2025-11-10 06:39:15+00:00,E0107,wach,0.75,,,,,,,,
_result,1,2025-11-10 06:40:59+00:00,E0107,wach,,A,4.59,3.99,4.26,,,,
_result,0,2025-11-10 06:41:00+00:00,E0107,wach,0.75,,,,,,,,
_result,2,2025-11-10 06:43:38+00:00,E0107,wach,,V,,,,234.0,231.9,234.0,
_result,0,2025-11-10 06:43:39+00:00,E0107,wach,0.75,,,,,,,,
_result,0,2025-11-10 06:45:47+00:00,E0107,wach,0.75,,,,,,,,
_result,1,2025-11-10 06:48:00+00:00,E0107,wach,,A,4.58,3.99,,,,,
_result,0,2025-11-10 06:48:01+00:00,E0107,wach,0.75,,,,,,,,
_result,0,2025-11-10 06:49:55+00:00,E0107,wach,0.75,,,,,,,,
_result,1,2025-11-10 06:51:46+00:00,E0107,wach,,A,4.58,3.99,4.26,,,,
_result,0,2025-11-10 06:51:47+00:00,E0107,wach,0.75,,,,,,,,
_result,0,2025-11-10 06:53:38+00:00,E0107,wach,0.75,,,,,,,,
_result,0,2025-11-10 06:55:19+00:00,E0107,wach,0.75,,,,,,,,
_result,1,2025-11-10 06:57:00+00:00,E0107,wach,,A,4.58,,,,,,
_result,0,2025-11-10 06:57:01+00:00,E0107,wach,0.75,,,,,,,,
_result,1,2025-11-10 06:59:06+00:00,E0107,wach,,A,4.56,3.98,4.23,,,,
_result,0,2025-11-10 06:59:07+00:00,E0107,wach,0.75,,,,,,,,
_result,0,2025-11-10 07:01:09+00:00,E0107,wach,0.75,,,,,,,,
_result,2,2025-11-10 07:03:03+00:00,E0107,wach,,V,,,,233.1,230.8,233.0,
_result,0,2025-11-10 07:03:04+00:00,E0107,wach,0.75,,,,,,,,
_result,0,2025-11-10 07:05:03+00:00,E0107,wach,0.75,,,,,,,,
_result,0,2025-11-10 07:07:26+00:00,E0107,wach,0.75,,,,,,,,
_result,0,2025-11-10 07:09:18+00:00,E0107,wach,0.75,,,,,,,,
_result,1,2025-11-10 07:11:13+00:00,E0107,wach,,A,4.57,,,,,,
_result,0,2025-11-10 07:11:14+00:00,E0107,wach,0.75,,,,,,,,
_result,1,2025-11-10 07:14:12+00:00,E0107,wach,,A,4.57,3.98,4.24,,,,
_result,0,2025-11-10 07:14:13+00:00,E0107,wach,0.75,,,,,,,,
_result,0,2025-11-10 07:15:06+00:00,E0107,wach,0.75,,,,,,,,
_result,0,2025-11-10 07:17:01+00:00,E0107,wach,0.75,,,,,,,,
_result,1,2025-11-10 07:19:01+00:00,E0107,wach,,A,4.57,3.98,4.24,,,,
_result,0,2025-11-10 07:19:02+00:00,E0107,wach,0.75,,,,,,,,
_result,0,2025-11-10 07:21:21+00:00,E0107,wach,0.75,,,,,,,,
_result,0,2025-11-10 07:23:36+00:00,E0107,wach,0.75,,,,,,,,
_result,1,2025-11-10 07:25:32+00:00,E0107,wach,,A,4.57,3.98,4.25,,,,
_result,0,2025-11-10 07:25:33+00:00,E0107,wach,0.75,,,,,,,,
_result,0,2025-11-10 07:27:27+00:00,E0107,wach,0.75,,,,,,,,
_result,0,2025-11-10 07:29:17+00:00,E0107,wach,0.75,,,,,,,,
_result,1,2025-11-10 07:31:21+00:00,E0107,wach,,A,4.57,3.98,4.25,,,,
_result,0,2025-11-10 07:31:22+00:00,E0107,wach,0.75,,,,,,,,
_result,0,2025-11-10 07:33:33+00:00,E0107,wach,0.75,,,,,,,,
_result,2,2025-11-10 07:35:39+00:00,E0107,wach,,V,,,,233.5,231.3,233.6,
_result,0,2025-11-10 07:35:40+00:00,E0107,wach,0.75,,,,,,,,
_result,0,2025-11-10 07:37:47+00:00,E0107,wach,0.75,,,,,,,,
_result,1,2025-11-10 07:41:18+00:00,E0107,wach,,A,4.57,3.98,4.25,,,,
_result,0,2025-11-10 07:41:19+00:00,E0107,wach,0.75,,,,,,,,
_result,0,2025-11-10 07:41:51+00:00,E0107,wach,0.75,,,,,,,,
_result,0,2025-11-10 07:44:11+00:00,E0107,wach,0.75,,,,,,,,
_result,1,2025-11-10 07:45:58+00:00,E0107,wach,,A,4.57,3.98,4.25,,,,
_result,0,2025-11-10 07:45:59+00:00,E0107,wach,0.75,,,,,,,,
_result,0,2025-11-10 07:48:08+00:00,E0107,wach,0.75,,,,,,,,
_result,1,2025-11-10 07:50:34+00:00,E0107,wach,,A,4.57,3.98,4.24,,,,
_result,0,2025-11-10 07:50:35+00:00,E0107,wach,0.75,,,,,,,,
_result,2,2025-11-10 07:51:58+00:00,E0107,wach,,V,,,,232.7,230.5,,
_result,0,2025-11-10 07:51:59+00:00,E0107,wach,0.75,,,,,,,,
_result,2,2025-11-10 07:54:36+00:00,E0107,wach,,V,,,,232.7,230.5,232.8,
_result,0,2025-11-10 07:54:37+00:00,E0107,wach,0.75,,,,,,,,
_result,0,2025-11-10 07:57:13+00:00,E0107,wach,0.75,,,,,,,,
_result,0,2025-11-10 07:58:45+00:00,E0107,wach,0.75,,,,,,,,
_result,0,2025-11-10 08:00:34+00:00,E0107,wach,0.75,,,,,,,,
_result,2,2025-11-10 08:02:25+00:00,E0107,wach,,V,,,,232.6,230.5,232.7,
_result,0,2025-11-10 08:02:26+00:00,E0107,wach,0.75,,,,,,,,
_result,1,2025-11-10 08:06:00+00:00,E0107,wach,,A,4.56,3.98,4.23,,,,
_result,0,2025-11-10 08:06:01+00:00,E0107,wach,0.75,,,,,,,,
_result,0,2025-11-10 08:07:47+00:00,E0107,wach,0.75,,,,,,,,
_result,0,2025-11-10 08:09:44+00:00,E0107,wach,0.75,,,,,,,,
_result,0,2025-11-10 08:11:39+00:00,E0107,wach,0.75,,,,,,,,
_result,1,2025-11-10 08:13:42+00:00,E0107,wach,,A,4.56,3.98,,,,,
_result,0,2025-11-10 08:13:43+00:00,E0107,wach,0.75,,,,,,,,
_result,1,2025-11-10 08:15:21+00:00,E0107,wach,,A,4.56,3.98,4.24,,,,
_result,0,2025-11-10 08:15:22+00:00,E0107,wach,0.75,,,,,,,,
_result,1,2025-11-10 08:17:38+00:00,E0107,wach,,A,4.56,3.98,4.24,,,,
_result,0,2025-11-10 08:17:39+00:00,E0107,wach,0.75,,,,,,,,
_result,0,2025-11-10 08:20:06+00:00,E0107,wach,0.75,,,,,,,,
_result,0,2025-11-10 08:21:28+00:00,E0107,wach,0.75,,,,,,,,
_result,0,2025-11-10 08:23:14+00:00,E0107,wach,0.75,,,,,,,,
_result,2,2025-11-10 08:25:15+00:00,E0107,wach,,V,,,,232.3,230.1,232.4,
_result,0,2025-11-10 08:25:16+00:00,E0107,wach,0.75,,,,,,,,
_result,0,2025-11-10 08:27:00+00:00,E0107,wach,0.75,,,,,,,,
_result,0,2025-11-10 08:29:38+00:00,E0107,wach,0.75,,,,,,,,
_result,1,2025-11-10 08:33:14+00:00,E0107,wach,,A,4.56,,,,,,
_result,0,2025-11-10 08:33:15+00:00,E0107,wach,0.75,,,,,,,,
_result,0,2025-11-10 08:33:56+00:00,E0107,wach,0.75,,,,,,,,
_result,0,2025-11-10 08:35:42+00:00,E0107,wach,0.75,,,,,,,,
_result,0,2025-11-10 08:37:35+00:00,E0107,wach,0.75,,,,,,,,
_result,0,2025-11-10 08:40:18+00:00,E0107,wach,0.75,,,,,,,,
_result,1,2025-11-10 08:41:33+00:00,E0107,wach,,A,4.56,3.97,4.24,,,,
_result,0,2025-11-10 08:41:34+00:00,E0107,wach,0.75,,,,,,,,
_result,1,2025-11-10 08:43:26+00:00,E0107,wach,,A,4.56,3.98,4.24,,,,
_result,0,2025-11-10 08:43:27+00:00,E0107,wach,0.75,,,,,,,,
_result,0,2025-11-10 08:46:13+00:00,E0107,wach,0.75,,,,,,,,
_result,1,2025-11-10 08:48:42+00:00,E0107,wach,,A,4.56,3.98,4.24,,,,
_result,0,2025-11-10 08:48:43+00:00,E0107,wach,0.75,,,,,,,,
_result,2,2025-11-10 08:50:09+00:00,E0107,wach,,V,,,,232.9,230.8,,
_result,0,2025-11-10 08:50:10+00:00,E0107,wach,0.75,,,,,,,,
_result,0,2025-11-10 08:52:33+00:00,E0107,wach,0.75,,,,,,,,
_result,1,2025-11-10 08:54:23+00:00,E0107,wach,,A,4.57,3.98,4.25,,,,
_result,0,2025-11-10 08:54:25+00:00,E0107,wach,0.75,,,,,,,,
_result,2,2025-11-10 08:56:11+00:00,E0107,wach,,V,,,,233.5,231.4,233.6,
_result,0,2025-11-10 08:56:12+00:00,E0107,wach,0.75,,,,,,,,
_result,0,2025-11-10 08:59:41+00:00,E0107,wach,0.75,,,,,,,,
_result,2,2025-11-10 09:01:12+00:00,E0107,wach,,V,,,,233.9,232.0,234.2,
_result,0,2025-11-10 09:01:13+00:00,E0107,wach,0.75,,,,,,,,
_result,0,2025-11-10 09:02:59+00:00,E0107,wach,0.75,,,,,,,,
_result,0,2025-11-10 09:04:55+00:00,E0107,wach,0.75,,,,,,,,
_result,1,2025-11-10 09:06:48+00:00,E0107,wach,,A,4.57,3.98,4.25,,,,
_result,0,2025-11-10 09:06:49+00:00,E0107,wach,0.75,,,,,,,,
_result,1,2025-11-10 09:10:27+00:00,E0107,wach,,A,4.57,3.98,4.25,,,,
_result,0,2025-11-10 09:10:28+00:00,E0107,wach,0.75,,,,,,,,
_result,0,2025-11-10 09:11:09+00:00,E0107,wach,0.75,,,,,,,,
_result,2,2025-11-10 09:13:25+00:00,E0107,wach,,V,,,,233.9,232.0,234.2,
_result,0,2025-11-10 09:13:26+00:00,E0107,wach,0.75,,,,,,,,
_result,1,2025-11-10 09:15:27+00:00,E0107,wach,,A,4.57,3.98,4.25,,,,
_result,0,2025-11-10 09:15:28+00:00,E0107,wach,0.75,,,,,,,,
_result,2,2025-11-10 09:17:22+00:00,E0107,wach,,V,,,,233.9,232.0,234.2,
_result,0,2025-11-10 09:17:23+00:00,E0107,wach,0.75,,,,,,,,
_result,0,2025-11-10 09:20:46+00:00,E0107,wach,0.75,,,,,,,,
_result,1,2025-11-10 09:21:44+00:00,E0107,wach,,A,4.6,3.99,4.27,,,,
_result,0,2025-11-10 09:21:45+00:00,E0107,wach,0.74,,,,,,,,
_result,0,2025-11-10 09:23:58+00:00,E0107,wach,0.74,,,,,,,,
_result,1,2025-11-10 09:26:04+00:00,E0107,wach,,A,4.6,3.99,4.27,,,,
_result,0,2025-11-10 09:26:05+00:00,E0107,wach,0.74,,,,,,,,
_result,1,2025-11-10 09:28:21+00:00,E0107,wach,,A,4.6,4.02,4.29,,,,
_result,0,2025-11-10 09:28:22+00:00,E0107,wach,0.74,,,,,,,,
_result,1,2025-11-10 09:30:42+00:00,E0107,wach,,A,4.6,4.02,4.29,,,,
_result,0,2025-11-10 09:30:43+00:00,E0107,wach,0.74,,,,,,,,
_result,0,2025-11-10 09:32:52+00:00,E0107,wach,0.74,,,,,,,,
_result,0,2025-11-10 09:34:56+00:00,E0107,wach,0.74,,,,,,,,
_result,1,2025-11-10 09:36:55+00:00,E0107,wach,,A,4.6,4.01,4.29,,,,
_result,0,2025-11-10 09:36:56+00:00,E0107,wach,0.74,,,,,,,,
_result,2,2025-11-10 09:39:24+00:00,E0107,wach,,V,,,,236.2,234.1,236.4,
_result,0,2025-11-10 09:39:25+00:00,E0107,wach,0.74,,,,,,,,
_result,0,2025-11-10 09:41:35+00:00,E0107,wach,0.74,,,,,,,,
_result,0,2025-11-10 09:43:40+00:00,E0107,wach,0.74,,,,,,,,
_result,0,2025-11-10 09:45:40+00:00,E0107,wach,0.74,,,,,,,,
_result,0,2025-11-10 09:48:06+00:00,E0107,wach,0.74,,,,,,,,
_result,2,2025-11-10 09:49:41+00:00,E0107,wach,,V,,,,237.1,235.2,237.3,
_result,0,2025-11-10 09:49:42+00:00,E0107,wach,0.74,,,,,,,,
_result,0,2025-11-10 09:52:10+00:00,E0107,wach,0.74,,,,,,,,
_result,1,2025-11-10 09:55:31+00:00,E0107,wach,,A,4.62,4.03,4.31,,,,
_result,0,2025-11-10 09:55:32+00:00,E0107,wach,0.74,,,,,,,,
_result,0,2025-11-10 09:57:46+00:00,E0107,wach,0.74,,,,,,,,
_result,0,2025-11-10 09:59:54+00:00,E0107,wach,0.74,,,,,,,,
_result,0,2025-11-10 10:02:05+00:00,E0107,wach,0.74,,,,,,,,
_result,0,2025-11-10 10:05:31+00:00,E0107,wach,0.74,,,,,,,,
_result,0,2025-11-10 10:06:43+00:00,E0107,wach,0.74,,,,,,,,
_result,0,2025-11-10 10:09:20+00:00,E0107,wach,0.74,,,,,,,,
_result,0,2025-11-10 10:10:39+00:00,E0107,wach,0.74,,,,,,,,
_result,0,2025-11-10 10:12:47+00:00,E0107,wach,0.73,,,,,,,,
_result,0,2025-11-10 10:15:10+00:00,E0107,wach,0.73,,,,,,,,
_result,1,2025-11-10 10:17:09+00:00,E0107,wach,,A,4.65,4.04,4.33,,,,
_result,0,2025-11-10 10:17:10+00:00,E0107,wach,0.73,,,,,,,,
_result,0,2025-11-10 10:19:20+00:00,E0107,wach,0.73,,,,,,,,
_result,0,2025-11-10 10:21:24+00:00,E0107,wach,0.75,,,,,,,,
_result,2,2025-11-10 10:23:41+00:00,E0107,wach,,V,,,,235.4,,,
_result,2,2025-11-10 10:23:43+00:00,E0107,wach,,V,,,,,233.5,,
_result,1,2025-11-10 10:23:44+00:00,E0107,wach,,A,4.59,4.01,4.29,,,,
_result,0,2025-11-10 10:23:45+00:00,E0107,wach,0.75,,,,,,,,
_result,0,2025-11-10 10:25:48+00:00,E0107,wach,0.75,,,,,,,,
_result,0,2025-11-10 10:28:15+00:00,E0107,wach,0.74,,,,,,,,
_result,1,2025-11-10 10:30:16+00:00,E0107,wach,,A,4.59,4.0,4.28,,,,
_result,0,2025-11-10 10:30:17+00:00,E0107,wach,0.74,,,,,,,,
_result,0,2025-11-10 10:32:21+00:00,E0107,wach,0.74,,,,,,,,
_result,0,2025-11-10 10:34:21+00:00,E0107,wach,0.74,,,,,,,,
_result,0,2025-11-10 10:36:30+00:00,E0107,wach,0.74,,,,,,,,
_result,0,2025-11-10 10:39:11+00:00,E0107,wach,0.74,,,,,,,,
_result,0,2025-11-10 10:41:21+00:00,E0107,wach,0.74,,,,,,,,
_result,1,2025-11-10 10:43:49+00:00,E0107,wach,,A,4.58,,,,,,
_result,0,2025-11-10 10:43:50+00:00,E0107,wach,0.75,,,,,,,,
_result,1,2025-11-10 10:45:38+00:00,E0107,wach,,A,4.58,4.0,4.28,,,,
_result,0,2025-11-10 10:45:39+00:00,E0107,wach,0.75,,,,,,,,
_result,0,2025-11-10 10:47:43+00:00,E0107,wach,0.75,,,,,,,,
_result,0,2025-11-10 10:49:32+00:00,E0107,wach,0.74,,,,,,,,
_result,0,2025-11-10 10:52:57+00:00,E0107,wach,0.74,,,,,,,,
_result,0,2025-11-10 10:54:00+00:00,E0107,wach,0.74,,,,,,,,
_result,2,2025-11-10 10:56:52+00:00,E0107,wach,,V,,,,235.3,233.4,235.9,
_result,1,2025-11-10 10:56:53+00:00,E0107,wach,,A,4.6,4.0,4.29,,,,
_result,0,2025-11-10 10:56:57+00:00,E0107,wach,0.74,,,,,,,,
_result,0,2025-11-10 10:58:17+00:00,E0107,wach,0.74,,,,,,,,
_result,0,2025-11-10 11:00:38+00:00,E0107,wach,0.74,,,,,,,,
_result,0,2025-11-10 11:02:46+00:00,E0107,wach,0.74,,,,,,,,
_result,1,2025-11-10 11:05:18+00:00,E0107,wach,,A,4.6,4.0,4.3,,,,
_result,0,2025-11-10 11:05:19+00:00,E0107,wach,0.74,,,,,,,,
_result,0,2025-11-10 11:07:05+00:00,E0107,wach,0.74,,,,,,,,
_result,0,2025-11-10 11:09:13+00:00,E0107,wach,0.74,,,,,,,,
_result,2,2025-11-10 11:11:24+00:00,E0107,wach,,V,,,,235.7,233.8,,
_result,0,2025-11-10 11:11:25+00:00,E0107,wach,0.74,,,,,,,,
_result,0,2025-11-10 11:14:19+00:00,E0107,wach,0.74,,,,,,,,
_result,0,2025-11-10 11:16:19+00:00,E0107,wach,0.74,,,,,,,,
_result,0,2025-11-10 11:18:26+00:00,E0107,wach,0.9,,,,,,,,
_result,0,2025-11-10 11:21:05+00:00,E0107,wach,0.9,,,,,,,,
_result,0,2025-11-10 11:24:37+00:00,E0107,wach,0.9,,,,,,,,
_result,0,2025-11-10 11:25:44+00:00,E0107,wach,0.9,,,,,,,,
_result,0,2025-11-10 11:28:04+00:00,E0107,wach,0.9,,,,,,,,
_result,0,2025-11-10 11:30:15+00:00,E0107,wach,0.9,,,,,,,,
_result,1,2025-11-10 11:32:29+00:00,E0107,wach,,A,0.66,0.19,0.26,,,,
_result,0,2025-11-10 11:32:30+00:00,E0107,wach,0.9,,,,,,,,
_result,0,2025-11-10 11:34:39+00:00,E0107,wach,0.9,,,,,,,,
_result,1,2025-11-10 11:36:51+00:00,E0107,wach,,A,0.66,0.19,0.26,,,,
_result,0,2025-11-10 11:36:52+00:00,E0107,wach,0.9,,,,,,,,
_result,1,2025-11-10 11:39:19+00:00,E0107,wach,,A,0.66,0.19,0.26,,,,
_result,0,2025-11-10 11:39:20+00:00,E0107,wach,0.9,,,,,,,,
_result,0,2025-11-10 11:41:42+00:00,E0107,wach,0.9,,,,,,,,
_result,1,2025-11-10 11:43:52+00:00,E0107,wach,,A,0.66,0.19,0.26,,,,
_result,0,2025-11-10 11:43:53+00:00,E0107,wach,0.9,,,,,,,,
_result,0,2025-11-10 11:45:51+00:00,E0107,wach,0.9,,,,,,,,
_result,0,2025-11-10 11:47:48+00:00,E0107,wach,0.9,,,,,,,,
_result,1,2025-11-10 11:49:52+00:00,E0107,wach,,A,0.66,0.19,0.25,,,,
_result,0,2025-11-10 11:49:53+00:00,E0107,wach,0.9,,,,,,,,
_result,1,2025-11-10 11:52:50+00:00,E0107,wach,,A,0.66,0.19,0.25,,,,
_result,0,2025-11-10 11:52:51+00:00,E0107,wach,0.9,,,,,,,,
_result,0,2025-11-10 11:54:09+00:00,E0107,wach,0.9,,,,,,,,
_result,0,2025-11-10 11:56:16+00:00,E0107,wach,0.9,,,,,,,,
_result,0,2025-11-10 11:58:30+00:00,E0107,wach,0.9,,,,,,,,
_result,0,2025-11-10 12:00:45+00:00,E0107,wach,0.9,,,,,,,,
_result,0,2025-11-10 12:03:21+00:00,E0107,wach,0.9,,,,,,,,
_result,0,2025-11-10 12:05:27+00:00,E0107,wach,0.9,,,,,,,,
_result,0,2025-11-10 12:07:18+00:00,E0107,wach,0.9,,,,,,,,
_result,0,2025-11-10 12:09:20+00:00,E0107,wach,0.9,,,,,,,,
_result,2,2025-11-10 12:11:36+00:00,E0107,wach,,V,,,,235.2,233.4,235.9,
_result,0,2025-11-10 12:11:37+00:00,E0107,wach,0.9,,,,,,,,
_result,0,2025-11-10 12:13:57+00:00,E0107,wach,0.9,,,,,,,,
_result,1,2025-11-10 12:16:02+00:00,E0107,wach,,A,0.66,,,,,,
_result,0,2025-11-10 12:16:03+00:00,E0107,wach,0.9,,,,,,,,
_result,0,2025-11-10 12:18:14+00:00,E0107,wach,0.9,,,,,,,,
_result,1,2025-11-10 12:20:30+00:00,E0107,wach,,A,0.66,0.2,0.26,,,,
_result,0,2025-11-10 12:20:31+00:00,E0107,wach,0.9,,,,,,,,
_result,1,2025-11-10 12:22:45+00:00,E0107,wach,,A,0.66,0.2,0.26,,,,
_result,0,2025-11-10 12:22:46+00:00,E0107,wach,0.9,,,,,,,,
_result,0,2025-11-10 12:24:56+00:00,E0107,wach,0.9,,,,,,,,
_result,0,2025-11-10 12:26:45+00:00,E0107,wach,0.9,,,,,,,,
_result,0,2025-11-10 12:28:47+00:00,E0107,wach,0.9,,,,,,,,
_result,0,2025-11-10 12:31:04+00:00,E0107,wach,0.9,,,,,,,,
_result,0,2025-11-10 12:34:14+00:00,E0107,wach,0.9,,,,,,,,
_result,0,2025-11-10 12:35:51+00:00,E0107,wach,0.9,,,,,,,,
_result,0,2025-11-10 12:38:07+00:00,E0107,wach,0.9,,,,,,,,
_result,2,2025-11-10 12:39:53+00:00,E0107,wach,,V,,,,235.9,234.1,236.5,
_result,0,2025-11-10 12:39:54+00:00,E0107,wach,0.9,,,,,,,,
_result,0,2025-11-10 12:42:10+00:00,E0107,wach,0.9,,,,,,,,
_result,0,2025-11-10 12:44:20+00:00,E0107,wach,0.9,,,,,,,,
_result,1,2025-11-10 12:46:26+00:00,E0107,wach,,A,0.66,0.2,0.26,,,,
_result,0,2025-11-10 12:46:27+00:00,E0107,wach,0.9,,,,,,,,
_result,1,2025-11-10 12:48:36+00:00,E0107,wach,,A,0.66,0.2,0.26,,,,
_result,0,2025-11-10 12:48:37+00:00,E0107,wach,0.9,,,,,,,,
_result,2,2025-11-10 12:50:33+00:00,E0107,wach,,V,,,,235.7,233.7,236.1,
_result,0,2025-11-10 12:50:34+00:00,E0107,wach,0.9,,,,,,,,
_result,1,2025-11-10 12:54:09+00:00,E0107,wach,,A,0.66,0.2,0.26,,,,
_result,0,2025-11-10 12:54:10+00:00,E0107,wach,0.9,,,,,,,,
_result,0,2025-11-10 12:54:36+00:00,E0107,wach,0.9,,,,,,,,
_result,0,2025-11-10 12:56:41+00:00,E0107,wach,0.9,,,,,,,,
_result,2,2025-11-10 12:59:40+00:00,E0107,wach,,V,,,,235.7,233.7,,
_result,1,2025-11-10 12:59:41+00:00,E0107,wach,,A,0.66,0.2,0.26,,,,
_result,0,2025-11-10 12:59:42+00:00,E0107,wach,0.9,,,,,,,,
_result,0,2025-11-10 13:01:21+00:00,E0107,wach,0.9,,,,,,,,
_result,0,2025-11-10 13:03:33+00:00,E0107,wach,0.9,,,,,,,,
_result,0,2025-11-10 13:05:31+00:00,E0107,wach,0.9,,,,,,,,
_result,0,2025-11-10 13:07:33+00:00,E0107,wach,0.9,,,,,,,,
_result,2,2025-11-10 13:09:20+00:00,E0107,wach,,V,,,,236.4,234.5,237.0,
_result,0,2025-11-10 13:09:21+00:00,E0107,wach,0.9,,,,,,,,
_result,0,2025-11-10 13:11:37+00:00,E0107,wach,0.9,,,,,,,,
_result,0,2025-11-10 13:13:49+00:00,E0107,wach,0.9,,,,,,,,
_result,0,2025-11-10 13:15:56+00:00,E0107,wach,0.9,,,,,,,,
_result,1,2025-11-10 13:18:11+00:00,E0107,wach,,A,0.66,0.19,0.26,,,,
_result,0,2025-11-10 13:18:12+00:00,E0107,wach,0.9,,,,,,,,
_result,0,2025-11-10 13:20:24+00:00,E0107,wach,0.9,,,,,,,,
_result,2,2025-11-10 13:22:50+00:00,E0107,wach,,V,,,,236.4,234.4,237.0,
_result,1,2025-11-10 13:22:51+00:00,E0107,wach,,A,0.66,0.19,0.26,,,,
_result,0,2025-11-10 13:22:52+00:00,E0107,wach,0.9,,,,,,,,
_result,0,2025-11-10 13:24:58+00:00,E0107,wach,0.9,,,,,,,,
_result,1,2025-11-10 13:27:26+00:00,E0107,wach,,A,0.66,0.19,0.26,,,,
_result,0,2025-11-10 13:27:28+00:00,E0107,wach,0.9,,,,,,,,
_result,0,2025-11-10 13:29:33+00:00,E0107,wach,0.9,,,,,,,,
_result,0,2025-11-10 13:31:28+00:00,E0107,wach,0.9,,,,,,,,
_result,0,2025-11-10 13:33:24+00:00,E0107,wach,0.9,,,,,,,,
_result,1,2025-11-10 13:35:25+00:00,E0107,wach,,A,0.66,0.19,0.26,,,,
_result,0,2025-11-10 13:35:26+00:00,E0107,wach,0.9,,,,,,,,
_result,2,2025-11-10 13:37:32+00:00,E0107,wach,,V,,,,236.8,,,
_result,0,2025-11-10 13:37:33+00:00,E0107,wach,0.9,,,,,,,,
_result,0,2025-11-10 13:39:46+00:00,E0107,wach,0.9,,,,,,,,
_result,0,2025-11-10 13:41:53+00:00,E0107,wach,0.9,,,,,,,,
_result,2,2025-11-10 13:43:59+00:00,E0107,wach,,V,,,,237.3,235.3,238.0,
_result,0,2025-11-10 13:44:00+00:00,E0107,wach,0.9,,,,,,,,
_result,1,2025-11-10 13:46:13+00:00,E0107,wach,,A,0.66,0.19,0.26,,,,
_result,0,2025-11-10 13:46:14+00:00,E0107,wach,0.9,,,,,,,,
_result,0,2025-11-10 13:48:23+00:00,E0107,wach,0.9,,,,,,,,
_result,2,2025-11-10 13:50:24+00:00,E0107,wach,,V,,,,237.3,235.4,237.9,
_result,0,2025-11-10 13:50:25+00:00,E0107,wach,0.9,,,,,,,,
_result,0,2025-11-10 13:52:48+00:00,E0107,wach,0.9,,,,,,,,
_result,1,2025-11-10 13:54:59+00:00,E0107,wach,,A,0.66,0.2,0.26,,,,
_result,0,2025-11-10 13:55:00+00:00,E0107,wach,0.9,,,,,,,,
_result,1,2025-11-10 13:57:16+00:00,E0107,wach,,A,0.66,0.2,0.26,,,,
_result,0,2025-11-10 13:57:17+00:00,E0107,wach,0.9,,,,,,,,
_result,0,2025-11-10 13:59:13+00:00,E0107,wach,0.9,,,,,,,,
_result,2,2025-11-10 14:01:15+00:00,E0107,wach,,V,,,,237.4,235.5,238.0,
_result,0,2025-11-10 14:01:16+00:00,E0107,wach,0.9,,,,,,,,
_result,0,2025-11-10 14:03:38+00:00,E0107,wach,0.9,,,,,,,,
_result,1,2025-11-10 14:05:44+00:00,E0107,wach,,A,0.66,0.2,,,,,
_result,0,2025-11-10 14:05:45+00:00,E0107,wach,0.9,,,,,,,,
_result,0,2025-11-10 14:07:53+00:00,E0107,wach,0.9,,,,,,,,
_result,0,2025-11-10 14:09:52+00:00,E0107,wach,0.9,,,,,,,,
_result,2,2025-11-10 14:12:10+00:00,E0107,wach,,V,,,,237.5,235.6,238.1,
_result,0,2025-11-10 14:12:11+00:00,E0107,wach,0.9,,,,,,,,
_result,0,2025-11-10 14:14:13+00:00,E0107,wach,0.9,,,,,,,,
_result,1,2025-11-10 14:16:21+00:00,E0107,wach,,A,0.66,0.2,0.26,,,,
_result,0,2025-11-10 14:16:22+00:00,E0107,wach,0.9,,,,,,,,
_result,0,2025-11-10 14:18:39+00:00,E0107,wach,0.9,,,,,,,,
_result,1,2025-11-10 14:20:37+00:00,E0107,wach,,A,0.66,0.2,0.26,,,,
_result,0,2025-11-10 14:20:38+00:00,E0107,wach,0.9,,,,,,,,
_result,0,2025-11-10 14:22:36+00:00,E0107,wach,0.9,,,,,,,,
_result,0,2025-11-10 14:24:42+00:00,E0107,wach,0.9,,,,,,,,
_result,0,2025-11-10 14:26:47+00:00,E0107,wach,0.9,,,,,,,,
_result,0,2025-11-10 14:29:18+00:00,E0107,wach,0.9,,,,,,,,
_result,0,2025-11-10 14:31:21+00:00,E0107,wach,0.9,,,,,,,,
_result,0,2025-11-10 14:33:24+00:00,E0107,wach,0.9,,,,,,,,
_result,0,2025-11-10 14:35:30+00:00,E0107,wach,0.9,,,,,,,,
_result,2,2025-11-10 14:37:28+00:00,E0107,wach,,V,,,,237.8,235.9,238.5,
_result,0,2025-11-10 14:37:29+00:00,E0107,wach,0.9,,,,,,,,
_result,0,2025-11-10 14:39:42+00:00,E0107,wach,0.9,,,,,,,,
_result,2,2025-11-10 14:41:50+00:00,E0107,wach,,V,,,,237.8,235.9,,
_result,0,2025-11-10 14:41:51+00:00,E0107,wach,0.9,,,,,,,,
_result,1,2025-11-10 14:44:06+00:00,E0107,wach,,A,0.66,0.2,0.26,,,,
_result,0,2025-11-10 14:44:07+00:00,E0107,wach,0.9,,,,,,,,
_result,1,2025-11-10 14:45:58+00:00,E0107,wach,,A,0.66,0.2,0.26,,,,
_result,0,2025-11-10 14:45:59+00:00,E0107,wach,0.9,,,,,,,,
_result,0,2025-11-10 14:48:02+00:00,E0107,wach,0.9,,,,,,,,
_result,1,2025-11-10 14:50:04+00:00,E0107,wach,,A,0.66,0.2,,,,,
_result,0,2025-11-10 14:50:05+00:00,E0107,wach,0.9,,,,,,,,
_result,1,2025-11-10 14:52:23+00:00,E0107,wach,,A,0.66,0.2,0.26,,,,
_result,0,2025-11-10 14:52:24+00:00,E0107,wach,0.9,,,,,,,,
_result,1,2025-11-10 14:54:29+00:00,E0107,wach,,A,0.66,0.2,0.26,,,,
_result,0,2025-11-10 14:54:30+00:00,E0107,wach,0.9,,,,,,,,
_result,0,2025-11-10 14:56:28+00:00,E0107,wach,0.9,,,,,,,,
_result,1,2025-11-10 14:58:23+00:00,E0107,wach,,A,0.66,0.2,0.26,,,,
_result,0,2025-11-10 14:58:24+00:00,E0107,wach,0.9,,,,,,,,
_result,1,2025-11-10 15:00:17+00:00,E0107,wach,,A,0.66,0.2,0.26,,,,
_result,0,2025-11-10 15:00:18+00:00,E0107,wach,0.9,,,,,,,,
_result,0,2025-11-10 15:02:36+00:00,E0107,wach,0.9,,,,,,,,
_result,0,2025-11-10 15:04:35+00:00,E0107,wach,0.9,,,,,,,,
_result,0,2025-11-10 15:06:48+00:00,E0107,wach,0.9,,,,,,,,
_result,2,2025-11-10 15:08:53+00:00,E0107,wach,,V,,,,238.1,236.1,238.7,
_result,0,2025-11-10 15:08:54+00:00,E0107,wach,0.9,,,,,,,,
_result,0,2025-11-10 15:11:34+00:00,E0107,wach,0.9,,,,,,,,
_result,1,2025-11-10 15:13:40+00:00,E0107,wach,,A,0.66,0.2,0.26,,,,
_result,0,2025-11-10 15:13:41+00:00,E0107,wach,0.9,,,,,,,,
_result,0,2025-11-10 15:15:39+00:00,E0107,wach,0.9,,,,,,,,
_result,0,2025-11-10 15:17:49+00:00,E0107,wach,0.9,,,,,,,,
_result,0,2025-11-10 15:19:50+00:00,E0107,wach,0.9,,,,,,,,
_result,0,2025-11-10 15:21:55+00:00,E0107,wach,0.9,,,,,,,,
_result,0,2025-11-10 15:23:54+00:00,E0107,wach,0.9,,,,,,,,
_result,0,2025-11-10 15:25:56+00:00,E0107,wach,0.9,,,,,,,,
_result,2,2025-11-10 15:28:00+00:00,E0107,wach,,V,,,,238.2,236.0,,
_result,0,2025-11-10 15:28:01+00:00,E0107,wach,0.9,,,,,,,,
_result,0,2025-11-10 15:30:18+00:00,E0107,wach,0.9,,,,,,,,
_result,0,2025-11-10 15:32:32+00:00,E0107,wach,0.9,,,,,,,,
_result,1,2025-11-10 15:34:13+00:00,E0107,wach,,A,0.66,0.19,0.26,,,,
_result,0,2025-11-10 15:34:14+00:00,E0107,wach,0.9,,,,,,,,
_result,0,2025-11-10 15:36:12+00:00,E0107,wach,0.9,,,,,,,,
_result,2,2025-11-10 15:38:01+00:00,E0107,wach,,V,,,,238.6,236.7,239.2,
_result,0,2025-11-10 15:38:02+00:00,E0107,wach,0.9,,,,,,,,
_result,1,2025-11-10 15:40:15+00:00,E0107,wach,,A,0.66,,,,,,
_result,0,2025-11-10 15:40:16+00:00,E0107,wach,0.9,,,,,,,,
_result,0,2025-11-10 15:42:24+00:00,E0107,wach,0.9,,,,,,,,
_result,1,2025-11-10 15:44:28+00:00,E0107,wach,,A,0.66,0.19,0.26,,,,
_result,0,2025-11-10 15:44:29+00:00,E0107,wach,0.9,,,,,,,,
_result,0,2025-11-10 15:46:35+00:00,E0107,wach,0.9,,,,,,,,
_result,2,2025-11-10 15:48:43+00:00,E0107,wach,,V,,,,238.5,236.6,239.2,
_result,0,2025-11-10 15:48:44+00:00,E0107,wach,0.9,,,,,,,,
_result,0,2025-11-10 15:50:39+00:00,E0107,wach,0.9,,,,,,,,
_result,1,2025-11-10 15:53:32+00:00,E0107,wach,,A,0.66,0.19,0.26,,,,
_result,0,2025-11-10 15:53:33+00:00,E0107,wach,0.9,,,,,,,,
_result,0,2025-11-10 15:55:29+00:00,E0107,wach,0.9,,,,,,,,
_result,2,2025-11-10 15:57:29+00:00,E0107,wach,,V,,,,238.9,,,
_result,0,2025-11-10 15:57:30+00:00,E0107,wach,0.9,,,,,,,,
_result,2,2025-11-10 15:59:41+00:00,E0107,wach,,V,,,,238.9,236.9,239.4,
_result,0,2025-11-10 15:59:42+00:00,E0107,wach,0.9,,,,,,,,
_result,0,2025-11-10 16:01:42+00:00,E0107,wach,0.9,,,,,,,,
_result,1,2025-11-10 16:03:48+00:00,E0107,wach,,A,0.66,0.19,0.26,,,,
_result,0,2025-11-10 16:03:49+00:00,E0107,wach,0.9,,,,,,,,
_result,2,2025-11-10 16:05:55+00:00,E0107,wach,,V,,,,238.5,236.2,,
_result,0,2025-11-10 16:05:56+00:00,E0107,wach,0.9,,,,,,,,
_result,2,2025-11-10 16:07:51+00:00,E0107,wach,,V,,,,239.3,237.3,239.8,
_result,0,2025-11-10 16:07:52+00:00,E0107,wach,0.9,,,,,,,,
_result,1,2025-11-10 16:09:52+00:00,E0107,wach,,A,0.66,0.2,0.26,,,,
_result,0,2025-11-10 16:09:53+00:00,E0107,wach,0.9,,,,,,,,
_result,1,2025-11-10 16:12:01+00:00,E0107,wach,,A,0.66,0.2,0.26,,,,
_result,0,2025-11-10 16:12:02+00:00,E0107,wach,0.9,,,,,,,,
_result,0,2025-11-10 16:13:57+00:00,E0107,wach,0.9,,,,,,,,
_result,0,2025-11-10 16:16:02+00:00,E0107,wach,0.9,,,,,,,,
_result,0,2025-11-10 16:18:10+00:00,E0107,wach,0.9,,,,,,,,
_result,0,2025-11-10 16:20:15+00:00,E0107,wach,0.9,,,,,,,,
_result,0,2025-11-10 16:22:19+00:00,E0107,wach,0.9,,,,,,,,
_result,0,2025-11-10 16:24:20+00:00,E0107,wach,0.9,,,,,,,,
_result,0,2025-11-10 16:26:13+00:00,E0107,wach,0.9,,,,,,,,
_result,0,2025-11-10 16:28:21+00:00,E0107,wach,0.9,,,,,,,,
_result,1,2025-11-10 16:30:28+00:00,E0107,wach,,A,0.66,0.2,0.26,,,,
_result,0,2025-11-10 16:30:29+00:00,E0107,wach,0.9,,,,,,,,
_result,0,2025-11-10 16:32:42+00:00,E0107,wach,0.9,,,,,,,,
_result,0,2025-11-10 16:34:37+00:00,E0107,wach,0.9,,,,,,,,
_result,2,2025-11-10 16:36:44+00:00,E0107,wach,,V,,,,239.6,,,
_result,1,2025-11-10 16:36:45+00:00,E0107,wach,,A,0.66,,,,,,
_result,1,2025-11-10 16:36:46+00:00,E0107,wach,,A,,0.2,0.27,,,,
_result,3,2025-11-10 16:36:47+00:00,E0107,wach,,kW,,,,,,,0.239824
_result,0,2025-11-10 16:36:49+00:00,E0107,wach,0.9,,,,,,,,
_result,2,2025-11-10 16:38:46+00:00,E0107,wach,,V,,,,239.6,237.5,240.0,
_result,0,2025-11-10 16:38:47+00:00,E0107,wach,0.9,,,,,,,,
_result,1,2025-11-10 16:41:00+00:00,E0107,wach,,A,0.66,0.2,0.27,,,,
_result,0,2025-11-10 16:41:01+00:00,E0107,wach,0.9,,,,,,,,
_result,2,2025-11-10 16:43:07+00:00,E0107,wach,,V,,,,239.6,237.6,240.1,
_result,0,2025-11-10 16:43:08+00:00,E0107,wach,0.9,,,,,,,,
_result,0,2025-11-10 16:44:49+00:00,E0107,wach,0.9,,,,,,,,
_result,0,2025-11-10 16:46:40+00:00,E0107,wach,0.9,,,,,,,,
_result,0,2025-11-10 16:48:48+00:00,E0107,wach,0.9,,,,,,,,
_result,1,2025-11-10 16:50:45+00:00,E0107,wach,,A,0.66,0.2,0.27,,,,
_result,0,2025-11-10 16:50:46+00:00,E0107,wach,0.9,,,,,,,,
_result,0,2025-11-10 16:52:54+00:00,E0107,wach,0.89,,,,,,,,
_result,0,2025-11-10 16:54:52+00:00,E0107,wach,0.89,,,,,,,,
_result,1,2025-11-10 16:56:57+00:00,E0107,wach,,A,0.67,0.2,0.27,,,,
_result,0,2025-11-10 16:56:58+00:00,E0107,wach,0.89,,,,,,,,
_result,2,2025-11-10 16:59:25+00:00,E0107,wach,,V,,,,240.4,238.4,240.8,
_result,0,2025-11-10 16:59:26+00:00,E0107,wach,0.89,,,,,,,,
_result,0,2025-11-10 17:01:43+00:00,E0107,wach,0.89,,,,,,,,
_result,1,2025-11-10 17:04:00+00:00,E0107,wach,,A,0.67,0.2,0.27,,,,
_result,0,2025-11-10 17:04:01+00:00,E0107,wach,0.89,,,,,,,,
_result,1,2025-11-10 17:06:02+00:00,E0107,wach,,A,0.67,0.2,,,,,
_result,0,2025-11-10 17:06:03+00:00,E0107,wach,0.89,,,,,,,,
_result,1,2025-11-10 17:08:04+00:00,E0107,wach,,A,0.66,0.2,0.26,,,,
_result,0,2025-11-10 17:08:05+00:00,E0107,wach,0.9,,,,,,,,
_result,0,2025-11-10 17:10:23+00:00,E0107,wach,0.9,,,,,,,,
_result,1,2025-11-10 17:12:46+00:00,E0107,wach,,A,0.66,0.2,0.26,,,,
_result,0,2025-11-10 17:12:47+00:00,E0107,wach,0.9,,,,,,,,
_result,1,2025-11-10 17:15:10+00:00,E0107,wach,,A,0.66,0.2,0.26,,,,
_result,0,2025-11-10 17:15:11+00:00,E0107,wach,0.9,,,,,,,,
_result,0,2025-11-10 17:16:54+00:00,E0107,wach,0.9,,,,,,,,
_result,0,2025-11-10 17:18:46+00:00,E0107,wach,0.9,,,,,,,,
_result,0,2025-11-10 17:20:44+00:00,E0107,wach,0.9,,,,,,,,
_result,0,2025-11-10 17:22:47+00:00,E0107,wach,0.9,,,,,,,,
_result,0,2025-11-10 17:25:08+00:00,E0107,wach,0.9,,,,,,,,
_result,1,2025-11-10 17:26:45+00:00,E0107,wach,,A,0.66,0.2,0.26,,,,
_result,0,2025-11-10 17:26:46+00:00,E0107,wach,0.9,,,,,,,,
_result,2,2025-11-10 17:28:31+00:00,E0107,wach,,V,,,,237.5,235.5,238.1,
_result,0,2025-11-10 17:28:32+00:00,E0107,wach,0.9,,,,,,,,
_result,0,2025-11-10 17:30:18+00:00,E0107,wach,0.9,,,,,,,,
_result,0,2025-11-10 17:32:27+00:00,E0107,wach,0.9,,,,,,,,
_result,0,2025-11-10 17:34:23+00:00,E0107,wach,0.9,,,,,,,,
_result,0,2025-11-10 17:36:16+00:00,E0107,wach,0.9,,,,,,,,
_result,0,2025-11-10 17:38:10+00:00,E0107,wach,0.9,,,,,,,,
_result,1,2025-11-10 17:40:09+00:00,E0107,wach,,A,0.66,0.19,0.26,,,,
_result,0,2025-11-10 17:40:10+00:00,E0107,wach,0.9,,,,,,,,
_result,0,2025-11-10 17:42:19+00:00,E0107,wach,0.9,,,,,,,,
_result,0,2025-11-10 17:44:08+00:00,E0107,wach,0.9,,,,,,,,
_result,0,2025-11-10 17:46:17+00:00,E0107,wach,0.9,,,,,,,,
_result,2,2025-11-10 17:48:07+00:00,E0107,wach,,V,,,,237.5,,,
_result,0,2025-11-10 17:48:08+00:00,E0107,wach,0.9,,,,,,,,
_result,0,2025-11-10 17:50:12+00:00,E0107,wach,0.9,,,,,,,,
_result,0,2025-11-10 17:52:12+00:00,E0107,wach,0.9,,,,,,,,
_result,1,2025-11-10 17:53:52+00:00,E0107,wach,,A,0.66,0.19,0.26,,,,
_result,0,2025-11-10 17:53:53+00:00,E0107,wach,0.9,,,,,,,,
_result,0,2025-11-10 17:55:37+00:00,E0107,wach,0.9,,,,,,,,
_result,0,2025-11-10 17:57:14+00:00,E0107,wach,0.9,,,,,,,,
_result,2,2025-11-10 17:59:09+00:00,E0107,wach,,V,,,,236.8,234.6,,
_result,0,2025-11-10 17:59:10+00:00,E0107,wach,0.9,,,,,,,,
_result,0,2025-11-10 18:01:36+00:00,E0107,wach,0.9,,,,,,,,
_result,0,2025-11-10 18:03:25+00:00,E0107,wach,0.9,,,,,,,,
_result,0,2025-11-10 18:05:21+00:00,E0107,wach,0.9,,,,,,,,
_result,0,2025-11-10 18:06:58+00:00,E0107,wach,0.9,,,,,,,,
_result,0,2025-11-10 18:08:43+00:00,E0107,wach,0.9,,,,,,,,
_result,0,2025-11-10 18:10:42+00:00,E0107,wach,0.9,,,,,,,,
_result,0,2025-11-10 18:12:52+00:00,E0107,wach,0.9,,,,,,,,
_result,0,2025-11-10 18:14:38+00:00,E0107,wach,0.9,,,,,,,,
_result,0,2025-11-10 18:16:24+00:00,E0107,wach,0.9,,,,,,,,
_result,2,2025-11-10 18:18:12+00:00,E0107,wach,,V,,,,237.0,235.1,237.5,
_result,0,2025-11-10 18:18:13+00:00,E0107,wach,0.9,,,,,,,,
_result,0,2025-11-10 18:20:05+00:00,E0107,wach,0.9,,,,,,,,
_result,0,2025-11-10 18:22:15+00:00,E0107,wach,0.9,,,,,,,,
_result,0,2025-11-10 18:24:17+00:00,E0107,wach,0.9,,,,,,,,
_result,2,2025-11-10 18:26:36+00:00,E0107,wach,,V,,,,237.0,235.0,237.4,
_result,0,2025-11-10 18:26:37+00:00,E0107,wach,0.9,,,,,,,,
_result,1,2025-11-10 18:28:59+00:00,E0107,wach,,A,0.66,0.2,0.26,,,,
_result,0,2025-11-10 18:29:00+00:00,E0107,wach,0.9,,,,,,,,
_result,0,2025-11-10 18:31:29+00:00,E0107,wach,0.9,,,,,,,,
_result,1,2025-11-10 18:33:27+00:00,E0107,wach,,A,0.66,0.2,0.26,,,,
_result,0,2025-11-10 18:33:28+00:00,E0107,wach,0.9,,,,,,,,
_result,0,2025-11-10 18:35:16+00:00,E0107,wach,0.9,,,,,,,,
_result,0,2025-11-10 18:37:09+00:00,E0107,wach,0.9,,,,,,,,
_result,0,2025-11-10 18:38:40+00:00,E0107,wach,0.9,,,,,,,,
_result,0,2025-11-10 18:40:36+00:00,E0107,wach,0.9,,,,,,,,
_result,0,2025-11-10 18:42:26+00:00,E0107,wach,0.9,,,,,,,,
_result,0,2025-11-10 18:44:12+00:00,E0107,wach,0.9,,,,,,,,
_result,0,2025-11-10 18:45:47+00:00,E0107,wach,0.9,,,,,,,,
_result,1,2025-11-10 18:47:21+00:00,E0107,wach,,A,0.66,0.2,0.26,,,,
_result,0,2025-11-10 18:47:22+00:00,E0107,wach,0.9,,,,,,,,
_result,0,2025-11-10 18:48:52+00:00,E0107,wach,0.9,,,,,,,,
_result,0,2025-11-10 18:50:44+00:00,E0107,wach,0.9,,,,,,,,
_result,2,2025-11-10 18:52:40+00:00,E0107,wach,,V,,,,237.7,235.9,238.2,
_result,0,2025-11-10 18:52:41+00:00,E0107,wach,0.9,,,,,,,,
_result,2,2025-11-10 18:54:32+00:00,E0107,wach,,V,,,,237.9,,,
_result,0,2025-11-10 18:54:33+00:00,E0107,wach,0.9,,,,,,,,
_result,0,2025-11-10 18:56:34+00:00,E0107,wach,0.9,,,,,,,,
_result,0,2025-11-10 18:58:27+00:00,E0107,wach,0.9,,,,,,,,
_result,2,2025-11-10 19:00:15+00:00,E0107,wach,,V,,,,237.9,236.1,,
_result,0,2025-11-10 19:00:16+00:00,E0107,wach,0.9,,,,,,,,
_result,0,2025-11-10 19:02:20+00:00,E0107,wach,0.9,,,,,,,,
_result,1,2025-11-10 19:04:21+00:00,E0107,wach,,A,0.66,0.2,0.26,,,,
_result,0,2025-11-10 19:04:22+00:00,E0107,wach,0.9,,,,,,,,
_result,0,2025-11-10 19:06:20+00:00,E0107,wach,0.9,,,,,,,,
_result,0,2025-11-10 19:08:27+00:00,E0107,wach,0.9,,,,,,,,
_result,2,2025-11-10 19:10:31+00:00,E0107,wach,,V,,,,238.2,236.4,238.7,
_result,0,2025-11-10 19:10:32+00:00,E0107,wach,0.9,,,,,,,,
_result,0,2025-11-10 19:12:36+00:00,E0107,wach,0.9,,,,,,,,
_result,0,2025-11-10 19:14:38+00:00,E0107,wach,0.9,,,,,,,,
_result,1,2025-11-10 19:16:36+00:00,E0107,wach,,A,0.66,0.2,0.26,,,,
_result,0,2025-11-10 19:16:37+00:00,E0107,wach,0.9,,,,,,,,
_result,0,2025-11-10 19:18:28+00:00,E0107,wach,0.9,,,,,,,,
_result,0,2025-11-10 19:20:26+00:00,E0107,wach,0.9,,,,,,,,
_result,0,2025-11-10 19:22:23+00:00,E0107,wach,0.9,,,,,,,,
_result,0,2025-11-10 19:24:23+00:00,E0107,wach,0.9,,,,,,,,
_result,0,2025-11-10 19:26:25+00:00,E0107,wach,0.9,,,,,,,,
_result,0,2025-11-10 19:28:10+00:00,E0107,wach,0.9,,,,,,,,
_result,2,2025-11-10 19:30:00+00:00,E0107,wach,,V,,,,237.9,236.0,238.3,
_result,0,2025-11-10 19:30:01+00:00,E0107,wach,0.9,,,,,,,,
_result,0,2025-11-10 19:32:04+00:00,E0107,wach,0.9,,,,,,,,
_result,0,2025-11-10 19:33:43+00:00,E0107,wach,0.9,,,,,,,,
_result,0,2025-11-10 19:35:56+00:00,E0107,wach,0.9,,,,,,,,
_result,0,2025-11-10 19:37:46+00:00,E0107,wach,0.9,,,,,,,,
_result,0,2025-11-10 19:39:39+00:00,E0107,wach,0.9,,,,,,,,
_result,2,2025-11-10 19:41:37+00:00,E0107,wach,,V,,,,238.8,236.9,,
_result,0,2025-11-10 19:41:38+00:00,E0107,wach,0.89,,,,,,,,
_result,0,2025-11-10 19:43:30+00:00,E0107,wach,0.89,,,,,,,,
_result,0,2025-11-10 19:45:29+00:00,E0107,wach,0.89,,,,,,,,
_result,1,2025-11-10 19:47:18+00:00,E0107,wach,,A,0.66,0.19,0.26,,,,
_result,0,2025-11-10 19:47:19+00:00,E0107,wach,0.89,,,,,,,,
_result,0,2025-11-10 19:49:15+00:00,E0107,wach,0.89,,,,,,,,
_result,0,2025-11-10 19:51:14+00:00,E0107,wach,0.89,,,,,,,,
_result,0,2025-11-10 19:53:08+00:00,E0107,wach,0.89,,,,,,,,
_result,1,2025-11-10 19:54:53+00:00,E0107,wach,,A,0.66,0.19,0.26,,,,
_result,0,2025-11-10 19:54:54+00:00,E0107,wach,0.9,,,,,,,,
_result,0,2025-11-10 19:56:45+00:00,E0107,wach,0.9,,,,,,,,
_result,0,2025-11-10 19:58:38+00:00,E0107,wach,0.9,,,,,,,,
_result,0,2025-11-10 20:00:56+00:00,E0107,wach,0.9,,,,,,,,
_result,0,2025-11-10 20:02:42+00:00,E0107,wach,0.9,,,,,,,,
_result,0,2025-11-10 20:04:40+00:00,E0107,wach,0.9,,,,,,,,
_result,0,2025-11-10 20:06:32+00:00,E0107,wach,0.9,,,,,,,,
_result,0,2025-11-10 20:08:25+00:00,E0107,wach,0.9,,,,,,,,
_result,0,2025-11-10 20:10:18+00:00,E0107,wach,0.9,,,,,,,,
_result,2,2025-11-10 20:12:30+00:00,E0107,wach,,V,,,,238.7,236.8,238.9,
_result,0,2025-11-10 20:12:31+00:00,E0107,wach,0.9,,,,,,,,
_result,0,2025-11-10 20:14:20+00:00,E0107,wach,0.9,,,,,,,,
_result,2,2025-11-10 20:16:17+00:00,E0107,wach,,V,,,,238.8,237.0,239.4,
_result,0,2025-11-10 20:16:18+00:00,E0107,wach,0.9,,,,,,,,
_result,1,2025-11-10 20:18:09+00:00,E0107,wach,,A,0.66,0.2,0.26,,,,
_result,0,2025-11-10 20:18:10+00:00,E0107,wach,0.9,,,,,,,,
_result,0,2025-11-10 20:19:58+00:00,E0107,wach,0.9,,,,,,,,
_result,1,2025-11-10 20:21:55+00:00,E0107,wach,,A,0.66,0.2,0.26,,,,
_result,0,2025-11-10 20:21:56+00:00,E0107,wach,0.9,,,,,,,,
_result,0,2025-11-10 20:23:43+00:00,E0107,wach,0.9,,,,,,,,
_result,0,2025-11-10 20:25:40+00:00,E0107,wach,0.9,,,,,,,,
_result,0,2025-11-10 20:27:24+00:00,E0107,wach,0.9,,,,,,,,
_result,0,2025-11-10 20:29:05+00:00,E0107,wach,0.9,,,,,,,,
_result,1,2025-11-10 20:30:32+00:00,E0107,wach,,A,0.66,0.2,0.27,,,,
_result,0,2025-11-10 20:30:33+00:00,E0107,wach,0.9,,,,,,,,
_result,0,2025-11-10 20:32:14+00:00,E0107,wach,0.9,,,,,,,,
_result,0,2025-11-10 20:34:03+00:00,E0107,wach,0.9,,,,,,,,
_result,2,2025-11-10 20:36:06+00:00,E0107,wach,,V,,,,239.5,237.7,240.0,
_result,0,2025-11-10 20:36:07+00:00,E0107,wach,0.9,,,,,,,,
_result,0,2025-11-10 20:38:08+00:00,E0107,wach,0.9,,,,,,,,
_result,0,2025-11-10 20:40:01+00:00,E0107,wach,0.9,,,,,,,,
_result,1,2025-11-10 20:42:11+00:00,E0107,wach,,A,0.66,0.2,0.27,,,,
_result,0,2025-11-10 20:42:12+00:00,E0107,wach,0.9,,,,,,,,
_result,1,2025-11-10 20:43:51+00:00,E0107,wach,,A,0.66,0.2,0.27,,,,
_result,0,2025-11-10 20:43:52+00:00,E0107,wach,0.9,,,,,,,,
_result,0,2025-11-10 20:45:30+00:00,E0107,wach,0.9,,,,,,,,
_result,0,2025-11-10 20:47:08+00:00,E0107,wach,0.9,,,,,,,,
_result,1,2025-11-10 20:48:53+00:00,E0107,wach,,A,0.66,0.2,0.26,,,,
_result,0,2025-11-10 20:48:58+00:00,E0107,wach,0.9,,,,,,,,
_result,0,2025-11-10 20:50:52+00:00,E0107,wach,0.9,,,,,,,,
_result,0,2025-11-10 20:53:22+00:00,E0107,wach,0.9,,,,,,,,
_result,0,2025-11-10 20:55:18+00:00,E0107,wach,0.9,,,,,,,,
_result,0,2025-11-10 20:57:21+00:00,E0107,wach,0.9,,,,,,,,
_result,0,2025-11-10 20:59:15+00:00,E0107,wach,0.9,,,,,,,,
_result,1,2025-11-10 21:00:52+00:00,E0107,wach,,A,0.66,0.2,0.26,,,,
_result,0,2025-11-10 21:00:53+00:00,E0107,wach,0.9,,,,,,,,
_result,2,2025-11-10 21:02:36+00:00,E0107,wach,,V,,,,239.5,237.6,239.9,
_result,0,2025-11-10 21:02:37+00:00,E0107,wach,0.9,,,,,,,,
_result,1,2025-11-10 21:04:19+00:00,E0107,wach,,A,0.66,0.2,0.26,,,,
_result,0,2025-11-10 21:04:20+00:00,E0107,wach,0.9,,,,,,,,
_result,0,2025-11-10 21:06:06+00:00,E0107,wach,0.9,,,,,,,,
_result,1,2025-11-10 21:08:07+00:00,E0107,wach,,A,0.66,0.2,0.27,,,,
_result,3,2025-11-10 21:08:08+00:00,E0107,wach,,kW,,,,,,,0.239956
_result,0,2025-11-10 21:08:14+00:00,E0107,wach,0.9,,,,,,,,
_result,0,2025-11-10 21:10:08+00:00,E0107,wach,0.9,,,,,,,,
_result,0,2025-11-10 21:12:13+00:00,E0107,wach,0.9,,,,,,,,
_result,0,2025-11-10 21:14:15+00:00,E0107,wach,0.9,,,,,,,,
_result,1,2025-11-10 21:16:13+00:00,E0107,wach,,A,0.66,0.2,0.27,,,,
_result,0,2025-11-10 21:16:14+00:00,E0107,wach,0.9,,,,,,,,
_result,0,2025-11-10 21:18:38+00:00,E0107,wach,0.9,,,,,,,,
_result,1,2025-11-10 21:21:04+00:00,E0107,wach,,A,0.66,0.2,0.27,,,,
_result,0,2025-11-10 21:21:05+00:00,E0107,wach,0.9,,,,,,,,
_result,0,2025-11-10 21:23:09+00:00,E0107,wach,0.89,,,,,,,,
_result,0,2025-11-10 21:25:49+00:00,E0107,wach,0.89,,,,,,,,
_result,2,2025-11-10 21:28:06+00:00,E0107,wach,,V,,,,239.4,,,
_result,0,2025-11-10 21:28:07+00:00,E0107,wach,0.89,,,,,,,,
_result,0,2025-11-10 21:30:12+00:00,E0107,wach,0.89,,,,,,,,
_result,1,2025-11-10 21:32:05+00:00,E0107,wach,,A,0.66,0.19,0.26,,,,
_result,0,2025-11-10 21:32:06+00:00,E0107,wach,0.89,,,,,,,,
_result,0,2025-11-10 21:33:54+00:00,E0107,wach,0.89,,,,,,,,
_result,1,2025-11-10 21:37:13+00:00,E0107,wach,,A,0.66,0.19,0.26,,,,
_result,0,2025-11-10 21:37:14+00:00,E0107,wach,0.89,,,,,,,,
_result,0,2025-11-10 21:37:53+00:00,E0107,wach,0.89,,,,,,,,
_result,0,2025-11-10 21:38:51+00:00,E0107,wach,0.89,,,,,,,,
_result,0,2025-11-10 21:40:51+00:00,E0107,wach,0.89,,,,,,,,
_result,0,2025-11-10 21:42:44+00:00,E0107,wach,0.89,,,,,,,,
_result,0,2025-11-10 21:44:39+00:00,E0107,wach,0.89,,,,,,,,
_result,0,2025-11-10 21:46:47+00:00,E0107,wach,0.89,,,,,,,,
_result,1,2025-11-10 21:48:43+00:00,E0107,wach,,A,0.66,0.22,0.26,,,,
_result,0,2025-11-10 21:48:44+00:00,E0107,wach,0.9,,,,,,,,
_result,2,2025-11-10 21:50:23+00:00,E0107,wach,,V,,,,238.8,,,
_result,2,2025-11-10 21:50:26+00:00,E0107,wach,,V,,,,,236.8,239.2,
_result,0,2025-11-10 21:50:27+00:00,E0107,wach,0.9,,,,,,,,
_result,1,2025-11-10 21:52:16+00:00,E0107,wach,,A,0.66,,,,,,
_result,0,2025-11-10 21:52:17+00:00,E0107,wach,0.9,,,,,,,,
_result,0,2025-11-10 21:53:49+00:00,E0107,wach,0.9,,,,,,,,
_result,0,2025-11-10 21:55:58+00:00,E0107,wach,0.9,,,,,,,,
_result,2,2025-11-10 21:57:49+00:00,E0107,wach,,V,,,,238.8,236.8,239.2,
_result,0,2025-11-10 21:57:50+00:00,E0107,wach,0.9,,,,,,,,
_result,1,2025-11-10 21:59:43+00:00,E0107,wach,,A,0.66,0.22,0.26,,,,
_result,0,2025-11-10 21:59:44+00:00,E0107,wach,0.9,,,,,,,,
_result,0,2025-11-10 22:01:42+00:00,E0107,wach,0.9,,,,,,,,
_result,0,2025-11-10 22:03:15+00:00,E0107,wach,0.9,,,,,,,,
_result,0,2025-11-10 22:04:47+00:00,E0107,wach,0.9,,,,,,,,
_result,0,2025-11-10 22:06:40+00:00,E0107,wach,0.9,,,,,,,,
_result,2,2025-11-10 22:10:14+00:00,E0107,wach,,V,,,,238.3,236.4,238.9,
_result,0,2025-11-10 22:10:15+00:00,E0107,wach,0.9,,,,,,,,
_result,1,2025-11-10 22:11:39+00:00,E0107,wach,,A,0.66,0.2,0.26,,,,
_result,0,2025-11-10 22:11:40+00:00,E0107,wach,0.9,,,,,,,,
_result,2,2025-11-10 22:12:53+00:00,E0107,wach,,V,,,,238.3,236.4,238.9,
_result,0,2025-11-10 22:12:54+00:00,E0107,wach,0.9,,,,,,,,
_result,0,2025-11-10 22:14:35+00:00,E0107,wach,0.9,,,,,,,,
_result,0,2025-11-10 22:16:20+00:00,E0107,wach,0.9,,,,,,,,
_result,1,2025-11-10 22:17:56+00:00,E0107,wach,,A,0.66,0.2,,,,,
_result,0,2025-11-10 22:17:57+00:00,E0107,wach,0.9,,,,,,,,
_result,0,2025-11-10 22:19:40+00:00,E0107,wach,0.9,,,,,,,,
_result,1,2025-11-10 22:21:48+00:00,E0107,wach,,A,0.66,0.2,0.26,,,,
_result,0,2025-11-10 22:21:49+00:00,E0107,wach,0.9,,,,,,,,
_result,0,2025-11-10 22:23:49+00:00,E0107,wach,0.9,,,,,,,,
_result,1,2025-11-10 22:25:41+00:00,E0107,wach,,A,0.66,0.2,0.26,,,,
_result,0,2025-11-10 22:25:42+00:00,E0107,wach,0.9,,,,,,,,
_result,1,2025-11-10 22:27:15+00:00,E0107,wach,,A,0.66,0.2,0.26,,,,
_result,0,2025-11-10 22:27:16+00:00,E0107,wach,0.9,,,,,,,,
_result,2,2025-11-10 22:28:56+00:00,E0107,wach,,V,,,,237.9,236.1,238.5,
_result,0,2025-11-10 22:28:57+00:00,E0107,wach,0.9,,,,,,,,
_result,2,2025-11-10 22:30:41+00:00,E0107,wach,,V,,,,237.9,236.1,238.5,
_result,0,2025-11-10 22:30:42+00:00,E0107,wach,0.9,,,,,,,,
_result,1,2025-11-10 22:32:46+00:00,E0107,wach,,A,0.66,0.2,0.26,,,,
_result,0,2025-11-10 22:32:47+00:00,E0107,wach,0.9,,,,,,,,
_result,0,2025-11-10 22:34:44+00:00,E0107,wach,0.9,,,,,,,,
_result,2,2025-11-10 22:37:06+00:00,E0107,wach,,V,,,,237.4,235.5,237.9,
_result,0,2025-11-10 22:37:07+00:00,E0107,wach,0.9,,,,,,,,
_result,2,2025-11-10 22:38:53+00:00,E0107,wach,,V,,,,236.8,234.9,237.3,
_result,0,2025-11-10 22:38:54+00:00,E0107,wach,0.9,,,,,,,,
_result,0,2025-11-10 22:40:58+00:00,E0107,wach,0.9,,,,,,,,
_result,0,2025-11-10 22:43:00+00:00,E0107,wach,0.9,,,,,,,,
_result,0,2025-11-10 22:44:45+00:00,E0107,wach,0.9,,,,,,,,
_result,0,2025-11-10 22:46:22+00:00,E0107,wach,0.9,,,,,,,,
_result,0,2025-11-10 22:48:10+00:00,E0107,wach,0.9,,,,,,,,
_result,1,2025-11-10 22:50:03+00:00,E0107,wach,,A,0.66,0.2,0.26,,,,
_result,0,2025-11-10 22:50:04+00:00,E0107,wach,0.9,,,,,,,,
_result,2,2025-11-10 22:52:13+00:00,E0107,wach,,V,,,,236.8,234.7,237.0,
_result,0,2025-11-10 22:52:14+00:00,E0107,wach,0.9,,,,,,,,
_result,0,2025-11-10 22:53:59+00:00,E0107,wach,0.9,,,,,,,,
_result,0,2025-11-10 22:55:46+00:00,E0107,wach,0.9,,,,,,,,
_result,2,2025-11-10 22:57:27+00:00,E0107,wach,,V,,,,236.3,234.5,,
_result,0,2025-11-10 22:57:28+00:00,E0107,wach,0.9,,,,,,,,
_result,0,2025-11-10 22:59:27+00:00,E0107,wach,0.9,,,,,,,,
_result,0,2025-11-10 23:01:43+00:00,E0107,wach,0.9,,,,,,,,
_result,0,2025-11-10 23:03:55+00:00,E0107,wach,0.9,,,,,,,,
_result,1,2025-11-10 23:05:52+00:00,E0107,wach,,A,0.66,0.19,0.26,,,,
_result,0,2025-11-10 23:05:53+00:00,E0107,wach,0.9,,,,,,,,
_result,0,2025-11-10 23:07:41+00:00,E0107,wach,0.9,,,,,,,,
_result,1,2025-11-10 23:09:26+00:00,E0107,wach,,A,0.66,0.19,0.25,,,,
_result,0,2025-11-10 23:09:27+00:00,E0107,wach,0.9,,,,,,,,
_result,0,2025-11-10 23:11:25+00:00,E0107,wach,0.9,,,,,,,,
_result,2,2025-11-10 23:13:30+00:00,E0107,wach,,V,,,,235.0,232.8,235.1,
_result,0,2025-11-10 23:13:31+00:00,E0107,wach,0.9,,,,,,,,
_result,0,2025-11-10 23:15:29+00:00,E0107,wach,0.9,,,,,,,,
_result,0,2025-11-10 23:17:25+00:00,E0107,wach,0.9,,,,,,,,
_result,0,2025-11-10 23:19:30+00:00,E0107,wach,0.9,,,,,,,,
_result,0,2025-11-10 23:21:27+00:00,E0107,wach,0.9,,,,,,,,
_result,2,2025-11-10 23:23:23+00:00,E0107,wach,,V,,,,233.5,231.2,233.6,
_result,0,2025-11-10 23:23:24+00:00,E0107,wach,0.74,,,,,,,,
_result,0,2025-11-10 23:25:07+00:00,E0107,wach,0.74,,,,,,,,
_result,1,2025-11-10 23:26:55+00:00,E0107,wach,,A,4.61,,,,,,
_result,0,2025-11-10 23:26:56+00:00,E0107,wach,0.74,,,,,,,,
_result,2,2025-11-10 23:28:45+00:00,E0107,wach,,V,,,,233.5,,,
_result,0,2025-11-10 23:28:46+00:00,E0107,wach,0.74,,,,,,,,
_result,1,2025-11-10 23:30:56+00:00,E0107,wach,,A,4.61,4.02,4.29,,,,
_result,0,2025-11-10 23:30:57+00:00,E0107,wach,0.74,,,,,,,,
_result,0,2025-11-10 23:32:55+00:00,E0107,wach,0.74,,,,,,,,
_result,0,2025-11-10 23:34:56+00:00,E0107,wach,0.75,,,,,,,,
_result,0,2025-11-10 23:36:39+00:00,E0107,wach,0.75,,,,,,,,
_result,0,2025-11-10 23:38:25+00:00,E0107,wach,0.75,,,,,,,,
_result,0,2025-11-10 23:40:27+00:00,E0107,wach,0.75,,,,,,,,
_result,0,2025-11-10 23:42:35+00:00,E0107,wach,0.75,,,,,,,,
_result,0,2025-11-10 23:44:25+00:00,E0107,wach,0.75,,,,,,,,
_result,1,2025-11-10 23:46:19+00:00,E0107,wach,,A,4.59,4.0,4.26,,,,
_result,0,2025-11-10 23:46:20+00:00,E0107,wach,0.75,,,,,,,,
_result,0,2025-11-10 23:48:06+00:00,E0107,wach,0.75,,,,,,,,
_result,0,2025-11-10 23:49:47+00:00,E0107,wach,0.75,,,,,,,,
_result,1,2025-11-10 23:52:01+00:00,E0107,wach,,A,4.59,4.0,,,,,
_result,0,2025-11-10 23:52:02+00:00,E0107,wach,0.75,,,,,,,,
_result,2,2025-11-10 23:54:00+00:00,E0107,wach,,V,,,,232.1,229.9,232.1,
_result,0,2025-11-10 23:54:01+00:00,E0107,wach,0.76,,,,,,,,
_result,1,2025-11-10 23:55:54+00:00,E0107,wach,,A,4.57,3.98,4.23,,,,
_result,0,2025-11-10 23:55:55+00:00,E0107,wach,0.76,,,,,,,,
_result,0,2025-11-10 23:57:37+00:00,E0107,wach,0.76,,,,,,,,
_result,0,2025-11-10 23:59:44+00:00,E0107,wach,0.76,,,,,,,,
_result,0,2025-11-11 00:01:56+00:00,E0107,wach,0.76,,,,,,,,
_result,0,2025-11-11 00:04:00+00:00,E0107,wach,0.76,,,,,,,,
_result,1,2025-11-11 00:06:05+00:00,E0107,wach,,A,4.57,,,,,,
_result,0,2025-11-11 00:06:06+00:00,E0107,wach,0.76,,,,,,,,
_result,0,2025-11-11 00:08:06+00:00,E0107,wach,0.76,,,,,,,,
_result,1,2025-11-11 00:10:07+00:00,E0107,wach,,A,4.57,3.98,4.23,,,,
_result,0,2025-11-11 00:10:08+00:00,E0107,wach,0.76,,,,,,,,
_result,0,2025-11-11 00:12:18+00:00,E0107,wach,0.76,,,,,,,,
_result,0,2025-11-11 00:14:13+00:00,E0107,wach,0.75,,,,,,,,
_result,0,2025-11-11 00:15:58+00:00,E0107,wach,0.75,,,,,,,,
_result,1,2025-11-11 00:17:51+00:00,E0107,wach,,A,4.6,4.01,4.26,,,,
_result,0,2025-11-11 00:17:52+00:00,E0107,wach,0.75,,,,,,,,
_result,0,2025-11-11 00:19:38+00:00,E0107,wach,0.75,,,,,,,,
_result,1,2025-11-11 00:21:36+00:00,E0107,wach,,A,4.59,4.0,4.26,,,,
_result,0,2025-11-11 00:21:37+00:00,E0107,wach,0.75,,,,,,,,
_result,2,2025-11-11 00:23:48+00:00,E0107,wach,,V,,,,233.7,231.7,233.9,
_result,0,2025-11-11 00:23:49+00:00,E0107,wach,0.75,,,,,,,,
_result,0,2025-11-11 00:25:35+00:00,E0107,wach,0.75,,,,,,,,
_result,0,2025-11-11 00:27:21+00:00,E0107,wach,0.76,,,,,,,,
_result,0,2025-11-11 00:29:11+00:00,E0107,wach,0.76,,,,,,,,
_result,2,2025-11-11 00:31:06+00:00,E0107,wach,,V,,,,232.6,230.3,232.7,
_result,0,2025-11-11 00:31:07+00:00,E0107,wach,0.76,,,,,,,,
_result,0,2025-11-11 00:33:15+00:00,E0107,wach,0.76,,,,,,,,
_result,0,2025-11-11 00:35:16+00:00,E0107,wach,0.76,,,,,,,,
_result,1,2025-11-11 00:37:21+00:00,E0107,wach,,A,4.57,3.98,4.24,,,,
_result,0,2025-11-11 00:37:22+00:00,E0107,wach,0.76,,,,,,,,
_result,1,2025-11-11 00:39:12+00:00,E0107,wach,,A,4.57,,,,,,
_result,0,2025-11-11 00:39:13+00:00,E0107,wach,0.76,,,,,,,,
_result,0,2025-11-11 00:41:06+00:00,E0107,wach,0.76,,,,,,,,
_result,1,2025-11-11 00:43:08+00:00,E0107,wach,,A,4.58,3.99,4.24,,,,
_result,0,2025-11-11 00:43:09+00:00,E0107,wach,0.76,,,,,,,,
_result,0,2025-11-11 00:44:42+00:00,E0107,wach,0.76,,,,,,,,
_result,2,2025-11-11 00:47:01+00:00,E0107,wach,,V,,,,232.3,230.4,232.7,
_result,0,2025-11-11 00:47:02+00:00,E0107,wach,0.76,,,,,,,,
_result,2,2025-11-11 00:49:07+00:00,E0107,wach,,V,,,,232.3,230.4,,
_result,1,2025-11-11 00:49:08+00:00,E0107,wach,,A,4.58,3.99,4.24,,,,
_result,0,2025-11-11 00:49:09+00:00,E0107,wach,0.76,,,,,,,,
_result,0,2025-11-11 00:51:25+00:00,E0107,wach,0.76,,,,,,,,
_result,0,2025-11-11 00:53:26+00:00,E0107,wach,0.76,,,,,,,,
_result,0,2025-11-11 00:55:12+00:00,E0107,wach,0.76,,,,,,,,
_result,1,2025-11-11 00:56:59+00:00,E0107,wach,,A,4.58,3.99,4.24,,,,
_result,0,2025-11-11 00:57:00+00:00,E0107,wach,0.76,,,,,,,,
_result,1,2025-11-11 00:58:54+00:00,E0107,wach,,A,4.58,3.99,4.24,,,,
_result,0,2025-11-11 00:58:55+00:00,E0107,wach,0.76,,,,,,,,
_result,1,2025-11-11 01:01:13+00:00,E0107,wach,,A,4.55,3.97,4.22,,,,
_result,0,2025-11-11 01:01:14+00:00,E0107,wach,0.76,,,,,,,,
_result,1,2025-11-11 01:02:53+00:00,E0107,wach,,A,4.55,3.97,4.22,,,,
_result,0,2025-11-11 01:02:54+00:00,E0107,wach,0.76,,,,,,,,
_result,0,2025-11-11 01:04:48+00:00,E0107,wach,0.76,,,,,,,,
_result,1,2025-11-11 01:06:58+00:00,E0107,wach,,A,4.55,3.97,4.22,,,,
_result,0,2025-11-11 01:06:59+00:00,E0107,wach,0.76,,,,,,,,
_result,2,2025-11-11 01:09:22+00:00,E0107,wach,,V,,,,234.9,,,
_result,0,2025-11-11 01:09:23+00:00,E0107,wach,0.76,,,,,,,,
_result,0,2025-11-11 01:11:24+00:00,E0107,wach,0.75,,,,,,,,
_result,1,2025-11-11 01:13:08+00:00,E0107,wach,,A,4.6,4.0,4.27,,,,
_result,0,2025-11-11 01:13:09+00:00,E0107,wach,0.75,,,,,,,,
_result,0,2025-11-11 01:15:44+00:00,E0107,wach,0.75,,,,,,,,
_result,0,2025-11-11 01:17:11+00:00,E0107,wach,0.75,,,,,,,,
_result,0,2025-11-11 01:19:17+00:00,E0107,wach,0.75,,,,,,,,
_result,1,2025-11-11 01:22:12+00:00,E0107,wach,,A,4.61,4.01,4.28,,,,
_result,0,2025-11-11 01:22:13+00:00,E0107,wach,0.75,,,,,,,,
_result,0,2025-11-11 01:23:35+00:00,E0107,wach,0.75,,,,,,,,
_result,0,2025-11-11 01:25:31+00:00,E0107,wach,0.75,,,,,,,,
_result,0,2025-11-11 01:27:52+00:00,E0107,wach,0.75,,,,,,,,
_result,0,2025-11-11 01:29:58+00:00,E0107,wach,0.75,,,,,,,,
_result,0,2025-11-11 01:34:05+00:00,E0107,wach,0.75,,,,,,,,
_result,0,2025-11-11 01:34:18+00:00,E0107,wach,0.75,,,,,,,,
_result,0,2025-11-11 01:36:31+00:00,E0107,wach,0.75,,,,,,,,
_result,0,2025-11-11 01:38:11+00:00,E0107,wach,0.75,,,,,,,,
_result,0,2025-11-11 01:40:36+00:00,E0107,wach,0.75,,,,,,,,
_result,0,2025-11-11 01:42:09+00:00,E0107,wach,0.75,,,,,,,,
_result,1,2025-11-11 01:44:10+00:00,E0107,wach,,A,4.59,,,,,,
_result,0,2025-11-11 01:44:11+00:00,E0107,wach,0.75,,,,,,,,
_result,2,2025-11-11 01:46:42+00:00,E0107,wach,,V,,,,234.4,232.2,234.3,
_result,0,2025-11-11 01:46:43+00:00,E0107,wach,0.75,,,,,,,,
_result,1,2025-11-11 01:49:57+00:00,E0107,wach,,A,4.59,4.0,4.25,,,,
_result,0,2025-11-11 01:49:58+00:00,E0107,wach,0.75,,,,,,,,
_result,0,2025-11-11 01:53:06+00:00,E0107,wach,0.75,,,,,,,,
_result,1,2025-11-11 01:53:10+00:00,E0107,wach,,A,4.61,4.0,4.28,,,,
_result,0,2025-11-11 01:53:11+00:00,E0107,wach,0.75,,,,,,,,
_result,0,2025-11-11 01:54:56+00:00,E0107,wach,0.75,,,,,,,,
_result,1,2025-11-11 01:57:00+00:00,E0107,wach,,A,4.59,3.99,4.26,,,,
_result,0,2025-11-11 01:57:01+00:00,E0107,wach,0.75,,,,,,,,
_result,2,2025-11-11 01:58:59+00:00,E0107,wach,,V,,,,234.4,232.2,234.6,
_result,0,2025-11-11 01:59:00+00:00,E0107,wach,0.75,,,,,,,,
_result,1,2025-11-11 02:02:25+00:00,E0107,wach,,A,4.59,3.99,4.26,,,,
_result,0,2025-11-11 02:02:26+00:00,E0107,wach,0.75,,,,,,,,
_result,1,2025-11-11 02:03:39+00:00,E0107,wach,,A,4.59,3.99,4.27,,,,
_result,0,2025-11-11 02:03:40+00:00,E0107,wach,0.75,,,,,,,,
_result,1,2025-11-11 02:05:45+00:00,E0107,wach,,A,4.59,3.99,4.27,,,,
_result,0,2025-11-11 02:05:46+00:00,E0107,wach,0.75,,,,,,,,
_result,2,2025-11-11 02:07:44+00:00,E0107,wach,,V,,,,234.5,232.4,234.7,
_result,0,2025-11-11 02:07:45+00:00,E0107,wach,0.75,,,,,,,,
_result,0,2025-11-11 02:09:47+00:00,E0107,wach,0.75,,,,,,,,
_result,0,2025-11-11 02:11:43+00:00,E0107,wach,0.75,,,,,,,,
_result,0,2025-11-11 02:14:18+00:00,E0107,wach,0.75,,,,,,,,
_result,0,2025-11-11 02:16:15+00:00,E0107,wach,0.75,,,,,,,,
_result,0,2025-11-11 02:18:19+00:00,E0107,wach,0.75,,,,,,,,
_result,2,2025-11-11 02:20:30+00:00,E0107,wach,,V,,,,233.9,,,
_result,1,2025-11-11 02:20:31+00:00,E0107,wach,,A,4.59,4.0,4.26,,,,
_result,0,2025-11-11 02:20:32+00:00,E0107,wach,0.75,,,,,,,,
_result,0,2025-11-11 02:23:33+00:00,E0107,wach,0.75,,,,,,,,
_result,2,2025-11-11 02:24:42+00:00,E0107,wach,,V,,,,233.9,231.7,234.1,
_result,0,2025-11-11 02:24:43+00:00,E0107,wach,0.75,,,,,,,,
_result,0,2025-11-11 02:26:50+00:00,E0107,wach,0.75,,,,,,,,
_result,1,2025-11-11 02:29:42+00:00,E0107,wach,,A,4.59,3.99,4.26,,,,
_result,0,2025-11-11 02:29:43+00:00,E0107,wach,0.75,,,,,,,,
_result,0,2025-11-11 02:31:52+00:00,E0107,wach,0.75,,,,,,,,
_result,0,2025-11-11 02:34:32+00:00,E0107,wach,0.75,,,,,,,,
_result,2,2025-11-11 02:35:37+00:00,E0107,wach,,V,,,,233.8,231.6,233.9,
_result,0,2025-11-11 02:35:38+00:00,E0107,wach,0.75,,,,,,,,
_result,0,2025-11-11 02:37:30+00:00,E0107,wach,0.75,,,,,,,,
_result,1,2025-11-11 02:40:04+00:00,E0107,wach,,A,4.6,3.99,4.26,,,,
_result,0,2025-11-11 02:40:05+00:00,E0107,wach,0.75,,,,,,,,
_result,1,2025-11-11 02:41:52+00:00,E0107,wach,,A,4.6,3.99,4.26,,,,
_result,0,2025-11-11 02:41:53+00:00,E0107,wach,0.75,,,,,,,,
_result,2,2025-11-11 02:43:52+00:00,E0107,wach,,V,,,,234.7,232.5,234.9,
_result,1,2025-11-11 02:43:54+00:00,E0107,wach,,A,4.6,3.99,4.26,,,,
_result,0,2025-11-11 02:43:56+00:00,E0107,wach,0.75,,,,,,,,
_result,0,2025-11-11 02:45:59+00:00,E0107,wach,0.75,,,,,,,,
_result,0,2025-11-11 02:49:19+00:00,E0107,wach,0.75,,,,,,,,
_result,0,2025-11-11 02:50:11+00:00,E0107,wach,0.75,,,,,,,,
_result,0,2025-11-11 02:53:16+00:00,E0107,wach,0.75,,,,,,,,
_result,0,2025-11-11 02:53:40+00:00,E0107,wach,0.75,,,,,,,,
_result,0,2025-11-11 02:55:40+00:00,E0107,wach,0.75,,,,,,,,
_result,0,2025-11-11 02:57:59+00:00,E0107,wach,0.75,,,,,,,,
_result,0,2025-11-11 02:59:59+00:00,E0107,wach,0.75,,,,,,,,
_result,0,2025-11-11 03:02:16+00:00,E0107,wach,0.75,,,,,,,,
_result,1,2025-11-11 03:04:58+00:00,E0107,wach,,A,4.58,3.99,4.25,,,,
_result,0,2025-11-11 03:04:59+00:00,E0107,wach,0.75,,,,,,,,
_result,0,2025-11-11 03:05:57+00:00,E0107,wach,0.75,,,,,,,,
_result,0,2025-11-11 03:07:45+00:00,E0107,wach,0.75,,,,,,,,
_result,0,2025-11-11 03:09:46+00:00,E0107,wach,0.75,,,,,,,,
_result,0,2025-11-11 03:11:55+00:00,E0107,wach,0.75,,,,,,,,
_result,2,2025-11-11 03:13:53+00:00,E0107,wach,,V,,,,232.8,,,
_result,2,2025-11-11 03:13:54+00:00,E0107,wach,,V,,,,,230.7,,
_result,2,2025-11-11 03:13:56+00:00,E0107,wach,,V,,,,,,232.7,
_result,0,2025-11-11 03:13:58+00:00,E0107,wach,0.75,,,,,,,,
_result,0,2025-11-11 03:16:11+00:00,E0107,wach,0.75,,,,,,,,
_result,0,2025-11-11 03:18:09+00:00,E0107,wach,0.75,,,,,,,,
_result,0,2025-11-11 03:20:14+00:00,E0107,wach,0.75,,,,,,,,
_result,0,2025-11-11 03:23:33+00:00,E0107,wach,0.75,,,,,,,,
_result,0,2025-11-11 03:24:41+00:00,E0107,wach,0.75,,,,,,,,
_result,2,2025-11-11 03:26:36+00:00,E0107,wach,,V,,,,233.6,,,
_result,0,2025-11-11 03:26:37+00:00,E0107,wach,0.75,,,,,,,,
_result,0,2025-11-11 03:28:40+00:00,E0107,wach,0.75,,,,,,,,
_result,0,2025-11-11 03:30:44+00:00,E0107,wach,0.75,,,,,,,,
_result,2,2025-11-11 03:32:47+00:00,E0107,wach,,V,,,,232.8,,,
_result,0,2025-11-11 03:32:48+00:00,E0107,wach,0.75,,,,,,,,
_result,0,2025-11-11 03:34:52+00:00,E0107,wach,0.75,,,,,,,,
_result,2,2025-11-11 03:37:13+00:00,E0107,wach,,V,,,,232.8,,,
_result,2,2025-11-11 03:37:14+00:00,E0107,wach,,V,,,,,230.5,,
_result,2,2025-11-11 03:37:15+00:00,E0107,wach,,V,,,,,,233.6,
_result,1,2025-11-11 03:37:21+00:00,E0107,wach,,A,4.57,3.97,4.24,,,,
_result,0,2025-11-11 03:37:22+00:00,E0107,wach,0.75,,,,,,,,
_result,0,2025-11-11 03:39:53+00:00,E0107,wach,0.75,,,,,,,,
_result,0,2025-11-11 03:41:45+00:00,E0107,wach,0.75,,,,,,,,
_result,0,2025-11-11 03:43:52+00:00,E0107,wach,0.75,,,,,,,,
_result,0,2025-11-11 03:46:03+00:00,E0107,wach,0.75,,,,,,,,
_result,0,2025-11-11 03:48:25+00:00,E0107,wach,0.75,,,,,,,,
_result,0,2025-11-11 03:50:39+00:00,E0107,wach,0.75,,,,,,,,
_result,0,2025-11-11 03:52:56+00:00,E0107,wach,0.75,,,,,,,,
_result,1,2025-11-11 03:55:09+00:00,E0107,wach,,A,4.57,3.98,4.25,,,,
_result,0,2025-11-11 03:55:10+00:00,E0107,wach,0.75,,,,,,,,
_result,1,2025-11-11 03:57:06+00:00,E0107,wach,,A,4.57,3.98,4.25,,,,
_result,0,2025-11-11 03:57:07+00:00,E0107,wach,0.75,,,,,,,,
_result,0,2025-11-11 03:59:18+00:00,E0107,wach,0.75,,,,,,,,
_result,0,2025-11-11 04:01:55+00:00,E0107,wach,0.75,,,,,,,,
_result,0,2025-11-11 04:04:15+00:00,E0107,wach,0.75,,,,,,,,
_result,2,2025-11-11 04:06:34+00:00,E0107,wach,,V,,,,233.7,231.5,233.9,
_result,0,2025-11-11 04:06:35+00:00,E0107,wach,0.75,,,,,,,,
_result,0,2025-11-11 04:08:33+00:00,E0107,wach,0.75,,,,,,,,
_result,0,2025-11-11 04:10:39+00:00,E0107,wach,0.75,,,,,,,,
_result,0,2025-11-11 04:12:36+00:00,E0107,wach,0.75,,,,,,,,
_result,1,2025-11-11 04:14:36+00:00,E0107,wach,,A,4.58,3.97,4.26,,,,
_result,0,2025-11-11 04:14:37+00:00,E0107,wach,0.75,,,,,,,,
_result,0,2025-11-11 04:16:42+00:00,E0107,wach,0.75,,,,,,,,
_result,0,2025-11-11 04:19:28+00:00,E0107,wach,0.75,,,,,,,,
_result,0,2025-11-11 04:21:22+00:00,E0107,wach,0.75,,,,,,,,
_result,2,2025-11-11 04:23:27+00:00,E0107,wach,,V,,,,233.5,231.4,233.8,
_result,0,2025-11-11 04:23:28+00:00,E0107,wach,0.75,,,,,,,,
_result,0,2025-11-11 04:25:37+00:00,E0107,wach,0.75,,,,,,,,
_result,1,2025-11-11 04:27:54+00:00,E0107,wach,,A,4.58,3.98,4.27,,,,
_result,0,2025-11-11 04:27:55+00:00,E0107,wach,0.75,,,,,,,,
_result,1,2025-11-11 04:30:42+00:00,E0107,wach,,A,4.58,3.98,4.27,,,,
_result,0,2025-11-11 04:30:43+00:00,E0107,wach,0.75,,,,,,,,
_result,0,2025-11-11 04:32:42+00:00,E0107,wach,0.75,,,,,,,,
_result,0,2025-11-11 04:34:40+00:00,E0107,wach,0.75,,,,,,,,
_result,1,2025-11-11 04:36:47+00:00,E0107,wach,,A,4.59,3.98,4.27,,,,
_result,0,2025-11-11 04:36:48+00:00,E0107,wach,0.75,,,,,,,,
_result,2,2025-11-11 04:40:29+00:00,E0107,wach,,V,,,,234.1,231.9,234.4,
_result,0,2025-11-11 04:40:30+00:00,E0107,wach,0.75,,,,,,,,
_result,1,2025-11-11 04:41:27+00:00,E0107,wach,,A,4.58,3.98,,,,,
_result,0,2025-11-11 04:41:28+00:00,E0107,wach,0.75,,,,,,,,
_result,0,2025-11-11 04:43:31+00:00,E0107,wach,0.75,,,,,,,,
_result,2,2025-11-11 04:45:40+00:00,E0107,wach,,V,,,,234.1,,,
_result,0,2025-11-11 04:45:41+00:00,E0107,wach,0.75,,,,,,,,
_result,2,2025-11-11 04:47:35+00:00,E0107,wach,,V,,,,234.0,,,
_result,0,2025-11-11 04:47:36+00:00,E0107,wach,0.75,,,,,,,,
_result,0,2025-11-11 04:49:30+00:00,E0107,wach,0.75,,,,,,,,
_result,0,2025-11-11 04:51:30+00:00,E0107,wach,0.75,,,,,,,,
_result,1,2025-11-11 04:53:39+00:00,E0107,wach,,A,4.58,3.98,4.26,,,,
_result,0,2025-11-11 04:53:40+00:00,E0107,wach,0.75,,,,,,,,
_result,0,2025-11-11 04:55:49+00:00,E0107,wach,0.75,,,,,,,,
_result,0,2025-11-11 04:57:35+00:00,E0107,wach,0.75,,,,,,,,
_result,1,2025-11-11 05:00:07+00:00,E0107,wach,,A,4.57,3.97,4.25,,,,
_result,0,2025-11-11 05:00:08+00:00,E0107,wach,0.75,,,,,,,,
_result,0,2025-11-11 05:02:26+00:00,E0107,wach,0.75,,,,,,,,
_result,0,2025-11-11 05:04:31+00:00,E0107,wach,0.75,,,,,,,,
_result,0,2025-11-11 05:06:47+00:00,E0107,wach,0.75,,,,,,,,
_result,0,2025-11-11 05:08:56+00:00,E0107,wach,0.75,,,,,,,,
_result,0,2025-11-11 05:11:12+00:00,E0107,wach,0.75,,,,,,,,
_result,1,2025-11-11 05:13:57+00:00,E0107,wach,,A,4.57,3.96,4.27,,,,
_result,0,2025-11-11 05:13:58+00:00,E0107,wach,0.75,,,,,,,,
_result,2,2025-11-11 05:15:21+00:00,E0107,wach,,V,,,,233.9,231.6,234.1,
_result,0,2025-11-11 05:15:22+00:00,E0107,wach,0.75,,,,,,,,
_result,0,2025-11-11 05:17:32+00:00,E0107,wach,0.75,,,,,,,,
_result,1,2025-11-11 05:20:30+00:00,E0107,wach,,A,4.57,3.97,4.26,,,,
_result,0,2025-11-11 05:20:31+00:00,E0107,wach,0.75,,,,,,,,
_result,0,2025-11-11 05:21:49+00:00,E0107,wach,0.75,,,,,,,,
_result,0,2025-11-11 05:23:59+00:00,E0107,wach,0.75,,,,,,,,
_result,0,2025-11-11 05:26:13+00:00,E0107,wach,0.75,,,,,,,,
_result,1,2025-11-11 05:28:44+00:00,E0107,wach,,A,4.58,3.97,4.27,,,,
_result,0,2025-11-11 05:28:45+00:00,E0107,wach,0.75,,,,,,,,
_result,0,2025-11-11 05:30:37+00:00,E0107,wach,0.75,,,,,,,,
_result,1,2025-11-11 05:33:44+00:00,E0107,wach,,A,4.57,3.97,4.25,,,,
_result,0,2025-11-11 05:33:45+00:00,E0107,wach,0.75,,,,,,,,
_result,0,2025-11-11 05:34:49+00:00,E0107,wach,0.75,,,,,,,,
_result,1,2025-11-11 05:36:53+00:00,E0107,wach,,A,4.57,3.97,4.25,,,,
_result,0,2025-11-11 05:36:54+00:00,E0107,wach,0.75,,,,,,,,
_result,0,2025-11-11 05:40:11+00:00,E0107,wach,0.75,,,,,,,,
_result,0,2025-11-11 05:41:20+00:00,E0107,wach,0.75,,,,,,,,
_result,0,2025-11-11 05:44:16+00:00,E0107,wach,0.75,,,,,,,,
_result,1,2025-11-11 05:45:54+00:00,E0107,wach,,A,4.57,3.97,4.25,,,,
_result,0,2025-11-11 05:45:55+00:00,E0107,wach,0.75,,,,,,,,
_result,0,2025-11-11 05:48:04+00:00,E0107,wach,0.75,,,,,,,,
_result,1,2025-11-11 05:51:13+00:00,E0107,wach,,A,4.57,3.97,4.25,,,,
_result,0,2025-11-11 05:51:14+00:00,E0107,wach,0.75,,,,,,,,
_result,1,2025-11-11 05:53:21+00:00,E0107,wach,,A,4.57,3.97,4.25,,,,
_result,0,2025-11-11 05:53:22+00:00,E0107,wach,0.75,,,,,,,,
_result,0,2025-11-11 05:55:16+00:00,E0107,wach,0.75,,,,,,,,
_result,0,2025-11-11 05:56:39+00:00,E0107,wach,0.75,,,,,,,,
_result,2,2025-11-11 05:58:53+00:00,E0107,wach,,V,,,,233.7,231.4,233.7,
_result,0,2025-11-11 05:58:54+00:00,E0107,wach,0.75,,,,,,,,
_result,1,2025-11-11 06:01:23+00:00,E0107,wach,,A,4.57,3.98,4.26,,,,
_result,0,2025-11-11 06:01:24+00:00,E0107,wach,0.75,,,,,,,,
_result,2,2025-11-11 06:04:32+00:00,E0107,wach,,V,,,,233.6,231.3,233.5,
_result,0,2025-11-11 06:04:33+00:00,E0107,wach,0.75,,,,,,,,
_result,0,2025-11-11 06:05:40+00:00,E0107,wach,0.75,,,,,,,,
_result,0,2025-11-11 06:07:36+00:00,E0107,wach,0.75,,,,,,,,
_result,0,2025-11-11 06:10:37+00:00,E0107,wach,0.75,,,,,,,,
_result,2,2025-11-11 06:13:09+00:00,E0107,wach,,V,,,,233.6,231.3,233.5,
_result,1,2025-11-11 06:13:10+00:00,E0107,wach,,A,4.57,3.98,4.25,,,,
_result,0,2025-11-11 06:13:11+00:00,E0107,wach,0.75,,,,,,,,
_result,0,2025-11-11 06:14:37+00:00,E0107,wach,0.75,,,,,,,,
_result,1,2025-11-11 06:16:52+00:00,E0107,wach,,A,4.57,3.98,4.25,,,,
_result,0,2025-11-11 06:16:53+00:00,E0107,wach,0.75,,,,,,,,
_result,1,2025-11-11 06:19:07+00:00,E0107,wach,,A,4.57,3.98,4.25,,,,
_result,0,2025-11-11 06:19:08+00:00,E0107,wach,0.75,,,,,,,,
_result,1,2025-11-11 06:21:16+00:00,E0107,wach,,A,4.57,3.98,4.25,,,,
_result,0,2025-11-11 06:21:17+00:00,E0107,wach,0.75,,,,,,,,
_result,0,2025-11-11 06:23:42+00:00,E0107,wach,0.75,,,,,,,,
_result,0,2025-11-11 06:25:59+00:00,E0107,wach,0.75,,,,,,,,
_result,1,2025-11-11 06:29:23+00:00,E0107,wach,,A,4.56,3.97,4.24,,,,
_result,0,2025-11-11 06:29:24+00:00,E0107,wach,0.75,,,,,,,,
_result,0,2025-11-11 06:31:21+00:00,E0107,wach,0.75,,,,,,,,
_result,1,2025-11-11 06:33:22+00:00,E0107,wach,,A,4.56,3.97,4.24,,,,
_result,0,2025-11-11 06:33:23+00:00,E0107,wach,0.75,,,,,,,,
_result,0,2025-11-11 06:35:33+00:00,E0107,wach,0.75,,,,,,,,
_result,2,2025-11-11 06:37:35+00:00,E0107,wach,,V,,,,233.2,231.0,233.4,
_result,0,2025-11-11 06:37:36+00:00,E0107,wach,0.75,,,,,,,,
_result,2,2025-11-11 06:40:28+00:00,E0107,wach,,V,,,,233.2,231.0,233.4,
_result,1,2025-11-11 06:40:29+00:00,E0107,wach,,A,4.57,3.97,4.25,,,,
_result,0,2025-11-11 06:40:32+00:00,E0107,wach,0.75,,,,,,,,
_result,0,2025-11-11 06:44:04+00:00,E0107,wach,0.75,,,,,,,,
_result,1,2025-11-11 06:46:47+00:00,E0107,wach,,A,4.56,3.97,4.25,,,,
_result,0,2025-11-11 06:46:48+00:00,E0107,wach,0.75,,,,,,,,
_result,1,2025-11-11 06:47:36+00:00,E0107,wach,,A,4.56,3.97,4.25,,,,
_result,0,2025-11-11 06:47:37+00:00,E0107,wach,0.75,,,,,,,,
_result,0,2025-11-11 06:49:45+00:00,E0107,wach,0.75,,,,,,,,
_result,0,2025-11-11 06:52:15+00:00,E0107,wach,0.75,,,,,,,,
_result,2,2025-11-11 06:55:29+00:00,E0107,wach,,V,,,,232.8,230.5,232.8,
_result,1,2025-11-11 06:55:30+00:00,E0107,wach,,A,4.56,3.97,4.23,,,,
_result,3,2025-11-11 06:55:31+00:00,E0107,wach,,kW,,,,,,,2.22664
_result,0,2025-11-11 06:55:32+00:00,E0107,wach,0.75,,,,,,,,
_result,0,2025-11-11 06:58:05+00:00,E0107,wach,0.76,,,,,,,,
_result,0,2025-11-11 07:00:33+00:00,E0107,wach,0.76,,,,,,,,
_result,0,2025-11-11 07:02:48+00:00,E0107,wach,0.76,,,,,,,,
_result,2,2025-11-11 07:04:55+00:00,E0107,wach,,V,,,,232.7,,,
_result,2,2025-11-11 07:04:56+00:00,E0107,wach,,V,,,,,230.5,,
_result,2,2025-11-11 07:04:57+00:00,E0107,wach,,V,,,,,,232.9,
_result,0,2025-11-11 07:04:59+00:00,E0107,wach,0.76,,,,,,,,
_result,1,2025-11-11 07:06:51+00:00,E0107,wach,,A,4.56,3.97,4.24,,,,
_result,0,2025-11-11 07:06:52+00:00,E0107,wach,0.75,,,,,,,,
_result,1,2025-11-11 07:09:34+00:00,E0107,wach,,A,4.56,3.97,4.24,,,,
_result,0,2025-11-11 07:09:35+00:00,E0107,wach,0.75,,,,,,,,
_result,0,2025-11-11 07:12:09+00:00,E0107,wach,0.75,,,,,,,,
_result,0,2025-11-11 07:14:14+00:00,E0107,wach,0.75,,,,,,,,
_result,0,2025-11-11 07:16:35+00:00,E0107,wach,0.75,,,,,,,,
_result,0,2025-11-11 07:18:35+00:00,E0107,wach,0.75,,,,,,,,
_result,2,2025-11-11 07:20:56+00:00,E0107,wach,,V,,,,232.6,230.3,232.6,
_result,1,2025-11-11 07:20:57+00:00,E0107,wach,,A,4.56,3.97,4.24,,,,
_result,0,2025-11-11 07:20:58+00:00,E0107,wach,0.75,,,,,,,,
_result,1,2025-11-11 07:24:12+00:00,E0107,wach,,A,4.57,3.97,4.25,,,,
_result,3,2025-11-11 07:24:13+00:00,E0107,wach,,kW,,,,,,,2.23291
_result,0,2025-11-11 07:24:14+00:00,E0107,wach,0.76,,,,,,,,
_result,0,2025-11-11 07:25:58+00:00,E0107,wach,0.76,,,,,,,,
_result,0,2025-11-11 07:27:26+00:00,E0107,wach,0.76,,,,,,,,
_result,0,2025-11-11 07:29:49+00:00,E0107,wach,0.76,,,,,,,,
_result,0,2025-11-11 07:31:56+00:00,E0107,wach,0.76,,,,,,,,
_result,1,2025-11-11 07:33:51+00:00,E0107,wach,,A,4.54,3.97,4.23,,,,
_result,0,2025-11-11 07:33:52+00:00,E0107,wach,0.76,,,,,,,,
_result,1,2025-11-11 07:35:51+00:00,E0107,wach,,A,4.55,3.96,4.24,,,,
_result,0,2025-11-11 07:35:52+00:00,E0107,wach,0.75,,,,,,,,
_result,0,2025-11-11 07:37:37+00:00,E0107,wach,0.75,,,,,,,,
_result,0,2025-11-11 07:39:55+00:00,E0107,wach,0.75,,,,,,,,
_result,0,2025-11-11 07:42:10+00:00,E0107,wach,0.75,,,,,,,,
_result,0,2025-11-11 07:44:17+00:00,E0107,wach,0.75,,,,,,,,
_result,0,2025-11-11 07:46:14+00:00,E0107,wach,0.75,,,,,,,,
_result,1,2025-11-11 07:48:21+00:00,E0107,wach,,A,4.55,3.97,4.24,,,,
_result,0,2025-11-11 07:48:22+00:00,E0107,wach,0.75,,,,,,,,
_result,0,2025-11-11 07:52:32+00:00,E0107,wach,0.75,,,,,,,,
_result,0,2025-11-11 07:52:51+00:00,E0107,wach,0.75,,,,,,,,
_result,0,2025-11-11 07:56:03+00:00,E0107,wach,0.75,,,,,,,,
_result,0,2025-11-11 07:57:14+00:00,E0107,wach,0.75,,,,,,,,
_result,0,2025-11-11 07:59:20+00:00,E0107,wach,0.75,,,,,,,,
_result,0,2025-11-11 08:03:47+00:00,E0107,wach,0.75,,,,,,,,
_result,1,2025-11-11 08:03:48+00:00,E0107,wach,,A,4.55,3.96,4.24,,,,
_result,0,2025-11-11 08:03:49+00:00,E0107,wach,0.75,,,,,,,,
_result,1,2025-11-11 08:06:12+00:00,E0107,wach,,A,4.55,3.96,,,,,
_result,0,2025-11-11 08:06:13+00:00,E0107,wach,0.75,,,,,,,,
_result,0,2025-11-11 08:08:18+00:00,E0107,wach,0.75,,,,,,,,
_result,0,2025-11-11 08:10:29+00:00,E0107,wach,0.75,,,,,,,,
_result,2,2025-11-11 08:12:28+00:00,E0107,wach,,V,,,,232.6,,,
_result,0,2025-11-11 08:12:29+00:00,E0107,wach,0.75,,,,,,,,
_result,0,2025-11-11 08:14:37+00:00,E0107,wach,0.75,,,,,,,,
_result,0,2025-11-11 08:16:44+00:00,E0107,wach,0.75,,,,,,,,
_result,0,2025-11-11 08:18:58+00:00,E0107,wach,0.75,,,,,,,,
_result,0,2025-11-11 08:20:59+00:00,E0107,wach,0.75,,,,,,,,
_result,0,2025-11-11 08:23:04+00:00,E0107,wach,0.75,,,,,,,,
_result,2,2025-11-11 08:25:11+00:00,E0107,wach,,V,,,,233.0,,,
_result,0,2025-11-11 08:25:12+00:00,E0107,wach,0.75,,,,,,,,
_result,0,2025-11-11 08:27:16+00:00,E0107,wach,0.75,,,,,,,,
_result,0,2025-11-11 08:29:25+00:00,E0107,wach,0.75,,,,,,,,
_result,0,2025-11-11 08:31:20+00:00,E0107,wach,0.75,,,,,,,,
_result,1,2025-11-11 08:33:25+00:00,E0107,wach,,A,4.55,,,,,,
_result,0,2025-11-11 08:33:26+00:00,E0107,wach,0.75,,,,,,,,
_result,0,2025-11-11 08:35:37+00:00,E0107,wach,0.75,,,,,,,,
_result,0,2025-11-11 08:37:41+00:00,E0107,wach,0.75,,,,,,,,
_result,0,2025-11-11 08:39:59+00:00,E0107,wach,0.75,,,,,,,,
_result,0,2025-11-11 08:41:59+00:00,E0107,wach,0.75,,,,,,,,
_result,0,2025-11-11 08:44:08+00:00,E0107,wach,0.75,,,,,,,,
_result,2,2025-11-11 08:46:11+00:00,E0107,wach,,V,,,,233.1,231.0,233.3,
_result,0,2025-11-11 08:46:12+00:00,E0107,wach,0.75,,,,,,,,
_result,0,2025-11-11 08:48:26+00:00,E0107,wach,0.75,,,,,,,,
_result,1,2025-11-11 08:51:04+00:00,E0107,wach,,A,4.55,3.96,4.24,,,,
_result,0,2025-11-11 08:51:05+00:00,E0107,wach,0.75,,,,,,,,
_result,0,2025-11-11 08:52:58+00:00,E0107,wach,0.75,,,,,,,,
_result,1,2025-11-11 08:55:01+00:00,E0107,wach,,A,4.55,3.96,4.24,,,,
_result,0,2025-11-11 08:55:02+00:00,E0107,wach,0.75,,,,,,,,
_result,2,2025-11-11 08:56:53+00:00,E0107,wach,,V,,,,233.1,231.0,233.3,
_result,0,2025-11-11 08:56:54+00:00,E0107,wach,0.75,,,,,,,,
_result,0,2025-11-11 08:59:30+00:00,E0107,wach,0.75,,,,,,,,
_result,0,2025-11-11 09:03:19+00:00,E0107,wach,0.75,,,,,,,,
_result,1,2025-11-11 09:04:25+00:00,E0107,wach,,A,4.55,3.97,4.24,,,,
_result,0,2025-11-11 09:04:26+00:00,E0107,wach,0.75,,,,,,,,
_result,0,2025-11-11 09:07:42+00:00,E0107,wach,0.75,,,,,,,,
_result,1,2025-11-11 09:08:36+00:00,E0107,wach,,A,4.55,,,,,,
_result,0,2025-11-11 09:08:37+00:00,E0107,wach,0.75,,,,,,,,
_result,0,2025-11-11 09:10:47+00:00,E0107,wach,0.75,,,,,,,,
_result,0,2025-11-11 09:12:56+00:00,E0107,wach,0.75,,,,,,,,
_result,0,2025-11-11 09:14:50+00:00,E0107,wach,0.75,,,,,,,,
_result,0,2025-11-11 09:18:02+00:00,E0107,wach,0.75,,,,,,,,
_result,0,2025-11-11 09:18:59+00:00,E0107,wach,0.75,,,,,,,,
_result,0,2025-11-11 09:21:23+00:00,E0107,wach,0.75,,,,,,,,
_result,1,2025-11-11 09:23:50+00:00,E0107,wach,,A,4.54,3.97,4.23,,,,
_result,0,2025-11-11 09:23:51+00:00,E0107,wach,0.76,,,,,,,,
_result,2,2025-11-11 09:25:48+00:00,E0107,wach,,V,,,,232.7,,,
_result,0,2025-11-11 09:25:49+00:00,E0107,wach,0.76,,,,,,,,
_result,0,2025-11-11 09:28:21+00:00,E0107,wach,0.76,,,,,,,,
_result,1,2025-11-11 09:29:59+00:00,E0107,wach,,A,4.55,3.96,4.25,,,,
_result,0,2025-11-11 09:30:00+00:00,E0107,wach,0.75,,,,,,,,
_result,0,2025-11-11 09:32:17+00:00,E0107,wach,0.75,,,,,,,,
_result,1,2025-11-11 09:34:33+00:00,E0107,wach,,A,4.55,3.96,4.25,,,,
_result,0,2025-11-11 09:34:34+00:00,E0107,wach,0.75,,,,,,,,
_result,2,2025-11-11 09:36:48+00:00,E0107,wach,,V,,,,233.6,,,
_result,0,2025-11-11 09:36:49+00:00,E0107,wach,0.75,,,,,,,,
_result,1,2025-11-11 09:40:34+00:00,E0107,wach,,A,4.56,3.97,4.25,,,,
_result,0,2025-11-11 09:40:35+00:00,E0107,wach,0.75,,,,,,,,
_result,2,2025-11-11 09:41:44+00:00,E0107,wach,,V,,,,233.6,231.4,233.8,
_result,1,2025-11-11 09:41:49+00:00,E0107,wach,,A,4.56,3.97,4.25,,,,
_result,3,2025-11-11 09:41:55+00:00,E0107,wach,,kW,,,,,,,2.22919
_result,0,2025-11-11 09:41:59+00:00,E0107,wach,0.75,,,,,,,,
_result,1,2025-11-11 09:44:07+00:00,E0107,wach,,A,4.56,3.98,4.25,,,,
_result,0,2025-11-11 09:44:08+00:00,E0107,wach,0.75,,,,,,,,
_result,1,2025-11-11 09:46:21+00:00,E0107,wach,,A,4.56,3.98,4.25,,,,
_result,0,2025-11-11 09:46:22+00:00,E0107,wach,0.75,,,,,,,,
_result,0,2025-11-11 09:48:33+00:00,E0107,wach,0.75,,,,,,,,
_result,0,2025-11-11 09:51:13+00:00,E0107,wach,0.75,,,,,,,,
_result,0,2025-11-11 09:53:21+00:00,E0107,wach,0.75,,,,,,,,
_result,1,2025-11-11 09:55:19+00:00,E0107,wach,,A,4.56,3.98,4.25,,,,
_result,0,2025-11-11 09:55:20+00:00,E0107,wach,0.75,,,,,,,,
_result,0,2025-11-11 09:57:35+00:00,E0107,wach,0.75,,,,,,,,
_result,0,2025-11-11 09:59:57+00:00,E0107,wach,0.74,,,,,,,,
_result,0,2025-11-11 10:02:44+00:00,E0107,wach,0.74,,,,,,,,
_result,0,2025-11-11 10:04:38+00:00,E0107,wach,0.74,,,,,,,,
_result,0,2025-11-11 10:08:13+00:00,E0107,wach,0.74,,,,,,,,
_result,0,2025-11-11 10:09:41+00:00,E0107,wach,0.74,,,,,,,,
_result,0,2025-11-11 10:11:57+00:00,E0107,wach,0.74,,,,,,,,
_result,0,2025-11-11 10:14:12+00:00,E0107,wach,0.74,,,,,,,,
_result,0,2025-11-11 10:16:22+00:00,E0107,wach,0.74,,,,,,,,
_result,1,2025-11-11 10:18:40+00:00,E0107,wach,,A,4.61,4.01,4.28,,,,
_result,0,2025-11-11 10:18:41+00:00,E0107,wach,0.74,,,,,,,,
_result,0,2025-11-11 10:20:49+00:00,E0107,wach,0.74,,,,,,,,
_result,1,2025-11-11 10:23:16+00:00,E0107,wach,,A,4.62,4.01,4.29,,,,
_result,0,2025-11-11 10:23:17+00:00,E0107,wach,0.74,,,,,,,,
_result,2,2025-11-11 10:25:17+00:00,E0107,wach,,V,,,,236.8,234.7,236.8,
_result,0,2025-11-11 10:25:18+00:00,E0107,wach,0.74,,,,,,,,
_result,0,2025-11-11 10:29:16+00:00,E0107,wach,0.74,,,,,,,,
_result,0,2025-11-11 10:30:15+00:00,E0107,wach,0.74,,,,,,,,
_result,0,2025-11-11 10:32:27+00:00,E0107,wach,0.74,,,,,,,,
_result,0,2025-11-11 10:34:52+00:00,E0107,wach,0.74,,,,,,,,
_result,2,2025-11-11 10:36:53+00:00,E0107,wach,,V,,,,236.8,234.7,236.8,
_result,0,2025-11-11 10:36:54+00:00,E0107,wach,0.74,,,,,,,,
_result,0,2025-11-11 10:39:16+00:00,E0107,wach,0.74,,,,,,,,
_result,1,2025-11-11 10:41:28+00:00,E0107,wach,,A,4.64,4.03,4.32,,,,
_result,0,2025-11-11 10:41:29+00:00,E0107,wach,0.74,,,,,,,,
_result,0,2025-11-11 10:43:58+00:00,E0107,wach,0.74,,,,,,,,
_result,1,2025-11-11 10:46:08+00:00,E0107,wach,,A,4.63,4.03,4.31,,,,
_result,0,2025-11-11 10:46:09+00:00,E0107,wach,0.74,,,,,,,,
_result,0,2025-11-11 10:48:08+00:00,E0107,wach,0.74,,,,,,,,
_result,0,2025-11-11 10:50:19+00:00,E0107,wach,0.74,,,,,,,,
_result,1,2025-11-11 10:52:43+00:00,E0107,wach,,A,4.64,4.03,4.32,,,,
_result,0,2025-11-11 10:52:44+00:00,E0107,wach,0.73,,,,,,,,
_result,2,2025-11-11 10:56:05+00:00,E0107,wach,,V,,,,238.5,236.4,238.6,
_result,0,2025-11-11 10:56:06+00:00,E0107,wach,0.73,,,,,,,,
_result,1,2025-11-11 10:57:16+00:00,E0107,wach,,A,4.64,4.03,4.32,,,,
_result,0,2025-11-11 10:57:17+00:00,E0107,wach,0.73,,,,,,,,
_result,0,2025-11-11 10:59:17+00:00,E0107,wach,0.73,,,,,,,,
_result,0,2025-11-11 11:01:29+00:00,E0107,wach,0.73,,,,,,,,
_result,1,2025-11-11 11:03:57+00:00,E0107,wach,,A,4.64,4.03,4.32,,,,
_result,0,2025-11-11 11:03:58+00:00,E0107,wach,0.73,,,,,,,,
_result,0,2025-11-11 11:07:17+00:00,E0107,wach,0.73,,,,,,,,
_result,0,2025-11-11 11:09:31+00:00,E0107,wach,0.73,,,,,,,,
_result,2,2025-11-11 11:12:33+00:00,E0107,wach,,V,,,,238.5,236.4,,
_result,0,2025-11-11 11:12:34+00:00,E0107,wach,0.73,,,,,,,,
_result,2,2025-11-11 11:13:48+00:00,E0107,wach,,V,,,,238.5,236.4,238.6,
_result,0,2025-11-11 11:13:49+00:00,E0107,wach,0.73,,,,,,,,
_result,2,2025-11-11 11:15:56+00:00,E0107,wach,,V,,,,234.6,232.3,234.5,
_result,0,2025-11-11 11:15:57+00:00,E0107,wach,0.75,,,,,,,,
_result,0,2025-11-11 11:18:08+00:00,E0107,wach,0.75,,,,,,,,
_result,0,2025-11-11 11:20:13+00:00,E0107,wach,0.75,,,,,,,,
_result,2,2025-11-11 11:22:29+00:00,E0107,wach,,V,,,,234.6,232.3,234.5,
_result,1,2025-11-11 11:22:30+00:00,E0107,wach,,A,4.58,3.99,4.26,,,,
_result,3,2025-11-11 11:22:32+00:00,E0107,wach,,kW,,,,,,,2.23833
_result,0,2025-11-11 11:22:34+00:00,E0107,wach,0.75,,,,,,,,
_result,1,2025-11-11 11:25:19+00:00,E0107,wach,,A,4.57,3.98,4.26,,,,
_result,0,2025-11-11 11:25:20+00:00,E0107,wach,0.75,,,,,,,,
_result,0,2025-11-11 11:27:36+00:00,E0107,wach,0.75,,,,,,,,
_result,1,2025-11-11 11:31:22+00:00,E0107,wach,,A,4.57,3.98,4.26,,,,
_result,0,2025-11-11 11:31:23+00:00,E0107,wach,0.75,,,,,,,,
_result,1,2025-11-11 11:32:28+00:00,E0107,wach,,A,4.57,3.98,4.26,,,,
_result,0,2025-11-11 11:32:29+00:00,E0107,wach,0.75,,,,,,,,
_result,0,2025-11-11 11:34:42+00:00,E0107,wach,0.75,,,,,,,,
_result,0,2025-11-11 11:36:56+00:00,E0107,wach,0.75,,,,,,,,
_result,2,2025-11-11 11:40:52+00:00,E0107,wach,,V,,,,234.6,232.4,234.8,
_result,1,2025-11-11 11:40:53+00:00,E0107,wach,,A,4.59,3.99,4.27,,,,
_result,3,2025-11-11 11:40:54+00:00,E0107,wach,,kW,,,,,,,2.25058
_result,0,2025-11-11 11:40:57+00:00,E0107,wach,0.75,,,,,,,,
_result,0,2025-11-11 11:41:37+00:00,E0107,wach,0.75,,,,,,,,
_result,0,2025-11-11 11:43:42+00:00,E0107,wach,0.75,,,,,,,,
_result,0,2025-11-11 11:45:52+00:00,E0107,wach,0.75,,,,,,,,
_result,2,2025-11-11 11:48:02+00:00,E0107,wach,,V,,,,234.8,232.6,235.0,
_result,0,2025-11-11 11:48:03+00:00,E0107,wach,0.75,,,,,,,,
_result,0,2025-11-11 11:50:16+00:00,E0107,wach,0.75,,,,,,,,
_result,1,2025-11-11 11:52:17+00:00,E0107,wach,,A,4.59,3.98,4.28,,,,
_result,0,2025-11-11 11:52:18+00:00,E0107,wach,0.75,,,,,,,,
_result,0,2025-11-11 11:54:18+00:00,E0107,wach,0.75,,,,,,,,
_result,2,2025-11-11 11:56:13+00:00,E0107,wach,,V,,,,234.9,232.4,235.0,
_result,0,2025-11-11 11:56:14+00:00,E0107,wach,0.75,,,,,,,,
_result,2,2025-11-11 11:58:07+00:00,E0107,wach,,V,,,,234.9,232.4,,
_result,0,2025-11-11 11:58:08+00:00,E0107,wach,0.75,,,,,,,,
_result,0,2025-11-11 12:00:15+00:00,E0107,wach,0.75,,,,,,,,
_result,0,2025-11-11 12:02:43+00:00,E0107,wach,0.75,,,,,,,,
_result,2,2025-11-11 12:04:33+00:00,E0107,wach,,V,,,,235.1,233.0,,
_result,0,2025-11-11 12:04:34+00:00,E0107,wach,0.75,,,,,,,,
_result,0,2025-11-11 12:06:37+00:00,E0107,wach,0.75,,,,,,,,
_result,2,2025-11-11 12:08:44+00:00,E0107,wach,,V,,,,235.9,233.8,236.4,
_result,0,2025-11-11 12:08:45+00:00,E0107,wach,0.9,,,,,,,,
_result,0,2025-11-11 12:10:48+00:00,E0107,wach,0.9,,,,,,,,
_result,1,2025-11-11 12:13:03+00:00,E0107,wach,,A,0.66,0.2,0.26,,,,
_result,0,2025-11-11 12:13:04+00:00,E0107,wach,0.9,,,,,,,,
_result,2,2025-11-11 12:15:30+00:00,E0107,wach,,V,,,,235.9,233.8,236.4,
_result,0,2025-11-11 12:15:31+00:00,E0107,wach,0.9,,,,,,,,
_result,1,2025-11-11 12:17:38+00:00,E0107,wach,,A,0.66,0.2,0.25,,,,
_result,0,2025-11-11 12:17:39+00:00,E0107,wach,0.9,,,,,,,,
_result,0,2025-11-11 12:19:49+00:00,E0107,wach,0.9,,,,,,,,
_result,1,2025-11-11 12:22:00+00:00,E0107,wach,,A,0.66,0.2,0.25,,,,
_result,0,2025-11-11 12:22:01+00:00,E0107,wach,0.9,,,,,,,,
_result,0,2025-11-11 12:23:56+00:00,E0107,wach,0.9,,,,,,,,
_result,2,2025-11-11 12:25:56+00:00,E0107,wach,,V,,,,235.3,233.2,235.9,
_result,0,2025-11-11 12:25:57+00:00,E0107,wach,0.9,,,,,,,,
_result,0,2025-11-11 12:28:16+00:00,E0107,wach,0.9,,,,,,,,
_result,0,2025-11-11 12:30:49+00:00,E0107,wach,0.9,,,,,,,,
_result,2,2025-11-11 12:33:08+00:00,E0107,wach,,V,,,,235.1,233.2,235.8,
_result,0,2025-11-11 12:33:09+00:00,E0107,wach,0.9,,,,,,,,
_result,0,2025-11-11 12:35:26+00:00,E0107,wach,0.9,,,,,,,,
_result,0,2025-11-11 12:37:37+00:00,E0107,wach,0.9,,,,,,,,
_result,0,2025-11-11 12:39:46+00:00,E0107,wach,0.9,,,,,,,,
_result,0,2025-11-11 12:41:48+00:00,E0107,wach,0.9,,,,,,,,
_result,1,2025-11-11 12:44:12+00:00,E0107,wach,,A,0.66,0.2,0.25,,,,
_result,0,2025-11-11 12:44:13+00:00,E0107,wach,0.9,,,,,,,,
_result,2,2025-11-11 12:46:20+00:00,E0107,wach,,V,,,,235.3,233.2,235.8,
_result,0,2025-11-11 12:46:21+00:00,E0107,wach,0.9,,,,,,,,
_result,2,2025-11-11 12:48:27+00:00,E0107,wach,,V,,,,235.3,,,
_result,0,2025-11-11 12:48:28+00:00,E0107,wach,0.9,,,,,,,,
_result,0,2025-11-11 12:50:50+00:00,E0107,wach,0.9,,,,,,,,
_result,2,2025-11-11 12:53:03+00:00,E0107,wach,,V,,,,234.4,231.9,234.7,
_result,0,2025-11-11 12:53:04+00:00,E0107,wach,0.9,,,,,,,,
_result,0,2025-11-11 12:55:18+00:00,E0107,wach,0.9,,,,,,,,
_result,1,2025-11-11 12:57:14+00:00,E0107,wach,,A,0.65,0.2,0.25,,,,
_result,0,2025-11-11 12:57:15+00:00,E0107,wach,0.9,,,,,,,,
_result,0,2025-11-11 12:59:22+00:00,E0107,wach,0.9,,,,,,,,
_result,1,2025-11-11 13:01:41+00:00,E0107,wach,,A,0.66,0.2,0.25,,,,
_result,0,2025-11-11 13:01:42+00:00,E0107,wach,0.9,,,,,,,,
_result,0,2025-11-11 13:03:49+00:00,E0107,wach,0.9,,,,,,,,
_result,1,2025-11-11 13:06:41+00:00,E0107,wach,,A,0.65,0.2,,,,,
_result,0,2025-11-11 13:06:42+00:00,E0107,wach,0.9,,,,,,,,
_result,2,2025-11-11 13:08:48+00:00,E0107,wach,,V,,,,235.4,233.3,236.0,
_result,0,2025-11-11 13:08:49+00:00,E0107,wach,0.9,,,,,,,,
_result,2,2025-11-11 13:12:29+00:00,E0107,wach,,V,,,,235.2,,,
_result,0,2025-11-11 13:12:30+00:00,E0107,wach,0.9,,,,,,,,
_result,2,2025-11-11 13:13:46+00:00,E0107,wach,,V,,,,235.2,233.2,235.7,
_result,0,2025-11-11 13:13:47+00:00,E0107,wach,0.9,,,,,,,,
_result,1,2025-11-11 13:15:49+00:00,E0107,wach,,A,0.66,0.2,0.25,,,,
_result,0,2025-11-11 13:15:50+00:00,E0107,wach,0.9,,,,,,,,
_result,2,2025-11-11 13:19:29+00:00,E0107,wach,,V,,,,235.1,233.2,235.8,
_result,0,2025-11-11 13:19:30+00:00,E0107,wach,0.9,,,,,,,,
_result,0,2025-11-11 13:20:08+00:00,E0107,wach,0.9,,,,,,,,
_result,0,2025-11-11 13:23:23+00:00,E0107,wach,0.9,,,,,,,,
_result,0,2025-11-11 13:24:40+00:00,E0107,wach,0.9,,,,,,,,
_result,0,2025-11-11 13:26:47+00:00,E0107,wach,0.9,,,,,,,,
_result,0,2025-11-11 13:28:55+00:00,E0107,wach,0.9,,,,,,,,
_result,0,2025-11-11 13:31:11+00:00,E0107,wach,0.9,,,,,,,,
_result,2,2025-11-11 13:33:25+00:00,E0107,wach,,V,,,,235.6,,,
_result,0,2025-11-11 13:33:26+00:00,E0107,wach,0.9,,,,,,,,
_result,1,2025-11-11 13:35:31+00:00,E0107,wach,,A,0.66,0.19,0.26,,,,
_result,0,2025-11-11 13:35:32+00:00,E0107,wach,0.9,,,,,,,,
_result,1,2025-11-11 13:37:41+00:00,E0107,wach,,A,0.66,0.19,0.26,,,,
_result,0,2025-11-11 13:37:42+00:00,E0107,wach,0.9,,,,,,,,
_result,0,2025-11-11 13:39:56+00:00,E0107,wach,0.9,,,,,,,,
_result,1,2025-11-11 13:41:54+00:00,E0107,wach,,A,0.66,0.19,0.26,,,,
_result,0,2025-11-11 13:41:55+00:00,E0107,wach,0.9,,,,,,,,
_result,2,2025-11-11 13:46:03+00:00,E0107,wach,,V,,,,235.9,233.8,236.3,
_result,0,2025-11-11 13:46:04+00:00,E0107,wach,0.9,,,,,,,,
_result,0,2025-11-11 13:46:27+00:00,E0107,wach,0.9,,,,,,,,
_result,1,2025-11-11 13:49:07+00:00,E0107,wach,,A,0.66,0.19,0.26,,,,
_result,0,2025-11-11 13:49:08+00:00,E0107,wach,0.9,,,,,,,,
_result,0,2025-11-11 13:50:45+00:00,E0107,wach,0.9,,,,,,,,
_result,0,2025-11-11 13:53:22+00:00,E0107,wach,0.9,,,,,,,,
_result,0,2025-11-11 13:55:37+00:00,E0107,wach,0.9,,,,,,,,
_result,0,2025-11-11 13:57:27+00:00,E0107,wach,0.9,,,,,,,,
_result,0,2025-11-11 14:00:43+00:00,E0107,wach,0.9,,,,,,,,
_result,0,2025-11-11 14:01:45+00:00,E0107,wach,0.9,,,,,,,,
_result,0,2025-11-11 14:03:57+00:00,E0107,wach,0.9,,,,,,,,
_result,0,2025-11-11 14:06:17+00:00,E0107,wach,0.9,,,,,,,,
_result,2,2025-11-11 14:08:31+00:00,E0107,wach,,V,,,,235.9,233.6,236.3,
_result,0,2025-11-11 14:08:32+00:00,E0107,wach,0.9,,,,,,,,
_result,1,2025-11-11 14:10:51+00:00,E0107,wach,,A,0.66,0.2,0.26,,,,
_result,0,2025-11-11 14:10:52+00:00,E0107,wach,0.9,,,,,,,,
_result,1,2025-11-11 14:13:04+00:00,E0107,wach,,A,0.66,0.2,0.26,,,,
_result,0,2025-11-11 14:13:05+00:00,E0107,wach,0.9,,,,,,,,
_result,1,2025-11-11 14:15:14+00:00,E0107,wach,,A,0.66,0.2,0.26,,,,
_result,0,2025-11-11 14:15:15+00:00,E0107,wach,0.9,,,,,,,,
_result,2,2025-11-11 14:18:30+00:00,E0107,wach,,V,,,,236.7,234.6,237.4,
_result,0,2025-11-11 14:18:31+00:00,E0107,wach,0.9,,,,,,,,
_result,0,2025-11-11 14:19:30+00:00,E0107,wach,0.9,,,,,,,,
_result,0,2025-11-11 14:21:51+00:00,E0107,wach,0.9,,,,,,,,
_result,0,2025-11-11 14:23:49+00:00,E0107,wach,0.9,,,,,,,,
_result,1,2025-11-11 14:25:49+00:00,E0107,wach,,A,0.66,0.2,0.26,,,,
_result,0,2025-11-11 14:25:50+00:00,E0107,wach,0.9,,,,,,,,
_result,2,2025-11-11 14:28:01+00:00,E0107,wach,,V,,,,236.6,234.4,,
_result,1,2025-11-11 14:28:02+00:00,E0107,wach,,A,0.66,0.2,0.26,,,,
_result,0,2025-11-11 14:28:03+00:00,E0107,wach,0.9,,,,,,,,
_result,2,2025-11-11 14:30:02+00:00,E0107,wach,,V,,,,236.6,234.4,237.2,
_result,0,2025-11-11 14:30:03+00:00,E0107,wach,0.9,,,,,,,,
_result,1,2025-11-11 14:32:17+00:00,E0107,wach,,A,0.66,0.2,0.26,,,,
_result,0,2025-11-11 14:32:18+00:00,E0107,wach,0.9,,,,,,,,
_result,1,2025-11-11 14:34:31+00:00,E0107,wach,,A,0.66,0.2,0.26,,,,
_result,0,2025-11-11 14:34:32+00:00,E0107,wach,0.9,,,,,,,,
_result,1,2025-11-11 14:36:34+00:00,E0107,wach,,A,0.66,0.2,0.26,,,,
_result,0,2025-11-11 14:36:35+00:00,E0107,wach,0.9,,,,,,,,
_result,1,2025-11-11 14:38:32+00:00,E0107,wach,,A,0.66,0.2,0.26,,,,
_result,0,2025-11-11 14:38:33+00:00,E0107,wach,0.9,,,,,,,,
_result,0,2025-11-11 14:42:30+00:00,E0107,wach,0.9,,,,,,,,
_result,2,2025-11-11 14:43:16+00:00,E0107,wach,,V,,,,236.9,234.7,237.2,
_result,0,2025-11-11 14:43:17+00:00,E0107,wach,0.9,,,,,,,,
_result,0,2025-11-11 14:44:44+00:00,E0107,wach,0.9,,,,,,,,
_result,2,2025-11-11 14:47:34+00:00,E0107,wach,,V,,,,237.1,,,
_result,0,2025-11-11 14:47:35+00:00,E0107,wach,0.9,,,,,,,,
_result,1,2025-11-11 14:50:16+00:00,E0107,wach,,A,0.66,0.2,0.26,,,,
_result,0,2025-11-11 14:50:17+00:00,E0107,wach,0.9,,,,,,,,
_result,1,2025-11-11 14:52:22+00:00,E0107,wach,,A,0.66,0.2,0.26,,,,
_result,0,2025-11-11 14:52:23+00:00,E0107,wach,0.9,,,,,,,,
_result,0,2025-11-11 14:54:16+00:00,E0107,wach,0.9,,,,,,,,
_result,0,2025-11-11 14:56:26+00:00,E0107,wach,0.9,,,,,,,,
_result,2,2025-11-11 14:58:08+00:00,E0107,wach,,V,,,,237.3,235.1,237.7,
_result,0,2025-11-11 14:58:09+00:00,E0107,wach,0.9,,,,,,,,
_result,1,2025-11-11 15:00:34+00:00,E0107,wach,,A,0.66,0.2,0.26,,,,
_result,0,2025-11-11 15:00:35+00:00,E0107,wach,0.9,,,,,,,,
_result,0,2025-11-11 15:03:29+00:00,E0107,wach,0.9,,,,,,,,
_result,0,2025-11-11 15:06:02+00:00,E0107,wach,0.9,,,,,,,,
_result,0,2025-11-11 15:06:55+00:00,E0107,wach,0.9,,,,,,,,
_result,2,2025-11-11 15:08:58+00:00,E0107,wach,,V,,,,237.4,235.3,,
_result,0,2025-11-11 15:08:59+00:00,E0107,wach,0.9,,,,,,,,
_result,0,2025-11-11 15:11:19+00:00,E0107,wach,0.9,,,,,,,,
_result,0,2025-11-11 15:15:27+00:00,E0107,wach,0.9,,,,,,,,
_result,0,2025-11-11 15:17:22+00:00,E0107,wach,0.9,,,,,,,,
_result,0,2025-11-11 15:17:42+00:00,E0107,wach,0.9,,,,,,,,
_result,1,2025-11-11 15:19:40+00:00,E0107,wach,,A,0.66,0.2,0.26,,,,
_result,0,2025-11-11 15:19:41+00:00,E0107,wach,0.9,,,,,,,,
_result,1,2025-11-11 15:21:51+00:00,E0107,wach,,A,0.66,0.2,0.26,,,,
_result,0,2025-11-11 15:21:52+00:00,E0107,wach,0.9,,,,,,,,
_result,0,2025-11-11 15:23:53+00:00,E0107,wach,0.9,,,,,,,,
_result,0,2025-11-11 15:25:52+00:00,E0107,wach,0.9,,,,,,,,
_result,1,2025-11-11 15:28:03+00:00,E0107,wach,,A,0.66,0.2,0.26,,,,
_result,0,2025-11-11 15:28:04+00:00,E0107,wach,0.9,,,,,,,,
_result,0,2025-11-11 15:30:19+00:00,E0107,wach,0.9,,,,,,,,
_result,0,2025-11-11 15:32:28+00:00,E0107,wach,0.9,,,,,,,,
_result,1,2025-11-11 15:34:30+00:00,E0107,wach,,A,0.66,0.2,0.26,,,,
_result,0,2025-11-11 15:34:31+00:00,E0107,wach,0.9,,,,,,,,
_result,0,2025-11-11 15:36:27+00:00,E0107,wach,0.9,,,,,,,,
_result,1,2025-11-11 15:38:23+00:00,E0107,wach,,A,0.66,,,,,,
_result,0,2025-11-11 15:38:24+00:00,E0107,wach,0.9,,,,,,,,
_result,1,2025-11-11 15:40:26+00:00,E0107,wach,,A,0.66,0.2,0.26,,,,
_result,0,2025-11-11 15:40:27+00:00,E0107,wach,0.9,,,,,,,,
_result,0,2025-11-11 15:42:46+00:00,E0107,wach,0.9,,,,,,,,
_result,1,2025-11-11 15:44:51+00:00,E0107,wach,,A,0.66,0.2,0.26,,,,
_result,0,2025-11-11 15:44:52+00:00,E0107,wach,0.9,,,,,,,,
_result,0,2025-11-11 15:46:44+00:00,E0107,wach,0.9,,,,,,,,
_result,0,2025-11-11 15:48:40+00:00,E0107,wach,0.9,,,,,,,,
_result,1,2025-11-11 15:50:28+00:00,E0107,wach,,A,0.66,0.2,0.26,,,,
_result,0,2025-11-11 15:50:29+00:00,E0107,wach,0.9,,,,,,,,
_result,0,2025-11-11 15:52:36+00:00,E0107,wach,0.9,,,,,,,,
_result,0,2025-11-11 15:54:33+00:00,E0107,wach,0.9,,,,,,,,
_result,0,2025-11-11 15:56:29+00:00,E0107,wach,0.9,,,,,,,,
_result,0,2025-11-11 15:58:37+00:00,E0107,wach,0.9,,,,,,,,
_result,1,2025-11-11 16:00:42+00:00,E0107,wach,,A,0.66,0.2,0.26,,,,
_result,0,2025-11-11 16:00:43+00:00,E0107,wach,0.9,,,,,,,,
_result,1,2025-11-11 16:03:25+00:00,E0107,wach,,A,0.66,0.2,0.26,,,,
_result,0,2025-11-11 16:03:26+00:00,E0107,wach,0.9,,,,,,,,
_result,0,2025-11-11 16:05:28+00:00,E0107,wach,0.9,,,,,,,,
_result,0,2025-11-11 16:07:45+00:00,E0107,wach,0.9,,,,,,,,
_result,0,2025-11-11 16:09:59+00:00,E0107,wach,0.9,,,,,,,,
_result,0,2025-11-11 16:12:03+00:00,E0107,wach,0.9,,,,,,,,
_result,0,2025-11-11 16:14:17+00:00,E0107,wach,0.9,,,,,,,,
_result,0,2025-11-11 16:16:13+00:00,E0107,wach,0.9,,,,,,,,
_result,0,2025-11-11 16:18:12+00:00,E0107,wach,0.9,,,,,,,,
_result,0,2025-11-11 16:20:13+00:00,E0107,wach,0.9,,,,,,,,
_result,0,2025-11-11 16:22:34+00:00,E0107,wach,0.9,,,,,,,,
_result,0,2025-11-11 16:24:33+00:00,E0107,wach,0.9,,,,,,,,
_result,2,2025-11-11 16:26:26+00:00,E0107,wach,,V,,,,239.1,,,
_result,0,2025-11-11 16:26:27+00:00,E0107,wach,0.9,,,,,,,,
_result,1,2025-11-11 16:28:38+00:00,E0107,wach,,A,0.66,0.2,0.26,,,,
_result,0,2025-11-11 16:28:39+00:00,E0107,wach,0.9,,,,,,,,
_result,0,2025-11-11 16:30:38+00:00,E0107,wach,0.9,,,,,,,,
_result,0,2025-11-11 16:32:46+00:00,E0107,wach,0.9,,,,,,,,
_result,1,2025-11-11 16:34:42+00:00,E0107,wach,,A,0.66,0.2,0.26,,,,
_result,0,2025-11-11 16:34:43+00:00,E0107,wach,0.9,,,,,,,,
_result,0,2025-11-11 16:36:35+00:00,E0107,wach,0.89,,,,,,,,
_result,2,2025-11-11 16:38:27+00:00,E0107,wach,,V,,,,239.2,237.0,239.7,
_result,0,2025-11-11 16:38:28+00:00,E0107,wach,0.89,,,,,,,,
_result,0,2025-11-11 16:40:34+00:00,E0107,wach,0.89,,,,,,,,
_result,2,2025-11-11 16:42:42+00:00,E0107,wach,,V,,,,239.5,,,
_result,0,2025-11-11 16:42:43+00:00,E0107,wach,0.9,,,,,,,,
_result,2,2025-11-11 16:44:39+00:00,E0107,wach,,V,,,,239.5,,,
_result,0,2025-11-11 16:44:40+00:00,E0107,wach,0.9,,,,,,,,
_result,0,2025-11-11 16:46:38+00:00,E0107,wach,0.9,,,,,,,,
_result,0,2025-11-11 16:48:39+00:00,E0107,wach,0.9,,,,,,,,
_result,0,2025-11-11 16:50:39+00:00,E0107,wach,0.9,,,,,,,,
_result,0,2025-11-11 16:52:44+00:00,E0107,wach,0.9,,,,,,,,
_result,1,2025-11-11 16:54:47+00:00,E0107,wach,,A,0.66,,,,,,
_result,0,2025-11-11 16:54:48+00:00,E0107,wach,0.9,,,,,,,,
_result,0,2025-11-11 16:57:05+00:00,E0107,wach,0.9,,,,,,,,
_result,1,2025-11-11 16:59:08+00:00,E0107,wach,,A,0.66,0.2,0.26,,,,
_result,0,2025-11-11 16:59:09+00:00,E0107,wach,0.9,,,,,,,,
_result,2,2025-11-11 17:01:22+00:00,E0107,wach,,V,,,,239.3,237.1,,
_result,0,2025-11-11 17:01:23+00:00,E0107,wach,0.9,,,,,,,,
_result,2,2025-11-11 17:03:37+00:00,E0107,wach,,V,,,,239.1,237.1,239.8,
_result,0,2025-11-11 17:03:38+00:00,E0107,wach,0.9,,,,,,,,
_result,0,2025-11-11 17:05:28+00:00,E0107,wach,0.9,,,,,,,,
_result,1,2025-11-11 17:07:32+00:00,E0107,wach,,A,0.66,0.2,0.26,,,,
_result,0,2025-11-11 17:07:33+00:00,E0107,wach,0.9,,,,,,,,
_result,1,2025-11-11 17:09:31+00:00,E0107,wach,,A,0.66,0.2,,,,,
_result,0,2025-11-11 17:09:32+00:00,E0107,wach,0.9,,,,,,,,
_result,0,2025-11-11 17:11:41+00:00,E0107,wach,0.9,,,,,,,,
_result,0,2025-11-11 17:13:48+00:00,E0107,wach,0.9,,,,,,,,
_result,1,2025-11-11 17:15:49+00:00,E0107,wach,,A,0.66,0.2,0.26,,,,
_result,0,2025-11-11 17:15:50+00:00,E0107,wach,0.9,,,,,,,,
_result,2,2025-11-11 17:18:03+00:00,E0107,wach,,V,,,,239.7,,,
_result,0,2025-11-11 17:18:04+00:00,E0107,wach,0.9,,,,,,,,
_result,0,2025-11-11 17:19:57+00:00,E0107,wach,0.9,,,,,,,,
_result,2,2025-11-11 17:22:03+00:00,E0107,wach,,V,,,,239.7,237.6,240.2,
_result,0,2025-11-11 17:22:04+00:00,E0107,wach,0.9,,,,,,,,
_result,0,2025-11-11 17:24:07+00:00,E0107,wach,0.9,,,,,,,,
_result,2,2025-11-11 17:26:20+00:00,E0107,wach,,V,,,,240.2,238.1,240.8,
_result,0,2025-11-11 17:26:21+00:00,E0107,wach,0.89,,,,,,,,
_result,0,2025-11-11 17:28:31+00:00,E0107,wach,0.89,,,,,,,,
_result,0,2025-11-11 17:30:34+00:00,E0107,wach,0.89,,,,,,,,
_result,0,2025-11-11 17:32:32+00:00,E0107,wach,0.9,,,,,,,,
_result,1,2025-11-11 17:34:31+00:00,E0107,wach,,A,0.66,0.2,0.27,,,,
_result,0,2025-11-11 17:34:32+00:00,E0107,wach,0.9,,,,,,,,
_result,0,2025-11-11 17:36:44+00:00,E0107,wach,0.9,,,,,,,,
_result,0,2025-11-11 17:38:45+00:00,E0107,wach,0.9,,,,,,,,
_result,0,2025-11-11 17:41:04+00:00,E0107,wach,0.89,,,,,,,,
_result,2,2025-11-11 17:42:56+00:00,E0107,wach,,V,,,,240.2,238.1,240.7,
_result,0,2025-11-11 17:42:57+00:00,E0107,wach,0.89,,,,,,,,
_result,0,2025-11-11 17:44:51+00:00,E0107,wach,0.89,,,,,,,,
_result,0,2025-11-11 17:46:50+00:00,E0107,wach,0.89,,,,,,,,
_result,0,2025-11-11 17:48:53+00:00,E0107,wach,0.89,,,,,,,,
_result,0,2025-11-11 17:50:56+00:00,E0107,wach,0.89,,,,,,,,
_result,0,2025-11-11 17:53:05+00:00,E0107,wach,0.9,,,,,,,,
_result,2,2025-11-11 17:55:15+00:00,E0107,wach,,V,,,,236.7,234.5,237.0,
_result,0,2025-11-11 17:55:16+00:00,E0107,wach,0.9,,,,,,,,
_result,0,2025-11-11 17:56:51+00:00,E0107,wach,0.9,,,,,,,,
_result,0,2025-11-11 17:58:43+00:00,E0107,wach,0.9,,,,,,,,
_result,1,2025-11-11 18:00:50+00:00,E0107,wach,,A,0.66,0.2,,,,,
_result,0,2025-11-11 18:00:51+00:00,E0107,wach,0.9,,,,,,,,
_result,0,2025-11-11 18:03:05+00:00,E0107,wach,0.9,,,,,,,,
_result,0,2025-11-11 18:05:28+00:00,E0107,wach,0.9,,,,,,,,
_result,1,2025-11-11 18:07:29+00:00,E0107,wach,,A,0.66,0.2,0.26,,,,
_result,0,2025-11-11 18:07:30+00:00,E0107,wach,0.9,,,,,,,,
_result,2,2025-11-11 18:09:31+00:00,E0107,wach,,V,,,,236.2,233.6,236.3,
_result,0,2025-11-11 18:09:34+00:00,E0107,wach,0.9,,,,,,,,
_result,2,2025-11-11 18:11:41+00:00,E0107,wach,,V,,,,236.2,233.6,236.3,
_result,0,2025-11-11 18:11:42+00:00,E0107,wach,0.9,,,,,,,,
_result,1,2025-11-11 18:13:37+00:00,E0107,wach,,A,0.66,0.2,0.26,,,,
_result,0,2025-11-11 18:13:38+00:00,E0107,wach,0.9,,,,,,,,
_result,0,2025-11-11 18:15:44+00:00,E0107,wach,0.9,,,,,,,,
_result,0,2025-11-11 18:17:41+00:00,E0107,wach,0.9,,,,,,,,
_result,0,2025-11-11 18:19:49+00:00,E0107,wach,0.9,,,,,,,,
_result,1,2025-11-11 18:21:48+00:00,E0107,wach,,A,0.66,0.2,0.26,,,,
_result,0,2025-11-11 18:21:49+00:00,E0107,wach,0.9,,,,,,,,
_result,0,2025-11-11 18:23:52+00:00,E0107,wach,0.9,,,,,,,,
_result,2,2025-11-11 18:25:55+00:00,E0107,wach,,V,,,,237.5,235.5,238.0,
_result,0,2025-11-11 18:25:56+00:00,E0107,wach,0.9,,,,,,,,
_result,1,2025-11-11 18:30:14+00:00,E0107,wach,,A,0.66,0.2,0.26,,,,
_result,0,2025-11-11 18:30:15+00:00,E0107,wach,0.9,,,,,,,,
_result,0,2025-11-11 18:31:25+00:00,E0107,wach,0.9,,,,,,,,
_result,0,2025-11-11 18:33:18+00:00,E0107,wach,0.9,,,,,,,,
_result,2,2025-11-11 18:35:02+00:00,E0107,wach,,V,,,,237.5,235.5,238.1,
_result,0,2025-11-11 18:35:03+00:00,E0107,wach,0.9,,,,,,,,
_result,1,2025-11-11 18:37:13+00:00,E0107,wach,,A,0.66,0.19,0.26,,,,
_result,0,2025-11-11 18:37:14+00:00,E0107,wach,0.9,,,,,,,,
_result,1,2025-11-11 18:39:10+00:00,E0107,wach,,A,0.66,0.19,0.26,,,,
_result,0,2025-11-11 18:39:11+00:00,E0107,wach,0.9,,,,,,,,
_result,0,2025-11-11 18:41:24+00:00,E0107,wach,0.9,,,,,,,,
_result,0,2025-11-11 18:43:23+00:00,E0107,wach,0.9,,,,,,,,
_result,0,2025-11-11 18:46:24+00:00,E0107,wach,0.9,,,,,,,,
_result,0,2025-11-11 18:47:26+00:00,E0107,wach,0.9,,,,,,,,
_result,2,2025-11-11 18:49:20+00:00,E0107,wach,,V,,,,238.2,,,
_result,0,2025-11-11 18:49:21+00:00,E0107,wach,0.9,,,,,,,,
_result,0,2025-11-11 18:51:29+00:00,E0107,wach,0.9,,,,,,,,
_result,1,2025-11-11 18:53:30+00:00,E0107,wach,,A,0.66,0.19,0.26,,,,
_result,0,2025-11-11 18:53:31+00:00,E0107,wach,0.9,,,,,,,,
_result,0,2025-11-11 18:55:31+00:00,E0107,wach,0.9,,,,,,,,
_result,2,2025-11-11 18:57:20+00:00,E0107,wach,,V,,,,238.1,236.0,238.5,
_result,0,2025-11-11 18:57:21+00:00,E0107,wach,0.9,,,,,,,,
_result,0,2025-11-11 18:59:19+00:00,E0107,wach,0.9,,,,,,,,
_result,0,2025-11-11 19:01:16+00:00,E0107,wach,0.9,,,,,,,,
_result,0,2025-11-11 19:03:24+00:00,E0107,wach,0.9,,,,,,,,
_result,0,2025-11-11 19:05:35+00:00,E0107,wach,0.9,,,,,,,,
_result,0,2025-11-11 19:07:39+00:00,E0107,wach,0.9,,,,,,,,
_result,1,2025-11-11 19:09:47+00:00,E0107,wach,,A,0.66,0.21,0.26,,,,
_result,0,2025-11-11 19:09:48+00:00,E0107,wach,0.9,,,,,,,,
_result,1,2025-11-11 19:12:05+00:00,E0107,wach,,A,0.66,0.21,,,,,
_result,0,2025-11-11 19:12:06+00:00,E0107,wach,0.9,,,,,,,,
_result,1,2025-11-11 19:13:52+00:00,E0107,wach,,A,0.66,0.21,0.26,,,,
_result,0,2025-11-11 19:13:53+00:00,E0107,wach,0.9,,,,,,,,
_result,1,2025-11-11 19:16:00+00:00,E0107,wach,,A,0.66,0.2,0.26,,,,
_result,0,2025-11-11 19:16:01+00:00,E0107,wach,0.9,,,,,,,,
_result,0,2025-11-11 19:17:53+00:00,E0107,wach,0.9,,,,,,,,
_result,0,2025-11-11 19:19:50+00:00,E0107,wach,0.9,,,,,,,,
_result,1,2025-11-11 19:21:59+00:00,E0107,wach,,A,0.66,0.2,0.26,,,,
_result,0,2025-11-11 19:22:00+00:00,E0107,wach,0.9,,,,,,,,
_result,0,2025-11-11 19:23:56+00:00,E0107,wach,0.9,,,,,,,,
_result,0,2025-11-11 19:26:08+00:00,E0107,wach,0.9,,,,,,,,
_result,1,2025-11-11 19:27:54+00:00,E0107,wach,,A,0.66,0.2,0.26,,,,
_result,0,2025-11-11 19:27:55+00:00,E0107,wach,0.9,,,,,,,,
_result,0,2025-11-11 19:29:39+00:00,E0107,wach,0.9,,,,,,,,
_result,1,2025-11-11 19:31:30+00:00,E0107,wach,,A,0.66,0.2,0.26,,,,
_result,0,2025-11-11 19:31:31+00:00,E0107,wach,0.9,,,,,,,,
_result,0,2025-11-11 19:33:20+00:00,E0107,wach,0.9,,,,,,,,
_result,0,2025-11-11 19:34:58+00:00,E0107,wach,0.9,,,,,,,,
_result,1,2025-11-11 19:37:07+00:00,E0107,wach,,A,0.66,0.2,0.26,,,,
_result,0,2025-11-11 19:37:08+00:00,E0107,wach,0.9,,,,,,,,
_result,1,2025-11-11 19:39:14+00:00,E0107,wach,,A,0.66,0.2,0.26,,,,
_result,0,2025-11-11 19:39:15+00:00,E0107,wach,0.9,,,,,,,,
_result,0,2025-11-11 19:41:09+00:00,E0107,wach,0.9,,,,,,,,
_result,0,2025-11-11 19:43:01+00:00,E0107,wach,0.9,,,,,,,,
_result,2,2025-11-11 19:45:06+00:00,E0107,wach,,V,,,,237.6,235.5,238.1,
_result,0,2025-11-11 19:45:07+00:00,E0107,wach,0.9,,,,,,,,
_result,2,2025-11-11 19:46:27+00:00,E0107,wach,,V,,,,237.6,235.5,238.1,
_result,0,2025-11-11 19:46:28+00:00,E0107,wach,0.9,,,,,,,,
_result,0,2025-11-11 19:48:23+00:00,E0107,wach,0.9,,,,,,,,
_result,2,2025-11-11 19:50:27+00:00,E0107,wach,,V,,,,237.8,235.8,238.2,
_result,0,2025-11-11 19:50:28+00:00,E0107,wach,0.9,,,,,,,,
_result,0,2025-11-11 19:52:24+00:00,E0107,wach,0.9,,,,,,,,
_result,0,2025-11-11 19:56:09+00:00,E0107,wach,0.9,,,,,,,,
_result,0,2025-11-11 19:56:22+00:00,E0107,wach,0.9,,,,,,,,
_result,0,2025-11-11 19:58:25+00:00,E0107,wach,0.9,,,,,,,,
_result,0,2025-11-11 20:00:38+00:00,E0107,wach,0.9,,,,,,,,
_result,0,2025-11-11 20:03:01+00:00,E0107,wach,0.9,,,,,,,,
_result,1,2025-11-11 20:05:28+00:00,E0107,wach,,A,0.66,0.2,0.26,,,,
_result,0,2025-11-11 20:05:29+00:00,E0107,wach,0.9,,,,,,,,
_result,1,2025-11-11 20:08:44+00:00,E0107,wach,,A,0.66,,,,,,
_result,0,2025-11-11 20:08:45+00:00,E0107,wach,0.9,,,,,,,,
_result,0,2025-11-11 20:09:09+00:00,E0107,wach,0.9,,,,,,,,
_result,0,2025-11-11 20:11:22+00:00,E0107,wach,0.9,,,,,,,,
_result,0,2025-11-11 20:13:38+00:00,E0107,wach,0.9,,,,,,,,
_result,0,2025-11-11 20:15:29+00:00,E0107,wach,0.9,,,,,,,,
_result,0,2025-11-11 20:17:33+00:00,E0107,wach,0.9,,,,,,,,
_result,0,2025-11-11 20:19:14+00:00,E0107,wach,0.9,,,,,,,,
_result,0,2025-11-11 20:20:56+00:00,E0107,wach,0.9,,,,,,,,
_result,2,2025-11-11 20:22:41+00:00,E0107,wach,,V,,,,238.4,236.3,238.8,
_result,0,2025-11-11 20:22:42+00:00,E0107,wach,0.9,,,,,,,,
_result,1,2025-11-11 20:24:44+00:00,E0107,wach,,A,0.66,0.19,0.26,,,,
_result,0,2025-11-11 20:24:45+00:00,E0107,wach,0.9,,,,,,,,
_result,0,2025-11-11 20:26:39+00:00,E0107,wach,0.9,,,,,,,,
_result,1,2025-11-11 20:28:52+00:00,E0107,wach,,A,0.66,0.19,0.26,,,,
_result,0,2025-11-11 20:28:53+00:00,E0107,wach,0.9,,,,,,,,
_result,0,2025-11-11 20:30:21+00:00,E0107,wach,0.9,,,,,,,,
_result,0,2025-11-11 20:33:27+00:00,E0107,wach,0.9,,,,,,,,
_result,0,2025-11-11 20:34:02+00:00,E0107,wach,0.9,,,,,,,,
_result,0,2025-11-11 20:35:59+00:00,E0107,wach,0.9,,,,,,,,
_result,0,2025-11-11 20:38:11+00:00,E0107,wach,0.9,,,,,,,,
_result,1,2025-11-11 20:40:15+00:00,E0107,wach,,A,0.66,0.19,0.26,,,,
_result,0,2025-11-11 20:40:16+00:00,E0107,wach,0.9,,,,,,,,
_result,1,2025-11-11 20:42:07+00:00,E0107,wach,,A,0.66,0.19,0.26,,,,
_result,0,2025-11-11 20:42:08+00:00,E0107,wach,0.9,,,,,,,,
_result,1,2025-11-11 20:44:09+00:00,E0107,wach,,A,0.66,0.19,0.26,,,,
_result,0,2025-11-11 20:44:10+00:00,E0107,wach,0.9,,,,,,,,
_result,0,2025-11-11 20:46:14+00:00,E0107,wach,0.9,,,,,,,,
_result,2,2025-11-11 20:48:15+00:00,E0107,wach,,V,,,,238.1,236.1,238.6,
_result,0,2025-11-11 20:48:16+00:00,E0107,wach,0.9,,,,,,,,
_result,0,2025-11-11 20:50:12+00:00,E0107,wach,0.9,,,,,,,,
_result,0,2025-11-11 20:52:07+00:00,E0107,wach,0.9,,,,,,,,
_result,0,2025-11-11 20:54:03+00:00,E0107,wach,0.9,,,,,,,,
_result,0,2025-11-11 20:55:30+00:00,E0107,wach,0.9,,,,,,,,
_result,0,2025-11-11 20:57:14+00:00,E0107,wach,0.9,,,,,,,,
_result,0,2025-11-11 20:58:56+00:00,E0107,wach,0.9,,,,,,,,
_result,1,2025-11-11 21:00:53+00:00,E0107,wach,,A,0.66,0.2,0.26,,,,
_result,0,2025-11-11 21:00:54+00:00,E0107,wach,0.9,,,,,,,,
_result,2,2025-11-11 21:03:00+00:00,E0107,wach,,V,,,,239.5,237.5,240.0,
_result,0,2025-11-11 21:03:01+00:00,E0107,wach,0.9,,,,,,,,
_result,0,2025-11-11 21:04:51+00:00,E0107,wach,0.9,,,,,,,,
_result,1,2025-11-11 21:06:34+00:00,E0107,wach,,A,0.66,0.2,0.26,,,,
_result,0,2025-11-11 21:06:35+00:00,E0107,wach,0.9,,,,,,,,
_result,0,2025-11-11 21:08:25+00:00,E0107,wach,0.9,,,,,,,,
_result,2,2025-11-11 21:10:16+00:00,E0107,wach,,V,,,,239.4,237.4,240.0,
_result,0,2025-11-11 21:10:17+00:00,E0107,wach,0.9,,,,,,,,
_result,0,2025-11-11 21:12:23+00:00,E0107,wach,0.9,,,,,,,,
_result,0,2025-11-11 21:14:29+00:00,E0107,wach,0.9,,,,,,,,
_result,0,2025-11-11 21:16:42+00:00,E0107,wach,0.9,,,,,,,,
_result,2,2025-11-11 21:19:02+00:00,E0107,wach,,V,,,,239.3,237.2,239.5,
_result,0,2025-11-11 21:19:03+00:00,E0107,wach,0.9,,,,,,,,
_result,0,2025-11-11 21:21:26+00:00,E0107,wach,0.9,,,,,,,,
_result,0,2025-11-11 21:23:33+00:00,E0107,wach,0.9,,,,,,,,
_result,1,2025-11-11 21:25:49+00:00,E0107,wach,,A,0.66,0.2,0.26,,,,
_result,0,2025-11-11 21:25:50+00:00,E0107,wach,0.9,,,,,,,,
_result,1,2025-11-11 21:27:56+00:00,E0107,wach,,A,0.66,0.2,0.26,,,,
_result,0,2025-11-11 21:27:57+00:00,E0107,wach,0.9,,,,,,,,
_result,1,2025-11-11 21:30:08+00:00,E0107,wach,,A,0.66,0.2,0.26,,,,
_result,0,2025-11-11 21:30:09+00:00,E0107,wach,0.9,,,,,,,,
_result,0,2025-11-11 21:31:53+00:00,E0107,wach,0.9,,,,,,,,
_result,2,2025-11-11 21:33:43+00:00,E0107,wach,,V,,,,239.6,,,
_result,0,2025-11-11 21:33:44+00:00,E0107,wach,0.9,,,,,,,,
_result,0,2025-11-11 21:35:34+00:00,E0107,wach,0.9,,,,,,,,
_result,0,2025-11-11 21:37:31+00:00,E0107,wach,0.9,,,,,,,,
_result,0,2025-11-11 21:39:32+00:00,E0107,wach,0.9,,,,,,,,
_result,0,2025-11-11 21:41:36+00:00,E0107,wach,0.9,,,,,,,,
_result,0,2025-11-11 21:43:27+00:00,E0107,wach,0.9,,,,,,,,
_result,0,2025-11-11 21:45:21+00:00,E0107,wach,0.9,,,,,,,,
_result,0,2025-11-11 21:46:51+00:00,E0107,wach,0.9,,,,,,,,
_result,0,2025-11-11 21:48:40+00:00,E0107,wach,0.9,,,,,,,,
_result,0,2025-11-11 21:50:52+00:00,E0107,wach,0.9,,,,,,,,
_result,0,2025-11-11 21:52:53+00:00,E0107,wach,0.9,,,,,,,,
_result,0,2025-11-11 21:54:51+00:00,E0107,wach,0.9,,,,,,,,
_result,2,2025-11-11 21:56:22+00:00,E0107,wach,,V,,,,239.8,,,
_result,0,2025-11-11 21:56:23+00:00,E0107,wach,0.9,,,,,,,,
_result,0,2025-11-11 21:58:06+00:00,E0107,wach,0.9,,,,,,,,
_result,0,2025-11-11 21:59:47+00:00,E0107,wach,0.9,,,,,,,,
_result,0,2025-11-11 22:02:10+00:00,E0107,wach,0.9,,,,,,,,
_result,0,2025-11-11 22:04:05+00:00,E0107,wach,0.9,,,,,,,,
_result,0,2025-11-11 22:06:00+00:00,E0107,wach,0.9,,,,,,,,
_result,0,2025-11-11 22:08:06+00:00,E0107,wach,0.9,,,,,,,,
_result,1,2025-11-11 22:09:51+00:00,E0107,wach,,A,0.66,,,,,,
_result,0,2025-11-11 22:09:52+00:00,E0107,wach,0.9,,,,,,,,
_result,1,2025-11-11 22:12:05+00:00,E0107,wach,,A,0.66,0.2,0.27,,,,
_result,0,2025-11-11 22:12:06+00:00,E0107,wach,0.9,,,,,,,,
_result,0,2025-11-11 22:14:15+00:00,E0107,wach,0.9,,,,,,,,
_result,0,2025-11-11 22:15:57+00:00,E0107,wach,0.9,,,,,,,,
_result,1,2025-11-11 22:17:43+00:00,E0107,wach,,A,0.66,0.2,0.27,,,,
_result,0,2025-11-11 22:17:44+00:00,E0107,wach,0.9,,,,,,,,
_result,0,2025-11-11 22:19:24+00:00,E0107,wach,0.9,,,,,,,,
_result,1,2025-11-11 22:21:24+00:00,E0107,wach,,A,0.66,0.2,0.27,,,,
_result,0,2025-11-11 22:21:25+00:00,E0107,wach,0.9,,,,,,,,
_result,2,2025-11-11 22:23:23+00:00,E0107,wach,,V,,,,239.7,237.7,240.0,
_result,0,2025-11-11 22:23:24+00:00,E0107,wach,0.9,,,,,,,,
_result,0,2025-11-11 22:25:21+00:00,E0107,wach,0.9,,,,,,,,
_result,1,2025-11-11 22:27:06+00:00,E0107,wach,,A,0.66,0.2,0.26,,,,
_result,0,2025-11-11 22:27:07+00:00,E0107,wach,0.9,,,,,,,,
_result,2,2025-11-11 22:28:46+00:00,E0107,wach,,V,,,,239.4,237.5,240.0,
_result,0,2025-11-11 22:28:47+00:00,E0107,wach,0.9,,,,,,,,
_result,1,2025-11-11 22:30:36+00:00,E0107,wach,,A,0.66,0.2,0.27,,,,
_result,0,2025-11-11 22:30:37+00:00,E0107,wach,0.9,,,,,,,,
_result,0,2025-11-11 22:32:38+00:00,E0107,wach,0.9,,,,,,,,
_result,1,2025-11-11 22:34:34+00:00,E0107,wach,,A,0.66,0.2,0.27,,,,
_result,0,2025-11-11 22:34:35+00:00,E0107,wach,0.9,,,,,,,,
_result,0,2025-11-11 22:36:36+00:00,E0107,wach,0.9,,,,,,,,
_result,0,2025-11-11 22:38:35+00:00,E0107,wach,0.9,,,,,,,,
_result,0,2025-11-11 22:40:36+00:00,E0107,wach,0.9,,,,,,,,
_result,1,2025-11-11 22:42:17+00:00,E0107,wach,,A,0.66,0.2,0.27,,,,
_result,0,2025-11-11 22:42:18+00:00,E0107,wach,0.9,,,,,,,,
_result,1,2025-11-11 22:44:13+00:00,E0107,wach,,A,0.66,0.2,0.26,,,,
_result,0,2025-11-11 22:44:14+00:00,E0107,wach,0.9,,,,,,,,
_result,0,2025-11-11 22:46:25+00:00,E0107,wach,0.9,,,,,,,,
_result,0,2025-11-11 22:48:14+00:00,E0107,wach,0.9,,,,,,,,
_result,2,2025-11-11 22:50:17+00:00,E0107,wach,,V,,,,238.7,236.7,239.2,
_result,0,2025-11-11 22:50:18+00:00,E0107,wach,0.9,,,,,,,,
_result,0,2025-11-11 22:52:26+00:00,E0107,wach,0.9,,,,,,,,
_result,1,2025-11-11 22:54:08+00:00,E0107,wach,,A,0.66,0.2,0.26,,,,
_result,0,2025-11-11 22:54:09+00:00,E0107,wach,0.9,,,,,,,,
_result,1,2025-11-11 22:55:54+00:00,E0107,wach,,A,0.66,0.2,,,,,
_result,0,2025-11-11 22:55:55+00:00,E0107,wach,0.9,,,,,,,,
_result,0,2025-11-11 22:57:38+00:00,E0107,wach,0.9,,,,,,,,
_result,0,2025-11-11 22:59:26+00:00,E0107,wach,0.9,,,,,,,,
_result,1,2025-11-11 23:01:33+00:00,E0107,wach,,A,0.66,0.2,,,,,
_result,0,2025-11-11 23:01:34+00:00,E0107,wach,0.9,,,,,,,,
_result,0,2025-11-11 23:03:36+00:00,E0107,wach,0.9,,,,,,,,
_result,2,2025-11-11 23:06:22+00:00,E0107,wach,,V,,,,239.0,237.2,,
_result,0,2025-11-11 23:06:23+00:00,E0107,wach,0.9,,,,,,,,
_result,0,2025-11-11 23:07:47+00:00,E0107,wach,0.9,,,,,,,,
_result,1,2025-11-11 23:10:00+00:00,E0107,wach,,A,0.66,,,,,,
_result,0,2025-11-11 23:10:01+00:00,E0107,wach,0.9,,,,,,,,
_result,0,2025-11-11 23:12:21+00:00,E0107,wach,0.89,,,,,,,,
_result,0,2025-11-11 23:14:04+00:00,E0107,wach,0.89,,,,,,,,
_result,2,2025-11-11 23:16:01+00:00,E0107,wach,,V,,,,238.5,236.6,239.1,
_result,0,2025-11-11 23:16:02+00:00,E0107,wach,0.89,,,,,,,,
_result,0,2025-11-11 23:18:16+00:00,E0107,wach,0.9,,,,,,,,
_result,0,2025-11-11 23:20:25+00:00,E0107,wach,0.9,,,,,,,,
_result,1,2025-11-11 23:23:41+00:00,E0107,wach,,A,0.66,0.19,0.26,,,,
_result,0,2025-11-11 23:23:42+00:00,E0107,wach,0.9,,,,,,,,
_result,1,2025-11-11 23:24:28+00:00,E0107,wach,,A,0.66,0.19,0.26,,,,
_result,0,2025-11-11 23:24:29+00:00,E0107,wach,0.9,,,,,,,,
_result,0,2025-11-11 23:26:33+00:00,E0107,wach,0.9,,,,,,,,
_result,1,2025-11-11 23:28:35+00:00,E0107,wach,,A,0.66,0.19,0.26,,,,
_result,0,2025-11-11 23:28:36+00:00,E0107,wach,0.9,,,,,,,,
_result,1,2025-11-11 23:30:38+00:00,E0107,wach,,A,0.66,0.19,0.26,,,,
_result,0,2025-11-11 23:30:39+00:00,E0107,wach,0.9,,,,,,,,
_result,0,2025-11-11 23:32:39+00:00,E0107,wach,0.9,,,,,,,,
_result,0,2025-11-11 23:34:36+00:00,E0107,wach,0.9,,,,,,,,
_result,1,2025-11-11 23:36:44+00:00,E0107,wach,,A,0.66,0.19,0.26,,,,
_result,0,2025-11-11 23:36:45+00:00,E0107,wach,0.9,,,,,,,,
_result,0,2025-11-11 23:38:33+00:00,E0107,wach,0.9,,,,,,,,
_result,0,2025-11-11 23:40:35+00:00,E0107,wach,0.9,,,,,,,,
_result,0,2025-11-11 23:42:36+00:00,E0107,wach,0.9,,,,,,,,
_result,0,2025-11-11 23:44:25+00:00,E0107,wach,0.9,,,,,,,,
_result,1,2025-11-11 23:46:20+00:00,E0107,wach,,A,0.66,0.19,0.26,,,,
_result,0,2025-11-11 23:46:26+00:00,E0107,wach,0.9,,,,,,,,
_result,0,2025-11-11 23:48:15+00:00,E0107,wach,0.9,,,,,,,,
_result,0,2025-11-11 23:50:13+00:00,E0107,wach,0.9,,,,,,,,
_result,1,2025-11-11 23:52:27+00:00,E0107,wach,,A,0.66,0.2,0.26,,,,
_result,0,2025-11-11 23:52:28+00:00,E0107,wach,0.9,,,,,,,,
_result,1,2025-11-11 23:54:39+00:00,E0107,wach,,A,0.66,0.2,0.26,,,,
_result,0,2025-11-11 23:54:40+00:00,E0107,wach,0.9,,,,,,,,
_result,0,2025-11-11 23:56:57+00:00,E0107,wach,0.9,,,,,,,,
_result,0,2025-11-11 23:59:20+00:00,E0107,wach,0.9,,,,,,,,
