power_factor_avg,current_l1,current_l2,current_l3,volts_l1_n,volts_l2_n,volts_l3_n,power_total
0.79,0.664,0.55,0.71,232.34,230.85999999999999,232.35999999999999,0.3528458
0.79,0.67,0.55,0.7185714285714285,233.68571428571428,232.18571428571428,233.72857142857143,0.3559748571428572
0.79,0.67,0.55,0.72,233.92857142857142,232.44285714285712,234.02857142857144,0.35616242857142855
0.79,0.67,0.55,0.72,234.075,232.575,234.0875,0.355818125
0.79,0.67,0.55,0.72,234.425,232.975,234.48749999999998,0.357117375
0.79,0.67,0.55,0.7200000000000001,234.0666666666667,232.5666666666667,234.16666666666666,0.35635483333333334
0.79,0.67,0.55,0.7185714285714285,233.92857142857142,232.35714285714286,233.97142857142856,0.3556724285714286
0.79,0.67,0.55,0.71875,234.025,232.5125,234.05,0.35617825
0.79,0.67,0.55,0.72,233.8,232.375,233.9625,0.355707875
0.79,0.67,0.55,0.72,233.78571428571428,232.34285714285716,233.85714285714286,0.3557471428571429
0.79,0.67,0.55,0.72,233.9,232.475,234.0,0.3556995
0.79,0.67,0.55,0.72,234.35714285714286,232.95714285714286,234.44285714285712,0.3568944285714286
0.7814285714285715,0.67,0.55,0.72,235.32857142857142,233.91428571428574,235.41428571428574,0.3587987142857143
0.7775000000000001,0.66625,0.5575000000000001,0.7275,236.175,234.7625,236.2625,0.357865625
0.77,0.6475,0.56,0.73,237.875,236.4,237.9,0.35444725
0.7785714285714286,0.6414285714285715,0.5514285714285715,0.7214285714285714,235.0,233.52857142857144,235.1,0.34941000000000005
0.78,0.64,0.55,0.72,234.18571428571428,232.77142857142857,234.4,0.3490965714285714
0.78,0.64,0.55,0.72,234.525,233.07500000000002,234.7375,0.34919925
0.78,0.64,0.55,0.72,234.45714285714286,232.9857142857143,234.71428571428572,0.34799428571428576
0.78,0.64,0.55,0.72,234.7625,233.325,235.125,0.34853375
0.8585714285714285,0.49714285714285716,0.40714285714285714,0.5485714285714286,234.41428571428574,233.0,234.8857142857143,0.28943214285714286
0.89,0.44,0.35,0.48,234.4375,233.075,235.0125,0.265387625
0.8985714285714286,0.44,0.35,0.48,234.24285714285716,232.7571428571429,234.87142857142857,0.26443114285714286
0.895,0.44,0.35,0.48,234.325,232.875,234.875,0.26462600000000003
0.895,0.44,0.35,0.48,234.4,232.8625,234.9,0.265337375
0.8928571428571429,0.44,0.35,0.48,234.81428571428572,233.22857142857143,235.28571428571428,0.26567928571428573
0.895,0.44,0.35,0.48,234.95,233.45,235.45,0.26569125
0.8928571428571429,0.44,0.35,0.48,235.08571428571426,233.4857142857143,235.54285714285714,0.266267
0.89125,0.44,0.35,0.48,235.2,233.6375,235.775,0.266145125
0.89,0.44,0.35,0.48,235.18571428571428,233.62857142857143,235.62857142857143,0.2657305714285714
0.89,0.44,0.35,0.48,235.58571428571426,233.9857142857143,236.1142857142857,0.2668285714285714
0.89,0.44,0.35,0.48,236.35,234.625,236.825,0.26744025
0.89,0.44,0.35,0.48,237.20000000000002,235.5,237.6142857142857,0.2687265714285714
0.89,0.44,0.35,0.48,237.05714285714288,235.29999999999998,237.64285714285714,0.2690692857142857
0.89,0.44,0.35,0.48000000000000004,237.45555555555555,235.8777777777778,237.9888888888889,0.269268
0.89,0.44,0.35,0.48,237.79999999999998,236.14285714285714,238.21428571428572,0.269714
0.89,0.44,0.35,0.48,237.52857142857144,235.85714285714286,238.0,0.26989557142857146
0.89,0.44,0.35,0.48,237.66250000000002,236.0375,238.15,0.26988575
0.89,0.44,0.35,0.48,238.02857142857144,236.44285714285712,238.5,0.26975514285714286
0.89,0.44,0.35,0.48,237.8625,236.1625,238.35,0.26985725
0.89,0.44,0.35,0.48,238.32857142857142,236.78571428571428,238.75714285714284,0.2705592857142857
0.89,0.44,0.35,0.4825,238.7625,237.175,239.175,0.2710825
0.89,0.44,0.35,0.48375,239.0375,237.375,239.4625,0.2717085
0.89,0.44,0.35,0.48857142857142855,239.08571428571426,237.42857142857142,239.3857142857143,0.2716537142857143
0.89,0.44,0.35,0.48875,239.525,237.9125,239.9,0.272038375
0.89,0.44,0.35,0.48999999999999994,239.74285714285716,238.24285714285716,240.20000000000002,0.27239442857142854
0.89,0.44,0.35,0.48624999999999996,238.775,237.21249999999998,239.1375,0.271157
0.89,0.44,0.35,0.48,236.94285714285712,235.45714285714286,237.45714285714286,0.26870514285714286
0.89,0.44,0.35,0.48,237.2,235.675,237.5875,0.268751375
0.89,0.44,0.35,0.48,236.85714285714286,235.34285714285716,237.22857142857143,0.2684667142857143
0.89,0.44,0.35,0.48,236.975,235.425,237.33749999999998,0.2679355
0.89,0.44,0.35,0.48,237.31428571428572,235.78571428571428,237.6,0.26914985714285716
0.89,0.44,0.35,0.48,237.175,235.775,237.6625,0.2695195
0.89,0.44,0.35,0.48,237.85714285714286,236.42857142857142,238.28571428571428,0.2697752857142857
0.89,0.44,0.35,0.48,237.925,236.4875,238.25,0.270059375
0.89,0.44,0.35,0.48,238.4,236.95714285714286,238.71428571428572,0.2706655714285714
0.89,0.44,0.35,0.48,238.67142857142858,237.17142857142858,238.94285714285712,0.27076828571428574
0.89,0.44,0.35,0.48,238.6125,237.1,238.925,0.271332375
0.89,0.44,0.35,0.48,238.75714285714284,237.32857142857142,239.12857142857143,0.2712592857142857
0.89,0.44,0.35,0.4825,238.75,237.275,239.0125,0.27080550000000003
0.89,0.44,0.35,0.48428571428571426,238.55714285714288,237.1,238.8857142857143,0.270914
0.89,0.44,0.35,0.48375,238.625,237.1375,238.9,0.270590125
0.89,0.44,0.35,0.48,238.2625,236.925,238.57500000000002,0.27019825
0.89,0.44,0.35,0.48,237.9,236.54285714285714,238.37142857142857,0.2704398571428571
0.89,0.44,0.35,0.48,237.17142857142858,235.85714285714286,237.67142857142858,0.2690942857142857
0.89,0.44,0.35,0.48,236.4375,234.925,236.8,0.267763
0.89125,0.44,0.35,0.48,235.7625,234.325,235.95,0.267281875
0.8928571428571429,0.44,0.35,0.48,234.67142857142858,233.28571428571428,234.9,0.266239
0.7971428571428572,0.6114285714285714,0.5285714285714286,0.6857142857142857,234.1142857142857,232.64285714285714,234.17142857142858,0.3366924285714286
0.78,0.64,0.55,0.715,233.225,231.65,233.175,0.346802875
0.78625,0.63375,0.55,0.71,231.925,230.4,231.975,0.34426975
0.7828571428571429,0.6371428571428571,0.5528571428571428,0.7171428571428571,233.64285714285714,232.14285714285714,233.65714285714284,0.3470614285714286
0.78,0.64,0.55,0.715,233.35,231.86249999999998,233.4125,0.34703475
0.7885714285714286,0.6371428571428571,0.55,0.71,232.21428571428572,230.7,232.2,0.3455947142857143
0.7885714285714286,0.6328571428571428,0.55,0.7114285714285714,232.1,230.4857142857143,232.05714285714288,0.34473985714285715
0.78,0.64,0.5525,0.72,234.5,233.025,234.55,0.349107
0.78,0.64,0.55,0.72,234.15714285714284,232.6,234.21428571428572,0.34886357142857144
0.7871428571428571,0.6542857142857142,0.5557142857142858,0.72,234.5142857142857,233.04285714285714,234.58571428571426,0.35375000000000006
0.79,0.66,0.55,0.72,234.4375,232.9375,234.5,0.3562975
0.79,0.66,0.55,0.72,233.85714285714286,232.3857142857143,233.94285714285715,0.35568057142857146
0.79,0.6687500000000001,0.55,0.71375,233.25,231.76250000000002,233.4125,0.355587875
0.79,0.67,0.55,0.7128571428571429,233.07142857142858,231.71428571428572,233.29999999999998,0.35574957142857144
0.79,0.67,0.55,0.71375,233.13750000000002,231.7125,233.275,0.3557595
0.7914285714285715,0.67,0.5485714285714286,0.7128571428571429,233.04285714285714,231.58571428571426,233.20000000000002,0.35502799999999995
0.7933333333333333,0.67,0.54,0.71,232.98333333333332,231.5666666666667,233.08333333333334,0.3543885
0.79,0.67,0.54,0.71,232.9625,231.55,233.175,0.35497887499999997
0.79,0.67,0.54,0.71,232.77499999999998,231.2625,232.9375,0.35407662500000003
0.79,0.67,0.54,0.71,233.07142857142858,231.6,233.22857142857143,0.3541174285714286
0.79,0.67,0.54,0.7157142857142856,233.57142857142858,232.08571428571426,233.70000000000002,0.35575285714285715
0.79,0.67125,0.54,0.72,233.8625,232.45,234.0625,0.3569795
0.79,0.6725000000000001,0.54,0.72,234.0,232.625,234.25,0.3565715
0.79,0.67,0.54,0.7183333333333333,233.66666666666666,232.25,233.88333333333333,0.35616049999999994
0.79,0.67,0.54,0.715,233.5875,232.1875,233.75,0.355448875
0.79,0.67,0.54,0.71,232.94285714285712,231.45714285714286,232.95714285714286,0.3543724285714286
0.79,0.67,0.54,0.71,232.8125,231.4,232.75,0.352964
0.79,0.67,0.54,0.71,232.79999999999998,231.4333333333333,232.83333333333334,0.35363433333333333
0.79,0.67,0.54,0.71,232.4,231.02499999999998,232.475,0.35281724999999997
0.79,0.6728571428571428,0.54,0.71,232.55714285714288,231.1,232.58571428571426,0.35317642857142856
0.79,0.6737500000000001,0.54,0.72,234.77499999999998,233.2875,234.7875,0.356991875
0.79,0.6785714285714286,0.54,0.72,234.75714285714284,233.44285714285712,234.78571428571428,0.3570858571428572
0.79,0.68,0.54,0.72,234.8375,233.4875,234.95,0.357578625
0.78,0.6428571428571429,0.5428571428571429,0.72,235.44285714285712,234.02857142857144,235.37142857142857,0.34835214285714283
0.78,0.65,0.55,0.72,236.2625,234.8375,236.2375,0.35065825
0.78,0.6475,0.55,0.72,236.0,234.55,235.925,0.3498735
0.78,0.65,0.55,0.72,235.9857142857143,234.58571428571426,235.95714285714286,0.3501957142857143
0.78,0.65,0.55,0.72,235.7875,234.3375,235.7375,0.34997812500000003
0.7771428571428572,0.65,0.55,0.72,236.07142857142858,234.7,236.15714285714284,0.35002357142857143
0.7742857142857142,0.65,0.55,0.7257142857142858,236.44285714285712,235.0142857142857,236.41428571428574,0.3515028571428571
0.77,0.65,0.55,0.73,237.625,236.3,237.675,0.35325537500000004
0.7766666666666667,0.6633333333333334,0.55,0.73,238.0666666666667,236.76666666666665,238.13333333333333,0.35856466666666664
0.7825,0.67,0.55,0.72375,236.6375,235.3625,236.70000000000002,0.359205375
0.78,0.67125,0.55,0.7275,236.6875,235.4,236.8125,0.359762875
0.78,0.6842857142857143,0.55,0.7314285714285714,237.91428571428574,236.72857142857143,238.14285714285714,0.3643351428571428
0.7885714285714286,0.6814285714285715,0.55,0.7228571428571428,235.20000000000002,233.94285714285712,235.41428571428574,0.3590727142857143
0.79,0.68,0.55,0.72,234.8,233.525,235.05,0.357555625
0.79,0.68,0.55,0.72,234.525,233.3375,234.95000000000002,0.358079875
0.8725,0.53,0.4,0.54,234.6125,233.4875,235.1875,0.295753125
0.9,0.48428571428571426,0.35,0.48,234.12857142857143,232.95714285714286,234.71428571428572,0.27437885714285715
0.92,0.48,0.35,0.48,234.22857142857143,233.05714285714288,234.82857142857142,0.27469271428571423
0.94375,0.2275,0.15,0.1925,236.25,234.7875,237.0375,0.1212592875
0.9,0.48333333333333334,0.3499999999999999,0.48,234.66666666666666,233.36666666666667,235.35,0.2757213333333333
0.9,0.48,0.35,0.48,234.20000000000002,232.78571428571428,234.8857142857143,0.2746188571428571
0.9,0.48,0.35,0.48,234.9,233.6125,235.55,0.2754355
0.9,0.48,0.35,0.48,235.18571428571428,233.92857142857142,236.0,0.275557
0.9,0.48,0.35,0.48,235.5142857142857,234.21428571428572,236.27142857142857,0.2761337142857143
0.9,0.48,0.35,0.48,235.55,234.2125,236.25,0.276181
0.9,0.48,0.3499999999999999,0.48,235.73333333333335,234.26666666666665,236.36666666666667,0.27669066666666664
0.9,0.48,0.35,0.48,236.3,234.925,236.95000000000002,0.27714025
0.9,0.48,0.35,0.48,237.21428571428572,235.82857142857142,237.84285714285716,0.27825214285714284
0.9,0.48,0.35,0.48,237.2,235.7,237.7375,0.278685
0.9,0.48,0.35,0.48,237.2625,235.7875,237.79999999999998,0.2783325
0.9,0.48428571428571426,0.35,0.48,237.5,235.95714285714286,238.08571428571426,0.27925314285714287
0.9,0.4875,0.35,0.48,238.29999999999998,236.79999999999998,238.9,0.2808225
0.9,0.48142857142857143,0.35,0.48,237.35714285714286,235.87142857142857,237.98571428571427,0.27890785714285715
0.8975,0.48,0.35,0.48,237.7875,236.2375,238.35,0.2795765
0.9,0.4828571428571428,0.35,0.48,237.97142857142856,236.47142857142856,238.58571428571426,0.27989899999999995
0.89875,0.485,0.35,0.48,238.4375,236.8875,238.95,0.28056325
0.8928571428571429,0.4828571428571428,0.35,0.48428571428571426,238.81428571428572,237.29999999999998,239.34285714285716,0.28093799999999997
0.89,0.48428571428571426,0.35,0.48999999999999994,239.1142857142857,237.6142857142857,239.62857142857143,0.2812348571428571
0.89,0.48375,0.35,0.49,239.2125,237.7,239.7125,0.281761125
0.89,0.48999999999999994,0.35,0.48999999999999994,239.87142857142857,238.37142857142857,240.44285714285712,0.28281014285714284
0.89875,0.48124999999999996,0.35,0.48124999999999996,236.925,235.375,237.375,0.278495375
0.9,0.48,0.35,0.48,236.82857142857142,235.3857142857143,237.4,0.27830642857142857
0.9,0.48,0.35,0.48,236.6875,235.3,237.25,0.277955875
0.9,0.48,0.35,0.48,237.0,235.6625,237.625,0.278495125
0.9,0.48,0.35,0.48,237.35714285714286,235.9857142857143,237.9,0.2789252857142857
0.9,0.4828571428571428,0.35,0.48,237.74285714285716,236.4,238.35714285714286,0.2793804285714286
0.8966666666666666,0.48,0.3499999999999999,0.48,238.03333333333333,236.73333333333335,238.53333333333333,0.27987883333333335
0.8966666666666667,0.48000000000000004,0.35,0.48000000000000004,238.0111111111111,236.65555555555557,238.54444444444445,0.27993444444444443
0.8971428571428571,0.48428571428571426,0.35,0.48,238.29999999999998,236.95714285714286,238.79999999999998,0.28019914285714287
0.9,0.4828571428571428,0.35,0.4828571428571428,238.21428571428572,236.91428571428574,238.74285714285716,0.2798431428571429
0.9,0.4875,0.35,0.48,238.625,237.2,239.1125,0.281400375
0.8985714285714286,0.48857142857142855,0.35,0.48,238.92857142857142,237.6,239.4,0.28149742857142857
0.89,0.48375,0.35,0.48624999999999996,238.575,237.2375,239.1625,0.28067525
0.89,0.4857142857142857,0.35,0.48714285714285716,238.9857142857143,237.71428571428572,239.52857142857144,0.2806828571428571
0.89,0.48375,0.35,0.49,238.92499999999998,237.625,239.4875,0.281176875
0.8925000000000001,0.48624999999999996,0.35,0.48875,239.2375,237.9875,239.7875,0.281880875
0.8983333333333334,0.48500000000000004,0.3499999999999999,0.4883333333333333,238.9,237.66666666666666,239.45000000000002,0.2807501666666667
0.89375,0.48,0.35,0.48124999999999996,238.2875,237.07500000000002,238.9375,0.2804325
0.8966666666666666,0.48,0.3499999999999999,0.48,238.04999999999998,236.71666666666667,238.4333333333333,0.2793731666666667
0.9,0.48375,0.35,0.48,237.5375,236.275,238.075,0.279428375
0.9,0.48,0.35,0.48,237.16250000000002,235.825,237.6875,0.27895125
0.9,0.48,0.35,0.48,236.55714285714288,235.29999999999998,237.1,0.2782907142857143
0.9,0.48,0.35,0.48,235.55,234.2125,235.8625,0.276885
0.7971428571428572,0.6514285714285715,0.5214285714285715,0.6857142857142857,234.34285714285716,232.94285714285712,234.54285714285714,0.34643285714285715
0.7887500000000001,0.68,0.55,0.72,233.85,232.3875,234.01250000000002,0.358271
0.79,0.68,0.55,0.71375,232.7,231.375,232.95,0.355475125
0.79,0.6757142857142858,0.55,0.71,231.5,230.04285714285714,231.64285714285714,0.35336157142857144
0.7871428571428571,0.68,0.55,0.7157142857142856,233.5,232.07142857142858,233.70000000000002,0.3566958571428572
0.79,0.68,0.55,0.71,232.7625,231.425,232.9375,0.35566725
0.7871428571428571,0.6742857142857144,0.55,0.7128571428571429,232.58571428571426,231.18571428571428,232.78571428571428,0.35548328571428567
0.79,0.68,0.55,0.72,234.6,233.12857142857143,234.74285714285716,0.3594152857142857
0.79,0.68,0.55,0.72,234.0625,232.575,234.25,0.357824625
0.79,0.68,0.55,0.72,234.05714285714288,232.6285714285714,234.20000000000002,0.35742642857142853
0.79,0.68,0.55,0.7166666666666667,233.63333333333333,232.16666666666666,233.78333333333333,0.35752483333333335
0.79,0.68,0.55,0.72,234.15714285714287,232.6,234.27142857142857,0.35785428571428574
0.79,0.68,0.55,0.7175,233.7375,232.3,233.975,0.35671775
0.79,0.68,0.55,0.71,233.04999999999998,231.61666666666667,233.33333333333334,0.3558195
0.79,0.68,0.55,0.7128571428571429,233.3142857142857,231.78571428571428,233.51428571428573,0.3561351428571428
0.79,0.68,0.55,0.7175,233.45,231.9625,233.625,0.3563455
0.79,0.68,0.55,0.71,233.1,231.6875,233.4625,0.35649200000000003
0.79,0.68,0.55,0.71,232.8,231.3,233.06,0.35578
0.79,0.68,0.55,0.71,232.71428571428572,231.29999999999998,232.9857142857143,0.3549608571428572
0.79,0.68,0.55,0.71,232.6625,231.175,232.925,0.35588274999999997
0.79,0.68,0.55,0.71,233.0,231.53750000000002,233.2375,0.35634925
0.79,0.68,0.55,0.71,232.6,231.13333333333333,232.86666666666667,0.35523
0.79,0.68,0.55,0.71,232.70000000000002,231.24285714285716,232.94285714285712,0.3546672857142857
0.79,0.68,0.55,0.71,232.75714285714284,231.29999999999998,233.17142857142858,0.35578057142857145
0.79,0.68,0.55,0.71,233.5142857142857,231.91428571428574,233.58571428571426,0.3562022857142857
0.79,0.68,0.55,0.71,233.15,231.65,233.3,0.3554645
0.79,0.68,0.55,0.71,233.15714285714284,231.57142857142858,233.25714285714284,0.3557577142857143
0.79,0.6775,0.55,0.71,232.925,231.36249999999998,233.0,0.35488225
0.79,0.6787500000000001,0.55,0.71,232.4125,230.9,232.57500000000002,0.35445187499999997
0.79,0.6737500000000001,0.54625,0.71,232.2375,230.6875,232.4,0.35297612500000003
0.79,0.6733333333333333,0.55,0.71,232.25,230.73333333333335,232.4333333333333,0.35384733333333335
0.79,0.68,0.55,0.71,233.11666666666667,231.56666666666663,233.1833333333333,0.3552931666666667
0.79,0.67,0.55,0.71,233.65,232.11666666666667,233.75,0.3544915
0.79,0.67,0.55,0.7133333333333333,233.70000000000002,232.23333333333335,233.8166666666667,0.35453483333333335
0.79,0.67,0.55,0.7124999999999999,233.6875,232.2,233.825,0.35506150000000003
0.79,0.67,0.55,0.71,233.6,232.1,233.76666666666665,0.355856
0.79,0.67,0.55,0.71,233.65714285714284,232.18571428571428,233.78571428571428,0.3551614285714286
0.79,0.67,0.55,0.71,233.28571428571428,231.79999999999998,233.45714285714286,0.35382142857142856
0.79,0.6671428571428571,0.55,0.71,233.22857142857143,231.75714285714284,233.41428571428574,0.353716
0.79,0.67,0.55,0.715,233.64999999999998,232.16666666666666,233.70000000000002,0.3553136666666667
0.78625,0.67,0.55,0.72,234.6375,233.1125,234.75,0.356603375
0.78,0.67,0.55,0.72,235.64285714285714,234.2,235.81428571428572,0.3575635714285714
0.78,0.67,0.5542857142857144,0.7285714285714285,236.85714285714286,235.44285714285712,237.08571428571426,0.36015014285714286
0.7775000000000001,0.6725000000000001,0.56,0.735,238.38750000000002,237.05,238.6625,0.3630275
0.7842857142857144,0.6714285714285715,0.5514285714285715,0.7228571428571428,235.24285714285716,233.8,235.5142857142857,0.357508
0.79,0.67,0.55,0.72,234.3125,232.925,234.5875,0.355441375
0.79,0.67,0.55,0.72,234.5125,232.975,234.75,0.35665675
0.7814285714285715,0.67,0.55,0.7242857142857143,235.07142857142858,233.71428571428572,235.47142857142856,0.35740257142857146
0.81,0.615,0.5,0.66125,235.2125,233.9625,235.775,0.3356805
0.89,0.45,0.35,0.48,234.975,233.4375,235.5125,0.267570875
0.89,0.45,0.35,0.48,234.6,233.20000000000002,235.15714285714284,0.2667847142857143
0.89,0.45,0.35,0.48,235.0875,233.7375,235.6875,0.267818625
0.89,0.45,0.35,0.48,235.42857142857142,233.9,235.9857142857143,0.26752728571428575
0.89,0.45,0.35,0.48,235.3375,233.9,235.9875,0.26814975
0.89,0.44999999999999996,0.35,0.48000000000000004,235.67777777777778,234.2444444444444,236.26666666666668,0.2686974444444445
0.89,0.45,0.35,0.48,235.6625,234.1625,236.3125,0.26867625
0.89,0.45,0.35,0.48,236.29999999999998,234.9,236.94285714285712,0.26965628571428574
0.89,0.45,0.35,0.48,236.125,234.5875,236.75,0.269316125
0.89,0.45,0.35,0.48,236.4,234.9,237.025,0.2691825
0.89,0.45,0.35,0.48,236.8,235.2375,237.4,0.270004875
0.89,0.45,0.35,0.48,237.6375,236.1875,238.25,0.271368875
0.89,0.45,0.35,0.48,236.5625,235.025,237.0875,0.2688805
0.89,0.45,0.35,0.48,236.65,235.1,237.15,0.2699055
0.89,0.45,0.35,0.48,236.75714285714284,235.18571428571428,237.3,0.26981757142857143
0.89,0.45,0.35,0.48,237.08571428571426,235.48571428571427,237.54285714285714,0.27027557142857145
0.89,0.45,0.35,0.48,237.3875,235.8125,237.95,0.27089325
0.89,0.45,0.35,0.48,237.71428571428572,236.07142857142858,238.29999999999998,0.2717382857142857
0.89,0.45,0.35,0.48,237.5125,235.925,238.15,0.271099875
0.89,0.45,0.35,0.48,237.75714285714284,236.1142857142857,238.32857142857142,0.27142685714285714
0.89,0.45,0.35,0.48,237.9,236.2625,238.4625,0.27123375
0.89,0.45,0.35,0.48,238.125,236.475,238.6,0.271879
0.89,0.45,0.35,0.48,238.3,236.64285714285714,238.71428571428572,0.2717652857142857
0.89,0.45,0.35,0.48624999999999996,238.475,236.9375,239.0625,0.272505875
0.89,0.45,0.35,0.4828571428571428,238.68571428571428,237.1142857142857,239.25714285714284,0.27214742857142854
0.89,0.45,0.35,0.49,239.425,237.8875,239.9875,0.273627625
0.89,0.45,0.35,0.48999999999999994,239.52857142857144,238.0,240.12857142857143,0.27371885714285715
0.89,0.45,0.35,0.48999999999999994,239.52857142857144,237.95714285714286,239.95714285714286,0.273435
0.89,0.45,0.35,0.49,239.575,238.1625,240.20000000000002,0.27364
0.89,0.45,0.35,0.48375,237.8,236.2625,238.2125,0.27115825
0.89,0.45,0.35,0.48,236.65714285714284,235.1285714285714,237.2,0.2697857142857143
0.89,0.45,0.35,0.48,236.81428571428572,235.34285714285716,237.3857142857143,0.26972871428571427
0.89,0.45,0.35,0.48,237.1875,235.7125,237.6375,0.270658875
0.89,0.45,0.35,0.48,237.65,236.1625,238.125,0.27124475000000003
0.89,0.45,0.35,0.48,237.9857142857143,236.5142857142857,238.41428571428574,0.27217328571428573
0.89,0.45,0.35,0.48,237.9,236.32857142857142,238.28571428571428,0.27143957142857145
0.89,0.45,0.35,0.48,237.65,236.0375,238.15,0.2712085
0.89,0.45,0.35,0.48,237.9375,236.4,238.4875,0.271111
0.89,0.45,0.35,0.48,237.84285714285716,236.29999999999998,238.3857142857143,0.2712812857142857
0.89,0.45,0.35,0.48,237.6,235.84285714285716,237.92857142857142,0.2713838571428572
0.89,0.45,0.35,0.48,237.1142857142857,235.35714285714286,237.4857142857143,0.2702505714285714
0.89,0.45,0.35,0.48,237.2375,235.675,237.775,0.27098374999999997
0.89,0.45,0.35,0.48,237.35714285714286,235.77142857142857,237.81428571428572,0.27103842857142857
0.89,0.45,0.35,0.48,237.11249999999998,235.5125,237.7,0.270799125
0.89,0.45,0.35,0.48,237.1,235.4875,237.5375,0.27082612500000003
0.89,0.45,0.35,0.48,237.225,235.65,237.7,0.27086212499999995
0.89,0.45,0.35,0.48,236.9857142857143,235.42857142857142,237.44285714285712,0.27006742857142857
0.7871428571428571,0.6214285714285713,0.53,0.6942857142857142,236.52857142857144,234.97142857142856,237.0,0.3416267142857143
0.77,0.65,0.56,0.73,236.325,234.75,236.6375,0.353925875
0.78,0.65,0.56,0.7257142857142858,236.02857142857144,234.54285714285714,236.45714285714283,0.3537142857142857
0.77375,0.65,0.5537500000000001,0.73,235.9,234.4125,236.325,0.353297
0.78,0.65,0.55,0.7228571428571428,235.27142857142857,233.79999999999998,235.68571428571428,0.3521478571428571
0.78,0.65,0.55,0.72,234.175,232.675,234.55,0.349873875
0.78,0.65,0.55,0.72,233.91428571428574,232.44285714285712,234.35714285714286,0.34975542857142855
0.78,0.65,0.55,0.7175,233.2625,231.75,233.6625,0.34748275
0.78,0.6471428571428571,0.5528571428571428,0.72,233.27142857142857,231.74285714285716,233.70000000000002,0.34860014285714286
0.78,0.65,0.55,0.72625,235.45,233.95,235.8875,0.35237962500000003
0.78,0.65,0.55,0.72,234.57142857142858,233.07142857142858,235.0142857142857,0.35050114285714284
0.915,0.185,0.16,0.195,237.0,235.2375,237.725,0.1020052875
0.96,0.03,0.03,0.02,239.20000000000002,238.28571428571428,240.58571428571426,0.019191814285714287
0.96,0.03,0.03,0.02,238.5142857142857,237.55714285714288,239.9,0.019093057142857143
0.7987500000000001,0.5825,0.48875,0.63625,234.21249999999998,232.925,234.85000000000002,0.30965050000000005
0.78,0.65,0.55,0.72,233.13750000000002,231.7375,233.575,0.3483965
0.78,0.64,0.55,0.7128571428571429,232.75714285714284,231.25714285714284,233.1142857142857,0.3467375714285715
0.78,0.6475,0.55,0.7175,233.54999999999998,232.0875,233.95,0.34847887499999997
0.78,0.65,0.55,0.72,233.9857142857143,232.5142857142857,234.20000000000002,0.3493537142857143
0.78,0.65,0.55,0.72,233.85714285714286,232.45714285714286,234.32857142857142,0.3486417142857143
0.78,0.65,0.55,0.72,234.14285714285714,232.78571428571428,234.84285714285713,0.3508941428571429
0.78,0.65,0.55,0.72,234.1,232.6625,234.6,0.34990075
0.78,0.65,0.55,0.72,234.31428571428572,232.97142857142856,234.8,0.35023
0.78,0.65,0.55,0.72,234.175,232.8625,234.7875,0.350333625
0.78,0.65,0.55,0.72,234.3375,232.9125,234.775,0.350086125
0.78,0.65,0.55,0.72,233.81428571428572,232.34285714285716,234.18571428571428,0.348129
0.78,0.65,0.55,0.72,233.97142857142856,232.42857142857142,234.25714285714284,0.3486954285714286
0.78,0.65,0.55,0.72,233.9625,232.5625,234.4125,0.348644
0.78,0.65,0.55,0.71875,233.6,232.175,234.075,0.34827425
0.7799999999999999,0.65,0.55,0.7183333333333333,233.51666666666665,232.0,233.88333333333333,0.3480878333333333
0.7825,0.65,0.55,0.71375,233.225,231.6875,233.5625,0.3482635
0.78,0.65,0.55,0.71375,233.45,231.9,233.85,0.347311125
0.78,0.6457142857142858,0.55,0.7128571428571429,233.3857142857143,231.8857142857143,233.77142857142857,0.34774457142857146
0.78,0.65,0.55,0.71375,233.525,232.025,233.875,0.347569125
0.78,0.65,0.55,0.71,233.0,231.52857142857144,233.4,0.3469325714285714
0.78,0.64375,0.55,0.71,232.775,231.2625,233.2125,0.345849375
0.78,0.6485714285714286,0.55,0.71,232.81428571428572,231.3857142857143,233.29999999999998,0.346492
0.78,0.6442857142857142,0.55,0.7142857142857143,232.6142857142857,231.12857142857143,233.17142857142858,0.3463792857142857
0.78,0.6475,0.55,0.71,232.8625,231.4,233.28750000000002,0.346591875
0.78,0.6475,0.55,0.71375,232.875,231.3375,233.3125,0.347091625
0.78,0.65,0.55,0.72,233.21428571428572,231.6142857142857,233.71428571428572,0.34764628571428574
0.78,0.645,0.55,0.715,233.1,231.5125,233.525,0.346204375
0.78,0.64375,0.55,0.71,233.0125,231.45,233.4375,0.3456885
0.78,0.6471428571428571,0.55,0.7128571428571429,233.15714285714287,231.65714285714284,233.65714285714284,0.34670742857142856
0.78,0.65,0.55,0.72,233.74285714285716,232.21428571428572,234.24285714285716,0.34767042857142855
0.78,0.65,0.55,0.72,234.025,232.55,234.425,0.34879537499999996
0.78,0.65,0.55,0.72,234.27142857142857,232.74285714285716,234.77142857142857,0.3490768571428572
0.78,0.65,0.55,0.72,233.9125,232.35,234.3875,0.348431625
0.8742857142857143,0.4785714285714286,0.37857142857142856,0.5142857142857142,234.04285714285714,232.5,234.68571428571428,0.27811914285714284
0.89,0.45,0.35,0.48,234.2125,232.675,234.85,0.266196875
0.89,0.45,0.35,0.48,234.18571428571428,232.62857142857143,234.81428571428572,0.26608457142857145
0.89,0.45,0.35,0.48,234.7125,233.1875,235.375,0.267262875
0.89,0.45,0.35,0.48,235.1,233.6,235.77142857142857,0.26785442857142855
0.89,0.45,0.35,0.48,235.075,233.6125,235.7,0.267705
0.89,0.45,0.35,0.48,234.9857142857143,233.44285714285712,235.57142857142858,0.26745857142857143
0.89,0.45,0.35,0.48,235.0875,233.5625,235.825,0.267649125
0.89,0.45,0.35,0.48,235.6,234.05714285714288,236.22857142857143,0.2687382857142857
0.89,0.45,0.35,0.48,235.5375,233.9875,236.075,0.267756375
0.89,0.45,0.35,0.48,235.95714285714286,234.35714285714286,236.55714285714288,0.268669
0.89,0.45,0.35,0.48,236.41250000000002,234.6125,236.8875,0.268787875
0.89,0.45,0.35,0.48,237.6625,236.0,238.3125,0.27117525
0.89,0.45,0.35,0.48,237.54285714285714,235.95714285714286,238.17142857142855,0.27078557142857146
0.89,0.45,0.35,0.48,237.55714285714288,235.92857142857142,238.20000000000002,0.27074114285714285
0.89,0.45,0.35,0.48,237.7375,236.1,238.325,0.270908125
0.89,0.45,0.35,0.48,237.84285714285716,236.14285714285714,238.47142857142856,0.27145985714285714
0.89,0.45,0.35,0.48,238.2375,236.5625,238.75,0.27206087500000004
0.89,0.45,0.35,0.48857142857142855,238.6,236.8857142857143,239.17142857142858,0.27187057142857146
0.89,0.45,0.35,0.48142857142857143,238.42857142857142,236.68571428571428,239.0,0.2717357142857143
0.89,0.45,0.35,0.48,238.3875,236.6,238.85,0.2720565
0.89,0.45,0.35,0.48,238.1375,236.375,238.7125,0.272128875
0.89,0.45,0.35,0.48,238.22857142857143,236.4857142857143,238.82857142857142,0.2720695714285714
0.89,0.45,0.35,0.48375,238.6,236.95,239.25,0.272011625
0.89,0.45,0.35,0.48,238.42857142857142,236.79999999999998,239.1,0.27170442857142857
0.89,0.45,0.35,0.4825,238.5125,236.8875,239.1875,0.272082375
0.89,0.45,0.35,0.48999999999999994,239.24285714285716,237.64285714285714,239.84285714285716,0.27308242857142856
0.89,0.45,0.35,0.49,239.5125,237.88750000000002,240.0875,0.273587625
0.89,0.45,0.35,0.48999999999999994,239.85714285714286,238.28571428571428,240.45714285714286,0.2741625714285714
0.89,0.45,0.35,0.4857142857142857,238.32857142857145,236.85714285714286,238.95714285714286,0.2723875714285714
0.89,0.45,0.35,0.48,236.6875,235.075,237.3125,0.26986125
0.89,0.45,0.35,0.48,236.6875,235.05,237.1875,0.26924125
0.89,0.45,0.35,0.48,237.17142857142858,235.54285714285714,237.45714285714286,0.270193
0.89,0.45,0.35,0.48,237.275,235.775,237.85,0.2706095
0.89,0.45,0.35,0.48,237.55714285714288,235.92857142857142,238.05714285714288,0.27033814285714286
0.89,0.45,0.35,0.48,237.525,236.025,238.0625,0.2707145
0.89,0.45,0.35,0.48,236.75,235.225,237.3,0.26944625
0.89,0.45,0.3499999999999999,0.48,236.96666666666667,235.4333333333333,237.5666666666667,0.2698051666666667
0.89,0.45,0.35,0.48,237.15,235.5625,237.625,0.270113125
0.89,0.45,0.35,0.48,237.1,235.57142857142858,237.54285714285714,0.26992842857142857
0.89,0.45,0.35,0.48,237.3125,235.7875,237.825,0.27027087499999997
0.89,0.45,0.35,0.48,237.05,235.55,237.625,0.270195125
0.89,0.45,0.35,0.48,237.15714285714284,235.7,237.70000000000002,0.2699314285714286
0.89,0.45,0.35,0.48,237.1125,235.675,237.7125,0.269989375
0.89,0.45,0.35,0.48,237.18571428571428,235.78571428571428,237.82857142857142,0.27032742857142855
0.89,0.45,0.35,0.48,237.0625,235.5875,237.6125,0.269725875
0.89,0.45,0.35,0.48,237.17142857142858,235.64285714285714,237.70000000000002,0.2702982857142857
0.89,0.45,0.35,0.48,237.0375,235.625,237.6375,0.2705505
0.7871428571428571,0.6257142857142857,0.53,0.6942857142857142,237.0142857142857,235.54285714285714,237.45714285714286,0.34147000000000005
0.77,0.65625,0.56,0.73,236.75,235.3125,237.1375,0.354821875
0.77,0.65375,0.56,0.73,236.9125,235.6,237.275,0.35591625
0.7700000000000001,0.6528571428571429,0.56,0.7299999999999999,236.6142857142857,235.20000000000002,236.91428571428574,0.3538847142857143
0.7700000000000001,0.6528571428571429,0.56,0.7299999999999999,236.4,235.04285714285714,236.82857142857142,0.3536717142857143
0.77,0.65,0.56,0.73,235.9625,234.6,236.35,0.35293725
0.7700000000000001,0.65,0.56,0.7285714285714285,235.71428571428572,234.35714285714286,236.07142857142858,0.3523861428571428
0.77,0.65,0.56,0.72375,235.61249999999998,234.2375,235.95,0.352126875
0.7757142857142857,0.65,0.5571428571428572,0.7242857142857143,235.32857142857142,234.0,235.75714285714284,0.35193785714285714
0.78,0.65,0.5525,0.72,234.9125,233.525,235.3125,0.3512735
0.78,0.65,0.55,0.72,234.5,233.17142857142858,235.0142857142857,0.3503137142857143
0.78,0.65,0.55,0.72,233.875,232.5,234.2625,0.34942425
0.7814285714285715,0.65,0.55,0.7185714285714285,233.24285714285716,231.81428571428572,233.7,0.3485818571428571
0.7837500000000001,0.6475,0.55,0.71,232.575,231.15,233.0625,0.34772375
0.79,0.6457142857142858,0.55,0.71,232.22857142857143,230.6,232.70000000000002,0.3472654285714286
0.7725,0.65,0.56,0.73,235.8,234.35,236.3125,0.352928625
0.7742857142857142,0.65,0.5557142857142858,0.7299999999999999,235.52857142857144,233.9857142857143,236.1142857142857,0.3521478571428571
0.7775000000000001,0.65,0.55,0.725,235.3375,233.825,235.8625,0.35180625
0.7714285714285715,0.65,0.55,0.7242857142857143,235.34285714285716,233.84285714285716,235.91428571428574,0.3514174285714286
0.77875,0.65,0.55,0.72375,235.1875,233.6375,235.7125,0.35144074999999997
0.78,0.65,0.55,0.72,234.875,233.2625,235.4875,0.351012875
0.78,0.65,0.55,0.72,234.95714285714286,233.3857142857143,235.52857142857144,0.35048557142857145
0.78,0.65,0.55,0.72,234.54285714285714,233.0,235.0142857142857,0.3490475714285714
0.78,0.65,0.55,0.72,234.5375,233.025,235.075,0.3492855
0.78,0.65,0.55,0.72,234.45714285714286,232.85714285714286,234.87142857142857,0.3495914285714286
0.78,0.65,0.55,0.72,233.85,232.325,234.3625,0.34837125
0.78,0.65,0.55,0.72,234.02857142857144,232.42857142857142,234.44285714285712,0.34844785714285714
0.78,0.65,0.55,0.72,233.9875,232.3875,234.425,0.34783237499999997
0.78,0.65,0.55,0.72,234.05714285714288,232.44285714285712,234.5142857142857,0.3472768571428571
0.78,0.65,0.55,0.72,233.8375,232.3,234.3,0.34734675
0.78,0.65,0.55,0.72,234.0,232.4,234.4,0.347665
0.78,0.65,0.55,0.72,233.9125,232.325,234.3625,0.34655874999999997
0.78,0.6442857142857142,0.55,0.7171428571428571,233.5,231.78571428571428,233.94285714285715,0.34681057142857147
0.78,0.64375,0.55,0.72,233.675,232.1,234.0375,0.346399
0.78,0.64,0.55,0.7128571428571429,233.47142857142856,231.87142857142857,233.9857142857143,0.3466194285714286
0.78,0.645,0.5475000000000001,0.71375,233.225,231.5125,233.575,0.3458805
0.78,0.6442857142857142,0.55,0.7171428571428571,233.32857142857142,231.71428571428572,233.77142857142857,0.3464761428571429
0.78,0.64625,0.55,0.7162499999999999,233.325,231.6125,233.7,0.346390125
0.78,0.65,0.55,0.7157142857142856,233.65714285714284,232.02857142857144,234.05714285714288,0.3475174285714286
0.78,0.65,0.55,0.72,233.81428571428572,232.15714285714284,234.25714285714284,0.34766157142857146
0.78,0.6471428571428571,0.55,0.72,233.82857142857142,232.14285714285714,234.3857142857143,0.34741357142857143
0.78,0.64875,0.55,0.72,233.8125,232.175,234.3,0.3472915
0.78,0.65,0.55,0.72,233.95714285714286,232.3714285714286,234.45714285714286,0.34821942857142857
0.78,0.65,0.55,0.72,233.82857142857142,232.07142857142858,234.35714285714286,0.34766014285714286
0.7799999999999999,0.65,0.55,0.7200000000000001,234.10000000000002,232.41666666666666,234.45000000000002,0.34795116666666664
0.78,0.65,0.55,0.72,234.02857142857144,232.4,234.54285714285714,0.347604
0.78,0.6471428571428571,0.55,0.72,234.0,232.3857142857143,234.48571428571427,0.34766585714285714
0.78,0.65,0.55,0.72,233.95,232.3,234.4125,0.348036625
0.8114285714285714,0.5928571428571429,0.4928571428571429,0.6514285714285714,233.95714285714286,232.31428571428572,234.5142857142857,0.32485857142857144
0.89,0.45,0.35,0.48,234.3125,232.63750000000002,234.9125,0.265798125
0.89,0.45,0.35,0.48,234.35714285714286,232.70000000000002,235.02857142857144,0.26648471428571424
0.89,0.45,0.3499999999999999,0.48,234.26666666666665,232.5666666666667,234.9,0.26646233333333336
0.89,0.45,0.35,0.48,234.20000000000002,232.54285714285714,234.82857142857142,0.2666722857142857
0.89,0.45,0.35,0.48,233.82857142857142,232.20000000000002,234.6142857142857,0.26599228571428574
0.89,0.45,0.35,0.48,234.0625,232.325,234.7125,0.26606975
0.89,0.45,0.35,0.48,234.14285714285714,232.47142857142856,234.77142857142857,0.26614685714285713
0.89,0.45,0.35,0.48,234.1125,232.3375,234.7875,0.266066625
0.89,0.44999999999999996,0.35,0.48000000000000004,234.9111111111111,233.17777777777778,235.53333333333336,0.2672063333333333
0.89,0.45,0.35,0.48,234.925,233.025,235.47500000000002,0.267662625
0.89,0.45,0.35,0.48,235.4,233.6,236.1125,0.267855
0.89,0.44999999999999996,0.35,0.48000000000000004,236.36666666666665,234.57777777777775,237.02222222222224,0.26965744444444445
0.89,0.45,0.35,0.48,236.675,234.9,237.3375,0.27008925
0.89,0.44999999999999996,0.35,0.48000000000000004,236.70000000000002,234.8777777777778,237.32222222222222,0.27007200000000003
0.89,0.45,0.35,0.48,236.9,234.97142857142856,237.41428571428574,0.26989657142857143
0.89,0.45,0.35,0.48,237.1625,235.26250000000002,237.6625,0.270112125
0.89,0.45,0.35,0.48,237.5875,235.7,238.1375,0.27134975
0.89,0.45,0.35,0.48,238.0,236.07142857142858,238.54285714285714,0.2716985714285714
0.89,0.45,0.35,0.485,238.475,236.6,239.025,0.27230675
0.89,0.45,0.35,0.4857142857142857,238.57142857142858,236.74285714285716,239.07142857142858,0.27227714285714283
0.89,0.45,0.35,0.48,238.6875,236.7,239.1125,0.272415625
0.89,0.45,0.35,0.48714285714285716,239.31428571428572,237.5,239.85714285714286,0.27320142857142854
0.89,0.45,0.35,0.48875,239.375,237.55,239.925,0.273192375
0.89,0.45,0.35,0.48,236.4,234.62857142857143,237.0,0.269328
0.89,0.45,0.35,0.48,236.95000000000002,235.15,237.4625,0.26995975
0.89,0.45,0.35,0.48,237.15714285714284,235.44285714285712,237.70000000000002,0.2709227142857143
0.89,0.45,0.35,0.48,237.425,235.675,237.9375,0.270927
0.89,0.45,0.35,0.48,237.47142857142856,235.70000000000002,238.0,0.27101057142857143
0.89,0.45,0.35,0.48,238.3625,236.6375,238.875,0.27211125
0.89,0.45,0.35,0.48375,238.45,236.7,239.025,0.27185424999999996
0.89,0.45,0.35,0.48428571428571426,238.32857142857142,236.70000000000002,239.04285714285714,0.271977
0.89,0.45,0.35,0.48,238.05714285714288,236.3857142857143,238.64285714285714,0.271352
0.89,0.45,0.35,0.48375,238.2875,236.625,238.8625,0.271302375
0.89,0.45,0.35,0.48,238.64285714285714,236.94285714285712,239.17142857142858,0.27212342857142857
0.89,0.45,0.35,0.48,238.6,236.775,239.0875,0.272225125
0.89,0.45,0.35,0.48,238.70000000000002,236.9857142857143,239.17142857142858,0.2723572857142857
0.89,0.45,0.35,0.4825,238.875,237.1875,239.3875,0.2723635
0.89,0.45,0.35,0.4828571428571428,238.81428571428572,237.15714285714284,239.42857142857142,0.27278471428571427
0.89,0.45,0.35,0.4825,238.7,237.1125,239.175,0.27232025
0.89,0.45,0.35,0.48,238.81428571428572,237.21428571428572,239.18571428571428,0.2730808571428571
0.89,0.45,0.35,0.48,238.57142857142858,236.87142857142857,239.05714285714288,0.27176785714285717
0.89,0.45,0.35,0.48,238.425,236.775,238.9,0.27190325
0.89,0.45,0.35,0.48,237.975,236.375,238.5875,0.271383
0.89,0.45,0.35,0.48,237.29999999999998,235.62857142857143,237.8857142857143,0.27013714285714285
0.89,0.45,0.35,0.48,236.88750000000002,235.2125,237.38750000000002,0.26947512500000004
0.89,0.45,0.35,0.48,236.29999999999998,234.65714285714284,236.94285714285715,0.2689748571428571
0.89,0.45,0.35,0.48,234.7875,233.0625,235.1625,0.267161
0.7957142857142857,0.6214285714285713,0.5214285714285715,0.6842857142857143,233.82857142857142,232.0142857142857,234.1142857142857,0.3360781428571428
0.78,0.6475,0.55,0.71,232.8,231.01250000000002,232.9875,0.34671825
0.7828571428571429,0.64,0.55,0.71,231.58571428571426,229.81428571428572,231.75714285714284,0.34452371428571427
0.78125,0.64875,0.55,0.71875,233.4875,231.75,233.6875,0.347244125
0.78,0.6428571428571429,0.55,0.7128571428571429,232.64285714285714,230.91428571428574,232.9,0.3460615714285714
0.78,0.64,0.55,0.71,231.8625,230.225,232.1875,0.345081
0.7871428571428571,0.64,0.55,0.71,231.29999999999998,229.6,231.54285714285714,0.3441862857142857
0.78625,0.64,0.55,0.71,231.29999999999998,229.625,231.5875,0.34420825
0.7828571428571429,0.6471428571428571,0.55,0.7171428571428571,233.3142857142857,231.5,233.4857142857143,0.3480975714285714
0.78,0.65,0.55,0.72,234.72857142857143,233.14285714285714,235.1,0.34985185714285716
0.7799999999999999,0.67,0.55,0.7200000000000001,234.66666666666666,233.0,234.96666666666667,0.35707333333333335
0.7885714285714286,0.6671428571428571,0.55,0.72,233.92857142857142,232.27142857142857,234.17142857142858,0.35572728571428575
0.79,0.6666666666666666,0.55,0.7200000000000001,233.29999999999998,231.6833333333333,233.6,0.35332649999999993
0.9175,0.21000000000000002,0.16,0.195,237.5,236.0375,238.325,0.108127525
0.96,0.06,0.03,0.02,239.32857142857142,238.18571428571428,240.57142857142858,0.026117928571428573
0.924,0.184,0.136,0.16199999999999998,238.6,237.5,239.76,0.09307232000000001
0.78,0.6742857142857144,0.5585714285714286,0.7242857142857143,234.64285714285714,233.52857142857144,235.44285714285712,0.35807257142857146
0.78,0.67,0.55,0.72,234.0,232.91428571428574,234.68571428571428,0.3558994285714286
0.785,0.67,0.55,0.72,233.93,233.08,234.76,0.3558563
0.7825,0.67,0.55,0.72,234.25,233.3375,234.9375,0.35681825
0.7822222222222223,0.67,0.55,0.72,234.82222222222222,233.9111111111111,235.42222222222225,0.3578105555555556
0.78,0.67,0.5544444444444445,0.72,235.15555555555557,234.23333333333332,235.72222222222223,0.3585035555555556
0.7887500000000001,0.67,0.55125,0.72,234.375,233.3125,234.8125,0.356903875
0.79,0.67,0.55,0.72,234.1625,232.9125,234.4,0.356362625
0.79,0.67,0.55,0.72,234.21428571428572,232.71428571428572,234.15714285714284,0.35625671428571426
0.79,0.67,0.55,0.7157142857142856,233.87142857142857,232.35714285714286,233.75714285714284,0.3549317142857143
0.79,0.665,0.55,0.71,233.45000000000002,231.85,233.3,0.35429675
0.79,0.6675,0.55,0.71,233.425,231.85,233.3,0.354376625
0.79,0.6628571428571429,0.55,0.71,233.22857142857143,231.67142857142858,233.1,0.35354071428571426
0.7837500000000001,0.6525000000000001,0.55,0.71375,233.6875,232.125,233.6375,0.34957337499999996
0.78,0.65,0.55,0.7171428571428571,233.87142857142857,232.35714285714286,233.97142857142856,0.3483614285714286
0.78,0.6475,0.55,0.715,233.575,232.0,233.6,0.34762099999999996
0.78,0.64,0.55,0.71,232.75714285714284,231.14285714285714,232.75714285714284,0.3451481428571429
0.78,0.64,0.55,0.71,232.74285714285716,231.12857142857143,232.81428571428572,0.3462327142857143
0.78,0.6425000000000001,0.55,0.71,232.5875,231.0625,232.75,0.345762375
0.78,0.64,0.55,0.71,232.45714285714286,230.91428571428574,232.71428571428572,0.34538199999999997
0.78,0.64,0.55,0.71,232.32857142857142,230.8857142857143,232.6142857142857,0.34524257142857145
0.78,0.64,0.55,0.71,232.34285714285716,230.85714285714286,232.57142857142858,0.34446571428571426
0.7875000000000001,0.6587500000000001,0.55,0.71,232.425,230.925,232.6125,0.35048075
0.79,0.66,0.55,0.71,232.8857142857143,231.48571428571427,233.07142857142858,0.35306385714285715
0.7871428571428571,0.6628571428571429,0.55,0.7128571428571429,233.44285714285712,232.09999999999997,233.6285714285714,0.35367442857142856
0.78,0.67,0.55,0.72,234.3,233.1,234.7,0.355293
0.78,0.67,0.5585714285714286,0.7285714285714285,235.72857142857143,234.44285714285712,236.09999999999997,0.35798785714285714
0.7799999999999999,0.67,0.56,0.73,236.4333333333333,235.2166666666667,236.85,0.3592863333333333
0.78,0.67,0.56,0.7299999999999999,237.25714285714284,236.0142857142857,237.71428571428572,0.3613697142857143
0.78,0.67,0.5542857142857144,0.7242857142857143,235.9,234.65714285714284,236.42857142857142,0.3592128571428571
0.78,0.67,0.55,0.72,234.87142857142857,233.67142857142858,235.37142857142857,0.3571785714285714
0.78,0.67,0.55,0.7228571428571428,235.08571428571426,233.79999999999998,235.6142857142857,0.357433
0.78,0.67,0.55,0.7271428571428571,235.48571428571427,234.28571428571428,236.05714285714285,0.35726085714285716
0.88,0.5083333333333333,0.3833333333333333,0.52,235.39999999999998,234.20000000000002,236.15,0.2886761666666667
0.9,0.47000000000000003,0.35,0.48,235.2,233.97142857142856,235.97142857142856,0.274904
0.9,0.47000000000000003,0.35,0.48,234.85714285714286,233.64285714285714,235.47142857142856,0.27400357142857146
0.9,0.47000000000000003,0.35,0.48,235.17142857142858,233.91428571428574,235.82857142857142,0.2740464285714286
0.9,0.47000000000000003,0.35,0.48,235.20000000000002,233.8857142857143,235.71428571428572,0.27439057142857143
0.9,0.47000000000000003,0.35,0.48,235.35714285714286,233.8857142857143,235.72857142857143,0.27478542857142857
0.9,0.47000000000000003,0.35,0.48,235.42857142857142,234.31428571428572,236.12857142857143,0.27476014285714284
0.9,0.47000000000000003,0.35,0.48,235.70000000000002,234.54285714285714,236.41428571428574,0.2752845714285714
0.9,0.47000000000000003,0.35,0.48,235.81428571428572,234.55714285714288,236.55714285714288,0.275128
0.9,0.47000000000000003,0.35,0.48,236.41428571428574,235.1142857142857,237.17142857142858,0.276307
0.9,0.48,0.35,0.48,236.6,235.3,237.3,0.277377
0.9,0.48,0.35,0.48,237.08571428571426,235.82857142857142,237.82857142857142,0.2778632857142857
0.8985714285714286,0.48,0.35,0.48,237.31428571428572,236.0142857142857,238.04285714285714,0.27861614285714287
0.8957142857142858,0.48,0.35,0.48,237.4,236.05714285714288,238.22857142857143,0.2786934285714286
0.9,0.48,0.35,0.48,237.08571428571432,235.72857142857143,237.81428571428572,0.27815414285714285
0.9,0.48,0.3499999999999999,0.48,237.33333333333334,235.9333333333333,237.9333333333333,0.27842266666666665
0.9,0.48,0.35,0.4825,237.725,236.3375,238.325,0.278790125
0.9,0.48,0.35,0.48624999999999996,237.875,236.45,238.475,0.27897725
0.9,0.48,0.35,0.48,238.1,236.91428571428574,238.8,0.27941685714285713
0.9,0.48,0.35,0.4857142857142857,238.32857142857142,236.92857142857142,238.82857142857142,0.27994271428571427
0.9,0.48,0.35,0.48428571428571426,238.42857142857142,237.08571428571432,239.0,0.2802158571428571
0.8985714285714286,0.48,0.35,0.48142857142857143,238.7428571428571,237.32857142857142,239.34285714285716,0.2807152857142857
0.8925000000000001,0.48,0.35,0.4875,238.6,237.3,239.25,0.2807255
0.9,0.48,0.3499999999999999,0.48,236.16666666666666,234.9,236.76666666666665,0.2772751666666667
0.9,0.48,0.35,0.48,236.0,234.8,236.6,0.277261
0.9,0.48,0.35,0.48,236.8125,235.4875,237.4125,0.27787812500000003
0.9,0.48,0.35,0.48,236.875,235.65,237.475,0.2775515
0.9,0.48,0.35,0.48,236.1125,234.975,236.775,0.276866
0.9,0.48,0.35,0.48,236.5142857142857,235.17142857142858,237.0142857142857,0.27766128571428567
0.9,0.48,0.35,0.48,236.6125,235.35,237.20000000000002,0.277629
0.9,0.48,0.35,0.48,237.2,235.975,237.8125,0.27844125000000003
0.9,0.48,0.35,0.48,237.5,236.275,238.075,0.27885187499999997
0.9,0.48,0.35,0.48,237.68571428571428,236.4,238.18571428571428,0.2787911428571429
0.8975,0.48,0.35,0.48,238.175,236.975,238.7,0.27947725
0.89875,0.48,0.35,0.48,238.225,237.0,238.7375,0.279786875
0.89375,0.48,0.35,0.48,238.2375,237.075,238.7125,0.27880575
0.89,0.48,0.35,0.48,238.3125,237.15,238.75,0.2789745
0.89,0.48,0.35,0.485,238.8,237.7125,239.3875,0.28073975
0.89,0.48,0.35,0.48999999999999994,239.1,238.1,239.7,0.2812902857142857
0.8933333333333334,0.48000000000000004,0.35,0.48666666666666664,238.96666666666664,237.83333333333334,239.60000000000002,0.28067866666666663
0.8966666666666666,0.48,0.3499999999999999,0.48333333333333334,238.79999999999998,237.63333333333333,239.33333333333334,0.28079566666666667
0.8933333333333334,0.48000000000000004,0.35,0.4855555555555556,238.60000000000002,237.45555555555555,239.15555555555557,0.28007766666666667
0.89,0.48,0.35,0.48,238.1,236.8,238.5,0.279382
0.8999999999999999,0.48000000000000004,0.35,0.48000000000000004,237.79999999999998,236.63333333333335,238.33333333333334,0.2786633333333334
0.9,0.48,0.35,0.48,237.1625,235.88750000000002,237.6625,0.277911
0.9,0.48,0.35,0.48,236.425,235.225,237.025,0.27723437500000003
0.9,0.48,0.35,0.48,236.3125,235.1125,236.875,0.27652037500000004
0.9,0.48,0.35,0.48,235.7,234.5,236.2,0.275842
0.83125,0.5875,0.47750000000000004,0.63375,233.3625,231.96249999999998,233.975,0.32638525
0.79,0.67,0.5525,0.7162499999999999,232.95,231.6625,233.225,0.35536375
0.79,0.67,0.55,0.71,231.65,230.3875,231.9,0.353026
0.78,0.67,0.56,0.72,234.62857142857143,233.32857142857142,234.84285714285716,0.357977
0.79,0.67,0.55,0.715,232.9625,231.6875,233.2375,0.354830875
0.79,0.67,0.55,0.71,231.85714285714286,230.52857142857144,232.12857142857143,0.352267
0.79,0.6725000000000001,0.55,0.71,231.7,230.35,232.175,0.3529525
0.7828571428571429,0.68,0.5571428571428572,0.7171428571428571,233.82857142857142,232.44285714285715,234.21428571428572,0.3582695714285714
0.78,0.68,0.5585714285714286,0.72,234.47142857142856,233.17142857142858,234.77142857142857,0.3585167142857143
0.78,0.68,0.55,0.72,234.28571428571428,232.94285714285712,234.54285714285714,0.3581161428571428
0.78,0.68,0.55,0.72,234.3625,233.0625,234.7,0.358233125
0.7885714285714286,0.68,0.55,0.72,233.77142857142854,232.32857142857142,233.94285714285715,0.35737785714285714
0.79,0.68,0.55,0.72,233.70000000000002,232.28571428571428,233.94285714285712,0.3571028571428571
0.7857142857142857,0.68,0.55,0.7157142857142856,233.75714285714284,232.4,234.08571428571426,0.3576958571428571
0.7814285714285715,0.68,0.55,0.7185714285714285,233.91428571428568,232.6,234.17142857142858,0.3572262857142857
0.79,0.68,0.55,0.7124999999999999,233.25,231.875,233.475,0.35598050000000003
0.79,0.68,0.55,0.72,233.31428571428572,231.8857142857143,233.70000000000002,0.3563394285714286
0.7857142857142857,0.68,0.55,0.72,233.31428571428572,231.87142857142857,233.71428571428572,0.35604685714285716
0.79,0.68,0.55,0.72,233.25714285714284,231.65714285714284,233.55714285714288,0.3556877142857143
0.79,3.9814285714285718,3.292857142857143,4.2942857142857145,233.4,231.81428571428572,233.8,2.1213757142857146
0.79,8.395000000000001,6.9750000000000005,9.055,233.29999999999998,231.75,233.65,4.505175
0.79,8.415714285714285,6.981428571428572,9.095714285714285,233.87142857142857,232.37142857142857,234.24285714285716,4.5126599999999994
0.79,8.414285714285715,6.975714285714285,9.085714285714285,233.68571428571428,232.25714285714284,234.1,4.504605714285714
0.79,8.435714285714285,6.982857142857143,9.102857142857143,234.0142857142857,232.58571428571426,234.3857142857143,4.511568571428572
0.79,8.432857142857143,6.978571428571429,9.082857142857142,233.82857142857142,232.31428571428572,234.2,4.509811428571428
0.79,8.421428571428573,6.981428571428571,9.075714285714286,233.82857142857142,232.27142857142857,234.07142857142858,4.508028571428571
0.79,8.41,6.974285714285714,9.044285714285715,233.1,231.6,233.5,4.491034285714286
0.79,8.39857142857143,6.9628571428571435,9.047142857142857,233.14285714285714,231.64285714285714,233.42857142857142,4.485684285714286
0.79,8.4,6.95,9.01,232.54999999999998,231.04999999999998,232.75,4.47694
0.79,8.395000000000001,6.955000000000001,9.03,232.70000000000002,231.20000000000002,233.04999999999998,4.47624
0.79,8.391666666666667,6.945,9.01,232.36666666666667,230.78333333333333,232.61666666666667,4.467441666666667
0.79,8.387142857142859,6.938571428571429,9.0,232.15714285714284,230.58571428571426,232.45714285714286,4.457314285714285
0.79,8.398333333333333,6.943333333333334,9.001666666666667,232.25,230.66666666666666,232.53333333333333,4.47156
0.79,8.391250000000001,6.95,9.00875,232.2875,230.6875,232.5375,4.4634175
0.79,8.388333333333334,6.9383333333333335,8.996666666666668,232.20000000000002,230.66666666666666,232.53333333333333,4.454501666666666
0.79,8.387500000000001,6.9350000000000005,9.015,232.4125,230.925,232.7875,4.46382625
0.79,8.38857142857143,6.925714285714285,9.008571428571429,232.41428571428574,230.9,232.77142857142854,4.464722857142857
0.79,8.404285714285715,6.928571428571429,9.01,232.55714285714288,231.02857142857144,232.85714285714286,4.465172857142857
0.79,8.404285714285715,6.93,9.02142857142857,232.70000000000002,231.18571428571428,233.0,4.463442857142857
0.79,8.41,6.9366666666666665,9.04,232.9333333333333,231.4333333333333,233.13333333333333,4.4648433333333335
0.79,8.41,6.941428571428572,9.022857142857143,232.67142857142858,231.12857142857143,233.0,4.468172857142856
0.79,8.421666666666667,6.943333333333334,9.033333333333333,233.04999999999998,231.51666666666665,233.33333333333334,4.477528333333333
0.79,8.444285714285714,6.967142857142858,9.075714285714286,234.02857142857144,232.54285714285714,234.29999999999998,4.507034285714285
0.7828571428571429,8.47,7.002857142857143,9.127142857142857,235.14285714285714,233.74285714285716,235.34285714285716,4.5278599999999996
0.7799999999999999,8.513333333333334,7.023333333333333,9.188333333333333,235.9333333333333,234.6,236.35,4.554128333333334
0.78,8.534285714285714,7.045714285714285,9.227142857142857,237.0,235.45714285714286,237.21428571428572,4.57532
0.78,8.56,7.068571428571429,9.285714285714286,237.95714285714286,236.45714285714286,238.17142857142858,4.6006599999999995
0.7866666666666667,8.513333333333334,7.028333333333333,9.181666666666667,235.96666666666667,234.46666666666667,236.25,4.553823333333333
0.79,8.459999999999999,6.995,9.09,234.1,232.6,234.39999999999998,4.5095
0.79,8.465714285714286,6.99,9.10142857142857,234.31428571428572,232.85714285714286,234.57142857142858,4.5167785714285715
0.7814285714285715,8.487142857142858,7.0,9.161428571428571,235.0,233.62857142857143,235.4857142857143,4.531967142857143
0.8057142857142858,8.127142857142857,6.628571428571428,8.695714285714287,234.6,233.12857142857143,235.04285714285714,4.380405714285714
0.9,6.061428571428571,4.434285714285714,6.06,234.64285714285714,233.3857142857143,235.47142857142856,3.4863414285714285
0.9,6.024285714285715,4.44,6.054285714285713,234.44285714285712,233.04285714285714,235.12857142857143,3.4740342857142856
0.9,6.014285714285713,4.43,6.054285714285713,234.57142857142858,233.21428571428572,235.31428571428572,3.4690742857142856
0.9,6.0183333333333335,4.433333333333334,6.055,234.58333333333334,233.1833333333333,235.25,3.4766033333333333
0.9,6.011428571428572,4.425714285714285,6.062857142857142,235.0,233.68571428571428,235.72857142857143,3.472282857142857
0.9,6.01,4.435714285714286,6.06,234.9857142857143,233.52857142857144,235.52857142857144,3.476002857142857
0.9,6.014285714285713,4.43,6.075714285714286,235.34285714285716,233.8857142857143,235.92857142857142,3.4777799999999996
0.9,6.046666666666667,4.44,6.073333333333333,235.9333333333333,234.4666666666667,236.4333333333333,3.49703
0.9,6.031428571428571,4.435714285714286,6.0928571428571425,236.1142857142857,234.62857142857143,236.74285714285716,3.5040742857142857
0.9,6.03,4.438571428571429,6.101428571428571,236.35714285714286,234.9,237.0,3.5098028571428572
0.9,6.034285714285715,4.435714285714286,6.098571428571428,236.52857142857144,235.07142857142858,237.20000000000002,3.515
0.9,6.031428571428571,4.435714285714286,6.101428571428571,236.97142857142856,235.34285714285716,237.4,3.5132614285714285
0.9,6.0442857142857145,4.44,6.11,237.45714285714286,235.94285714285712,238.0,3.524892857142857
0.9,6.04,4.441428571428571,6.12,237.6142857142857,236.05714285714288,238.2,3.5289757142857145
0.9,6.047499999999999,4.4437500000000005,6.12125,237.6375,236.16250000000002,238.25,3.5291325
0.9,6.048571428571428,4.434285714285714,6.13,237.92857142857142,236.47142857142856,238.52857142857144,3.53215
0.9,6.055714285714286,4.45,6.14,238.5142857142857,237.1142857142857,239.05714285714288,3.5479471428571427
0.89,6.04,4.434285714285714,6.144285714285714,238.6,236.9857142857143,239.1,3.5402
0.89625,6.06,4.44625,6.15,238.9625,237.4875,239.4125,3.55391125
0.8928571428571429,6.045714285714285,4.445714285714286,6.15,238.92857142857142,237.3857142857143,239.4,3.5438042857142853
0.89,6.042857142857143,4.344285714285714,6.15,239.0,237.07142857142858,239.12857142857143,3.5311685714285717
0.89,6.05,4.44,6.172857142857143,239.6142857142857,238.08571428571432,240.05714285714288,3.571152857142857
0.895,6.04,4.44,6.13125,237.875,236.4375,238.375,3.5322525
0.9,6.0371428571428565,4.434285714285714,6.094285714285713,236.3857142857143,234.92857142857142,236.92857142857142,3.506122857142857
0.9,6.045714285714285,4.435714285714286,6.104285714285714,236.8857142857143,235.44285714285712,237.32857142857142,3.5063514285714286
0.9,6.04,4.444285714285715,6.114285714285715,237.02857142857144,235.57142857142858,237.67142857142858,3.522344285714286
0.9,6.03625,4.44125,6.12,237.4375,236.03750000000002,237.88750000000002,3.52289125
0.9,6.035714285714286,4.445714285714286,6.105714285714286,236.77142857142857,235.32857142857142,237.18571428571428,3.5087471428571426
0.9,6.035714285714286,4.4628571428571435,6.11,237.14285714285714,235.71428571428572,237.68571428571428,3.5276400000000003
0.9,6.04125,4.4750000000000005,6.112500000000001,237.1875,235.825,237.75,3.52957625
0.9,6.03875,4.46875,6.12375,237.4,236.0375,237.925,3.5281325
0.9,6.034285714285715,4.472857142857143,6.124285714285714,237.5142857142857,236.21428571428572,238.02857142857144,3.5320042857142857
0.89625,6.03875,4.47,6.12,237.825,236.45,238.17499999999998,3.5341525000000003
0.9,6.04625,4.46625,6.125,237.9,236.6,238.4125,3.5373125
0.895,6.0275,4.465,6.12875,238.26250000000002,237.0,238.78750000000002,3.5437287499999996
0.8925000000000001,6.0425,4.47125,6.137499999999999,238.92499999999998,237.6625,239.33749999999998,3.5546175
0.9,6.044999999999999,4.465,6.138333333333333,238.73333333333335,237.36666666666667,239.0666666666667,3.546788333333333
0.9,6.055,4.47,6.1525,239.125,237.825,239.70000000000002,3.5632225
0.89125,6.05,4.475,6.155,239.3625,238.075,240.05,3.56857625
0.89625,6.05375,4.47,6.15,239.175,237.9,239.7625,3.56396375
0.9,6.03875,4.47375,6.14625,239.0625,237.7875,239.5375,3.55988375
0.895,6.04625,4.47,6.15625,239.025,237.725,239.5625,3.5578962499999998
0.89,6.02875,4.46375,6.13375,238.1625,236.8625,238.6625,3.54322
0.89,6.031666666666666,4.461666666666667,6.135000000000001,237.98333333333335,236.78333333333333,238.63333333333333,3.5371283333333334
0.8925000000000001,6.0175,4.4625,6.1274999999999995,237.77499999999998,236.6,238.425,3.531315
0.9,6.0200000000000005,4.461428571428572,6.11,237.07142857142858,235.71428571428572,237.6,3.520162857142857
0.9,6.025714285714286,4.472857142857142,6.1,236.57142857142858,235.25714285714284,237.17142857142858,3.5161971428571426
0.9,6.02625,4.48,6.0737499999999995,235.3,233.9875,235.775,3.49712875
0.852857142857143,7.082857142857143,5.590000000000001,7.384285714285714,234.29999999999998,232.84285714285716,234.70000000000002,3.9309399999999997
0.79,8.485714285714286,7.048571428571428,9.11,233.55714285714288,232.20000000000002,233.87142857142857,4.5126100000000005
0.79,8.467142857142857,7.034285714285715,9.06857142857143,232.95714285714286,231.5,233.35714285714286,4.514955714285715
0.79,8.435,7.0,9.01,231.70000000000002,230.25,231.95000000000002,4.47891
0.79,8.502857142857144,7.028571428571429,9.068571428571428,233.14285714285714,231.84285714285716,233.42857142857142,4.514457142857142
0.79,8.49,7.03,9.092857142857143,233.57142857142858,232.07142857142858,233.82857142857142,4.519984285714286
0.79,8.457142857142857,7.011428571428572,9.044285714285714,232.62857142857143,231.20000000000002,232.91428571428574,4.495710000000001
0.79,8.44,6.994285714285715,9.007142857142856,232.0142857142857,230.42857142857142,232.21428571428572,4.48447
0.79,8.426666666666668,6.986666666666667,8.985000000000001,231.4,229.88333333333333,231.66666666666666,4.475206666666666
0.79,8.42,6.99,8.98,231.2,229.7,231.5,4.46176
0.79,8.473333333333334,7.03,9.08,233.26666666666665,231.76666666666665,233.63333333333333,4.5131733333333335
0.79,8.485000000000001,7.044999999999999,9.11,234.14999999999998,232.70000000000002,234.45000000000002,4.530435
0.79,8.482857142857144,7.025714285714286,9.097142857142858,233.58571428571426,232.17142857142858,233.92857142857142,4.521382857142857
0.79,8.493333333333334,7.036666666666666,9.086666666666666,233.33333333333334,231.86666666666667,233.66666666666666,4.511893333333333
0.79,8.482857142857144,7.03,9.094285714285714,233.70000000000002,232.22857142857143,234.05714285714288,4.525614285714285
0.79,8.465714285714286,7.021428571428571,9.072857142857144,233.21428571428572,231.74285714285716,233.57142857142858,4.521457142857143
0.79,8.47,7.0200000000000005,9.072857142857144,233.20000000000002,231.71428571428572,233.52857142857144,4.509185714285715
0.79,8.482857142857144,7.014285714285713,9.075714285714286,233.27142857142857,231.77142857142857,233.6285714285714,4.515504285714286
0.79,8.446666666666667,7.006666666666667,9.036666666666667,232.46666666666667,231.03333333333333,232.86666666666667,4.5002233333333335
0.79,8.43142857142857,6.991428571428571,9.015714285714285,232.02857142857144,230.5,232.34285714285716,4.484461428571429
0.79,8.425714285714285,6.991428571428571,9.004285714285714,231.65714285714284,230.17142857142858,232.05714285714288,4.477934285714285
0.79,8.435714285714285,6.99,8.992857142857144,231.57142857142858,230.21428571428572,232.01428571428573,4.475832857142857
0.79,8.457142857142857,7.011428571428572,9.022857142857143,232.45714285714286,231.2,232.82857142857142,4.4942842857142855
0.79,8.459999999999999,7.02,9.04,232.95000000000002,231.6,233.35000000000002,4.508965
0.79,8.461428571428572,7.01,9.057142857142857,233.08571428571432,231.84285714285716,233.54285714285714,4.506291428571429
0.79,8.475,7.02,9.06,233.30000000000004,231.45000000000002,233.15,4.512
0.79,8.47857142857143,7.0200000000000005,9.052857142857142,233.20000000000002,231.94285714285712,233.58571428571426,4.510234285714286
0.79,8.48,7.0249999999999995,9.055000000000001,233.25,231.9,233.5,4.511555
0.79,8.471666666666668,7.021666666666666,9.046666666666667,232.8166666666667,231.46666666666667,233.21666666666667,4.503301666666666
0.79,8.435714285714285,6.997142857142857,9.015714285714285,232.5,231.14285714285714,232.77142857142854,4.4832214285714285
0.79,8.446666666666665,7.001666666666666,9.02,232.4,231.01666666666665,232.70000000000002,4.486788333333333
0.79,8.448333333333332,7.0,9.02,232.46666666666667,231.08333333333334,232.76666666666665,4.486798333333334
0.79,8.48,7.03,9.095,234.0,232.69999999999996,234.4,4.512614999999999
0.79,8.462857142857144,7.031428571428571,9.09142857142857,234.1142857142857,232.78571428571428,234.3857142857143,4.514195714285714
0.79,8.49,7.04,9.096666666666666,234.35,232.96666666666667,234.61666666666667,4.536561666666667
0.79,8.49,7.015,9.075000000000001,233.9,232.46666666666667,234.08333333333334,4.513416666666667
0.79,8.49,7.03,9.1,234.29999999999998,233.04999999999998,234.65,4.5224
0.7799999999999999,8.493333333333334,7.036666666666666,9.123333333333333,234.86666666666667,233.5666666666667,235.26666666666665,4.530613333333334
0.7799999999999999,8.473333333333334,7.031666666666666,9.108333333333333,234.6,233.28333333333333,234.9,4.515223333333334
0.7799999999999999,8.496666666666668,7.013333333333333,9.09,234.46666666666667,233.0666666666667,234.63333333333333,4.522056666666667
0.79,8.485000000000001,7.0249999999999995,9.084999999999999,234.15,232.85,234.4,4.516175
0.785,8.5,7.026666666666666,9.096666666666666,234.46666666666667,233.03333333333333,234.5666666666667,4.516946666666667
0.7828571428571429,8.49,7.031428571428571,9.087142857142856,234.27142857142857,232.92857142857142,234.45714285714286,4.524891428571428
0.78,8.495714285714286,7.035714285714286,9.121428571428572,234.72857142857143,233.5142857142857,235.05714285714288,4.535455714285715
0.78,8.501428571428571,7.047142857142857,9.14857142857143,235.28571428571428,234.04285714285714,235.54285714285714,4.538478571428572
0.7799999999999999,8.540000000000001,7.079999999999999,9.200000000000001,236.53333333333333,235.33333333333334,236.83333333333334,4.57909
0.7785714285714286,8.585714285714285,7.118571428571428,9.275714285714285,237.57142857142858,236.44285714285715,237.8857142857143,4.596938571428572
0.7714285714285715,8.607142857142856,7.132857142857143,9.294285714285715,237.91428571428574,236.77142857142857,238.28571428571428,4.613855714285714
0.7799999999999999,8.536666666666667,7.066666666666666,9.153333333333334,235.53333333333333,234.29999999999998,235.83333333333334,4.553083333333333
0.7799999999999999,8.56,7.095,9.215,236.35,235.15,236.70000000000002,4.579875
0.77875,8.585,7.115,9.26875,237.4375,236.25,237.825,4.60337
0.7771428571428572,8.592857142857143,7.1242857142857146,9.275714285714287,237.47142857142856,236.3,237.78571428571428,4.59724
0.79,8.51,7.05,9.115,234.35,233.05000000000004,234.75,4.532845
0.785,8.49875,7.04875,9.143749999999999,234.5875,233.425,235.1375,4.531805
0.86,6.895,5.329999999999999,7.105,234.88333333333333,233.73333333333335,235.54999999999998,3.849183333333333
0.9,6.076666666666667,4.47,6.07,235.19999999999996,234.03333333333333,235.9333333333333,3.5034233333333336
0.9,6.0600000000000005,4.46375,6.0687500000000005,235.10000000000002,233.8875,235.7375,3.4942787500000003
0.9,6.065714285714286,4.467142857142857,6.07,235.58571428571426,234.37142857142857,236.25714285714284,3.5039142857142855
0.9,6.07,4.47,6.08,235.8857142857143,234.68571428571428,236.7,3.5124314285714284
0.9,6.062857142857142,4.477142857142858,6.072857142857144,235.82857142857145,234.51428571428573,236.41428571428574,3.5060614285714284
0.9,6.097142857142857,4.4714285714285715,6.094285714285713,236.31428571428572,235.1,236.91428571428574,3.5230385714285712
0.9,6.075,4.465,6.1000000000000005,236.29999999999998,235.15,237.0,3.5135400000000003
0.9,6.0625,4.46875,6.11125,236.82500000000002,235.65,237.5375,3.52597125
0.9,6.07,4.461428571428572,6.12,237.22857142857143,235.9857142857143,237.8857142857143,3.533895714285714
0.9,6.075714285714286,4.47,6.125714285714286,237.4,236.2,238.15714285714284,3.5325271428571425
0.9,6.078571428571428,4.47,6.125714285714286,237.58571428571426,236.34285714285716,238.31428571428572,3.5438085714285714
0.9,6.087142857142857,4.48,6.112857142857143,237.25714285714284,235.95714285714286,237.85714285714286,3.5410571428571425
0.9,6.075714285714286,4.471428571428571,6.124285714285714,237.78571428571428,236.57142857142858,238.3857142857143,3.5444257142857145
0.8916666666666666,6.075,4.47,6.128333333333333,237.75,236.5,238.36666666666667,3.540203333333333
0.895,6.0775,4.475,6.13375,237.79999999999998,236.5625,238.375,3.5400537499999998
0.89,6.077500000000001,4.4712499999999995,6.1362499999999995,238.1,236.8125,238.675,3.5467775
0.8957142857142858,6.094285714285713,4.474285714285714,6.15,238.27142857142857,236.84285714285716,238.65714285714284,3.5624857142857143
0.89,6.085714285714286,4.475714285714286,6.145714285714286,238.74285714285716,237.44285714285712,239.3,3.56139
0.89,6.08,4.47375,6.1575,239.11249999999998,237.8375,239.7375,3.57245125
0.89375,6.09,4.48,6.14,238.35,237.025,238.825,3.56040125
0.9,6.08,4.48,6.085714285714286,236.21428571428572,234.94285714285712,236.77142857142857,3.5276928571428567
0.9,6.07625,4.47625,6.0962499999999995,236.4375,235.1125,236.9375,3.523655
0.9,6.07875,4.48,6.1025,236.925,235.625,237.2625,3.5334875
0.9,6.07375,4.48,6.10625,236.95,235.5875,237.4,3.5351175
0.8957142857142858,6.074285714285715,4.471428571428571,6.114285714285715,237.08571428571426,235.81428571428572,237.65714285714284,3.53431
0.89875,6.07875,4.47,6.115,237.1375,235.9375,237.75,3.53063125
0.9,6.075,4.465,6.11875,237.4,236.11249999999998,237.95,3.53050625
0.9,6.08,4.475,6.125,237.6875,236.425,238.14999999999998,3.5378425
0.9,6.08875,4.475,6.11625,237.27499999999998,236.0875,237.88750000000002,3.5397525
0.9,6.080000000000001,4.4750000000000005,6.12,237.29999999999998,236.15,237.75,3.5376600000000002
0.9,6.07625,4.47375,6.112500000000001,237.2875,236.10000000000002,237.86249999999998,3.54767125
0.8999999999999999,6.08,4.477777777777778,6.122222222222223,237.88888888888889,236.61111111111111,238.31111111111113,3.5441555555555553
0.8914285714285715,6.075714285714286,4.465714285714285,6.13,238.14285714285714,236.9,238.47142857142856,3.5442299999999998
0.8922222222222221,6.08,4.47,6.133333333333333,238.03333333333336,236.83333333333334,238.5,3.5441933333333333
0.89,6.081428571428572,4.475714285714286,6.144285714285714,238.5,237.4,238.9,3.5609185714285716
0.89,6.075,4.47,6.14375,238.575,237.4625,239.08749999999998,3.5557525
0.8975,6.085,4.4775,6.1375,238.375,237.2125,238.825,3.55751
0.8914285714285715,6.094285714285713,4.48,6.15,239.02857142857144,237.84285714285716,239.6,3.5729828571428572
0.89,6.085714285714286,4.48,6.154285714285714,239.1,237.84285714285716,239.6,3.566872857142857
0.89,6.08,4.4712499999999995,6.14875,238.6875,237.525,239.2625,3.56356875
0.8914285714285715,6.077142857142857,4.475714285714286,6.15,238.47142857142856,237.31428571428572,239.08571428571426,3.562024285714286
0.9,6.09,4.48625,6.1425,238.5,237.23749999999998,239.0625,3.5609625
0.8928571428571429,6.0685714285714285,4.472857142857142,6.14,238.08571428571426,236.8142857142857,238.54285714285714,3.551314285714286
0.9,6.077500000000001,4.47375,6.1225,237.5125,236.2875,238.1625,3.54012
0.9,6.07,4.47,6.095714285714286,236.4714285714286,235.17142857142858,237.0,3.520011428571429
0.9,6.0625,4.4625,6.0962499999999995,236.175,234.9125,236.775,3.51573
0.9,6.058571428571428,4.472857142857143,6.085714285714286,235.25714285714284,233.92857142857142,235.81428571428572,3.507344285714286
0.85875,6.97625,5.45125,7.22,234.5125,233.0,234.75,3.8778300000000003
0.79,8.494285714285715,7.051428571428572,9.097142857142858,233.58571428571432,232.08571428571432,233.8857142857143,4.528051428571429
0.79,8.46,7.014285714285713,9.035714285714285,232.31428571428572,230.81428571428572,232.62857142857143,4.5000471428571425
0.79,8.435714285714285,7.007142857142857,9.007142857142856,231.55714285714288,230.15714285714284,231.81428571428572,4.475922857142857
0.7942857142857144,8.489999999999998,7.024285714285715,9.055714285714286,232.84285714285716,231.4,233.15714285714284,4.5160985714285715
0.79,8.48,7.035,9.075000000000001,233.04999999999998,231.65,233.45000000000002,4.50884
0.79,8.461250000000001,7.0112499999999995,9.02,232.0625,230.65,232.425,4.48550875
0.79,8.445,7.006666666666667,8.991666666666667,231.43333333333337,229.93333333333337,231.75,4.472978333333334
0.7914285714285715,8.342857142857143,6.988571428571428,8.977142857142857,231.25714285714284,229.75714285714284,231.58571428571426,4.456855714285714
0.7928571428571429,8.321428571428571,7.03,9.069999999999999,233.41428571428574,231.91428571428574,233.67142857142858,4.492897142857143
0.79,8.335,7.05,9.11,234.05,232.5,234.45,4.5146049999999995
0.79,8.35,7.0600000000000005,9.14,234.55,233.05,235.025,4.528192499999999
0.79,8.322857142857144,7.035714285714286,9.085714285714285,233.68571428571428,232.15714285714284,234.0142857142857,4.494624285714286
0.79,8.318000000000001,7.031999999999999,9.081999999999999,233.6,232.1,233.9,4.492036000000001
0.79,8.31,7.02,9.07,233.26666666666665,231.70000000000002,233.5666666666667,4.481433333333333
0.79,8.302857142857144,7.01,9.047142857142857,232.82857142857142,231.31428571428572,233.20000000000002,4.46982
0.79,8.288333333333332,7.010000000000001,9.036666666666667,232.48333333333335,231.03333333333333,232.8166666666667,4.470411666666666
0.79,8.295,7.013333333333333,9.065,232.91666666666666,231.41666666666666,233.35,4.475313333333333
0.79,8.313333333333334,7.026666666666666,9.073333333333332,233.23333333333335,231.73333333333335,233.6,4.487223333333333
0.79,8.315,7.015,9.068333333333333,233.13333333333333,231.63333333333333,233.48333333333335,4.4819
0.79,8.311428571428573,7.0128571428571425,9.062857142857142,233.0142857142857,231.5142857142857,233.3714285714286,4.489345714285714
0.79,8.31857142857143,7.018571428571428,9.071428571428571,233.32857142857142,231.75714285714284,233.6,4.487287142857142
0.79,8.32,7.035714285714286,9.115714285714285,234.02857142857144,232.5,234.45714285714286,4.508124285714286
0.79,8.34,7.036666666666666,9.118333333333334,234.35,232.88333333333333,234.7166666666667,4.5158700000000005
0.79,8.31875,7.03625,9.08875,234.0625,232.425,234.3,4.510035
0.79,8.316666666666668,7.03,9.12,234.36666666666667,232.9,234.76666666666665,4.50711
0.79,8.321428571428571,7.032857142857142,9.108571428571429,234.07142857142858,232.47142857142856,234.32857142857142,4.503721428571429
0.79,8.31857142857143,7.024285714285715,9.1,233.85714285714286,232.2,234.15714285714284,4.495788571428571
0.79,8.30857142857143,7.022857142857142,9.1,233.75714285714284,232.15714285714284,234.1,4.4835142857142865
0.79,8.307142857142857,7.014285714285714,9.077142857142857,233.58571428571432,231.94285714285712,233.79999999999998,4.473128571428572
0.79,8.303333333333333,7.006666666666667,9.056666666666667,233.14999999999998,231.54999999999998,233.53333333333333,4.484303333333334
0.79,8.27,6.988333333333333,9.033333333333333,232.6833333333333,231.08333333333334,233.0666666666667,4.464933333333334
0.79,8.272857142857143,6.994285714285715,9.045714285714286,232.77142857142857,231.24285714285716,233.15714285714284,4.462094285714286
0.79,8.288571428571428,7.005714285714285,9.064285714285715,233.12857142857143,231.67142857142858,233.58571428571432,4.474841428571429
0.79,8.299999999999999,7.008333333333333,9.061666666666667,233.16666666666666,231.58333333333334,233.63333333333335,4.4754700000000005
0.79,8.307142857142859,7.021428571428571,9.06857142857143,233.55714285714288,232.05714285714288,233.94285714285712,4.4911514285714285
0.79,8.307142857142857,7.024285714285715,9.078571428571427,233.64285714285714,232.14285714285714,233.98571428571427,4.5003657142857145
0.79,8.306666666666667,7.013333333333333,9.075000000000001,233.48333333333335,231.98333333333335,233.85,4.486975
0.79,8.31,7.013333333333333,9.08,233.69999999999996,232.26666666666665,233.96666666666667,4.489276666666666
0.79,8.315,7.0249999999999995,9.12,234.25,232.75,234.70000000000002,4.500509999999999
0.78,8.36125,7.05,9.15375,235.25,233.7625,235.625,4.52579625
0.78,8.332857142857142,7.05,9.155714285714286,235.15714285714284,233.82857142857142,235.58571428571426,4.507302857142857
0.78,8.335714285714285,7.055714285714286,9.172857142857142,235.3857142857143,234.20000000000002,235.84285714285716,4.5129657142857145
0.7799999999999999,8.375,7.075,9.203333333333333,236.01666666666665,234.76666666666665,236.4333333333333,4.541356666666666
0.78,8.43,7.10125,9.2625,237.0125,235.65,237.425,4.5748175
0.78,8.48,7.114285714285715,9.288571428571428,237.4,236.12857142857143,237.75714285714284,4.587482857142858
0.7799999999999999,8.481666666666667,7.118333333333333,9.278333333333334,237.3166666666667,236.13333333333333,237.83333333333334,4.594088333333333
0.7828571428571429,8.43142857142857,7.07,9.171428571428573,235.32857142857142,234.08571428571426,235.85714285714286,4.557869999999999
0.785,8.43,7.07875,9.19125,235.525,234.28750000000002,236.125,4.55954125
0.7799999999999999,8.445,7.09,9.209999999999999,236.05000000000004,234.79999999999998,236.5,4.572299999999999
0.78,8.447142857142856,7.091428571428572,9.221428571428573,235.8714285714286,234.7,236.4,4.560525714285714
0.78,8.444285714285714,7.08,9.241428571428571,235.97142857142856,234.81428571428572,236.6,4.560354285714285
0.78,8.451428571428572,7.089999999999999,9.265714285714285,236.21428571428572,235.1142857142857,237.15714285714284,4.572565714285714
0.9,5.977142857142858,4.477142857142857,6.112857142857143,236.4857142857143,235.31428571428572,237.44285714285712,3.516444285714286
0.9,5.9825,4.4825,6.095,236.3875,235.1875,237.1,3.5083825
0.9,5.977142857142858,4.47,6.105714285714286,236.4857142857143,235.21428571428572,237.22857142857143,3.5123142857142855
0.9,5.978571428571429,4.4799999999999995,6.102857142857142,236.52857142857144,235.28571428571428,237.18571428571428,3.5069057142857143
0.9,5.978571428571429,4.478571428571429,6.11,236.97142857142856,235.74285714285716,237.68571428571428,3.5118742857142857
0.9,5.97,4.478571428571429,6.101428571428571,236.45714285714286,235.24285714285716,237.24285714285716,3.5034942857142854
0.9,5.957142857142857,4.471428571428571,6.11,236.78571428571428,235.54285714285714,237.54285714285714,3.5124871428571427
0.9,5.97375,4.47,6.11125,236.85,235.6,237.6125,3.5101062499999998
0.9,5.97,4.477142857142858,6.12,236.94285714285712,235.70000000000002,237.87142857142857,3.5138385714285714
0.9,5.97375,4.47625,6.12,237.3,236.1,238.075,3.51597875
0.9,5.97,4.47,6.1414285714285715,237.78571428571428,236.44285714285712,238.4857142857143,3.5258685714285716
0.9,5.97625,4.478571428571429,6.132857142857143,237.975,236.7,238.7375,3.531744285714286
0.89375,5.9871428571428575,4.47625,6.1625,239.37142857142857,238.17142857142858,240.24285714285716,3.56093875
0.8985714285714286,5.978571428571429,4.471428571428571,6.158571428571428,239.08571428571426,237.71428571428572,239.81428571428572,3.546832857142857
0.8914285714285715,5.974285714285714,4.47,6.167142857142857,239.20000000000002,237.92857142857142,239.94285714285712,3.55266
0.89,5.98125,4.478750000000001,6.17625,239.5,238.275,240.3125,3.5582812500000003
0.895,5.98,4.485,6.145,238.4,237.04999999999998,239.1,3.5380350000000003
0.9,5.9725,4.4887500000000005,6.101249999999999,236.4875,235.125,237.225,3.51424125
0.9,5.9775,4.485,6.112500000000001,236.825,235.45,237.525,3.52171
0.9,5.974285714285714,4.48,6.111428571428571,236.97142857142856,235.3714285714286,237.41428571428574,3.5148814285714285
0.9,5.98,4.48125,6.1225000000000005,237.5375,235.9875,238.025,3.5340825000000002
0.9,5.974285714285714,4.48,6.134285714285714,237.72857142857143,236.45714285714286,238.44285714285712,3.5292214285714287
0.9,5.97875,4.48,6.12375,237.3,235.96249999999998,238.0125,3.52125375
0.9,6.0200000000000005,4.48,6.12375,237.225,235.88750000000002,238.0125,3.5299875
0.9,6.071428571428571,4.484285714285714,6.138571428571429,237.75714285714284,236.4857142857143,238.5142857142857,3.5508028571428576
0.9,6.065714285714286,4.475714285714286,6.127142857142857,237.41428571428568,236.1142857142857,238.07142857142858,3.540718571428571
0.9,6.075,4.4887500000000005,6.1362499999999995,237.9375,236.75,238.6875,3.55503625
0.8985714285714286,6.07,4.482857142857143,6.142857142857143,238.15714285714284,237.02857142857144,238.91428571428574,3.5539642857142857
0.8914285714285715,6.071428571428571,4.484285714285714,6.144285714285714,238.35714285714286,237.15714285714284,239.07142857142858,3.5538228571428574
0.895,6.075,4.48,6.15,238.65,237.45,239.3,3.5605450000000003
0.89,6.06875,4.48,6.16,238.7375,237.575,239.45,3.56416125
0.8928571428571429,6.072857142857144,4.482857142857143,6.160000000000001,239.1,237.9,239.70000000000002,3.5683685714285716
0.8925000000000001,6.07375,4.48625,6.16,239.2,237.925,239.7625,3.570005
0.89,6.07,4.48,6.164285714285714,239.25714285714284,238.08571428571426,239.92857142857142,3.570874285714286
0.89,6.07,4.48125,6.1675,239.375,238.17499999999998,239.975,3.57189125
0.89,6.07,4.4825,6.1825,239.675,238.475,240.375,3.57719
0.89,6.061428571428571,4.475714285714286,6.175714285714285,239.5,238.34285714285716,240.14285714285714,3.5754114285714285
0.8942857142857142,6.061428571428571,4.47,6.125714285714286,237.75714285714284,236.55714285714288,238.24285714285716,3.540187142857143
0.9,6.05,4.47,6.07875,235.39999999999998,233.9625,235.9375,3.50273625
0.9,6.045714285714285,4.475714285714286,6.087142857142857,235.58571428571426,234.34285714285716,236.3,3.506655714285714
0.9,6.0525,4.483750000000001,6.0825,235.6,234.32500000000002,236.15,3.503035
0.9,6.051428571428572,4.48,6.081428571428572,235.4,234.25714285714284,236.0142857142857,3.493057142857143
0.9,6.041428571428571,4.48,6.094285714285713,235.25714285714284,234.0,236.04285714285714,3.4998885714285715
0.9,6.043333333333333,4.476666666666667,6.076666666666667,235.0,233.9,235.83333333333334,3.4962733333333333
0.9,6.04,4.47,6.064285714285715,234.35714285714286,233.22857142857143,235.14285714285714,3.47797
0.9,6.04125,4.47,6.04625,233.7875,232.55,234.4125,3.4747624999999998
0.9,6.045714285714285,4.47,6.035714285714286,233.15714285714287,231.85714285714286,233.78571428571428,3.4623357142857145
0.9,6.03,4.48,6.02,232.25,230.9,232.70000000000002,3.444225
0.9,6.054285714285714,4.488571428571428,6.008571428571429,231.91428571428574,230.47142857142856,232.35714285714286,3.450354285714286
0.79,8.49,7.045714285714285,9.075714285714286,232.45714285714286,230.95714285714286,232.8714285714286,4.506834285714286
0.79,8.505,7.075,9.104999999999999,233.45000000000002,232.35,234.15,4.53352
0.79,8.4925,7.0475,9.0825,233.1,231.9,233.625,4.5204075
0.79,8.482000000000001,7.029999999999999,9.038,232.28000000000003,230.9,232.66,4.49137
0.79,8.458,7.0120000000000005,8.996,231.5,230.0,231.76,4.467435999999999
0.79,8.504285714285714,7.04,9.085714285714287,233.3857142857143,232.05714285714288,233.71428571428572,4.508588571428571
0.8157142857142857,7.394285714285715,6.067142857142857,7.792857142857143,232.77142857142857,231.17142857142858,233.17142857142855,3.9076071428571426
0.9442857142857142,1.9785714285714284,1.3057142857142858,1.5514285714285714,236.12857142857143,234.92857142857142,237.18571428571428,0.9463682857142857
0.79,8.47,7.032857142857144,9.061428571428573,232.65714285714284,231.21428571428572,233.21428571428572,4.494264285714285
0.79,8.354285714285714,7.018571428571429,9.040000000000001,232.21428571428572,230.79999999999998,232.72857142857146,4.494445714285715
0.79,8.4,7.075714285714286,9.164285714285715,234.81428571428572,233.37142857142857,235.0142857142857,4.5401742857142855
0.79,8.401428571428571,7.074285714285715,9.14,234.67142857142855,233.21428571428572,234.92857142857142,4.530572857142857
0.79,8.424285714285714,7.087142857142857,9.155714285714286,235.02857142857144,233.65714285714284,235.29999999999998,4.540354285714286
0.79,8.421428571428573,7.061428571428571,9.125714285714285,234.41428571428574,232.9857142857143,234.8142857142857,4.524297142857143
0.79,8.38857142857143,7.041428571428571,9.11,233.62857142857143,232.31428571428572,234.14285714285714,4.50618
0.79,8.4,7.04,9.095,233.44999999999996,232.05000000000004,233.89999999999998,4.521055
0.79,8.39,7.043333333333333,9.096666666666666,233.36666666666667,231.9333333333333,233.76666666666665,4.50458
0.79,8.414285714285715,7.054285714285713,9.120000000000001,234.09999999999997,232.6857142857143,234.5,4.5183
0.79,8.402857142857142,7.045714285714285,9.115714285714287,234.07142857142858,232.71428571428572,234.5142857142857,4.514517142857144
0.79,8.376666666666667,7.036666666666666,9.086666666666666,233.33333333333334,231.9,233.83333333333334,4.498920000000001
0.79,8.355714285714285,7.002857142857143,9.045714285714286,232.37142857142857,230.92857142857142,232.85714285714286,4.481761428571429
0.79,8.347142857142858,6.987142857142857,9.01,232.0142857142857,230.52857142857144,232.42857142857142,4.464015714285714
0.79,8.348333333333333,6.993333333333333,9.005,232.04999999999998,230.54999999999998,232.54999999999998,4.466413333333334
0.79,8.365714285714285,7.0042857142857144,9.04142857142857,232.70000000000002,231.07142857142858,233.08571428571426,4.491032857142857
0.79,8.363333333333332,6.988333333333333,9.041666666666666,232.65,231.03333333333333,233.01666666666665,4.477298333333334
0.79,8.375714285714285,7.0,9.052857142857144,232.79999999999998,231.27142857142857,233.34285714285716,4.48907
0.79,8.462857142857143,7.007142857142857,9.065714285714286,233.4857142857143,231.92857142857142,233.87142857142857,4.508774285714286
0.7833333333333333,8.218333333333334,7.008333333333333,9.07,233.5666666666667,231.96666666666667,233.88333333333333,4.431371666666666
0.78,8.057142857142857,6.99,9.06,233.18571428571428,231.62857142857143,233.55714285714288,4.374184285714286
0.78,8.07,6.991428571428571,9.054285714285715,233.12857142857143,231.52857142857144,233.47142857142856,4.382074285714285
0.78,8.065714285714286,7.007142857142857,9.051428571428572,232.97142857142856,231.37142857142857,233.29999999999998,4.3833
0.78,8.06,7.002857142857143,9.045714285714284,232.77142857142857,231.20000000000002,233.08571428571426,4.383864285714286
0.7799999999999999,8.055000000000001,6.995,9.038333333333332,232.4,230.83333333333334,232.79999999999998,4.381728333333333
0.78,8.047142857142857,6.994285714285715,9.040000000000001,232.4,230.79999999999998,232.78571428571428,4.375377142857142
0.7799999999999999,8.04,6.976666666666667,9.02,232.16666666666666,230.5666666666667,232.53333333333333,4.364686666666667
0.78,8.05,6.983750000000001,9.02375,232.1375,230.4375,232.6,4.36468125
0.78,8.05857142857143,6.988571428571428,9.05,232.6142857142857,231.0,232.94285714285712,4.379614285714286
0.7799999999999999,8.046666666666667,6.998333333333334,9.023333333333333,232.4,230.66666666666666,232.58333333333334,4.373326666666666
0.7825,8.20625,6.9925,9.0425,232.525,230.925,232.925,4.4178075
0.79,8.447142857142856,6.998571428571429,9.037142857142856,232.37142857142857,230.85714285714286,232.74285714285716,4.478384285714286
0.79,8.45,6.992857142857143,9.024285714285714,232.07142857142858,230.5,232.5142857142857,4.480404285714286
0.79,8.464285714285715,6.988571428571428,9.02,232.21428571428572,230.57142857142858,232.55714285714288,4.490481428571429
0.79,8.45625,6.983750000000001,9.018749999999999,232.125,230.4875,232.525,4.48130375
0.79,8.48,7.005,9.040000000000001,232.79999999999998,231.20000000000002,233.1,4.50133
0.79,8.50375,7.0225,9.0925,233.8875,232.3875,234.25,4.529109999999999
0.7814285714285715,8.522857142857143,7.028571428571428,9.132857142857143,234.75714285714284,233.1142857142857,235.0,4.538881428571428
0.78,8.540000000000001,7.05,9.18,235.5625,234.1,235.95,4.5566525
0.78,8.572857142857144,7.088571428571428,9.222857142857142,236.64285714285714,235.28571428571428,236.97142857142856,4.583675714285714
0.7742857142857142,8.6,7.114285714285714,9.294285714285715,237.78571428571428,236.5,238.29999999999998,4.599378571428572
0.7714285714285715,8.604285714285714,7.119999999999999,9.321428571428571,238.27142857142857,236.9,238.72857142857143,4.611465714285714
0.78,8.531428571428572,7.051428571428572,9.167142857142858,235.21428571428572,233.78571428571428,235.67142857142858,4.5512628571428575
0.78,8.52,7.045714285714285,9.17,235.02857142857144,233.68571428571428,235.58571428571432,4.54273
0.8114285714285714,7.474285714285714,6.312857142857142,8.321428571428571,235.74285714285716,234.35714285714286,236.3714285714286,4.170394285714286
0.89,5.6274999999999995,4.46625,6.085,235.9375,234.5,236.6125,3.4040075
0.89,5.62,4.465714285714285,6.082857142857143,235.9,234.4857142857143,236.64285714285714,3.40449
0.89,5.615714285714286,4.47,6.074285714285715,235.7,234.18571428571428,236.3857142857143,3.40007
0.89,5.612857142857143,4.47,6.077142857142857,236.04285714285714,234.44285714285712,236.65714285714284,3.4063857142857144
0.89,5.617142857142857,4.471428571428571,6.085714285714286,236.17142857142858,234.62857142857143,236.87142857142857,3.405882857142857
0.89,5.62,4.48,6.087142857142857,236.24285714285716,234.78571428571428,236.91428571428574,3.412045714285714
0.89,5.627142857142857,4.475714285714286,6.089999999999999,236.48571428571427,234.97142857142856,237.1142857142857,3.4089385714285716
0.89,5.627142857142857,4.488571428571428,6.101428571428571,236.74285714285716,235.24285714285716,237.5,3.418682857142857
0.89,5.627142857142857,4.481428571428572,6.118571428571428,236.9857142857143,235.4857142857143,237.64285714285714,3.4279757142857146
0.89,5.62,4.471428571428571,6.115714285714286,236.75714285714284,235.24285714285716,237.41428571428574,3.417897142857143
0.89,5.62,4.478571428571429,6.1085714285714285,236.74285714285716,235.14285714285714,237.32857142857142,3.414045714285714
0.89,5.625714285714286,4.484285714285714,6.095714285714286,236.32857142857145,234.72857142857143,236.97142857142856,3.4123614285714288
0.9199999999999999,3.391428571428572,2.7100000000000004,3.6185714285714283,237.97142857142856,236.32857142857142,238.78571428571428,2.0583805714285712
0.89,5.678571428571429,4.49,6.125714285714286,236.5142857142857,235.17142857142858,237.47142857142856,3.4254328571428574
0.89,5.624285714285714,4.484285714285714,6.121428571428572,236.67142857142858,235.34285714285716,237.55714285714288,3.4197542857142857
0.89,5.617142857142857,4.484285714285714,6.13,237.27142857142857,235.8714285714286,238.02857142857144,3.428771428571429
0.89,5.62,4.48625,6.13875,237.7375,236.4,238.54999999999998,3.4384575
0.89,5.617142857142857,4.484285714285714,6.15,238.07142857142858,236.79999999999998,238.91428571428574,3.4416814285714286
0.89,5.621428571428572,4.49,6.15,238.55714285714288,237.18571428571428,239.42857142857142,3.455314285714286
0.89,5.62,4.49,6.15,238.5142857142857,237.1142857142857,239.35714285714286,3.4522914285714283
0.89,5.625,4.49125,6.16125,238.9375,237.5875,239.73749999999998,3.45679625
0.89,5.626666666666666,4.486666666666667,6.169999999999999,239.36666666666667,238.03333333333333,240.16666666666666,3.458743333333333
0.89,5.61875,4.48625,6.17625,239.625,238.2875,240.35,3.4734975
0.89,5.6225000000000005,4.49,6.12375,237.4125,236.075,238.25,3.44103375
0.89,5.62,4.494285714285715,6.101428571428571,236.58571428571432,235.22857142857143,237.42857142857142,3.4219514285714285
0.89,5.6,4.485714285714286,6.11,236.3,235.0,237.2,3.416677142857143
0.89,5.608571428571429,4.485714285714286,6.109999999999999,236.52857142857144,235.22857142857143,237.35714285714286,3.4173557142857143
0.89,5.6075,4.487500000000001,6.1137500000000005,236.8375,235.5625,237.75,3.4285525
0.89,5.60375,4.483750000000001,6.1225000000000005,237.2125,236.01250000000002,238.1375,3.426915
0.89,5.614285714285715,4.484285714285714,6.124285714285714,237.54285714285714,236.34285714285716,238.3857142857143,3.4323442857142856
0.89,5.614285714285715,4.48,6.115714285714286,237.08571428571426,235.97142857142856,238.07142857142858,3.430477142857143
0.89,5.6137500000000005,4.487500000000001,6.1175,237.05,235.8875,237.9875,3.4271725
0.89,5.602857142857142,4.48,6.124285714285714,237.29999999999998,236.08571428571426,238.12857142857143,3.42786
0.89,5.6075,4.48,6.137499999999999,237.8,236.6,238.55,3.4357125
0.89,5.601428571428571,4.48,6.135714285714285,237.81428571428572,236.54285714285714,238.57142857142858,3.4306042857142858
0.89,5.60375,4.4725,6.13875,237.775,236.5125,238.5,3.43356625
0.89,5.605,4.4750000000000005,6.13,237.95000000000002,236.79999999999998,238.75,3.43859
0.89,5.6,4.475,6.1425,237.97500000000002,236.8125,238.85,3.43984125
0.89,5.595714285714286,4.477142857142858,6.14,237.82857142857142,236.6,238.52857142857144,3.429887142857143
0.89,5.602857142857142,4.472857142857142,6.142857142857143,238.0,236.8,238.77142857142857,3.4310885714285715
0.89,5.61,4.48,6.131428571428572,237.94285714285712,236.8,238.75714285714284,3.4375500000000003
0.89,5.61,4.488571428571428,6.147142857142858,238.65714285714284,237.45714285714286,239.3857142857143,3.4523514285714287
0.89,5.615,4.48125,6.15,238.475,237.32500000000002,239.32500000000002,3.45146625
0.89,5.611428571428571,4.477142857142857,6.141428571428571,238.1,236.91428571428574,239.24285714285716,3.442761428571429
0.89,5.608571428571429,4.478571428571429,6.145714285714286,238.25714285714284,237.15714285714284,239.08571428571426,3.44006
0.89,5.564285714285715,4.475714285714286,6.1414285714285715,238.08571428571426,236.9857142857143,238.95714285714286,3.4336242857142856
0.89,5.575,4.4750000000000005,6.13,237.75,236.65,238.6,3.4307049999999997
0.89,5.58,4.475714285714286,6.13,237.55714285714288,236.3714285714286,238.4,3.4236085714285713
0.89,5.57625,4.475,6.13375,237.475,236.3125,238.2625,3.4242675
0.89,5.59,4.485,6.12,237.25,236.04999999999998,238.0,3.419195
0.7700000000000001,8.18,7.145714285714286,9.297142857142857,237.04285714285714,235.8857142857143,237.68571428571428,4.495992857142857
0.7700000000000001,8.17,7.12,9.254285714285714,236.22857142857143,234.95714285714286,236.74285714285716,4.477638571428572
0.7700000000000001,8.172857142857143,7.128571428571428,9.23857142857143,236.25714285714284,235.21428571428572,236.91428571428568,4.475545714285714
0.78,8.16,7.124285714285714,9.214285714285714,236.0142857142857,234.87142857142857,236.7,4.48404
0.78,8.134285714285715,7.098571428571428,9.178571428571429,235.14285714285714,234.0,235.74285714285716,4.454298571428572
0.7799999999999999,8.11,7.075,9.12,234.1,233.0,234.79999999999998,4.444909999999999
0.78,8.105714285714285,7.065714285714286,9.1,233.47142857142856,232.21428571428572,234.1142857142857,4.424015714285714
0.7857142857142857,8.084285714285715,7.04,9.06142857142857,232.70000000000002,231.54285714285714,233.34285714285716,4.409308571428572
0.7842857142857144,8.1,7.062857142857142,9.108571428571429,233.6142857142857,232.37142857142857,234.35714285714286,4.435535714285714
0.78,8.115714285714287,7.077142857142857,9.14857142857143,234.54285714285714,233.25714285714284,235.21428571428572,4.447781428571429
0.78,8.122857142857143,7.08,9.157142857142857,234.5,233.34285714285716,235.27142857142857,4.445385714285714
0.78,8.095714285714285,7.0528571428571425,9.117142857142856,233.65714285714284,232.32857142857142,234.32857142857142,4.417555714285714
0.78,8.097142857142858,7.038571428571429,9.10142857142857,233.41428571428574,232.04285714285714,234.08571428571426,4.408518571428571
0.78,8.081428571428571,7.015714285714286,9.06,232.79999999999998,231.35714285714286,233.42857142857142,4.3991171428571425
0.7883333333333334,8.07,7.02,9.05,232.5,231.16666666666666,233.1,4.397841666666667
0.79,8.06857142857143,7.022857142857142,9.047142857142857,232.57142857142858,231.20000000000002,233.12857142857143,4.387244285714286
0.7871428571428571,8.067142857142857,7.025714285714286,9.034285714285714,232.28571428571428,230.85714285714286,232.82857142857142,4.394221428571429
0.7883333333333334,8.061666666666667,7.010000000000001,9.046666666666667,232.28333333333333,230.86666666666667,232.83333333333334,4.404906666666666
0.79,8.067142857142857,7.011428571428572,9.035714285714286,232.18571428571428,230.6,232.67142857142858,4.400441428571428
0.79,8.064285714285715,7.014285714285713,9.038571428571428,232.3857142857143,230.84285714285716,232.92857142857142,4.393278571428572
0.7842857142857144,8.062857142857144,7.0128571428571425,9.035714285714285,232.35714285714286,230.9,232.91428571428574,4.386334285714286
0.7857142857142857,8.082857142857142,7.032857142857144,9.06,233.07142857142858,231.67142857142858,233.57142857142858,4.408918571428571
0.785,8.066666666666668,7.02,9.051666666666668,232.8166666666667,231.4,233.35000000000002,4.402196666666666
0.78,8.065714285714286,7.017142857142857,9.05857142857143,233.22857142857143,231.82857142857142,233.77142857142857,4.408345714285714
0.78,8.07,7.011428571428572,9.067142857142857,233.20000000000002,231.75714285714284,233.79999999999998,4.40174
0.7799999999999999,8.07,7.010000000000001,9.053333333333335,233.29999999999998,231.9,233.76666666666665,4.4057
0.78,8.08,7.014285714285713,9.07,233.55714285714288,232.1,233.8857142857143,4.408955714285715
0.78,8.062857142857144,7.008571428571429,9.054285714285713,233.14285714285714,231.78571428571428,233.68571428571428,4.397245714285714
0.78,8.045714285714286,6.9957142857142856,9.032857142857143,232.92857142857142,231.5142857142857,233.37142857142857,4.38903
0.78,8.07,7.0128571428571425,9.04857142857143,233.1,231.61428571428573,233.5142857142857,4.4016785714285716
0.78,8.055714285714286,7.008571428571429,9.041428571428572,232.64285714285714,231.24285714285716,233.1,4.390692857142857
0.7799999999999999,8.05,7.006666666666667,9.043333333333333,232.76666666666665,231.4333333333333,233.30000000000004,4.394283333333333
0.78,8.054285714285715,6.9957142857142856,9.038571428571428,232.5,231.1142857142857,233.0142857142857,4.385625714285714
0.78,8.055714285714286,6.994285714285715,9.035714285714285,232.6,231.1142857142857,232.97142857142856,4.3872857142857145
0.78,8.064285714285715,6.991428571428571,9.04142857142857,232.72857142857143,231.34285714285716,233.22857142857143,4.394262857142857
0.78,8.057142857142859,7.011428571428572,9.051428571428572,232.6285714285714,231.25714285714284,233.1285714285714,4.389552857142857
0.7799999999999999,8.048333333333334,6.993333333333333,9.026666666666666,232.58333333333334,231.15,232.78333333333333,4.3743533333333335
0.7814285714285715,8.05,6.974285714285714,9.022857142857143,232.3857142857143,230.84285714285716,232.71428571428572,4.385307142857143
0.7814285714285715,8.05,6.998571428571429,9.048571428571428,233.29999999999998,231.9,233.75714285714284,4.381715714285714
0.7700000000000001,8.122857142857143,7.062857142857142,9.214285714285714,235.94285714285712,234.5142857142857,236.47142857142856,4.443017142857143
0.77,8.113333333333332,7.053333333333334,9.200000000000001,236.0666666666667,234.73333333333335,236.63333333333333,4.4378866666666665
0.77,8.1225,7.07,9.227500000000001,236.5875,235.3,237.0375,4.44383
0.77,8.11,7.06,9.24,236.94999999999996,235.70000000000002,237.45000000000002,4.446219999999999
0.7700000000000001,8.167142857142858,7.102857142857142,9.29142857142857,237.58571428571426,236.37142857142857,238.15714285714284,4.479171428571428
0.77,8.17,7.126666666666666,9.303333333333335,237.66666666666666,236.36666666666667,238.16666666666666,4.489658333333334
0.77,8.18375,7.12,9.31,238.0,236.7375,238.5,4.49317875
0.7700000000000001,8.195714285714285,7.135714285714285,9.335714285714285,238.29999999999998,237.0142857142857,238.94285714285712,4.502284285714286
0.7700000000000001,8.207142857142857,7.141428571428571,9.342857142857143,238.52857142857144,237.28571428571428,239.02857142857144,4.510975714285714
0.7700000000000001,8.218571428571428,7.155714285714287,9.36,238.9857142857143,237.71428571428572,239.5,4.528358571428572
0.7700000000000001,8.200000000000001,7.132857142857143,9.338571428571429,238.71428571428572,237.32857142857142,239.24285714285716,4.514785714285714
0.77,8.215000000000002,7.148333333333333,9.36,238.76666666666665,237.4,239.3166666666667,4.518998333333333
0.7700000000000001,8.22,7.145714285714286,9.361428571428572,238.78571428571428,237.45714285714286,239.24285714285716,4.516702857142858
0.85,6.488333333333333,5.364999999999999,7.223333333333334,238.75,237.35000000000002,239.28333333333333,3.8041216666666666
0.89,5.597142857142857,4.474285714285714,6.15,238.6142857142857,237.27142857142857,239.21428571428572,3.428692857142857
0.89,5.586666666666666,4.476666666666667,6.150000000000001,238.76666666666665,237.46666666666667,239.46666666666667,3.441983333333333
0.89,5.598571428571428,4.472857142857142,6.155714285714287,238.8857142857143,237.5,239.47142857142856,3.4462257142857142
0.89,5.595,4.485,6.16,239.14999999999998,237.80000000000004,239.85000000000002,3.4512249999999995
0.89,5.582857142857143,4.475714285714286,6.160000000000001,239.28571428571428,237.8857142857143,239.8857142857143,3.4488314285714283
0.89,5.58125,4.475,6.16125,239.17499999999998,237.875,239.875,3.4483337499999998
0.89,5.589999999999999,4.475714285714286,6.164285714285714,239.15714285714284,237.75714285714284,239.71428571428572,3.4452285714285713
0.89,5.591428571428572,4.48,6.160000000000001,238.94285714285712,237.52857142857144,239.64285714285714,3.451957142857143
0.89,5.5928571428571425,4.48,6.167142857142857,239.28571428571428,237.95714285714286,239.94285714285712,3.457017142857143
0.89,5.58625,4.47625,6.1625,239.2,237.625,239.8,3.45111625
0.89,5.595,4.48125,6.135,238.0375,236.5875,238.625,3.4320762499999997
0.89,5.588571428571428,4.488571428571428,6.1,236.32857142857145,234.8857142857143,236.9,3.40439
0.89,5.581666666666667,4.4750000000000005,6.114999999999999,236.98333333333335,235.54999999999998,237.56666666666663,3.417408333333333
0.89,5.5875,4.48,6.12625,237.5625,236.1125,238.05,3.42533875
0.89,5.588571428571428,4.488571428571428,6.132857142857143,237.85714285714286,236.41428571428574,238.34285714285713,3.432344285714286
0.89,5.58625,4.48125,6.11875,237.9,236.3375,238.075,3.4312925
0.89,5.598571428571428,4.484285714285714,6.151428571428572,238.45714285714286,236.85714285714286,238.9,3.43865
0.89,5.595,4.485,6.140000000000001,238.15,236.55000000000004,238.55000000000004,3.4355550000000004
0.89,5.595714285714286,4.49,6.145714285714286,238.47142857142856,236.87142857142857,239.0142857142857,3.445442857142857
0.89,5.598571428571428,4.494285714285715,6.15,238.4857142857143,237.0,239.04285714285714,3.449691428571429
0.89,5.601428571428571,4.49,6.160000000000001,239.15714285714284,237.55714285714288,239.6,3.4595071428571424
0.89,5.60125,4.49,6.16375,239.33749999999998,237.83749999999998,239.9125,3.46363375
0.89,5.6,4.49,6.164285714285714,239.55714285714285,238.0285714285714,240.07142857142858,3.458067142857143
0.89,5.591428571428572,4.4957142857142856,6.1571428571428575,239.21428571428572,237.65714285714284,239.62857142857143,3.4551914285714287
0.89,5.595714285714286,4.49,6.112857142857143,236.6142857142857,235.17142857142858,237.29999999999998,3.4176442857142857
0.89,5.598571428571428,4.488571428571428,6.11,236.72857142857143,235.21428571428572,237.32857142857142,3.4188657142857144
0.89,5.5842857142857145,4.481428571428572,6.104285714285714,236.5,234.97142857142856,237.07142857142858,3.4049014285714283
0.89,5.597142857142857,4.4871428571428575,6.114285714285715,237.02857142857144,235.57142857142858,237.54285714285717,3.4194485714285716
0.89,5.585714285714286,4.48,6.11,237.04285714285714,235.6857142857143,237.75714285714284,3.418824285714286
0.89,5.586666666666666,4.488333333333333,6.133333333333334,237.46666666666667,236.08333333333334,238.01666666666665,3.42637
0.89,5.589999999999999,4.4871428571428575,6.132857142857143,237.74285714285716,236.34285714285716,238.24285714285716,3.4329428571428573
0.89,5.5928571428571425,4.484285714285714,6.132857142857143,237.97142857142856,236.57142857142858,238.5142857142857,3.4330585714285715
0.89,5.595,4.486666666666667,6.138333333333333,238.08333333333334,236.66666666666666,238.61666666666667,3.4396883333333332
0.89,5.582857142857143,4.48,6.135714285714285,238.07142857142858,236.68571428571428,238.5142857142857,3.433188571428571
0.89,5.5928571428571425,4.484285714285714,6.138571428571429,238.24285714285716,236.9,238.78571428571428,3.4366142857142856
0.89,5.587142857142857,4.481428571428572,6.151428571428572,238.85714285714286,237.4857142857143,239.41428571428574,3.440412857142857
0.89,5.5842857142857145,4.481428571428572,6.160000000000001,239.05714285714288,237.57142857142858,239.55714285714288,3.4430514285714287
0.89,5.596666666666667,4.483333333333333,6.16,239.20000000000002,237.85,239.6833333333333,3.4487433333333333
0.89,5.589999999999999,4.48,6.155714285714287,238.97142857142856,237.64285714285714,239.45714285714286,3.4449285714285716
0.89,5.587142857142857,4.48,6.162857142857143,239.14285714285714,237.82857142857145,239.74285714285716,3.44706
0.89,5.5842857142857145,4.48,6.1657142857142855,239.14285714285714,237.94285714285712,239.85714285714286,3.44145
0.89,5.582857142857143,4.4871428571428575,6.167142857142857,239.41428571428574,238.14285714285714,239.94285714285712,3.4574314285714283
0.89,5.585,4.4799999999999995,6.185,239.70000000000002,238.4,240.25,3.461855
0.89,5.593333333333334,4.486666666666667,6.169999999999999,239.5666666666667,238.19999999999996,240.03333333333333,3.462146666666667
0.89,5.5842857142857145,4.484285714285714,6.1657142857142855,239.5,238.2,240.05714285714288,3.454574285714286
0.89,5.585,4.4783333333333335,6.168333333333333,239.48333333333335,238.14999999999998,240.01666666666665,3.4556083333333336
0.89,5.59,4.47,6.169999999999999,239.6,238.19999999999996,240.19999999999996,3.45485
0.89,5.5842857142857145,4.47,6.17,239.41428571428574,238.1142857142857,240.0,3.452202857142857
0.89,5.5842857142857145,4.475714285714286,6.172857142857143,239.35714285714286,238.05714285714288,240.0,3.4533042857142857
0.89,5.580000000000001,4.48,6.166666666666667,239.29999999999998,238.0,239.9,3.44885
0.89,5.578571428571428,4.475714285714286,6.171428571428572,239.2,237.92857142857142,239.72857142857143,3.4399757142857146
0.89,5.575,4.4799999999999995,6.165,239.39999999999998,238.10000000000002,239.85,3.4471399999999996
0.7828571428571429,8.22857142857143,7.195714285714287,9.391428571428573,238.9,237.65714285714284,239.44285714285712,4.532541428571428
0.77,8.245,7.19,9.381666666666666,238.9333333333333,237.66666666666666,239.4333333333333,4.5398966666666665
0.77,8.246666666666668,7.19,9.368333333333332,239.0666666666667,237.8166666666667,239.45000000000002,4.548688333333334
0.7700000000000001,8.242857142857144,7.19,9.36,239.31428571428572,238.04285714285714,239.67142857142855,4.553901428571428
0.7700000000000001,8.242857142857144,7.185714285714285,9.357142857142858,238.85714285714286,237.64285714285714,239.29999999999998,4.538318571428571
0.77,8.223333333333334,7.166666666666667,9.334999999999999,238.36666666666667,237.16666666666666,238.85000000000002,4.528626666666667
0.7728571428571429,8.208571428571428,7.162857142857143,9.307142857142859,237.95714285714286,236.71428571428572,238.41428571428574,4.522675714285715
0.7716666666666666,8.201666666666666,7.161666666666666,9.305000000000001,237.70000000000002,236.48333333333332,238.23333333333335,4.514455
0.7700000000000001,8.198571428571428,7.147142857142858,9.299999999999999,237.4,236.20000000000002,237.81428571428572,4.503131428571428
0.77,8.18,7.128333333333333,9.264999999999999,236.54999999999998,235.1833333333333,237.21666666666667,4.5028250000000005
0.7771428571428572,8.174285714285714,7.112857142857143,9.232857142857142,236.1857142857143,234.74285714285716,236.71428571428572,4.4908657142857145
0.7799999999999999,8.166666666666666,7.108333333333333,9.216666666666667,235.79999999999998,234.38333333333333,236.3166666666667,4.481826666666667
0.78,8.154285714285715,7.097142857142857,9.194285714285714,235.27142857142857,233.81428571428572,235.85714285714286,4.469922857142857
0.78,8.146,7.0760000000000005,9.16,234.88000000000002,233.42,235.34,4.456696
0.78,8.114285714285714,7.061428571428571,9.125714285714286,233.88571428571427,232.4857142857143,234.5,4.423827142857143
0.7799999999999999,8.104999999999999,7.051666666666667,9.116666666666667,233.71666666666667,232.29999999999998,234.25,4.418658333333333
0.78,8.1,7.045714285714285,9.1,233.3857142857143,232.0,233.95714285714286,4.4173414285714285
0.7799999999999999,8.08,7.031666666666666,9.075,232.95000000000002,231.5,233.41666666666666,4.397286666666667
0.78,8.078571428571427,7.032857142857144,9.077142857142857,232.72857142857143,231.28571428571428,233.29999999999998,4.399957142857143
0.7799999999999999,8.086666666666666,7.04,9.09,232.9333333333333,231.5666666666667,233.5666666666667,4.40127
0.78,8.08,7.034285714285715,9.081428571428571,232.8857142857143,231.5142857142857,233.5142857142857,4.398788571428572
0.7799999999999999,8.08,7.035,9.09,233.0,231.6,233.54999999999998,4.412465
0.7828571428571429,8.08,7.042857142857143,9.09,232.92857142857142,231.6,233.52857142857144,4.416598571428572
0.7816666666666667,8.076666666666666,7.041666666666667,9.088333333333333,233.01666666666665,231.61666666666667,233.66666666666666,4.418398333333333
0.78,8.06,7.04,9.08,233.1,231.7,233.6,4.41137
0.7816666666666667,8.058333333333334,7.031666666666666,9.065,232.81666666666663,231.48333333333335,233.35,4.400521666666667
0.79,8.065,7.0249999999999995,9.055000000000001,232.75,231.35000000000002,233.35000000000002,4.4067
0.7814285714285715,8.077142857142857,7.027142857142857,9.062857142857144,233.07142857142858,231.68571428571428,233.6285714285714,4.414867142857143
0.78,8.05857142857143,7.0200000000000005,9.07,232.81428571428572,231.31428571428572,233.31428571428572,4.4000642857142855
0.78,8.047142857142857,7.007142857142857,9.051428571428572,232.4857142857143,231.07142857142858,233.04285714285714,4.395257142857143
0.78,8.028571428571428,6.991428571428571,9.014285714285714,232.22857142857143,230.74285714285716,232.68571428571428,4.369484285714286
0.78,8.024285714285714,7.0,9.014285714285714,231.8714285714286,230.47142857142856,232.3714285714286,4.360874285714286
0.7728571428571429,8.064285714285715,7.011428571428572,9.072857142857142,233.02857142857144,231.62857142857143,233.54285714285714,4.388285714285714
0.7700000000000001,8.137142857142859,7.062857142857142,9.207142857142857,235.67142857142855,234.27142857142857,236.14285714285714,4.450585714285714
0.7785714285714286,8.14,7.071428571428571,9.187142857142858,235.3857142857143,233.95714285714286,235.91428571428574,4.446294285714286
0.775,8.13,7.0675,9.1975,235.52499999999998,234.1,236.075,4.4464225
0.78,8.108571428571429,7.06,9.175714285714287,235.05714285714288,233.55714285714288,235.55714285714288,4.435635714285715
0.78,8.118571428571428,7.064285714285715,9.167142857142858,235.12857142857143,233.65714285714287,235.57142857142858,4.446177142857143
0.78,8.118571428571428,7.058571428571428,9.15857142857143,235.01428571428573,233.62857142857143,235.51428571428573,4.4424028571428575
0.78,8.12,7.064285714285715,9.15,234.95714285714286,233.44285714285712,235.51428571428573,4.448448571428571
0.78,8.127142857142857,7.07,9.172857142857142,235.08571428571426,233.7,235.58571428571426,4.450885714285714
0.78,8.117142857142856,7.067142857142857,9.185714285714285,235.25714285714284,233.82857142857142,235.81428571428572,4.445582857142857
0.78,8.104285714285714,7.057142857142857,9.174285714285714,235.1285714285714,233.72857142857143,235.72857142857143,4.4396314285714285
0.78,8.104285714285714,7.061428571428571,9.171428571428573,235.25714285714284,233.78571428571428,235.70000000000002,4.447025714285714
0.7733333333333334,8.083333333333334,7.04,9.19,235.4333333333333,233.9333333333333,236.0,4.435666666666667
0.78,8.13,7.074285714285715,9.204285714285716,236.02857142857144,234.58571428571426,236.54285714285714,4.466074285714286
0.78,8.1225,7.0725,9.20625,235.975,234.5125,236.4125,4.46132
0.7799999999999999,8.12,7.07,9.205,235.85,234.39999999999998,236.35,4.448715
0.7785714285714286,8.122857142857143,7.078571428571428,9.202857142857143,235.77142857142854,234.42857142857142,236.28571428571428,4.450684285714286
0.7728571428571429,8.13857142857143,7.074285714285715,9.218571428571428,236.01428571428573,234.65714285714284,236.65714285714284,4.4598128571428575
0.7757142857142857,8.141428571428571,7.075714285714286,9.242857142857144,236.29999999999998,234.91428571428568,236.87142857142857,4.466547142857143
0.7757142857142857,8.131428571428572,7.074285714285715,9.221428571428573,235.64285714285714,234.28571428571428,236.22857142857143,4.466132857142857
0.7700000000000001,8.125714285714286,7.08,9.225714285714286,235.91428571428574,234.57142857142858,236.6142857142857,4.455327142857143
0.84875,6.555,5.455,7.2524999999999995,235.3375,233.9875,236.0125,3.7979425
0.89,5.612857142857143,4.477142857142858,6.0842857142857145,234.97142857142856,233.5,235.6285714285714,3.384302857142857
0.89,5.611428571428571,4.484285714285714,6.072857142857144,234.81428571428572,233.29999999999998,235.55714285714288,3.386684285714286
0.89,5.605,4.48,6.076666666666667,234.85000000000002,233.36666666666667,235.5666666666667,3.387911666666666
0.89,5.601249999999999,4.48,6.06625,234.65,233.25,235.2625,3.38206125
0.89,5.605,4.48,6.07,234.95000000000002,233.54999999999998,235.64999999999998,3.38866
0.89,5.61,4.48,6.0625,234.625,233.1875,235.1875,3.3865575000000003
0.89,5.605714285714286,4.484285714285714,6.071428571428571,234.72857142857143,233.24285714285716,235.37142857142857,3.3880000000000003
0.89,5.61,4.48,6.08,234.9,233.5,235.5,3.38878
0.89,5.604285714285714,4.48,6.074285714285715,234.67142857142858,233.6142857142857,235.67142857142858,3.3923985714285716
0.89,5.598333333333333,4.4750000000000005,6.071666666666666,234.86666666666667,233.41666666666666,235.51666666666668,3.3829100000000003
0.89,5.601428571428571,4.48,6.085714285714286,235.29999999999998,233.87142857142857,235.97142857142856,3.395907142857143
0.89,5.61,4.49,6.080000000000001,235.30000000000004,233.69999999999996,235.80000000000004,3.39216
0.89,5.61,4.485714285714286,6.1,236.3857142857143,234.87142857142857,236.9857142857143,3.412805714285714
0.89,5.61,4.48,6.1,236.5,235.1,237.1,3.41924
0.89,5.618333333333333,4.488333333333333,6.108333333333333,237.08333333333334,235.6,237.51666666666665,3.4272733333333334
0.89,5.615714285714286,4.485714285714286,6.118571428571428,237.28571428571428,235.78571428571428,237.64285714285714,3.425567142857143
0.89,5.601428571428571,4.48,6.112857142857143,237.22857142857143,235.64285714285714,237.6142857142857,3.4131528571428573
0.89,5.617142857142857,4.48,6.122857142857143,237.28571428571428,235.81428571428572,237.81428571428572,3.4260228571428573
0.89,5.62,4.49,6.12,237.5,235.9,238.0,3.4362757142857143
0.89,5.635714285714285,4.488571428571428,6.148571428571429,238.5,237.0,239.1,3.45114
0.89,5.63,4.496666666666667,6.16,238.86666666666667,237.4,239.5,3.4568833333333333
0.89,5.624285714285714,4.4871428571428575,6.1657142857142855,238.94285714285715,237.51428571428573,239.6142857142857,3.46081
0.89,5.621428571428572,4.485714285714286,6.174285714285714,239.55714285714288,238.14285714285714,240.1,3.46207
0.89,5.625,4.485,6.18,239.35,237.9625,240.0,3.4692499999999997
0.89,5.624285714285714,4.498571428571429,6.111428571428571,236.85714285714286,235.45714285714283,237.48571428571427,3.4262357142857143
0.89,5.614999999999999,4.485,6.114999999999999,237.0,235.65,237.69999999999996,3.42507
0.89,5.621428571428572,4.49,6.14,237.65714285714284,236.25714285714284,238.35714285714286,3.4349385714285714
0.89,5.621428571428572,4.4957142857142856,6.114285714285715,237.27142857142857,235.92857142857142,237.97142857142856,3.4326857142857143
0.89,5.614285714285714,4.484285714285714,6.132857142857143,237.57142857142858,236.28571428571428,238.31428571428572,3.4373514285714286
0.89,5.6,4.47,6.15,238.0,236.6,238.7,3.4398399999999993
0.89,5.6,4.47,6.15,238.0,236.6,238.7,3.4398399999999993
0.89,5.6,4.47,6.15,238.0,236.6,238.7,3.4398399999999993
0.89,5.6,4.47,6.15,238.0,236.6,238.7,3.4398399999999993
0.89,5.6,4.47,6.15,238.0,236.6,238.7,3.4398399999999993
0.89,5.6,4.47,6.15,238.0,236.6,238.7,3.4398399999999993
0.89,5.6,4.47,6.15,238.0,236.6,238.7,3.4398399999999993
0.79,8.46,7.02,9.04,232.4,230.8,232.9,4.50668
0.79,8.462222222222223,7.014444444444444,9.045555555555556,232.61111111111111,231.06666666666666,232.96666666666664,4.509044444444445
0.79,8.457142857142857,6.9957142857142856,9.027142857142858,232.4857142857143,230.6142857142857,232.58571428571426,4.4964957142857145
0.79,8.44625,6.9975000000000005,9.00375,231.875,230.2,232.1875,4.483996250000001
0.79,8.44142857142857,7.001428571428571,9.01,232.0,230.4857142857143,232.3857142857143,4.4934585714285715
0.79,8.45,7.01,9.0175,232.14999999999998,230.475,232.45,4.5032
0.79,8.47,7.016666666666666,9.048333333333334,232.5333333333333,230.9333333333333,232.85,4.51073
0.79,8.442857142857141,7.002857142857143,9.015714285714285,232.05714285714288,230.34285714285713,232.3857142857143,4.48877
0.79,8.4475,7.00875,9.03375,232.35,230.7125,232.6875,4.48629625
0.79,8.461428571428572,7.01,9.048571428571428,232.64285714285714,231.02857142857144,232.9857142857143,4.495472857142857
0.79,8.454285714285716,7.002857142857143,9.047142857142857,232.58571428571426,231.0285714285714,232.8857142857143,4.493384285714286
0.79,8.4375,6.9975000000000005,9.02,232.075,230.475,232.375,4.4754775
0.79,8.434285714285714,6.988571428571428,9.025714285714285,232.15714285714284,230.6142857142857,232.45714285714286,4.481378571428571
0.79,8.43,6.982857142857143,9.027142857142858,232.14285714285714,230.6142857142857,232.47142857142856,4.479978571428571
0.79,8.415,6.98,9.0,231.65,230.10000000000002,232.0,4.456239999999999
0.79,8.414285714285715,6.977142857142858,9.008571428571429,231.65714285714287,230.08571428571426,232.07142857142858,4.462848571428571
0.79,8.41375,6.975,9.004999999999999,231.7,230.0875,232.0625,4.46672625
0.79,8.427142857142856,6.97,9.01142857142857,231.78571428571428,230.14285714285714,232.1857142857143,4.464534285714286
0.79,8.42375,6.978750000000001,9.02375,231.86249999999998,230.275,232.3125,4.470174999999999
0.79,8.41,6.982857142857143,9.01142857142857,231.79999999999998,230.25714285714284,232.22857142857143,4.465994285714285
0.79,8.415,6.97,9.015,232.125,230.60000000000002,232.475,4.4669325
0.79,8.42,6.97,9.02,232.3,230.8,232.6,4.47185
0.79,8.415714285714285,6.971428571428571,8.998571428571429,231.9,230.4,232.3857142857143,4.465285714285715
0.79,8.426666666666668,6.976666666666667,8.996666666666668,231.76666666666665,230.26666666666665,232.23333333333335,4.46985
0.79,8.43,6.97,9.014285714285714,232.1142857142857,230.57142857142858,232.4857142857143,4.47201
0.79,8.4325,6.985,9.0275,232.4125,230.95,232.8375,4.48303625
0.7842857142857144,8.501428571428571,7.0442857142857145,9.131428571428572,234.77142857142857,233.34285714285713,235.1,4.533967142857143
0.78,8.504285714285714,7.05,9.152857142857144,234.92857142857142,233.64285714285714,235.41428571428574,4.534728571428571
0.78,8.528749999999999,7.06875,9.195,235.7625,234.3625,236.1625,4.5514475
0.78,8.562857142857142,7.1000000000000005,9.26,237.28571428571428,235.92857142857142,237.70000000000002,4.5954685714285715
0.775,8.60375,7.1375,9.34,238.45,237.1875,238.8875,4.6181775
0.7814285714285715,8.48,7.038571428571429,9.127142857142857,234.32857142857142,233.02857142857144,234.82857142857142,4.526451428571429
0.7875000000000001,8.48375,7.03375,9.1225,234.0375,232.775,234.5625,4.5155475
0.7837500000000001,8.49375,7.035,9.14375,234.1,232.89999999999998,234.875,4.52955375
0.9,7.082857142857143,5.572857142857143,7.388571428571429,234.21428571428572,233.05714285714288,235.07142857142858,3.9249385714285716
0.9,6.0375,4.48,6.06,234.1125,232.825,234.9625,3.4789975
0.9,6.0371428571428565,4.478571428571429,6.06,234.21428571428572,232.8857142857143,235.07142857142858,3.4800485714285716
0.9,6.03,4.4775,6.06,234.425,233.17499999999998,235.225,3.485465
0.9,6.025714285714286,4.475714285714286,6.0685714285714285,234.65714285714284,233.37142857142857,235.54285714285714,3.485095714285714
0.9,6.028571428571429,4.474285714285714,6.067142857142857,234.81428571428572,233.4857142857143,235.55714285714288,3.486647142857143
0.9,6.035,4.475,6.07,234.9,233.55,235.6,3.4905150000000003
0.9,6.04,4.48,6.07,235.0,233.6,235.7,3.48952
0.9,6.04,4.475714285714286,6.087142857142857,235.5142857142857,234.02857142857144,236.34285714285716,3.5039585714285715
0.9,6.04625,4.47625,6.077500000000001,235.5375,234.1,236.275,3.50308875
0.9,6.047142857142857,4.48,6.081428571428572,235.75714285714284,234.3857142857143,236.48571428571427,3.504584285714286
0.9,6.04,4.48,6.101249999999999,236.225,234.925,237.025,3.51184
0.9,6.041428571428571,4.48,6.1,236.21428571428572,234.9,237.0142857142857,3.512755714285714
0.9,6.048571428571428,4.481428571428572,6.1,236.34285714285716,234.95714285714286,237.15714285714284,3.5126042857142856
0.9,6.0375,4.4825,6.10375,236.35000000000002,234.975,237.1,3.51452125
0.9,6.05375,4.4925,6.1125,236.8125,235.36249999999998,237.5375,3.52906375
0.8942857142857142,6.0442857142857145,4.475714285714286,6.12,237.31428571428572,235.87142857142857,237.92857142857142,3.5321885714285712
0.8975,6.047499999999999,4.483750000000001,6.12,237.3625,235.88750000000002,238.0625,3.53273125
0.9,6.05,4.48,6.12,237.3857142857143,235.8857142857143,237.9857142857143,3.527765714285714
0.89125,6.04625,4.485,6.1475,238.375,236.9625,238.9375,3.549945
0.89,6.06,4.48,6.155714285714287,238.71428571428572,237.24285714285716,239.29999999999998,3.559135714285714
0.89125,6.05875,4.485,6.16,239.15,237.7625,239.7625,3.56026375
0.9,6.0442857142857145,4.484285714285714,6.085714285714286,235.55714285714288,234.18571428571428,236.27142857142857,3.504031428571429
0.9,6.05,4.49,6.08,235.7,234.3,236.5,3.50866
0.9,6.0371428571428565,4.477142857142857,6.105714285714286,236.29999999999998,234.94285714285712,237.05714285714285,3.5165457142857144
0.9,6.04,4.48,6.1,236.2,234.9,236.9,3.51522
0.9,6.03625,4.48,6.09375,236.125,234.7875,236.8625,3.51234625
0.9,6.042857142857143,4.48,6.095714285714286,236.34285714285713,235.04285714285714,237.1,3.51456
0.895,6.04,4.475,6.115,236.89999999999998,235.60000000000002,237.64999999999998,3.52722
0.9,6.04,4.47,6.12,237.0,235.7,237.6,3.52532
0.9,6.05125,4.47625,6.12625,237.3375,235.98749999999998,237.9375,3.53008875
0.89125,6.061249999999999,4.48,6.13,237.8625,236.5375,238.6375,3.5406325
0.9,6.054285714285713,4.49,6.134285714285714,237.91428571428574,236.6142857142857,238.5,3.5413099999999997
0.89875,6.055,4.49,6.1325,237.78750000000002,236.4875,238.5,3.5475175
0.89,6.057142857142857,4.49,6.125714285714286,237.75714285714284,236.45714285714286,238.5,3.540961428571429
0.89,6.05,4.48625,6.135,237.88750000000002,236.675,238.575,3.5427325
0.89,6.05,4.474285714285714,6.14,238.04285714285714,236.8857142857143,238.9,3.543004285714286
0.89,6.05,4.475714285714286,6.14,238.35714285714286,237.05714285714288,239.0,3.542875714285714
0.89,6.05,4.47,6.14,238.3,237.0,239.0,3.53459
0.89,6.05,4.4775,6.1475,238.225,237.0,238.925,3.5488625000000003
0.89,6.06,4.48,6.14,238.5,237.4,239.4,3.55324
0.89,6.054285714285713,4.48,6.14,238.21428571428572,237.05714285714288,239.05714285714288,3.5480285714285715
0.89375,6.03,4.4775,6.13375,237.7625,236.5625,238.425,3.534415
0.89,6.03,4.47,6.12,236.85,235.6,237.575,3.5213425
0.89,6.03,4.47,6.11,236.4,235.2,237.2,3.51748
0.89,6.03,4.47,6.11,236.4,235.19999999999996,237.19999999999996,3.5174800000000004
0.9,6.03,4.483750000000001,6.09,235.5,234.3625,236.2625,3.50348875
0.9,6.03,4.483750000000001,6.078749999999999,234.75,233.575,235.5125,3.4933975
0.8014285714285715,8.125714285714286,6.684285714285714,8.665714285714285,233.22857142857143,232.0142857142857,233.8857142857143,4.360094285714285
0.79,8.47375,7.03125,9.0475,232.4375,231.025,232.825,4.49339375
0.7871428571428571,8.47,7.03,9.041428571428572,232.4,231.1,232.85714285714286,4.492351428571429
0.7885714285714286,8.495714285714286,7.057142857142857,9.102857142857143,233.85714285714286,232.6,234.31428571428572,4.526425714285715
0.79,8.4525,7.025,9.05,232.6875,231.29999999999998,233.1,4.4961512500000005
0.79,8.44,7.0,8.97875,231.35,229.95,231.725,4.47754
0.79,8.457142857142857,7.0200000000000005,9.011428571428572,232.08571428571426,230.6857142857143,232.41428571428574,4.495081428571429
0.79,8.495714285714286,7.061428571428571,9.135714285714286,234.17142857142858,232.85714285714286,234.65714285714284,4.538388571428571
0.79,8.49375,7.0525,9.11625,233.9125,232.6125,234.375,4.5301875
0.79,8.487142857142858,7.061428571428571,9.104285714285714,233.75714285714284,232.3857142857143,234.24285714285716,4.529034285714286
0.79,8.496666666666668,7.04,9.123333333333333,233.98333333333335,232.6,234.4333333333333,4.525445
0.79,8.49,7.04875,9.120000000000001,234.0875,232.63750000000002,234.475,4.5283225
0.79,8.482857142857144,7.04,9.095714285714285,233.6,232.27142857142854,234.14285714285714,4.51099
0.79,8.4725,7.03125,9.06,233.1375,231.7,233.6,4.5127975000000005
0.79,8.45375,7.0225,9.05,232.8375,231.45000000000002,233.3125,4.505245
0.79,8.48,7.032857142857144,9.05,233.02857142857144,231.8,233.54285714285714,4.512107142857142
0.79,8.4725,7.015,9.057500000000001,233.0,231.725,233.525,4.5055250000000004
0.79,8.44,7.01,9.04,232.5,231.0,233.0,4.48677
0.79,8.462857142857144,7.0200000000000005,9.067142857142857,232.79999999999998,231.35714285714286,233.28571428571428,4.494325714285714
0.79,8.465714285714286,7.0200000000000005,9.064285714285715,232.94285714285712,231.58571428571426,233.4857142857143,4.502151428571429
0.79,8.47375,7.0275,9.07875,233.35,232.025,233.8875,4.51302
0.79,8.47,7.03,9.074285714285715,233.28571428571428,231.9,233.74285714285716,4.508127142857143
0.79,8.49,7.03,9.105,233.75,232.45,234.4,4.51795
0.79,8.47,7.02,9.084999999999999,233.64999999999998,232.35000000000002,234.20000000000002,4.5084
0.79,8.47857142857143,7.03,9.08,233.67142857142858,232.15714285714284,234.01428571428573,4.506524285714286
0.79,8.45,7.01,9.05375,232.8625,231.4625,233.2375,4.49521875
0.79,8.434285714285714,7.01,9.044285714285715,232.62857142857143,231.21428571428572,233.12857142857143,4.485691428571429
0.79,8.4275,6.995,9.024999999999999,232.3375,230.925,232.85,4.475775
0.79,8.426666666666668,7.0,9.040000000000001,232.46666666666667,231.0,232.96666666666667,4.484523333333333
0.79,8.41,6.98625,9.01375,232.2125,230.6375,232.475,4.4655775
0.79,8.424285714285714,6.982857142857143,9.008571428571429,232.28571428571428,230.6142857142857,232.4857142857143,4.471147142857143
0.79,8.42,6.9871428571428575,9.022857142857143,232.4,230.97142857142856,232.75714285714284,4.472704285714285
0.79,8.425,6.99,9.032499999999999,232.625,231.3,233.125,4.4796525
0.79,8.42375,6.9825,9.02,232.4375,230.9625,232.86249999999998,4.476935
0.79,8.425714285714285,6.991428571428571,9.01142857142857,232.22857142857143,230.75714285714284,232.71428571428572,4.479648571428571
0.79,8.43625,7.00625,9.03,232.32500000000002,230.9625,232.8125,4.48183375
0.79,8.435714285714285,6.9957142857142856,9.03,232.4,231.04285714285714,232.9,4.475657142857143
0.79,8.41,6.98,9.015,232.05,230.60000000000002,232.60000000000002,4.471435
0.79,8.43,6.9799999999999995,9.03,232.5,231.1,232.9,4.46726
0.79,8.452857142857143,7.0,9.061428571428571,232.95714285714286,231.64285714285714,233.52857142857144,4.481422857142857
0.785,8.4725,7.02375,9.10375,233.9875,232.6375,234.475,4.51366875
0.78,8.504285714285714,7.047142857142857,9.15,234.71428571428572,233.47142857142856,235.25714285714284,4.52461
0.78,8.515,7.061249999999999,9.17625,235.0,233.8125,235.5625,4.537368750000001
0.78,8.545,7.0725,9.208749999999998,235.83749999999998,234.725,236.4375,4.55966875
0.7771428571428572,8.577142857142857,7.107142857142857,9.285714285714286,237.1142857142857,235.87142857142857,237.77142857142857,4.589661428571428
0.7700000000000001,8.588571428571429,7.125714285714286,9.325714285714286,237.81428571428572,236.67142857142858,238.52857142857144,4.604708571428572
0.77375,8.614999999999998,7.13125,9.3375,238.3375,237.125,238.8625,4.61139625
0.77,8.61375,7.12875,9.3725,238.4125,237.2,239.2125,4.62369875
0.8214285714285714,7.507142857142857,5.984285714285714,7.978571428571429,238.14285714285714,236.8,238.94285714285712,4.156517142857143
0.89,6.04,4.4625,6.1325,237.6625,236.35000000000002,238.475,3.5250362500000003
0.89,6.045714285714285,4.477142857142858,6.144285714285714,238.31428571428572,236.94285714285712,239.12857142857143,3.5486614285714286
0.89,6.05,4.46,6.17,239.3,238.1,240.2,3.56634
0.89,6.0425,4.46375,6.1775,239.675,238.4,240.5375,3.5630025
0.8985714285714286,6.034285714285715,4.474285714285714,6.094285714285713,236.17142857142858,234.85714285714286,237.0,3.5137428571428573
0.9,6.035,4.475,6.0962499999999995,236.0625,234.7625,236.975,3.5061975
0.9,6.03375,4.47375,6.0962499999999995,236.1,234.7625,236.925,3.50082125
0.8957142857142858,6.04,4.475714285714286,6.102857142857142,236.44285714285712,235.17142857142858,237.35714285714286,3.51369
0.9,6.04,4.48,6.095714285714286,236.28571428571428,234.94285714285712,237.02857142857144,3.509032857142857
0.89375,6.03625,4.47,6.1025,236.0875,234.8125,236.9625,3.50703125
0.89375,6.04,4.478750000000001,6.11875,236.8875,235.5,237.7,3.52143375
0.895,6.05,4.485,6.13,237.29999999999998,235.94999999999996,238.04999999999998,3.5328250000000003
0.8988888888888888,6.051111111111111,4.487777777777778,6.117777777777778,237.13333333333335,235.77777777777777,237.9111111111111,3.5304877777777777
0.8971428571428571,6.042857142857143,4.475714285714286,6.11,236.65714285714284,235.20000000000002,237.42857142857142,3.5147814285714287
0.8957142857142858,6.048571428571428,4.484285714285714,6.12,237.17142857142858,235.62857142857143,237.8857142857143,3.5270628571428575
0.8942857142857142,6.054285714285713,4.484285714285714,6.124285714285714,237.52857142857144,236.01428571428573,238.21428571428572,3.536215714285714
0.8977777777777778,6.057777777777777,4.487777777777778,6.132222222222222,237.7888888888889,236.36666666666667,238.56666666666666,3.5455055555555557
0.89,6.05,4.48,6.14,238.1,236.6,238.8,3.5452800000000004
0.89,6.062857142857142,4.488571428571428,6.148571428571429,238.65714285714284,237.15714285714284,239.31428571428572,3.5570185714285714
0.89,6.0675,4.49,6.15,238.76250000000002,237.275,239.475,3.55664625
0.89,6.05375,4.48625,6.16,238.9125,237.5125,239.6875,3.5576862499999997
0.89,6.05,4.482857142857143,6.172857142857143,239.4,237.98571428571427,240.02857142857144,3.561315714285714
0.89,6.0562499999999995,4.48,6.16375,239.325,237.8875,240.025,3.56573
0.89,6.054285714285713,4.477142857142858,6.174285714285714,239.5,238.15714285714284,240.2571428571429,3.5669085714285713
0.89,6.045,4.47,6.1850000000000005,239.64999999999998,238.25,240.35000000000002,3.5639450000000004
0.8942857142857142,6.045714285714285,4.474285714285714,6.141428571428571,238.1,236.7,238.8857142857143,3.538198571428571
0.9,6.04,4.48,6.1,236.6,235.24285714285716,237.28571428571428,3.52089
0.9,6.03,4.47,6.1,237.0,235.0,237.4,3.52587
0.9,6.04,4.48,6.11,236.6,235.2,237.4,3.51629
0.89,6.03125,4.4712499999999995,6.13,237.225,235.925,237.9375,3.5253412500000003
0.89,6.05125,4.4725,6.1225000000000005,237.55,236.2125,238.2375,3.53124
0.89,6.035714285714286,4.47,6.117142857142857,237.07142857142858,235.8142857142857,237.8857142857143,3.5206114285714287
0.89,6.034285714285715,4.477142857142858,6.112857142857143,236.91428571428574,235.58571428571426,237.65714285714284,3.516988571428571
0.89,6.03,4.47625,6.1175,237.3,235.975,237.9375,3.52118625
0.89,6.045,4.48,6.12,237.25,235.9,237.9,3.517095
0.89,6.05,4.48,6.12,237.2,235.9,237.9,3.51916
0.89,6.05,4.48,6.12,237.2,235.9,237.9,3.51916
0.9,6.04,4.48,6.13,236.9,235.6,237.8,3.51866
0.9,6.04,4.48,6.13,236.9,235.6,237.8,3.51866
0.9,6.04,4.48,6.11125,236.75,235.5,237.5625,3.5194225
0.89125,6.035,4.475,6.105,236.57500000000002,235.1875,237.3125,3.51834375
0.9,6.03,4.475714285714286,6.097142857142857,236.12857142857143,234.78571428571428,236.79999999999998,3.508522857142857
0.9,6.03,4.477142857142858,6.098571428571428,236.20000000000002,234.92857142857142,236.95714285714286,3.5099857142857145
0.9,6.03,4.47,6.1,236.1,234.7,236.8,3.5004200000000005
0.895,6.0112499999999995,4.46625,6.07875,234.9875,233.65,235.8125,3.47950375
0.9,6.02,4.47,6.07,234.9,233.4,235.5,3.47948
0.9,6.02,4.475,6.0649999999999995,234.375,232.9125,234.9625,3.4787025
0.8266666666666667,7.646666666666667,6.18,8.08,232.96666666666667,231.46666666666667,233.4,4.149166666666667
0.79,8.45125,7.02,9.049999999999999,232.1625,230.6625,232.55,4.48731125
0.7837500000000001,8.463750000000001,7.02375,9.09125,233.25,231.7,233.5625,4.4970425
0.7871428571428571,8.475714285714286,7.028571428571428,9.094285714285714,233.74285714285716,232.27142857142857,234.15714285714287,4.512472857142858
0.79,8.45875,7.012499999999999,9.05875,232.9875,231.5625,233.525,4.49627625
0.79,8.457142857142857,7.005714285714285,9.051428571428572,232.70000000000002,231.34285714285716,233.29999999999998,4.483711428571429
0.79,8.44,7.005,9.045,232.3,230.89999999999998,232.8,4.483775
0.79,8.44,7.0,9.02,232.0,230.7,232.5,4.48407
0.79,8.425714285714285,6.988571428571428,8.99,231.32857142857142,229.8857142857143,231.82857142857142,4.462382857142857
0.7837500000000001,8.475,7.02125,9.08375,233.2125,231.8125,233.6375,4.49972625
0.7871428571428571,8.498571428571429,7.0371428571428565,9.117142857142856,234.12857142857143,232.70000000000002,234.71428571428572,4.527015714285715
0.79,8.48,7.03,9.1,233.7,232.2,234.3,4.51737
0.79,8.48,7.010000000000001,9.09,233.6,232.1,234.1,4.49048
0.79,8.48,7.010000000000001,9.09,233.6,232.1,234.1,4.49048
0.79,8.48,7.010000000000001,9.09,233.6,232.1,234.1,4.49048
0.79,8.48,7.010000000000001,9.09,233.6,232.1,234.1,4.49048
0.79,8.48,7.010000000000001,9.09,233.6,232.1,234.1,4.49048
0.79,8.48,7.010000000000001,9.09,233.6,232.1,234.1,4.49048
0.79,8.48,7.010000000000001,9.09,233.6,232.1,234.1,4.49048
0.77,8.78,7.15,9.34,235.6,234.3,236.5,4.60249
0.7742857142857142,8.68142857142857,7.115714285714286,9.267142857142858,235.21428571428572,233.82857142857142,235.85714285714286,4.573711428571428
0.78,8.535,7.07,9.17,235.15,233.8,235.75,4.5472
0.78,8.54857142857143,7.065714285714286,9.182857142857143,235.28571428571428,233.94285714285712,236.0,4.54932
0.7799999999999999,8.546666666666667,7.066666666666666,9.163333333333334,235.4,234.0,235.9,4.542116666666667
0.78,8.54142857142857,7.061428571428571,9.151428571428571,235.22857142857143,233.7428571428571,235.64285714285714,4.547811428571428
0.78,8.54,7.06,9.13857142857143,235.14285714285714,233.64285714285714,235.6,4.546804285714286
0.78,8.54375,7.06375,9.14875,235.2875,233.7875,235.7875,4.5466275000000005
0.78,8.538571428571428,7.047142857142857,9.154285714285715,235.31428571428572,233.84285714285713,235.75714285714284,4.528645714285714
0.78,8.53,7.0442857142857145,9.14,234.8857142857143,233.34285714285716,235.3,4.5278157142857145
0.7799999999999999,8.513333333333334,7.031666666666666,9.115,234.38333333333335,232.79999999999998,234.71666666666667,4.511901666666667
0.7799999999999999,8.506666666666666,7.03,9.106666666666667,234.23333333333335,232.63333333333333,234.53333333333333,4.507976666666667
0.7799999999999999,8.49,7.02,9.1,234.4,232.80000000000004,234.9,4.52182
0.78,8.494285714285715,7.024285714285715,9.11,234.54285714285714,232.9,234.84285714285716,4.511711428571429
0.78,8.501428571428571,7.028571428571429,9.125714285714286,234.5142857142857,232.9,234.97142857142856,4.510832857142857
0.78,8.51,7.031428571428571,9.134285714285715,234.62857142857143,232.97142857142856,235.08571428571426,4.521637142857143
0.78,8.51,7.03,9.13,234.7,233.0,235.2,4.51913
0.78,8.415714285714285,7.031428571428571,9.127142857142857,234.58571428571426,232.9857142857143,235.07142857142858,4.5022657142857145
0.7799999999999999,8.336666666666666,7.016666666666666,9.11,234.4,232.79999999999998,234.73333333333335,4.478306666666667
0.7799999999999999,8.33,7.010000000000001,9.11,234.20000000000002,232.6,234.64999999999998,4.48044
0.7799999999999999,8.343333333333334,7.02,9.118333333333332,234.48333333333335,232.83333333333334,234.85,4.484191666666667
0.78,8.35,7.04,9.151428571428571,234.78571428571428,233.1857142857143,235.28571428571428,4.5015028571428575
0.78,8.362499999999999,7.0525,9.16625,235.4625,233.8,235.8375,4.5147312500000005
0.78,8.384285714285713,7.067142857142857,9.191428571428572,236.15714285714287,234.6,236.5285714285714,4.5309542857142855
0.78,8.412857142857144,7.087142857142857,9.245714285714286,237.1,235.6,237.5,4.547957142857143
0.77375,8.43125,7.1075,9.270000000000001,237.3125,235.5875,237.4875,4.55161625
0.7799999999999999,8.4,7.07,9.22,236.0,233.9,235.80000000000004,4.51876
0.78,8.443333333333333,7.05,9.183333333333332,235.46666666666664,233.93333333333334,235.93333333333334,4.5379499999999995
0.78,8.457142857142857,7.074285714285714,9.22,235.9,234.54285714285717,236.47142857142856,4.55233
0.84125,7.31875,6.09375,8.04625,236.1625,234.6875,236.8,4.0980725
0.89,5.61,4.481428571428571,6.078571428571428,236.0,234.44285714285712,236.70000000000002,3.3975985714285715
0.89,5.60625,4.48625,6.085,236.0375,234.4375,236.7375,3.40112625
0.89,5.605714285714285,4.48,6.091428571428572,236.15714285714284,234.54285714285714,236.91428571428574,3.3955142857142855
0.89,5.61,4.485714285714286,6.0842857142857145,236.4,234.84285714285716,237.04285714285714,3.40271
0.89,5.5975,4.47375,6.09375,236.6125,235.1125,237.375,3.4019762499999997
0.89,5.60375,4.47625,6.1,236.7125,235.1125,237.4375,3.4019975
0.89,5.604285714285714,4.484285714285714,6.105714285714286,236.97142857142856,235.4,237.77142857142857,3.4108857142857145
0.89,5.61125,4.48625,6.115,237.4,235.7625,238.1625,3.424575
0.89,5.601428571428571,4.48,6.11,237.5,235.9,238.2571428571429,3.4160685714285712
0.89,5.607142857142857,4.482857142857143,6.107142857142857,237.32857142857142,235.70000000000002,237.8857142857143,3.415682857142857
0.89,5.608750000000001,4.4887500000000005,6.1,236.975,235.28750000000002,237.67499999999998,3.41307875
0.89,5.61,4.48,6.1,236.9,235.3,237.6,3.40895
0.89,5.61,4.48,6.11875,237.5,235.875,238.25,3.42021625
0.89,5.61,4.48,6.12,237.73333333333335,236.03333333333333,238.35,3.4235
0.89,5.614444444444445,4.476666666666667,6.124444444444444,237.84444444444443,236.06666666666666,238.46666666666664,3.42115
0.89,5.624285714285714,4.484285714285714,6.134285714285714,238.4857142857143,236.72857142857146,239.08571428571426,3.43663
0.89,5.61625,4.483750000000001,6.13375,238.475,236.775,239.2375,3.4392675
0.89,5.612500000000001,4.483750000000001,6.14875,239.1375,237.4375,239.8,3.44609375
0.89,5.6225000000000005,4.485,6.12,237.9,236.125,238.5375,3.432605
0.89,5.61,4.494285714285715,6.075714285714286,235.95714285714286,234.18571428571428,236.57142857142858,3.404194285714286
0.89,5.5962499999999995,4.48625,6.06625,235.425,233.65,235.9625,3.3862275
0.89,5.5975,4.4725,6.075,235.825,234.15,236.4,3.3854474999999997
0.89,5.601428571428571,4.482857142857143,6.088571428571428,236.35714285714286,234.6285714285714,237.0,3.3970971428571426
0.89,5.604444444444444,4.478888888888889,6.096666666666667,236.46666666666664,234.80000000000004,237.06666666666666,3.399833333333333
0.89,5.595714285714286,4.47,6.0928571428571425,236.37142857142857,234.70000000000002,237.17142857142858,3.394821428571429
0.89,5.60625,4.4775,6.1075,237.175,235.575,237.7875,3.41287125
0.89,5.615,4.48625,6.115,237.5875,236.025,238.275,3.4264799999999997
0.89,5.614285714285714,4.4871428571428575,6.12,237.81428571428572,236.21428571428572,238.54285714285714,3.4294900000000004
0.89,5.605,4.48125,6.11125,237.5875,235.9875,238.1375,3.4181975
0.89,5.5975,4.4725,6.115,237.6875,236.0875,238.25,3.419085
0.89,5.59,4.478750000000001,6.13,238.05,236.4625,238.575,3.42003
0.89,5.595,4.4725,6.13,238.35,236.825,239.025,3.4243025
0.89,5.604285714285714,4.478571428571429,6.13,238.41428571428574,236.85714285714286,239.0142857142857,3.4271114285714286
0.89,5.6066666666666665,4.47,6.123333333333333,238.33333333333334,236.79999999999998,238.93333333333334,3.424986666666667
0.89,5.61,4.48,6.14,238.75,237.225,239.375,3.4400500000000003
0.89,5.61,4.49,6.138571428571429,239.2,237.6285714285714,239.8,3.443772857142857
0.89,5.6137500000000005,4.49,6.140000000000001,239.2375,237.6875,239.8375,3.4432025
0.89,5.612857142857143,4.482857142857143,6.14,239.15714285714284,237.67142857142855,239.65714285714284,3.4449471428571425
0.89,5.61,4.483750000000001,6.1362499999999995,238.8125,237.25,239.425,3.4426225
0.89,5.601428571428571,4.48,6.131428571428572,238.6142857142857,237.1,239.2,3.445312857142857
0.89,5.6,4.48,6.13,238.6,237.1,239.2,3.44555
0.89,5.605714285714286,4.474285714285714,6.115714285714286,237.6142857142857,236.07142857142858,238.22857142857143,3.419764285714286
0.89,5.595,4.47375,6.10875,237.4375,235.9375,238.1375,3.40653
0.89,5.582857142857143,4.47,6.098571428571428,237.02857142857144,235.5142857142857,237.59999999999997,3.401655714285714
0.89,5.5962499999999995,4.48125,6.08625,236.1875,234.58749999999998,236.7375,3.3875225
0.89,5.594285714285713,4.475714285714286,6.054285714285713,235.05714285714288,233.44285714285712,235.54285714285714,3.36835
0.87625,5.9174999999999995,4.7924999999999995,6.44375,234.9125,233.4,235.48749999999998,3.5019662499999997
0.7799999999999999,8.133333333333335,7.046666666666667,9.118333333333334,234.11666666666667,232.5,234.51666666666665,4.417208333333333
0.78,8.08875,7.02875,9.05125,233.0375,231.4625,233.425,4.391655
0.7828571428571429,8.13,6.9957142857142856,8.982857142857142,231.78571428571428,230.1857142857143,232.04285714285714,4.384192857142858
0.78625,8.32625,7.03375,9.07125,233.4125,231.9,233.85,4.47641375
0.79,8.324285714285715,7.021428571428571,9.09,233.55714285714288,231.95714285714286,233.92857142857142,4.471607142857144
0.79,8.305,7.00125,9.02125,232.325,230.725,232.7375,4.46185125
0.79,8.298333333333334,6.996666666666667,9.003333333333332,232.08333333333334,230.4333333333333,232.41666666666666,4.443455
0.79,8.286249999999999,6.99,9.0125,231.9875,230.475,232.3875,4.43615375
0.79,8.29,6.986666666666667,9.01,231.86666666666667,230.4333333333333,232.26666666666665,4.439016666666666
0.7842857142857144,8.36,7.024285714285715,9.07,233.17142857142858,231.62857142857143,233.57142857142858,4.482927142857142
0.7842857142857144,8.42,7.048571428571428,9.131428571428572,234.54285714285714,232.97142857142856,234.9714285714286,4.521862857142857
0.79,8.4175,7.04,9.1175,234.32500000000002,232.72500000000002,234.7375,4.52559
0.7857142857142857,8.404285714285715,7.0442857142857145,9.108571428571429,234.1,232.5,234.51428571428573,4.509234285714285
0.78,8.43,7.07,9.14,234.8,233.4,235.4,4.51907
0.78,8.41875,7.0625,9.14,234.7625,233.25,235.325,4.519565
0.78,8.392857142857142,7.042857142857143,9.14,234.55714285714288,232.85714285714286,234.9857142857143,4.5108114285714285
0.785,8.401666666666667,7.043333333333333,9.125,234.35,232.73333333333335,234.83333333333334,4.514168333333333
0.78,8.4275,7.05,9.14,234.76250000000002,233.075,235.17499999999998,4.52343
0.78,8.43,7.0528571428571425,9.14,234.6857142857143,233.07142857142858,235.1142857142857,4.52204
0.7799999999999999,8.433333333333332,7.063333333333333,9.146666666666667,234.73333333333335,233.29999999999998,235.23333333333335,4.523493333333334
0.7799999999999999,8.431666666666667,7.07,9.148333333333333,235.04999999999998,233.75,235.45000000000002,4.533368333333333
0.78,8.44,7.071428571428571,9.161428571428571,235.41428571428574,234.1142857142857,235.8,4.522517142857143
0.78,8.428749999999999,7.08,9.15875,235.475,234.17499999999998,235.725,4.52615625
0.78,8.43125,7.077500000000001,9.16,235.625,234.2875,235.9125,4.53124125
0.7799999999999999,8.433333333333332,7.076666666666667,9.155,235.66666666666666,234.36666666666667,236.0,4.532541666666667
0.78,8.44,7.075,9.16,235.65,234.325,235.95,4.53061
0.78,8.427142857142856,7.071428571428571,9.144285714285715,235.4857142857143,234.12857142857143,235.82857142857142,4.517258571428571
0.7799999999999999,8.424999999999999,7.075,9.16,235.69999999999996,234.35000000000002,236.04999999999998,4.52876
0.78,8.442857142857141,7.0842857142857145,9.18142857142857,235.95714285714286,234.65714285714284,236.35714285714286,4.535258571428572
0.78,8.448571428571428,7.072857142857144,9.152857142857144,235.64285714285714,234.17142857142858,235.94285714285712,4.529778571428571
0.7714285714285715,8.17142857142857,7.061428571428571,9.135714285714286,235.25714285714284,233.85714285714286,235.52857142857144,4.43569
0.7714285714285715,8.147142857142857,7.078571428571428,9.147142857142857,235.42857142857142,234.0142857142857,235.71428571428572,4.431985714285714
0.7757142857142857,8.134285714285715,7.074285714285715,9.134285714285715,235.17142857142858,233.71428571428572,235.34285714285716,4.423945714285714
0.78,8.215714285714286,7.065714285714286,9.134285714285715,235.17142857142858,233.77142857142857,235.41428571428574,4.451264285714286
0.78,8.365714285714285,7.07,9.129999999999999,234.85714285714286,233.5,235.15714285714284,4.500757142857142
0.78,8.407142857142857,7.082857142857143,9.162857142857144,235.58571428571426,234.28571428571428,235.84285714285713,4.524214285714286
0.7799999999999999,8.45,7.099999999999999,9.18,236.1,234.69999999999996,236.30000000000004,4.55127
0.78,8.44142857142857,7.091428571428572,9.179999999999998,235.71428571428572,234.4,236.0,4.5398185714285715
0.78,8.447142857142856,7.098571428571428,9.187142857142858,235.72857142857143,234.45714285714286,236.15714285714284,4.534095714285714
0.78,8.454285714285714,7.104285714285714,9.2,236.07142857142858,234.82857142857142,236.52857142857144,4.5409814285714285
0.7799999999999999,8.49,7.126666666666666,9.24,237.0666666666667,235.79999999999998,237.36666666666667,4.556583333333333
0.78,8.505714285714285,7.14,9.272857142857143,237.52857142857144,236.28571428571428,237.85714285714286,4.5883071428571425
0.7716666666666666,8.506666666666666,7.153333333333333,9.296666666666667,237.9666666666667,236.73333333333335,238.33333333333334,4.593043333333333
0.7785714285714286,8.442857142857141,7.087142857142857,9.142857142857142,235.08571428571426,233.78571428571428,235.42857142857142,4.534221428571429
0.7842857142857144,8.44142857142857,7.074285714285715,9.121428571428572,234.79999999999998,233.3857142857143,235.1142857142857,4.5200128571428575
0.78,8.464285714285715,7.1,9.172857142857142,235.72857142857143,234.52857142857144,236.17142857142858,4.54924
0.78,8.464285714285715,7.104285714285714,9.194285714285714,235.8857142857143,234.68571428571428,235.9,4.548505714285715
0.78,8.461428571428572,7.102857142857142,9.197142857142856,235.90000000000003,234.71428571428572,236.3142857142857,4.53739
0.78,8.471428571428572,7.107142857142857,9.217142857142857,236.1,234.7571428571429,236.54285714285714,4.552617142857143
0.8585714285714285,6.71,5.235714285714287,7.001428571428571,236.9,235.7571428571429,237.55714285714288,3.812672857142857
0.8942857142857142,6.008571428571429,4.48,6.088571428571428,236.35714285714286,235.05714285714288,236.9857142857143,3.503234285714286
0.89,6.075714285714286,4.485714285714286,6.0928571428571425,236.07142857142858,234.82857142857142,236.82857142857142,3.51264
0.89,6.078571428571428,4.48,6.091428571428572,236.4,235.3,237.21428571428572,3.5115185714285713
0.89,6.07625,4.48,6.09,236.55,235.45,237.3125,3.518745
0.89,6.067142857142857,4.48,6.098571428571428,236.84285714285716,235.68571428571428,237.54285714285714,3.51942
0.89,6.08,4.48,6.091428571428572,236.54285714285714,235.35714285714286,237.2428571428571,3.518118571428572
0.89,6.075,4.48,6.0975,236.75,235.625,237.425,3.52419
0.89,6.064285714285715,4.48,6.107142857142857,236.9857142857143,235.82857142857142,237.75714285714284,3.5290414285714284
0.89,6.074285714285715,4.48,6.114285714285715,237.44285714285712,236.24285714285716,238.14285714285714,3.5367985714285717
0.89,6.07875,4.483750000000001,6.125,237.75,236.55,238.475,3.54033875
0.89,6.07,4.485714285714286,6.124285714285714,237.94285714285712,236.62857142857143,238.54285714285714,3.5398471428571425
0.89,6.078571428571428,4.482857142857143,6.137142857142857,238.4857142857143,237.24285714285716,239.18571428571428,3.547927142857143
0.89,6.092499999999999,4.487500000000001,6.14625,238.975,237.7125,239.775,3.56316375
0.89,6.075714285714286,4.48,6.15,239.07142857142858,237.82857142857142,239.8857142857143,3.55576
0.89,6.07625,4.485,6.16,239.325,238.025,240.075,3.5631475
0.89,6.074285714285714,4.485714285714286,6.135714285714286,238.31428571428572,237.1142857142857,239.02857142857144,3.548338571428571
0.89,6.06,4.49,6.089999999999999,235.9,234.7,236.8,3.50899
0.8942857142857142,6.064285714285715,4.485714285714286,6.094285714285713,236.32857142857142,235.04285714285714,237.05714285714288,3.510734285714286
0.89,6.0649999999999995,4.48,6.09,236.4,235.1,237.1,3.516105
0.89,6.064285714285715,4.48,6.104285714285714,237.08571428571426,235.74285714285716,237.8,3.5236185714285715
0.89,6.07,4.48,6.11875,237.35,236.04999999999998,238.14999999999998,3.53117
0.89,6.061428571428571,4.482857142857143,6.102857142857142,236.79999999999998,235.55714285714288,237.57142857142858,3.520167142857143
0.89,6.077142857142857,4.484285714285714,6.1,237.0142857142857,235.62857142857143,237.57142857142858,3.524272857142857
0.89,6.07125,4.49,6.1175,237.4625,236.14999999999998,238.2125,3.53436125
0.89,6.07,4.48125,6.12,237.5,236.28750000000002,238.21249999999998,3.5323925
0.89,6.07,4.485714285714286,6.13,238.01428571428573,236.75714285714284,238.71428571428572,3.538887142857143
0.89,6.077142857142857,4.482857142857143,6.132857142857143,238.24285714285716,237.0142857142857,238.87142857142857,3.544947142857143
0.89,6.082857142857143,4.49,6.14,238.55714285714288,237.28571428571428,239.15714285714284,3.5517600000000003
0.89,6.06875,4.485,6.13125,238.4,237.23749999999998,239.075,3.54619
0.89,6.07875,4.483750000000001,6.145,238.8125,237.6375,239.45,3.55636625
0.89,6.07875,4.48125,6.148750000000001,238.95,237.625,239.5375,3.556695
0.89,6.077500000000001,4.4825,6.14,238.975,237.775,239.625,3.5697625
0.89,6.08375,4.487500000000001,6.155,239.475,238.3,240.1,3.5740825
0.89,6.08375,4.48625,6.165,239.75,238.60000000000002,240.36249999999998,3.57011625
0.89,6.078571428571428,4.488571428571428,6.174285714285714,239.79999999999998,238.70000000000002,240.47142857142856,3.568282857142857
0.89,6.0737499999999995,4.483750000000001,6.1375,238.6375,237.5,239.25,3.5556662500000003
0.89125,6.061249999999999,4.49,6.085,236.4125,235.2125,237.05,3.5162825
0.9,6.07,4.49,6.09,236.4,235.2,237.0,3.51407
0.8957142857142858,6.074285714285715,4.49,6.094285714285713,236.6142857142857,235.5,237.29999999999998,3.5217585714285713
0.8922222222222221,6.073333333333334,4.485555555555556,6.093333333333333,236.76666666666668,235.65555555555557,237.45555555555555,3.5264744444444442
0.895,6.07125,4.4887500000000005,6.09,236.5375,235.36249999999998,237.2,3.52110375
0.89625,6.07,4.48625,6.08375,236.15,235.025,236.825,3.51576375
0.8928571428571429,6.062857142857142,4.485714285714286,6.087142857142857,236.05714285714288,234.92857142857142,236.68571428571428,3.50944
0.89875,6.06,4.47625,6.07625,235.4875,234.3,236.225,3.4952550000000002
0.9,6.068571428571429,4.4871428571428575,6.07,235.3,234.18571428571428,235.82857142857145,3.495665714285714
0.9,6.0562499999999995,4.485,6.0625,234.98749999999998,233.85,235.6125,3.482345
0.9,6.0675,4.483750000000001,6.0649999999999995,234.9625,233.825,235.4875,3.4834375
0.8142857142857143,7.842857142857143,6.351428571428571,8.281428571428572,234.6142857142857,233.51428571428573,235.17142857142858,4.233791428571429
0.78,8.554444444444446,7.094444444444444,9.142222222222223,234.33333333333334,233.2888888888889,234.88888888888889,4.537404444444444
0.7814285714285715,8.55,7.087142857142857,9.114285714285714,234.1142857142857,233.1142857142857,234.71428571428572,4.539935714285714
0.79,8.54375,7.06375,9.08625,233.6,232.5375,234.2,4.51568625
0.79,8.518571428571429,7.047142857142857,9.055714285714286,232.82857142857142,231.72857142857143,233.3857142857143,4.4982557142857145
0.78125,8.55625,7.0825,9.127500000000001,234.425,233.27499999999998,234.9625,4.535515
0.78625,8.54375,7.08,9.11125,234.0625,232.925,234.525,4.5234974999999995
0.79,8.54,7.08,9.1,233.80000000000004,232.69999999999996,234.30000000000004,4.51662
0.79,8.503333333333334,7.036666666666666,9.03,232.33333333333334,231.16666666666666,232.89999999999998,4.494633333333334
0.79,8.492857142857144,7.034285714285715,9.03,232.28571428571428,231.1,232.77142857142857,4.500134285714286
0.78,8.535,7.0649999999999995,9.10125,233.7375,232.6375,234.275,4.57296
0.78,8.562857142857144,7.089999999999999,9.14857142857143,234.67142857142858,233.64285714285714,235.3142857142857,4.5501571428571435
0.78,8.562857142857144,7.089999999999999,9.137142857142859,234.6142857142857,233.6142857142857,235.24285714285716,4.551677142857143
0.7887500000000001,8.54625,7.0625,9.088750000000001,233.70000000000002,232.6,234.15,4.53960625
0.79,8.53,7.05,9.072857142857144,233.37142857142857,232.18571428571428,233.72857142857143,4.528098571428571
0.79,8.53,7.05,9.09,233.2,232.1,233.9,4.51915
0.79,8.537142857142856,7.05,9.082857142857142,233.2,232.17142857142855,233.9,4.518778571428571
0.79,8.54,7.05,9.08,233.2,232.2,233.9,4.51863
0.79,8.54,7.05,9.08,233.2,232.2,233.9,4.51863
0.7875000000000001,8.54,7.0625,9.1025,233.95,232.95,234.675,4.5312675
0.7842857142857144,8.524285714285714,7.0600000000000005,9.102857142857143,233.81428571428572,232.71428571428572,234.5142857142857,4.526247142857143
0.78,8.52,7.06,9.12,234.2,233.1,234.9,4.52347
0.78,8.534285714285714,7.057142857142857,9.145714285714286,234.57142857142858,233.47142857142856,235.35714285714286,4.538292857142857
0.78,8.538571428571428,7.05,9.141428571428571,234.74285714285716,233.6,235.54285714285714,4.548728571428571
0.78,8.557142857142857,7.055714285714286,9.167142857142858,235.14285714285714,233.8857142857143,235.84285714285716,4.55359
0.78,8.537142857142857,7.051428571428572,9.141428571428571,234.54285714285717,233.28571428571428,235.20000000000002,4.541997142857142
0.78,8.545714285714286,7.045714285714285,9.145714285714288,234.5,233.18571428571428,235.22857142857143,4.535451428571428
0.78,8.572857142857144,7.057142857142857,9.155714285714286,235.0,233.71428571428572,235.75714285714284,4.544335714285714
0.78,8.545714285714284,7.055714285714286,9.13857142857143,234.41428571428574,233.07142857142858,235.21428571428572,4.539537142857143
0.78,8.54,7.042857142857143,9.13,234.44285714285712,233.1142857142857,235.17142857142855,4.529825714285715
0.78,8.534285714285714,7.051428571428572,9.135714285714286,234.47142857142856,233.20000000000002,235.22857142857143,4.535125714285714
0.7799999999999999,8.526666666666666,7.044999999999999,9.13,234.14999999999998,232.8166666666667,234.86666666666667,4.522733333333333
0.78,8.537142857142856,7.0371428571428565,9.13,234.14285714285714,232.8714285714286,234.91428571428574,4.528592857142857
0.78,8.51,7.027142857142857,9.107142857142858,234.0,232.71428571428572,234.64285714285714,4.512058571428571
0.78,8.505714285714285,7.024285714285715,9.10142857142857,233.94285714285712,232.67142857142855,234.58571428571426,4.505177142857143
0.7814285714285715,8.512857142857142,7.021428571428571,9.11142857142857,233.94285714285712,232.55714285714288,234.55714285714288,4.520905714285715
0.79,8.53,7.03,9.12,234.2,232.9,234.9,4.5201
0.7814285714285715,8.5,7.0200000000000005,9.11,233.77142857142857,232.57142857142858,234.14285714285714,4.5064842857142855
0.78,8.5,7.019999999999999,9.11,234.0,232.8,233.8,4.50589
0.78,8.5,7.022857142857142,9.121428571428572,233.9,232.62857142857143,234.24285714285716,4.504591428571429
0.78,8.5,7.015714285714286,9.112857142857143,233.21428571428572,232.21428571428572,234.27142857142857,4.504134285714286
0.7842857142857144,8.53,7.038571428571429,9.13,234.1,232.8,234.95714285714286,4.530932857142857
0.78,8.534285714285714,7.04,9.122857142857143,234.28571428571428,232.92857142857142,234.9857142857143,4.5383314285714285
0.78,8.54,7.05,9.16,234.75714285714284,233.45714285714286,235.6,4.542558571428571
0.78,8.53,7.045714285714285,9.164285714285715,234.5142857142857,233.25714285714284,235.4,4.530124285714286
0.78,8.544285714285715,7.064285714285715,9.174285714285714,235.1,233.87142857142857,235.9,4.5399971428571435
0.78,8.551428571428572,7.07,9.20142857142857,235.41428571428574,234.22857142857143,236.28571428571428,4.549974285714286
0.78,8.54,7.07,9.192857142857141,235.14285714285714,233.84285714285716,235.8714285714286,4.542741428571428
0.78,8.537142857142856,7.067142857142857,9.187142857142858,235.0142857142857,233.74285714285716,235.77142857142857,4.541844285714285
0.78,8.544285714285715,7.06,9.172857142857142,235.0142857142857,233.74285714285716,235.84285714285716,4.555872857142857
0.8785714285714287,6.42,4.835714285714286,6.5042857142857144,234.8857142857143,233.62857142857143,235.9,3.6386914285714282
0.8957142857142858,6.055714285714286,4.464285714285714,6.058571428571428,234.71428571428572,233.32857142857142,235.57142857142858,3.479721428571428
0.89,6.05,4.47,6.07,235.1,233.85000000000002,236.1,3.487885
0.895,6.06625,4.475,6.06625,235.125,233.7875,236.05,3.4948575
0.8939999999999999,6.066,4.48,6.082,235.71999999999997,234.38000000000002,236.71999999999997,3.5046099999999996
0.89,6.07,4.48,6.087142857142857,235.6857142857143,234.3857142857143,236.71428571428572,3.5044614285714286
0.89,6.06375,4.470000000000001,6.08375,235.6,234.0625,236.42499999999998,3.5089912500000002
0.8985714285714286,6.06,4.471428571428571,6.081428571428572,235.58571428571426,234.28571428571428,236.67142857142858,3.4990014285714284
0.89,6.071428571428571,4.478571428571429,6.089999999999999,236.20000000000002,234.9,237.31428571428572,3.5085328571428573
0.89,6.0725,4.47375,6.09,236.125,234.7875,237.25,3.504965
0.89,6.067142857142857,4.471428571428571,6.091428571428572,236.28571428571428,235.04285714285714,237.3,3.5129842857142854
0.89,6.06,4.47375,6.11125,236.725,235.425,237.7125,3.52133625
0.89,6.077142857142857,4.48,6.127142857142857,237.42857142857142,236.02857142857144,238.41428571428574,3.530217142857143
0.89,6.080000000000001,4.4750000000000005,6.125,237.70000000000002,236.4,238.65,3.534475
0.89,6.077500000000001,4.483750000000001,6.13,237.8125,236.5,238.7,3.53836125
0.89,6.085,4.475,6.135,238.15,236.8875,239.15,3.548985
0.89,6.08,4.471428571428571,6.141428571428571,238.41428571428574,237.1142857142857,239.3857142857143,3.5554914285714285
0.89,6.085,4.48,6.1625,239.1625,237.86249999999998,240.0125,3.56315625
0.89,6.085714285714286,4.48,6.158571428571428,238.94285714285712,237.58571428571426,239.84285714285716,3.558461428571429
0.89,6.09,4.48,6.15,238.9,237.5,239.8,3.55706
0.89,6.098571428571428,4.485714285714286,6.158571428571428,239.28571428571428,237.88571428571427,240.22857142857143,3.5700314285714287
0.89,6.095,4.483750000000001,6.172499999999999,239.7375,238.425,240.6375,3.5721837499999998
0.89625,6.077500000000001,4.4825,6.11375,237.2,235.7625,238.0625,3.529125
0.89125,6.06875,4.48125,6.085,235.82500000000002,234.5125,236.775,3.50608875
0.8942857142857142,6.072857142857143,4.478571428571429,6.097142857142857,236.1142857142857,234.71428571428572,237.02857142857144,3.5083814285714285
0.89,6.055,4.47,6.1000000000000005,235.79999999999998,234.4,236.79999999999998,3.51131
0.89,6.062857142857142,4.47,6.098571428571428,236.04285714285714,234.68571428571428,237.04285714285714,3.50697
0.89,6.075,4.478750000000001,6.108750000000001,236.775,235.375,237.67499999999998,3.51997375
0.89,6.077500000000001,4.48,6.10625,236.8625,235.525,237.7625,3.52256375
0.89,6.074285714285715,4.48,6.105714285714286,236.94285714285712,235.64285714285714,237.8857142857143,3.53417
0.89,6.062222222222221,4.47111111111111,6.105555555555556,236.83333333333334,235.36666666666665,237.66666666666666,3.5242
0.89,6.0625,4.475,6.125,237.27499999999998,235.975,238.175,3.524975
0.89,6.07875,4.475,6.13125,237.85,236.60000000000002,238.8,3.5393825
0.89,6.07,4.48,6.12625,238.225,236.8875,238.9875,3.5474725
0.89,6.075555555555556,4.481111111111112,6.134444444444444,238.2888888888889,236.95555555555555,239.0888888888889,3.5497244444444447
0.89,6.0875,4.48,6.14,238.5875,237.35,239.425,3.5473775
0.89,6.07375,4.47375,6.13125,238.425,237.1125,239.2875,3.54296875
0.89,6.077142857142857,4.48,6.1414285714285715,238.71428571428572,237.5142857142857,239.65714285714287,3.560157142857143
0.89,6.07375,4.48,6.1375,238.7125,237.45,239.6125,3.5562525
0.89,6.086666666666667,4.48,6.154444444444445,239.18888888888893,237.96666666666664,240.04444444444445,3.5615477777777778
0.89,6.081428571428572,4.48,6.15,239.31428571428572,238.0142857142857,240.0142857142857,3.5538314285714283
0.89,6.07375,4.475,6.15,239.15,237.85,239.95,3.55186625
0.89,6.078571428571428,4.48,6.15,238.9857142857143,237.72857142857143,239.81428571428572,3.5551414285714285
0.89,6.074,4.474,6.15,239.01999999999998,237.85,239.94,3.554984
0.89,6.089999999999999,4.48,6.15,239.0,237.8,239.7,3.5588
0.89,6.08625,4.48,6.15125,239.0125,237.775,239.7625,3.55947625
0.89,6.08625,4.483750000000001,6.14375,238.75,237.5125,239.6125,3.55202125
0.875,6.3975,4.80875,6.5600000000000005,238.6375,237.4625,239.45,3.6893012499999998
0.7700000000000001,8.66,7.18,9.392857142857142,238.67142857142855,237.44285714285712,239.4,4.637239999999999
0.77,8.6575,7.1775,9.3675,238.7,237.5,239.3625,4.64045125
0.77,8.65,7.17,9.36,238.7,237.5,239.4,4.6357
0.7700000000000001,8.64857142857143,7.167142857142857,9.34,238.29999999999998,237.14285714285714,239.04285714285714,4.635561428571429
0.77,8.64,7.14375,9.3275,237.75,236.6125,238.5125,4.61612125
0.7785714285714286,8.631428571428572,7.14,9.302857142857144,237.34285714285716,236.15714285714284,238.14285714285714,4.614562857142857
0.78,8.63,7.13,9.29,237.35000000000002,236.0,238.05,4.619975
0.78,8.622857142857143,7.12,9.28,237.32857142857145,235.97142857142856,238.0,4.621937142857143
0.78,8.621428571428572,7.117142857142857,9.274285714285714,236.87142857142857,235.68571428571428,237.6,4.607575714285714
0.78,8.60625,7.11,9.2525,236.4875,235.35,237.25,4.58881125
0.78,8.585714285714285,7.095714285714286,9.21142857142857,235.79999999999998,234.52857142857144,236.5,4.579101428571429
0.78,8.56875,7.075,9.18125,235.1125,233.8875,235.8875,4.5682275
0.7883333333333334,8.545,7.055,9.126666666666667,233.91666666666666,232.78333333333333,234.71666666666667,4.542715
0.79,8.535,7.05,9.1025,233.525,232.32500000000002,234.35000000000002,4.5312275
0.79,8.53,7.055714285714286,9.098571428571429,233.44285714285712,232.2,234.2,4.527175714285714
0.79,8.524999999999999,7.05,9.114999999999998,233.55,232.3,234.4,4.532685
0.79,8.51,7.0128571428571425,9.071428571428571,233.0,231.8,233.8857142857143,4.502664285714286
0.79,8.51,7.0375,9.08,233.075,231.875,233.875,4.5209975
0.79,8.505714285714285,7.035714285714286,9.092857142857143,233.1,231.85714285714286,233.9,4.513581428571428
0.79,8.52625,7.04,9.09125,233.45,232.25,234.1625,4.52527625
0.79,8.53,7.048571428571428,9.115714285714285,233.7571428571429,232.55714285714288,234.6285714285714,4.53605
0.79,8.524285714285714,7.0442857142857145,9.114285714285714,233.82857142857145,232.65714285714284,234.7,4.530112857142857
0.79,8.515714285714285,7.0371428571428565,9.11,233.71428571428572,232.51428571428573,234.58571428571426,4.520544285714285
0.79,8.51,7.031428571428571,9.09142857142857,233.2428571428571,232.1142857142857,233.97142857142856,4.4924985714285715
0.79,8.516666666666666,7.041666666666667,9.08,233.1833333333333,232.0,233.80000000000004,4.502091666666666
0.79,8.52,7.04,9.08,233.2,232.0,233.8,4.50111
0.79,8.51125,7.04,9.08,233.2,232.0875,233.88750000000002,4.50853875
0.79,8.51,7.043333333333333,9.076666666666666,233.16666666666666,232.0666666666667,233.9,4.510156666666666
0.79,8.508571428571429,7.047142857142857,9.077142857142857,233.12857142857143,232.07142857142858,233.91428571428574,4.510807142857143
0.79,8.52,7.04,9.08,233.5,232.4,234.1,4.51616
0.79,8.52625,7.0424999999999995,9.071250000000001,233.3875,232.3,233.9875,4.5077725
0.79,8.51,7.027142857142857,9.065714285714286,233.1285714285714,231.95714285714286,233.68571428571428,4.499785714285714
0.79,8.501428571428571,7.03,9.052857142857144,232.58571428571426,231.65714285714284,233.35714285714286,4.500834285714285
0.79,8.512857142857142,7.042857142857143,9.06857142857143,232.97142857142856,231.91428571428574,233.74285714285716,4.506632857142857
0.79,8.515714285714285,7.04,9.064285714285715,233.05714285714288,231.97142857142856,233.71428571428572,4.528301428571429
0.79,8.52,7.0225,9.0525,232.925,231.75,233.5375,4.4967475
0.79,8.515714285714285,7.0200000000000005,9.062857142857144,232.9857142857143,231.87142857142857,233.62857142857143,4.496745714285714
0.79,8.514285714285714,7.034285714285715,9.075714285714286,233.15714285714284,232.02857142857144,233.77142857142857,4.500578571428571
0.79,8.515714285714285,7.027142857142857,9.071428571428571,233.08571428571426,231.8714285714286,233.67142857142855,4.499341428571428
0.79,8.505714285714285,7.024285714285715,9.061428571428573,232.92857142857142,231.82857142857142,233.62857142857143,4.500752857142857
0.7828571428571429,8.507142857142856,7.034285714285715,9.094285714285714,233.29999999999998,232.15714285714284,234.0142857142857,4.50094
0.7885714285714286,8.52142857142857,7.045714285714285,9.1,233.6285714285714,232.58571428571426,234.25714285714284,4.514838571428571
0.79,8.512857142857142,7.04,9.082857142857142,233.52857142857144,232.34285714285716,234.14285714285714,4.518835714285715
0.785,8.51,7.02625,9.094999999999999,233.65,232.5375,234.375,4.511045
0.78,8.5,7.04,9.09,233.7,232.7,234.3,4.51456
0.78,8.502857142857142,7.04,9.104285714285714,233.64285714285714,232.6,234.31428571428572,4.5080100000000005
0.7837500000000001,8.50625,7.03625,9.094999999999999,233.6875,232.5,234.425,4.51157375
0.78,8.505714285714285,7.028571428571428,9.1,233.5142857142857,232.35714285714286,234.21428571428572,4.500532857142857
0.7833333333333333,8.485000000000001,7.03,9.084999999999999,233.20000000000002,232.05000000000004,233.95000000000002,4.50571
0.88625,6.3950000000000005,4.796250000000001,6.40625,232.725,231.5375,233.5625,3.5936775
0.9,6.080000000000001,4.47,6.0249999999999995,232.75,231.60000000000002,233.70000000000002,3.453365
0.9,6.0825,4.47,6.016249999999999,232.6125,231.35,233.55,3.4479975
0.9,6.0675,4.46625,6.03125,232.9125,231.72500000000002,233.8125,3.45412875
0.9,6.071666666666666,4.4750000000000005,6.041666666666667,233.33333333333334,232.16666666666666,234.1833333333333,3.46514
0.8999999999999999,6.072222222222223,4.47,6.025555555555555,233.13333333333335,231.85555555555553,233.93333333333334,3.45943
0.9,6.072857142857144,4.47,6.034285714285715,233.5,232.18571428571428,234.34285714285716,3.4653528571428573
0.9,6.08,4.472857142857142,6.0371428571428565,233.54285714285714,232.3857142857143,234.4857142857143,3.474392857142857
0.9,6.085714285714286,4.48,6.04,233.9,232.67142857142855,234.75714285714284,3.478192857142857
0.9,6.08375,4.47375,6.035,233.525,232.2375,234.375,3.469705
0.9,6.075714285714286,4.472857142857142,6.042857142857143,233.72857142857143,232.52857142857144,234.6285714285714,3.469605714285714
0.9,6.07625,4.47625,6.05,234.275,233.03750000000002,235.1375,3.47831125
0.9,6.08,4.48,6.054285714285713,234.58571428571426,233.3857142857143,235.42857142857142,3.4879485714285714
0.89,6.078,4.462,6.06,234.51999999999998,233.32,235.32,3.485214
0.89375,6.07375,4.46625,6.06,234.85,233.6125,235.725,3.4868325000000002
0.9,6.08,4.47,6.07,235.1,233.8,235.8,3.48615
0.8928571428571429,6.081428571428572,4.471428571428571,6.071428571428571,235.5,234.21428571428572,236.27142857142857,3.4968057142857143
0.89,6.09,4.48,6.08,235.9,234.7,236.7,3.51446
0.89,6.0962499999999995,4.478750000000001,6.0925,236.3,235.0875,237.0375,3.52219
0.89,6.085714285714286,4.47,6.101428571428571,236.57142857142858,235.22857142857146,237.41428571428574,3.5172271428571427
0.89,6.089999999999999,4.47,6.085714285714286,236.4857142857143,235.24285714285716,237.48571428571427,3.527384285714286
0.89,6.09875,4.475,6.10875,237.525,236.3125,238.2625,3.53891625
0.89,6.089999999999999,4.475714285714285,6.12,237.57142857142858,236.34285714285716,238.24285714285716,3.532667142857143
0.89,6.1,4.475714285714285,6.12,237.82857142857142,236.57142857142858,238.41428571428574,3.541768571428572
0.89,6.108571428571429,4.475714285714286,6.128571428571428,237.97142857142856,236.74285714285716,238.77142857142857,3.548732857142857
0.89,6.104285714285714,4.484285714285714,6.14,238.58571428571426,237.3857142857143,239.3857142857143,3.5586114285714285
0.89,6.09875,4.47875,6.14625,238.73749999999998,237.575,239.61249999999998,3.55782875
0.89,6.097142857142857,4.472857142857142,6.147142857142858,238.8857142857143,237.6142857142857,239.5285714285714,3.5559814285714286
0.89,6.105,4.475,6.15,239.2,237.89999999999998,239.85,3.56644
0.89,6.11,4.475,6.125,238.15,237.0,238.89999999999998,3.53966
0.89,6.11,4.48,6.08,236.4,235.2,237.1,3.51629
0.89,6.09,4.47,6.09,236.8,235.7,237.5,3.52235
0.89,6.09,4.47,6.09375,237.0875,235.9375,237.8375,3.52515875
0.89,6.074285714285715,4.468571428571428,6.095714285714286,236.68571428571428,235.41428571428574,237.27142857142854,3.519978571428571
0.89,6.08,4.46625,6.1025,237.1,235.9375,237.79999999999998,3.52358125
0.89,6.09,4.47,6.11,237.63750000000002,236.475,238.25,3.53292375
0.89,6.099999999999999,4.47,6.12,237.80000000000004,236.69999999999996,238.6,3.53832
0.89,6.086666666666667,4.47,6.115555555555556,237.45555555555555,236.31111111111113,238.05555555555554,3.5253477777777777
0.89,6.085,4.47,6.112500000000001,237.425,236.15,237.97500000000002,3.5276875
0.89,6.1,4.47,6.12,237.8,236.6,238.5,3.53647
0.89,6.085714285714286,4.467142857142857,6.121428571428572,237.55714285714288,236.42857142857142,238.17142857142858,3.53001
0.89,6.08,4.46,6.101111111111112,237.35555555555558,236.2111111111111,237.96666666666664,3.5222055555555554
0.89,6.088571428571428,4.46,6.098571428571428,237.04285714285714,235.92857142857142,237.71428571428572,3.5225242857142858
0.89,6.08,4.46,6.089999999999999,236.7,235.6,237.3,3.51627
0.89,6.07,4.46,6.07,235.9,234.6,236.5,3.49728
0.89375,6.061249999999999,4.46125,6.06375,235.375,234.2375,236.05,3.4867425
0.89,6.06375,4.4625,6.0525,234.85,233.7125,235.6625,3.4826562500000002
0.8966666666666666,6.063333333333333,4.453333333333333,6.043333333333333,234.20000000000002,232.86666666666667,234.73333333333335,3.47283
0.8842857142857143,6.387142857142857,4.827142857142857,6.454285714285715,233.17142857142858,231.85714285714286,233.77142857142857,3.5966428571428573
0.79,8.46,7.015,9.0075,231.65,230.275,232.15,4.46095
0.7814285714285715,8.527142857142858,7.061428571428571,9.098571428571429,234.02857142857144,232.72857142857143,234.42857142857142,4.509548571428572
0.7842857142857144,8.505714285714285,7.035714285714286,9.064285714285713,233.34285714285716,232.08571428571426,233.78571428571428,4.494744285714286
0.79,8.492857142857144,7.031428571428571,9.022857142857143,232.64285714285714,231.44285714285712,233.05714285714288,4.478815714285714
0.7857142857142857,8.500000000000002,7.028571428571428,9.042857142857143,232.94285714285712,231.6142857142857,233.37142857142857,4.4950971428571425
0.78,8.545714285714286,7.057142857142857,9.128571428571428,234.52857142857144,233.18571428571428,235.08571428571426,4.53353
0.7828571428571429,8.532857142857143,7.038571428571429,9.098571428571429,233.71428571428572,232.3857142857143,234.32857142857142,4.516954285714286
0.79,8.512857142857142,7.038571428571429,9.075714285714286,233.3857142857143,232.02857142857144,233.92857142857142,4.507998571428572
0.79,8.496666666666668,7.0183333333333335,9.038333333333332,232.6,231.20000000000002,233.1,4.478323333333333
0.79,8.48,7.01,8.994285714285715,231.92857142857142,230.47142857142856,232.32857142857142,4.4695857142857145
0.79,8.48,7.01,8.998571428571429,231.97142857142856,230.47142857142856,232.37142857142857,4.4786842857142855
0.79,8.468571428571428,6.998571428571429,8.982857142857144,231.54285714285714,230.04285714285714,232.0,4.477238571428571
0.7842857142857144,8.538571428571428,7.058571428571428,9.124285714285714,234.1142857142857,232.68571428571428,234.70000000000002,4.5367685714285715
0.7799999999999999,8.57,7.07,9.17,235.19999999999996,233.80000000000004,235.9,4.56506
0.78,8.571428571428571,7.077142857142857,9.161428571428571,235.04285714285714,233.68571428571428,235.58571428571432,4.557275714285714
0.78,8.56,7.06,9.15,234.7,233.4,235.3,4.54567
0.78,8.551428571428572,7.06,9.141428571428571,234.7,233.35714285714286,235.25714285714284,4.53646
0.78,8.425714285714285,7.067142857142857,9.144285714285715,235.04285714285714,233.6857142857143,235.41428571428574,4.49739
0.78,8.142857142857142,7.064285714285715,9.137142857142859,235.12857142857143,233.62857142857143,235.5,4.42716
0.78,8.139999999999999,7.058571428571428,9.134285714285713,235.07142857142858,233.54285714285714,235.44285714285712,4.426648571428571
0.7799999999999999,8.16,7.068333333333334,9.143333333333333,235.46666666666667,233.96666666666667,235.79999999999998,4.443445
0.7728571428571429,8.155714285714286,7.067142857142857,9.171428571428573,235.71428571428572,234.24285714285716,236.21428571428572,4.446277142857142
0.7700000000000001,8.175714285714285,7.089999999999999,9.231428571428571,236.78571428571428,235.29999999999998,237.32857142857142,4.469287142857143
0.77,8.161666666666667,7.081666666666667,9.228333333333333,236.5,234.98333333333335,237.01666666666665,4.444895
0.7700000000000001,8.16,7.08,9.23,236.5,235.0,237.0,4.4429
0.7700000000000001,8.18,7.1,9.25,237.2,235.6,237.6,4.47465
0.7728571428571429,8.255714285714285,7.1,9.235714285714286,237.0,235.52857142857144,237.6,4.5038728571428575
0.7799999999999999,8.406666666666666,7.098333333333333,9.238333333333333,236.79999999999998,235.33333333333334,237.3166666666667,4.547058333333333
0.78,8.435714285714285,7.089999999999999,9.217142857142859,236.47142857142856,234.9,236.94285714285712,4.546847142857143
0.78,8.467142857142857,7.095714285714286,9.224285714285715,236.57142857142858,235.15714285714287,236.9857142857143,4.5548785714285716
0.78,8.51,7.0760000000000005,9.19,235.8,234.3,236.3,4.545378
0.7799999999999999,8.57,7.07,9.194999999999999,236.11666666666667,234.66666666666666,236.65,4.561603333333333
0.78,8.575714285714286,7.06,9.2,236.24285714285716,234.84285714285716,236.68571428571428,4.5632785714285715
0.7799999999999999,8.58,7.06,9.2,236.19999999999996,234.80000000000004,236.6,4.56114
0.7799999999999999,8.58,7.06,9.2,236.19999999999996,234.80000000000004,236.6,4.56114
0.78,8.564,7.056,9.202000000000002,235.95999999999998,234.51999999999998,236.45999999999998,4.553978
0.78,8.568000000000001,7.05,9.191999999999998,235.88000000000002,234.38000000000002,236.38000000000002,4.55645
0.78,8.56857142857143,7.055714285714286,9.21142857142857,236.05714285714288,234.58571428571432,236.55714285714288,4.552638571428571
0.7799999999999999,8.59,7.07,9.24,236.69999999999996,235.30000000000004,237.19999999999996,4.56441
0.77,8.61,7.09,9.28,237.6,236.1,238.0,4.58799
0.77,8.636666666666667,7.1000000000000005,9.303333333333333,237.86666666666667,236.46666666666667,238.35000000000002,4.5885283333333335
0.7714285714285715,8.641428571428571,7.107142857142857,9.327142857142857,238.14285714285714,236.78571428571428,238.64285714285714,4.597335714285714
0.7799999999999999,8.55,7.05,9.17,235.4,234.1,235.9,4.53427
0.78,8.55,7.05,9.17,235.4,234.1,235.9,4.53427
0.78,8.55,7.05,9.17,235.4,234.1,235.9,4.53427
0.7799999999999999,8.6,7.06,9.23,236.5,235.1,237.0,4.56663
0.7785714285714286,8.59,7.065714285714286,9.257142857142856,236.6,235.29999999999998,237.25714285714284,4.56756
0.7914285714285715,8.232857142857142,6.678571428571429,8.802857142857142,236.67142857142858,235.08571428571426,237.22857142857146,4.431088571428572
0.89,6.076666666666667,4.443333333333334,6.116666666666667,237.41666666666666,236.11666666666665,238.25,3.5192416666666664
0.89,6.07,4.435714285714286,6.112857142857143,237.08571428571426,235.78571428571428,237.8857142857143,3.5065942857142858
0.89,6.07,4.43,6.13,237.2,235.9,238.0,3.51228
0.89,6.073333333333333,4.4366666666666665,6.123333333333334,237.19999999999996,235.83333333333334,238.0,3.5165866666666665
0.89,6.0842857142857145,4.45,6.117142857142857,237.4,236.0,238.20000000000002,3.5227085714285713
0.89,6.074285714285715,4.45,6.125714285714286,237.45714285714286,236.12857142857143,238.41428571428574,3.5276342857142855
0.89,6.074285714285715,4.444285714285715,6.131428571428572,237.91428571428574,236.64285714285714,238.8,3.531842857142857
0.89,6.068571428571429,4.441428571428572,6.138571428571429,238.02857142857144,236.64285714285714,238.85714285714286,3.531757142857143
0.89,6.061428571428571,4.448571428571428,6.132857142857143,238.22857142857143,236.91428571428574,239.21428571428572,3.534242857142857
0.89,6.062857142857142,4.44,6.142857142857143,238.4,237.0,239.22857142857143,3.529837142857143
0.89,6.066666666666666,4.44,6.146666666666667,238.53333333333333,237.20000000000002,239.33333333333334,3.5393266666666663
0.89,6.0725,4.442500000000001,6.1475,238.6,237.3,239.425,3.5443875
0.89,6.075,4.458333333333333,6.158333333333334,239.1,237.71666666666667,239.98333333333335,3.5521399999999996
0.89,6.077500000000001,4.46,6.1325,237.725,236.325,238.65,3.539805
0.89,6.062857142857142,4.445714285714286,6.095714285714286,236.24285714285716,234.84285714285713,237.02857142857144,3.505637142857143
0.89,6.06,4.44,6.098571428571428,236.4,235.0,237.14285714285714,3.500224285714286
0.89,6.06,4.44,6.101249999999999,236.5375,235.1375,237.3375,3.5039125
0.89,6.06,4.44,6.11,237.1,235.6,237.8,3.5199400000000005
0.89,6.08,4.45,6.12,238.1,236.6,238.7,3.53867
0.89,6.08,4.4471428571428575,6.125714285714286,238.04285714285714,236.54285714285714,238.67142857142855,3.535987142857143
0.89,6.072857142857144,4.4471428571428575,6.132857142857143,238.32857142857142,236.9,238.8857142857143,3.53743
0.89,6.07,4.44625,6.1375,238.57500000000002,237.25,239.225,3.54075
0.89,6.07125,4.45,6.15125,238.95000000000002,237.5375,239.6375,3.54536625
0.89,6.078571428571428,4.4471428571428575,6.160000000000001,239.31428571428572,237.82857142857145,239.91428571428574,3.5513857142857144
0.89,6.087142857142857,4.447142857142857,6.160000000000001,239.5142857142857,238.1142857142857,240.17142857142858,3.5601
0.89,6.0875,4.45375,6.16625,239.5375,238.2,240.3,3.54145125
0.89,6.081428571428572,4.45,6.1499999999999995,238.87142857142857,237.57142857142858,239.55714285714288,3.5414157142857143
0.89375,6.06625,4.44875,6.08,235.7875,234.48749999999998,236.5375,3.49811
0.89875,6.0687500000000005,4.45875,6.08,235.54999999999998,234.14999999999998,236.25,3.4934575
0.89,6.06625,4.45,6.08125,235.45,234.05,236.13750000000002,3.4904
0.89375,6.0625,4.45,6.08625,235.9,234.5,236.4625,3.49982375
0.8957142857142858,6.064285714285715,4.454285714285715,6.085714285714286,236.08571428571426,234.62857142857143,236.62857142857143,3.495104285714286
0.89,6.06,4.4437500000000005,6.09,236.0625,234.6875,236.6875,3.4894475000000003
0.89,6.06,4.44,6.09,236.1375,234.875,236.875,3.4920875000000002
0.89,6.07,4.44,6.09,236.7,235.3,237.2,3.50629
0.89,6.066000000000001,4.44,6.11,237.01999999999998,235.71999999999997,237.68,3.5165640000000002
0.89,6.05,4.44,6.1,236.8,235.475,237.4375,3.5014025
0.89,6.057499999999999,4.44,6.105,236.8375,235.55,237.475,3.502005
0.89,6.054285714285713,4.44,6.1,236.75714285714284,235.41428571428574,237.31428571428572,3.5015785714285714
0.89,6.0575,4.44875,6.092499999999999,236.575,235.3,237.1875,3.5072574999999997
0.89,6.07,4.45,6.1125,237.075,235.85,237.7625,3.5243525
0.89,6.067142857142857,4.4471428571428575,6.114285714285714,236.98571428571427,235.75714285714284,237.65714285714287,3.5215285714285716
0.89,6.06,4.44,6.1,236.7,235.4,237.3,3.50335
0.89,6.06,4.44,6.099999999999999,236.69999999999996,235.4,237.30000000000004,3.5033499999999997
0.89,6.0600000000000005,4.445,6.075,235.5,234.14999999999998,236.1,3.4883699999999997
0.89,6.05,4.435714285714285,6.07,235.32857142857145,233.95714285714286,236.0,3.4800199999999997
0.89,6.041428571428571,4.438571428571429,6.061428571428571,234.70000000000002,233.29999999999998,235.40000000000003,3.4713142857142856
0.8942857142857142,6.0442857142857145,4.444285714285715,6.051428571428572,234.29999999999998,232.9,234.95714285714286,3.4625642857142855
0.9,6.05,4.46,6.01,232.5,231.05714285714288,233.0,3.4458971428571425
0.8014285714285715,7.828571428571429,6.435714285714285,8.281428571428572,233.4857142857143,231.81428571428572,233.72857142857146,4.34851
0.78,8.54,7.047499999999999,9.137500000000001,234.4625,233.15,235.0125,4.52566625
0.7828571428571429,8.514285714285714,7.01,9.078571428571427,233.37142857142857,231.9,233.81428571428572,4.491391428571428
0.79,8.48,6.985,9.018749999999999,232.225,230.7625,232.675,4.4721425
0.785,8.50375,6.98875,9.06875,232.8625,231.25,233.275,4.49371875
0.7799999999999999,8.53,7.03,9.14,234.4,232.9,235.0,4.50586
0.79,8.486666666666666,6.971111111111111,9.017777777777777,232.64444444444447,230.67777777777778,232.57777777777775,4.48093
0.79,8.487142857142858,6.984285714285714,9.031428571428572,232.5142857142857,231.02857142857144,233.0142857142857,4.4870214285714285
0.79,8.47,6.9775,9.03,232.175,230.75,232.675,4.46424
0.79,8.467142857142857,6.968571428571429,8.995714285714286,231.71428571428572,230.21428571428572,232.22857142857146,4.465324285714286
0.79,8.45,6.96,8.97,231.2,229.7,231.8,4.45977
0.7814285714285715,8.535714285714286,7.028571428571429,9.124285714285715,234.37142857142857,232.87142857142857,234.8,4.522924285714286
0.78,8.545714285714286,7.035714285714286,9.141428571428571,234.6142857142857,233.1142857142857,235.01428571428573,4.529695714285714
0.7825,8.535,7.0275,9.120000000000001,234.25,232.75,234.65,4.5211
0.7885714285714286,8.52142857142857,7.0200000000000005,9.09142857142857,233.82857142857145,232.31428571428572,234.25714285714284,4.51009
0.78,8.524285714285714,7.014285714285713,9.1,233.94285714285712,232.45714285714286,234.42857142857142,4.50701
0.785,8.52,7.02,9.11,234.0,232.6,234.6,4.50993
0.78,8.525555555555554,7.014444444444444,9.104444444444445,234.0111111111111,232.55555555555554,234.4888888888889,4.513403333333333
0.78,8.518571428571429,7.018571428571428,9.117142857142856,234.21428571428572,232.8,234.77142857142857,4.5098071428571425
0.78,8.536249999999999,7.02,9.11375,234.3125,232.825,234.7875,4.52181125
0.78,8.527142857142858,7.021428571428571,9.122857142857143,234.57142857142858,233.1142857142857,235.14285714285714,4.52304
0.78,8.54,7.03,9.13857142857143,234.94285714285712,233.5,235.3857142857143,4.536618571428571
0.78125,8.53375,7.03125,9.1125,234.4875,233.0875,234.9375,4.5272975
0.7885714285714286,8.531428571428572,7.041428571428571,9.11142857142857,234.45714285714286,233.08571428571426,234.8714285714286,4.529272857142858
0.78,8.54125,7.047499999999999,9.12625,234.9375,233.65,235.3,4.5325825
0.78,8.52142857142857,7.04,9.112857142857143,234.64285714285714,233.2428571428571,234.95714285714286,4.516227142857143
0.78,8.517142857142856,7.031428571428571,9.107142857142858,234.54285714285714,233.17142857142855,234.8714285714286,4.511711428571428
0.78,8.498571428571429,7.0042857142857144,9.085714285714285,234.18571428571428,232.82857142857142,234.57142857142858,4.496387142857143
0.78,8.50625,7.01,9.08,234.025,232.6875,234.3625,4.4957199999999995
0.78,8.504285714285714,6.997142857142857,9.095714285714285,233.9857142857143,232.5,234.45714285714286,4.494904285714286
0.78,8.514285714285714,7.0,9.10142857142857,234.1142857142857,232.58571428571426,234.57142857142858,4.5089
0.78,8.5,7.0,9.1,234.1,232.6,234.6,4.50268
0.78,8.517142857142856,7.008571428571429,9.108571428571429,234.22857142857143,232.81428571428572,234.81428571428572,4.510248571428571
0.7799999999999999,8.52,7.02,9.115,234.35000000000002,232.95000000000002,234.9,4.513240000000001
0.7799999999999999,8.513333333333334,7.0183333333333335,9.12,234.38333333333333,232.86666666666667,234.85000000000002,4.512855
0.78,8.5,7.01,9.11,234.2,232.7,234.78571428571428,4.509185714285715
0.7799999999999999,8.5,7.010000000000001,9.11,234.19999999999996,232.69999999999996,234.69999999999996,4.50436
0.78,8.502857142857142,7.01,9.11,234.21428571428572,232.68571428571428,234.7,4.505472857142857
0.78,8.527142857142858,7.017142857142857,9.124285714285715,234.5142857142857,232.95714285714286,234.98571428571427,4.516164285714285
0.78,8.53,7.022857142857142,9.132857142857144,234.6285714285714,233.1285714285714,235.1,4.523027142857143
0.78,8.538571428571428,7.034285714285715,9.157142857142857,235.04285714285714,233.45714285714286,235.4857142857143,4.531824285714285
0.78,8.575714285714286,7.054285714285714,9.197142857142856,235.92857142857142,234.45714285714286,236.35714285714286,4.55644
0.78,8.594285714285714,7.072857142857144,9.227142857142857,236.44285714285715,235.0,237.0,4.5699314285714285
0.78,8.6075,7.09,9.2575,237.05,235.625,237.625,4.57887125
0.7714285714285715,8.635714285714286,7.1257142857142854,9.322857142857144,238.28571428571428,236.79999999999998,238.68571428571428,4.5997457142857145
0.7775000000000001,8.5675,7.05875,9.19625,235.7625,234.2375,236.325,4.5537925
0.7725,8.255,7.0525,9.1875,235.7,234.125,236.125,4.470075
0.7700000000000001,8.164285714285715,7.057142857142857,9.211428571428572,235.98571428571427,234.3857142857143,236.45714285714286,4.443904285714286
0.77,8.19125,7.0649999999999995,9.2475,236.625,235.075,237.08749999999998,4.45733375
0.8214285714285714,7.094285714285713,5.937142857142858,7.898571428571429,236.57142857142858,234.97142857142856,237.18571428571428,4.007228571428572
0.8214285714285714,7.094285714285713,5.937142857142858,7.898571428571429,236.57142857142858,234.97142857142856,237.18571428571428,4.007228571428572
0.89,5.6137500000000005,4.44625,6.10875,237.2625,235.70000000000002,238.04999999999998,3.4025375
0.89,5.61,4.45,6.12,237.6,236.0,238.5,3.40562
0.89,5.61,4.45,6.122857142857143,237.79999999999998,236.20000000000002,238.6142857142857,3.4113485714285714
0.89,5.61,4.44125,6.13,237.9875,236.35000000000002,238.775,3.41568
0.89,5.61,4.44,6.12625,237.9,236.3,238.64999999999998,3.41442625
0.89,5.61,4.4437500000000005,6.12625,237.9875,236.375,238.825,3.4202925
0.89,5.6137500000000005,4.45,6.13875,238.825,237.1875,239.5625,3.4362500000000002
0.89,5.61875,4.45,6.14,239.1,237.4125,239.725,3.4350799999999997
0.89,5.625,4.44125,6.148750000000001,239.4375,237.775,240.08749999999998,3.4355
0.89,5.6175,4.45125,6.10625,237.42499999999998,235.7375,238.02499999999998,3.4104525
0.89,5.59375,4.4437500000000005,6.08,236.2625,234.175,236.675,3.38839375
0.89,5.6025,4.445,6.09,236.625,234.75,237.2,3.397055
0.89,5.5975,4.4375,6.0962499999999995,237.07500000000002,235.15,237.5,3.398295
0.89,5.607777777777778,4.447777777777778,6.114444444444445,237.68888888888887,235.9888888888889,238.22222222222223,3.411471111111111
0.89,5.62,4.45,6.12,237.8,236.1,238.3,3.4205
0.89,5.6160000000000005,4.45,6.1240000000000006,237.92,236.26,238.5,3.4227800000000004
0.89,5.61,4.45,6.1450000000000005,238.5375,236.9375,239.14999999999998,3.4264475
0.89,5.6325,4.46,6.14,238.7875,237.1625,239.3,3.4348025
0.89,5.62875,4.46,6.1475,239.0875,237.425,239.5625,3.44045375
0.89,5.61125,4.4475,6.1425,238.5,236.8125,239.1,3.4265325
0.89,5.62625,4.45625,6.15,239.225,237.625,239.6375,3.4432150000000004
0.89,5.624285714285714,4.45,6.160000000000001,239.24285714285716,237.62857142857143,239.84285714285716,3.442292857142857
0.89,5.62125,4.45125,6.16625,239.7125,238.0875,240.225,3.4489625
0.89,5.623333333333333,4.45,6.161111111111111,239.5111111111111,237.8777777777778,239.9777777777778,3.4464733333333335
0.89,5.621428571428572,4.454285714285715,6.174285714285714,239.84285714285716,238.25714285714284,240.35714285714286,3.4532271428571426
0.89,5.63,4.45,6.17,239.9,238.5,240.4,3.44525
0.89,5.612857142857143,4.45,6.105714285714285,236.85714285714286,235.28571428571428,237.31428571428572,3.4025514285714284
0.89,5.62,4.4557142857142855,6.089999999999999,236.6142857142857,235.0142857142857,237.15714285714284,3.4021728571428573
0.89,5.6,4.45,6.11,237.0,235.4,237.5,3.4013
0.89,5.61,4.445,6.115,237.3,235.75,237.8,3.399465
0.89,5.62,4.4475,6.109999999999999,237.275,235.675,237.72500000000002,3.40808
0.89,5.63,4.45,6.12,237.80000000000004,236.1,238.30000000000004,3.42398
0.89,5.614444444444445,4.45,6.112222222222223,237.56666666666666,236.0222222222222,238.06666666666666,3.4137055555555555
0.89,5.61125,4.45,6.115,237.5375,235.88750000000002,238.025,3.4145487500000002
0.89,5.61,4.45,6.117142857142857,237.84285714285716,236.27142857142857,238.21428571428572,3.4124814285714287
0.89,5.613333333333333,4.453333333333333,6.12,237.89999999999998,236.43333333333334,238.36666666666667,3.4151133333333332
0.89,5.62,4.45,6.11,237.8,236.3,238.3,3.41536
0.89,5.61125,4.45875,6.08375,236.39999999999998,234.89999999999998,236.89999999999998,3.39498125
0.89,5.597142857142857,4.451428571428571,6.078571428571428,235.82857142857142,234.32857142857142,236.35714285714286,3.3824642857142857
0.89,5.6,4.44625,6.07,235.2875,233.8375,235.925,3.37203125
0.89,5.595714285714286,4.45,6.061428571428571,234.92857142857142,233.54285714285714,235.52857142857144,3.36692
0.89,5.589999999999999,4.445714285714286,6.045714285714285,234.25714285714284,232.71428571428572,234.81428571428572,3.35489
0.89,5.59,4.44,6.0249999999999995,233.2375,231.6375,233.8375,3.3323525
0.89,5.5928571428571425,4.445714285714286,6.0128571428571425,232.72857142857146,231.1,233.29999999999998,3.3298042857142858
0.8385714285714286,6.688571428571429,5.57,7.352857142857142,232.94285714285712,231.24285714285716,233.35714285714286,3.7827514285714288
0.7742857142857142,8.135714285714286,7.041428571428571,9.12142857142857,234.20000000000002,232.54285714285714,234.5142857142857,4.4081971428571425
0.78,8.107142857142858,7.017142857142857,9.057142857142857,233.1142857142857,231.45714285714286,233.31428571428572,4.390935714285715
0.7842857142857144,8.265714285714285,7.0042857142857144,9.052857142857142,232.77142857142857,231.1142857142857,233.01428571428573,4.422962857142857
0.79,8.48857142857143,6.981428571428571,9.02,232.1,230.5,232.45714285714286,4.463964285714286
0.7814285714285715,8.52142857142857,7.03,9.11,233.9,232.42857142857142,234.28571428571428,4.507842857142857
0.78,8.535714285714285,7.04,9.131428571428572,234.21428571428572,232.7,234.67142857142858,4.518877142857143
0.7828571428571429,8.512857142857142,7.008571428571429,9.081428571428571,233.4714285714286,231.9,233.72857142857143,4.497837142857143
0.79,8.51625,7.02625,9.1025,233.725,232.20000000000002,234.13750000000002,4.5101450000000005
0.79,8.491428571428571,6.998571428571429,9.047142857142857,232.5142857142857,230.84285714285716,233.0142857142857,4.4834185714285715
0.79,8.492857142857144,6.99,9.037142857142856,232.6,231.02857142857144,233.1,4.485065714285715
0.79,8.49,6.99,9.04,232.6,231.0,233.1,4.48124
0.79,8.477500000000001,6.9725,9.0,231.875,230.2,232.225,4.466235
0.7871428571428571,8.48,6.977142857142857,9.025714285714287,232.3857142857143,230.77142857142857,232.77142857142857,4.469954285714286
0.7799999999999999,8.54,7.023333333333333,9.14,234.70000000000002,233.23333333333335,235.19999999999996,4.530906666666667
0.78,8.54375,7.021249999999999,9.13625,234.7125,233.125,235.11249999999998,4.525168750000001
0.78,8.534285714285714,7.025714285714286,9.145714285714288,234.75714285714284,233.28571428571428,235.28571428571428,4.524357142857143
0.78,8.531428571428572,7.027142857142857,9.147142857142857,234.84285714285716,233.41428571428574,235.31428571428572,4.531317142857143
0.78,8.542857142857143,7.0371428571428565,9.15,234.9,233.3857142857143,235.42857142857142,4.540831428571429
0.7799999999999999,8.566666666666668,7.044999999999999,9.168333333333333,235.23333333333335,233.73333333333335,235.83333333333334,4.550378333333334
0.78,8.55,7.05,9.15,234.8,233.3,235.4,4.53749
0.78,8.555714285714286,7.05,9.179999999999998,235.27142857142857,233.77142857142857,235.78571428571428,4.544538571428571
0.7799999999999999,8.56,7.05,9.174999999999999,235.4,233.9,235.95000000000002,4.5335600000000005
0.78,8.554285714285715,7.025714285714286,9.171428571428573,235.21428571428572,233.68571428571428,235.81428571428572,4.538492857142857
0.78,8.55857142857143,7.04,9.185714285714285,235.64285714285714,234.02857142857144,236.14285714285714,4.5429328571428576
0.78,8.535714285714285,7.035714285714286,9.15857142857143,235.42857142857142,233.82857142857142,235.82857142857142,4.530035714285714
0.7799999999999999,8.53,7.03,9.16,235.1,233.69999999999996,235.6,4.52544
0.78,8.532857142857143,7.022857142857142,9.144285714285715,234.92857142857142,233.41428571428574,235.34285714285716,4.5229671428571425
0.7799999999999999,8.525,7.02,9.12,234.44999999999996,232.85,234.75,4.520829999999999
0.78,8.525714285714285,7.025714285714286,9.125714285714286,234.65714285714284,233.05714285714288,235.0142857142857,4.505244285714285
0.7799999999999999,8.52,7.02,9.125,234.6,233.1,234.95000000000002,4.506765000000001
0.7799999999999999,8.52,7.015,9.12,234.53333333333333,232.96666666666667,234.85,4.505488333333333
0.78,8.502857142857142,7.011428571428572,9.087142857142856,234.18571428571428,232.84285714285716,234.65714285714284,4.503108571428571
0.78,8.508571428571429,7.018571428571429,9.097142857142858,234.35714285714286,233.01428571428573,234.81428571428572,4.507767142857143
0.7799999999999999,8.523333333333333,7.03,9.133333333333333,234.86666666666665,233.4333333333333,235.29999999999998,4.518353333333334
0.78,8.538571428571428,7.03,9.134285714285715,234.94285714285712,233.6142857142857,235.35714285714286,4.520974285714286
0.7799999999999999,8.523333333333333,7.02,9.123333333333333,234.85000000000002,233.4333333333333,235.23333333333335,4.502793333333333
0.78,8.534285714285714,7.007142857142857,9.104285714285714,234.41428571428574,233.0,234.79999999999998,4.510071428571428
0.78,8.524285714285714,7.008571428571429,9.11,234.4,233.04285714285714,234.9,4.4948942857142855
0.7799999999999999,8.53,7.010000000000001,9.12,234.4,233.0,234.69999999999996,4.49884
0.78,8.522857142857143,7.01,9.1,234.15714285714284,232.82857142857142,234.55714285714285,4.506234285714286
0.78,8.504285714285714,7.007142857142857,9.082857142857142,233.85714285714286,232.55714285714288,234.32857142857142,4.489358571428571
0.78,8.527142857142858,7.017142857142857,9.124285714285715,234.35714285714286,233.14285714285714,234.92857142857142,4.507375714285714
0.7799999999999999,8.535,7.038333333333333,9.145,235.10000000000002,233.8166666666667,235.58333333333334,4.524375
0.78,8.56,7.06,9.19,235.9,234.6,236.3,4.5398
0.7771428571428572,8.58,7.0685714285714285,9.212857142857143,236.52857142857144,235.14285714285714,236.92857142857142,4.5528514285714285
0.77,8.608333333333333,7.096666666666667,9.264999999999999,237.5666666666667,236.31666666666663,238.0,4.58491
0.7714285714285715,8.622857142857143,7.0928571428571425,9.284285714285714,237.77142857142857,236.52857142857144,238.24285714285716,4.588328571428571
0.78,8.56,7.03,9.165,235.35,234.05,235.975,4.5354025
0.78,8.551428571428572,7.025714285714286,9.165714285714285,235.4,234.05714285714288,236.0,4.529305714285714
0.78,8.557142857142859,7.028571428571429,9.151428571428571,235.14285714285714,233.82857142857145,235.7428571428571,4.531362857142858
0.7937500000000001,8.24125,6.706250000000001,8.79125,235.4,234.3375,236.17499999999998,4.40564375
0.89,6.07,4.44,6.1,236.3,235.1,237.1,3.49845
0.89,6.0528571428571425,4.44,6.074285714285715,235.44285714285715,234.41428571428574,236.41428571428574,3.4879242857142856
0.89,6.05375,4.4350000000000005,6.077500000000001,235.73749999999998,234.525,236.61249999999998,3.4916449999999997
0.89,6.061428571428571,4.434285714285714,6.094285714285713,236.1142857142857,234.81428571428572,236.87142857142857,3.4962014285714287
0.89,6.07,4.43,6.09,236.2,234.9,237.0,3.49717
0.89,6.0525,4.4475,6.09,236.2,234.9,237.0875,3.4922525
0.89,6.051428571428572,4.442857142857143,6.094285714285713,236.3857142857143,235.15714285714287,237.20000000000002,3.497404285714286
0.89,6.057499999999999,4.4325,6.0975,236.55,235.325,237.275,3.5003275
0.89,6.05,4.44,6.12,237.3,236.0,238.1,3.51163
0.89,6.05,4.44,6.11,237.0,235.9,237.8,3.51008
0.89,6.0649999999999995,4.4475,6.1225000000000005,237.8,236.5,238.55,3.52939
0.89,6.1025,4.44875,6.1325,238.4,237.1,239.175,3.54260375
0.89,6.1,4.45,6.15,238.8,237.5,239.6,3.5489
0.89,6.073333333333334,4.45,6.141111111111111,238.6222222222222,237.32222222222222,239.42222222222225,3.5401266666666666
0.89,6.07,4.45,6.14,238.6,237.3,239.4,3.53903
0.89,6.077500000000001,4.4475,6.165,239.65,238.25,240.32500000000002,3.5606075
0.89,6.06625,4.4475,6.1125,237.1375,235.7,237.775,3.51716
0.89,6.071111111111112,4.446666666666667,6.096666666666667,236.86666666666667,235.42222222222225,237.5111111111111,3.5102333333333338
0.89,6.08,4.452857142857143,6.117142857142857,237.6142857142857,236.21428571428572,238.28571428571428,3.5327714285714285
0.89,6.074285714285714,4.4471428571428575,6.12,237.67142857142855,236.27142857142857,238.34285714285716,3.5284657142857143
0.89,6.068888888888889,4.448888888888889,6.12,237.68888888888887,236.2888888888889,238.2888888888889,3.528261111111111
0.89,6.0737499999999995,4.4437500000000005,6.1225000000000005,237.85,236.51250000000002,238.5375,3.5257312499999998
0.89,6.0928571428571425,4.45,6.087142857142857,236.32857142857142,234.5,236.77142857142857,3.5029242857142857
0.89,6.06375,4.44125,6.08875,236.17499999999998,234.8,236.8375,3.496725
0.89,6.065555555555556,4.442222222222223,6.097777777777777,236.84444444444443,235.53333333333336,237.5111111111111,3.505718888888889
0.89,6.065555555555556,4.445555555555556,6.11,237.20000000000002,235.9888888888889,237.89999999999998,3.5147177777777774
0.89,6.064285714285715,4.444285714285715,6.114285714285715,237.47142857142856,236.17142857142858,238.17142857142858,3.5184957142857143
0.89,6.07,4.447777777777778,6.12,237.65555555555557,236.3777777777778,238.35555555555553,3.521978888888889
0.89,6.07,4.44,6.12,237.5,236.3,238.2,3.52033
0.89,6.07,4.446666666666667,6.126666666666667,237.89999999999998,236.70000000000002,238.5333333333333,3.523883333333333
0.89,6.073333333333334,4.45,6.133333333333333,238.32222222222222,237.1222222222222,238.9222222222222,3.532356666666667
0.89,6.07,4.45,6.13,238.5,237.30000000000004,239.1,3.5397
0.89,6.077777777777778,4.45,6.137777777777777,238.65555555555557,237.45555555555555,239.33333333333334,3.5452611111111114
0.89,6.08,4.45,6.14,238.69999999999996,237.5,239.39999999999998,3.54685
0.89,6.07,4.44,6.15,239.0,237.8,239.7,3.54704
0.89,6.07,4.4437500000000005,6.14625,239.0,237.8375,239.7,3.54551375
0.89,6.07,4.447777777777778,6.14,238.9111111111111,237.7888888888889,239.58888888888885,3.542987777777778
0.89,6.07,4.44,6.14,238.6,237.4,239.2,3.54305
0.89,6.07,4.44,6.14,238.6,237.4,239.2,3.54305
0.89,6.065,4.44,6.1450000000000005,238.475,237.425,239.25,3.5357525
0.89,6.05,4.44,6.13,238.1,236.9,238.8,3.52568
0.89,6.04375,4.43375,6.1175,237.225,235.9625,238.2375,3.5110425000000003
0.89,6.044999999999999,4.433333333333334,6.093333333333334,236.61666666666667,235.46666666666667,237.38333333333333,3.4990466666666666
0.89,6.04,4.4366666666666665,6.076666666666666,236.16666666666666,235.10000000000002,236.86666666666667,3.488606666666667
0.89,6.035714285714286,4.43,6.054285714285713,235.17142857142858,234.0142857142857,235.71428571428572,3.4713571428571433
0.78,8.53125,7.03875,9.13375,234.125,232.6875,234.375,4.50766375
0.78,8.515714285714285,7.032857142857144,9.088571428571429,233.51428571428573,232.28571428571428,233.91428571428574,4.50364
0.7857142857142857,8.51,7.017142857142857,9.065714285714286,233.21428571428572,231.9,233.54285714285714,4.4877014285714285
0.79,8.475000000000001,6.9875,9.0025,231.8,230.51250000000002,232.15,4.4629
0.7866666666666667,8.48,6.989999999999999,9.006666666666668,232.13333333333335,230.76666666666665,232.46666666666667,4.4689966666666665
0.7799999999999999,8.526666666666666,7.03,9.093333333333334,234.13333333333335,232.83333333333334,234.5333333333333,4.507183333333334
0.7871428571428571,8.518571428571429,7.0200000000000005,9.07,233.67142857142858,232.37142857142857,234.0,4.5037971428571435
0.7828571428571429,8.505714285714285,7.002857142857143,9.064285714285715,233.24285714285716,231.8857142857143,233.71428571428572,4.498182857142857
0.79,8.474285714285715,6.988571428571428,9.027142857142858,232.22857142857146,230.91428571428574,232.72857142857146,4.47098
0.79,8.475714285714286,6.9799999999999995,9.025714285714285,232.24285714285716,230.79999999999998,232.65714285714284,4.475827142857143
0.79,8.473333333333334,6.98,9.01,231.86666666666665,230.4666666666667,232.36666666666665,4.463579999999999
0.79,8.47,6.97,8.98,231.44999999999996,230.10000000000002,231.94999999999996,4.447385
0.7837500000000001,8.51,7.00625,9.092500000000001,233.55,232.1375,233.975,4.50246875
0.78,8.54,7.029999999999999,9.134,234.56,233.2,234.98000000000002,4.520678
0.78,8.538571428571428,7.027142857142857,9.132857142857143,234.52857142857144,233.21428571428572,234.9857142857143,4.526847142857142
0.78,8.535714285714285,7.03,9.135714285714286,234.67142857142858,233.27142857142857,235.12857142857143,4.524801428571428
0.7799999999999999,8.53,7.02,9.13,234.4,233.0,234.9,4.50693
0.7799999999999999,8.53,7.02,9.13,234.0666666666667,232.75,234.73333333333332,4.509871666666666
0.78,8.53,7.0200000000000005,9.13,234.0,232.7,234.7,4.51046
0.78,8.527142857142858,7.0200000000000005,9.121428571428572,234.17142857142858,232.82857142857142,234.77142857142857,4.516385714285714
0.7799999999999999,8.526666666666666,7.02,9.116666666666667,234.03333333333333,232.54999999999998,234.5666666666667,4.527008333333334
0.78,8.551428571428572,7.0442857142857145,9.161428571428571,235.44285714285712,234.12857142857143,235.9,4.54649
0.78,8.572,7.058,9.162,235.56,234.14000000000001,235.95999999999998,4.549329999999999
0.78,8.59,7.06,9.179999999999998,235.9,234.5,236.4,4.55862
0.78,8.584285714285715,7.051428571428572,9.178571428571429,236.02857142857144,234.62857142857143,236.42857142857142,4.5556600000000005
0.7799999999999999,8.6,7.06,9.2,236.4,235.1,236.80000000000004,4.56772
0.7799999999999999,8.566666666666668,7.051666666666667,9.183333333333332,236.1,234.6833333333333,236.41666666666666,4.545235
0.78,8.56,7.05,9.179999999999998,236.0,234.6,236.3,4.53397
0.7799999999999999,8.56,7.05,9.18,236.0,234.6,236.30000000000004,4.53397
0.78,8.56,7.040000000000001,9.17,236.06,234.56,236.26,4.533068
0.7799999999999999,8.553333333333335,7.033333333333334,9.163333333333334,235.66666666666666,234.29999999999998,236.0,4.524466666666666
0.7799999999999999,8.536666666666667,7.023333333333333,9.14,235.23333333333335,233.86666666666665,235.5,4.520873333333333
0.7799999999999999,8.54,7.02,9.14,235.19999999999996,233.80000000000004,235.5,4.518
0.7799999999999999,8.541666666666666,7.021666666666666,9.14,235.13333333333333,233.65,235.36666666666667,4.517676666666667
0.7799999999999999,8.543333333333333,7.010000000000001,9.126666666666667,235.03333333333333,233.36666666666667,235.23333333333335,4.529686666666667
0.7799999999999999,8.545,7.044999999999999,9.145000000000001,235.54999999999998,234.20000000000002,235.89999999999998,4.532660000000001
0.78,8.54,7.05,9.17,235.4,234.0,235.9,4.52949
0.7799999999999999,8.54,7.043333333333333,9.153333333333334,235.26666666666665,233.86666666666667,235.70000000000002,4.52529
0.78,8.54857142857143,7.025714285714286,9.141428571428571,235.47142857142856,234.15714285714284,235.81428571428572,4.526125714285714
0.7799999999999999,8.536666666666667,7.03,9.143333333333333,235.4333333333333,234.1,235.86666666666667,4.520583333333334
0.7799999999999999,8.53,7.0249999999999995,9.15,235.33333333333334,233.9333333333333,235.66666666666666,4.5185216666666665
0.78,8.532857142857143,7.032857142857144,9.152857142857144,235.54285714285714,234.17142857142858,235.84285714285713,4.532224285714286
0.78,8.554285714285713,7.048571428571429,9.182857142857143,236.21428571428572,234.87142857142857,236.55714285714288,4.539890000000001
0.7733333333333334,8.604999999999999,7.085,9.248333333333333,237.41666666666666,236.1833333333333,237.83333333333334,4.57981
0.7700000000000001,8.64,7.1,9.28,238.2,237.0,238.6,4.59719
0.77,8.64,7.099999999999999,9.28,238.19999999999996,237.0,238.6,4.59719
0.7766666666666667,8.586666666666668,7.066666666666666,9.200000000000001,236.4,235.13333333333333,236.86666666666667,4.560883333333333
0.7799999999999999,8.565,7.055,9.185,235.88333333333333,234.54999999999998,236.3166666666667,4.550905
0.78,8.6,7.075714285714286,9.235714285714286,236.85714285714286,235.6,237.31428571428572,4.577045714285715
0.7785714285714286,8.602857142857143,7.081428571428572,9.244285714285715,236.95714285714286,235.67142857142858,237.44285714285712,4.570872857142857
0.77,8.62,7.09,9.27,237.30000000000004,236.1,237.69999999999996,4.58151
0.7700000000000001,8.627142857142857,7.097142857142857,9.305714285714286,237.58571428571426,236.3857142857143,238.12857142857143,4.58786
0.8557142857142858,6.808571428571429,5.2,7.041428571428571,237.98571428571427,236.92857142857142,238.72857142857146,3.8344214285714284
0.89,6.08,4.44,6.13,238.1,237.1,238.9,3.53203
0.89,6.0760000000000005,4.44,6.1259999999999994,238.18,237.06,238.94,3.5343779999999994
0.89,6.116666666666667,4.445,6.128333333333333,238.41666666666666,237.20000000000002,239.20000000000002,3.545741666666667
0.89,6.07,4.43,6.13,238.2,237.0,239.0,3.53475
0.89,6.07,4.43,6.13,238.2,237.0,239.0,3.53475
0.89,6.080000000000001,4.43,6.14,238.80000000000004,237.80000000000004,239.69999999999996,3.54714
0.89,6.077142857142857,4.432857142857143,6.137142857142857,238.65714285714287,237.57142857142858,239.5,3.5438114285714284
0.89,6.07,4.44,6.13,238.5,237.20000000000002,239.15714285714284,3.539354285714286
0.89,6.07,4.44,6.13,238.6285714285714,237.25714285714284,239.32857142857145,3.5399214285714287
0.89,6.07,4.44,6.13,238.6,237.19999999999996,239.30000000000004,3.54067
0.89,6.07875,4.445,6.15625,239.48749999999998,238.1,240.1625,3.5558449999999997
0.89,6.088571428571428,4.44,6.151428571428572,239.52857142857144,238.05714285714288,240.31428571428572,3.5539185714285715
0.89,6.07,4.44,6.12,237.95000000000002,236.45000000000002,238.70000000000002,3.5260350000000003
0.89,6.05,4.44,6.089999999999999,236.4,234.9,237.1,3.49879
0.89,6.051666666666667,4.44,6.09,236.29999999999998,234.85,236.96666666666667,3.499826666666667
0.89,6.06,4.44,6.09,235.80000000000004,234.4,236.5,3.48883
0.89,6.057499999999999,4.4375,6.092499999999999,236.025,234.625,236.725,3.49255
0.89,6.05,4.43,6.1,236.7,235.3,237.4,3.5037100000000003
0.89,6.0600000000000005,4.441428571428571,6.107142857142857,237.04285714285714,235.64285714285714,237.71428571428572,3.5110414285714286
0.89,6.07,4.442500000000001,6.1075,237.20000000000002,235.825,237.8,3.516655
0.89,6.0566666666666675,4.443333333333334,6.1066666666666665,237.1,235.73333333333335,237.70000000000002,3.513856666666667
0.89,6.065714285714286,4.448571428571428,6.108571428571429,237.27142857142857,235.82857142857142,237.8857142857143,3.5166757142857143
0.89,6.07375,4.4437500000000005,6.10375,237.1,235.7375,237.725,3.51422375
0.89,6.08,4.45,6.11,237.6,236.3,238.1,3.51568
0.89,6.067142857142857,4.445714285714286,6.11,237.5142857142857,236.21428571428572,238.1,3.519965714285714
0.89,6.07,4.44,6.11,237.6,236.2,238.1,3.52203
0.89,6.06625,4.44,6.11,237.4875,236.1625,238.0625,3.51427125
0.89,6.06,4.44,6.113333333333333,237.80000000000004,236.5666666666667,238.4,3.5235633333333336
0.89,6.06,4.44,6.12375,237.875,236.575,238.5125,3.51468625
0.89,6.06,4.448333333333333,6.12,237.96666666666667,236.58333333333334,238.48333333333335,3.5267316666666666
0.89,6.0525,4.442500000000001,6.12,237.73749999999998,236.425,238.32500000000002,3.521495
0.89,6.05,4.44,6.12,238.1,236.7,238.5,3.51943
0.89,6.05375,4.4437500000000005,6.095,236.925,235.5625,237.3875,3.5070675
0.89,6.05,4.44,6.080000000000001,236.15,234.76666666666665,236.66666666666666,3.493385
0.89,6.05,4.44,6.08,236.4,235.1,237.0,3.49491
0.89,6.05,4.44,6.088571428571428,236.57142857142858,235.35714285714286,237.17142857142858,3.5010342857142858
0.89,6.05,4.44,6.089999999999999,236.6,235.5,237.3,3.5046500000000003
0.89,6.045,4.4350000000000005,6.09375,236.5875,235.375,237.225,3.5018425
0.89,6.05,4.43,6.089999999999999,236.5,235.3,237.1,3.50046
0.89,6.0528571428571425,4.432857142857143,6.089999999999999,236.58571428571426,235.3857142857143,237.21428571428572,3.502065714285714
0.89,6.06,4.444285714285715,6.089999999999999,236.67142857142858,235.55714285714288,237.32857142857142,3.50713
0.89,6.06,4.45,6.089999999999999,236.5,235.5,237.1,3.50853
0.89,6.061428571428571,4.44,6.087142857142857,236.1857142857143,235.0142857142857,236.75714285714284,3.4948442857142856
0.89,6.04,4.44,6.08,235.9,234.8,236.4,3.48378
0.89,6.035714285714286,4.435714285714286,6.08,235.64285714285714,234.5,236.27142857142857,3.4793614285714285
0.8942857142857142,6.034285714285715,4.434285714285714,6.062857142857142,234.95714285714286,233.71428571428572,235.62857142857143,3.467632857142857
0.9,6.04,4.44,6.06,234.9,233.7,235.5,3.47237
0.89,6.03,4.44,6.03,233.9,232.6,234.5,3.45644
0.89,6.03,4.44,6.03,233.9,232.6,234.5,3.45644
0.79,8.475,7.015000000000001,9.02,231.75,230.39999999999998,232.15,4.459805
0.7857142857142857,8.504285714285714,7.021428571428571,9.07,232.92857142857142,231.48571428571427,233.37142857142857,4.481761428571429
0.78,8.54,7.04,9.15,234.8,233.4,235.2,4.52091
0.7799999999999999,8.56,7.04,9.11,234.30000000000004,233.19999999999996,234.69999999999996,4.52504
0.78,8.56,7.04,9.11,234.3,233.2,234.7,4.52504
0.7799999999999999,8.56,7.04,9.11,234.30000000000004,233.19999999999996,234.69999999999996,4.52504
0.7799999999999999,8.56,7.04,9.11,234.30000000000004,233.19999999999996,234.69999999999996,4.52504
0.78,8.52,7.03,9.09,233.7,232.4,234.2,4.51184
0.7799999999999999,8.52,7.03,9.09,233.69999999999996,232.4,234.19999999999996,4.51184
0.7842857142857144,8.524285714285714,7.03,9.09,233.57142857142858,232.22857142857143,234.07142857142858,4.511137142857143
0.79,8.517142857142856,7.025714285714286,9.072857142857144,233.22857142857143,231.87142857142857,233.64285714285714,4.50669
0.79,8.5,7.0200000000000005,9.05,233.0,231.7,233.3,4.50201
0.79,8.491666666666667,7.006666666666667,9.008333333333335,232.13333333333333,230.83333333333334,232.41666666666666,4.483696666666667
0.79,8.472857142857142,6.985714285714287,8.972857142857142,231.4857142857143,230.1142857142857,231.75714285714284,4.465045714285714
0.79,8.48,6.989999999999999,8.99,231.54999999999998,230.20000000000002,232.0,4.471405
0.79,8.485714285714286,6.9957142857142856,8.99,231.6,230.35714285714286,232.05714285714288,4.466944285714286
0.79,8.49,7.0,8.99,231.6,230.4,232.1,4.4616
0.79,8.484285714285715,7.0,8.995714285714286,231.65714285714284,230.4,232.15714285714284,4.46568
0.79,8.48,7.0,9.0,231.69999999999996,230.4,232.19999999999996,4.46874
0.79,8.48,7.0,9.0,231.69999999999996,230.4,232.19999999999996,4.46874
0.79,8.47,7.0,9.01,231.9,230.80000000000004,232.4,4.46797
0.79,8.47,7.0,9.01,231.9,230.8,232.4,4.46797
0.79,8.495000000000001,7.015000000000001,9.024999999999999,232.5,231.35000000000002,232.9,4.48218
0.79,8.51,7.023333333333333,9.04,232.86666666666667,231.70000000000002,233.23333333333335,4.493756666666666
0.79,8.491428571428571,7.005714285714285,9.03,232.58571428571426,231.42857142857142,232.9857142857143,4.486828571428571
0.785,8.5,7.02,9.055000000000001,233.10000000000002,231.95000000000002,233.6,4.489875
0.79,8.52,7.035,9.075000000000001,233.45000000000002,232.29999999999998,233.89999999999998,4.510330000000001
0.7799999999999999,8.473333333333334,7.04,9.086666666666666,234.0666666666667,232.9,234.46666666666667,4.512263333333333
0.7799999999999999,8.38,7.04,9.08,233.80000000000004,232.69999999999996,234.19999999999996,4.48633
0.78,8.414285714285715,7.04,9.088571428571429,233.97142857142856,232.82857142857142,234.28571428571428,4.49872
0.7833333333333333,8.413333333333334,7.046666666666667,9.086666666666666,233.96666666666667,232.73333333333335,234.26666666666665,4.500066666666666
0.7866666666666667,8.42,7.04,9.083333333333334,233.9,232.70000000000002,234.26666666666665,4.5002233333333335
0.7828571428571429,8.414285714285715,7.0371428571428565,9.084285714285715,233.78571428571428,232.70000000000002,234.22857142857146,4.496721428571429
0.79,8.401666666666667,7.028333333333333,9.065,233.46666666666667,232.14999999999998,233.73333333333335,4.4845966666666675
0.79,8.4,7.008571428571429,9.052857142857144,233.15714285714284,231.9,233.5,4.471567142857142
0.79,8.39,7.010000000000001,9.07,233.1,231.9,233.6,4.47182
0.79,8.475714285714286,7.005714285714285,9.064285714285715,233.20000000000002,231.94285714285712,233.6,4.491142857142857
0.79,8.508333333333333,7.010000000000001,9.076666666666666,233.26666666666668,231.86666666666667,233.6,4.4946866666666665
0.79,8.5,7.01,9.06,233.1,231.7,233.6,4.49287
0.79,8.513333333333334,7.005,9.06,233.1,231.83333333333334,233.6,4.496083333333334
0.7814285714285715,8.174285714285714,6.998571428571429,9.054285714285715,233.1285714285714,231.71428571428572,233.4857142857143,4.407594285714286
0.7799999999999999,8.113333333333332,7.010000000000001,9.053333333333335,233.26666666666665,231.96666666666667,233.6,4.395123333333333
0.7799999999999999,8.11,7.003333333333333,9.053333333333335,233.13333333333333,231.76666666666665,233.5,4.384546666666666
0.7799999999999999,8.12,7.005,9.073333333333332,233.25,231.9,233.63333333333333,4.389755
0.78,8.12,7.012499999999999,9.05625,233.2,231.7375,233.4375,4.39624375
0.7799999999999999,8.143333333333333,7.036666666666666,9.101666666666667,234.11666666666667,232.78333333333333,234.46666666666667,4.411405
0.78,8.145714285714286,7.042857142857143,9.12142857142857,234.44285714285715,233.14285714285714,234.79999999999998,4.416005714285714
0.7733333333333334,8.153333333333334,7.05,9.15,234.73333333333335,233.5,235.23333333333335,4.42861
0.7700000000000001,8.17,7.065714285714286,9.17,235.15714285714284,233.8,235.6,4.444801428571429
0.77,8.183333333333332,7.07,9.193333333333333,235.66666666666666,234.36666666666665,236.0,4.4342266666666665
0.7700000000000001,8.19,7.07,9.22,236.0,234.7,236.4,4.44212
0.77,8.22,7.1000000000000005,9.261666666666667,236.9,235.58333333333334,237.41666666666666,4.473585
0.7700000000000001,8.22,7.1,9.278571428571427,237.24285714285716,235.87142857142857,237.67142857142855,4.479427142857142
0.77,8.241666666666667,7.103333333333333,9.318333333333333,237.6,236.28333333333333,238.20000000000002,4.485811666666667
0.7700000000000001,8.231428571428571,7.101428571428571,9.302857142857144,237.34285714285716,236.12857142857143,238.04285714285714,4.47849
0.8728571428571429,5.635714285714285,4.4557142857142855,6.13,237.78571428571428,236.47142857142856,238.57142857142858,3.5738714285714286
0.89,5.635714285714285,4.4557142857142855,6.13,237.62857142857143,236.34285714285716,238.4,3.4234757142857144
0.89,5.63,4.461428571428572,6.13,237.74285714285716,236.3857142857143,238.48571428571427,3.4205542857142857
0.89,5.628571428571428,4.46,6.1414285714285715,238.18571428571428,236.9,238.84285714285716,3.426972857142857
0.89,5.631428571428572,4.46,6.144285714285714,238.58571428571426,237.27142857142857,239.41428571428574,3.4333242857142854
0.89,5.631428571428572,4.467142857142857,6.147142857142858,238.78571428571428,237.54285714285714,239.52857142857144,3.4408385714285714
0.89,5.6362499999999995,4.46625,6.1537500000000005,238.975,237.6375,239.7375,3.4427975
0.89,5.61,4.44,6.160000000000001,238.8,237.5,239.6,3.43542
0.89,5.635714285714285,4.464285714285714,6.161428571428572,239.32857142857142,238.02857142857144,239.98571428571427,3.451672857142857
0.89,5.626666666666666,4.456666666666667,6.166666666666667,239.53333333333333,238.16666666666666,240.23333333333335,3.452393333333333
0.89,5.637499999999999,4.46375,6.172499999999999,239.8125,238.425,240.475,3.4563912500000002
0.89,5.6274999999999995,4.465,6.101249999999999,236.5875,235.3125,237.3375,3.4069425
0.89,5.628571428571428,4.467142857142857,6.12,237.18571428571428,235.79999999999998,237.82857142857142,3.41478
0.89,5.62875,4.47375,6.135,237.725,236.4,238.29999999999998,3.42906
0.89,5.64,4.48,6.13,237.8,236.6,238.5,3.43089
0.89,5.637499999999999,4.4775,6.135,237.925,236.7,238.65,3.4311625
0.89,5.626666666666666,4.466666666666666,6.146666666666667,238.26666666666665,236.96666666666667,239.03333333333333,3.42923
0.89,5.62375,4.46375,6.14,238.4125,237.075,239.075,3.432175
0.89,5.63375,4.465,6.145,238.725,237.375,239.3375,3.43244625
0.89,5.631428571428572,4.47,6.145714285714286,237.8857142857143,236.5,238.57142857142858,3.4234814285714283
0.89,5.624285714285714,4.462857142857143,6.118571428571428,237.15714285714284,235.9,237.87142857142857,3.4141800000000004
0.89,5.612857142857143,4.46,6.111428571428571,237.55714285714288,236.35714285714286,237.97142857142856,3.412641428571429
0.89,5.63,4.46,6.12,237.9,236.7,238.4,3.42903
0.89,5.6274999999999995,4.46375,6.12875,238.0125,236.85,238.65,3.4276287500000002
0.89,5.62,4.464285714285714,6.135714285714285,238.24285714285716,236.95714285714283,238.79999999999998,3.4289300000000003
0.89,5.62,4.46,6.13,238.0,236.7,238.6,3.42521
0.89,5.621666666666667,4.46,6.128333333333333,238.0,236.71666666666667,238.6,3.42361
0.89,5.624285714285714,4.457142857142857,6.122857142857143,237.97142857142856,236.77142857142857,238.57142857142858,3.4160242857142857
0.89,5.615714285714286,4.452857142857143,6.13,237.9,236.67142857142855,238.44285714285712,3.41778
0.89,5.63,4.46,6.13,237.9,236.6,238.3,3.41958
0.89,5.63,4.46,6.13,237.9,236.6,238.30000000000004,3.41958
0.89,5.61,4.47,6.12,237.6,236.3,238.2,3.4144599999999996
0.89,5.603333333333333,4.461666666666667,6.118333333333333,237.36666666666667,236.04999999999998,237.88333333333333,3.4074899999999997
0.89,5.612857142857143,4.457142857142857,6.112857142857143,237.0142857142857,235.68571428571428,237.5142857142857,3.40538
0.89,5.615714285714286,4.458571428571429,6.102857142857142,236.67142857142858,235.3857142857143,237.22857142857143,3.4081900000000003
0.8728571428571429,5.99,4.844285714285713,6.547142857142857,236.72857142857146,235.4,237.1142857142857,3.5517614285714285
0.7700000000000001,8.211428571428572,7.108571428571429,9.237142857142857,236.35714285714286,234.9857142857143,236.67142857142855,4.465272857142857
0.7700000000000001,8.204285714285716,7.087142857142857,9.204285714285716,235.6,234.4857142857143,236.1142857142857,4.46124
0.7785714285714286,8.188571428571427,7.07,9.171428571428573,235.1,233.81428571428572,235.42857142857142,4.421078571428572
0.78,8.198571428571428,7.07,9.152857142857144,234.92857142857142,233.71428571428572,235.31428571428572,4.436934285714285
0.78,8.16,7.04,9.1,233.8,232.5,234.1,4.42064
0.78,8.154285714285715,7.034285714285715,9.087142857142856,233.52857142857144,232.22857142857143,233.84285714285716,4.416681428571429
0.7728571428571429,8.175714285714285,7.0600000000000005,9.139999999999999,234.41428571428574,233.17142857142858,234.85714285714286,4.433931428571428
0.7700000000000001,8.211428571428572,7.0928571428571425,9.225714285714286,236.1,234.85714285714286,236.5,4.46387
0.775,8.194999999999999,7.075,9.2,235.54999999999998,234.30000000000004,236.14999999999998,4.45465
0.78,8.188571428571427,7.064285714285715,9.167142857142858,235.0142857142857,233.65714285714284,235.5,4.440117142857143
0.78,8.171428571428573,7.064285714285715,9.151428571428571,234.84285714285716,233.47142857142856,235.24285714285716,4.439811428571429
0.78,8.164285714285715,7.045714285714285,9.127142857142857,234.18571428571428,232.92857142857142,234.57142857142858,4.425675714285714
0.7799999999999999,8.143333333333333,7.033333333333334,9.095,233.48333333333335,232.21666666666667,233.96666666666667,4.413983333333333
0.78,8.134285714285715,7.0200000000000005,9.072857142857144,233.01428571428573,231.71428571428572,233.52857142857144,4.407398571428572
0.7799999999999999,8.123333333333333,7.02,9.06,232.9333333333333,231.63333333333333,233.46666666666667,4.408946666666666
0.78,8.11142857142857,7.015714285714286,9.062857142857144,232.67142857142858,231.41428571428574,232.74285714285716,4.39354
0.78,8.118571428571428,7.018571428571428,9.058571428571428,232.54285714285714,231.28571428571428,233.1,4.396034285714285
0.7799999999999999,8.11,7.015,9.055000000000001,232.35,231.04999999999998,232.95000000000002,4.385955
0.7799999999999999,8.11,7.02,9.056666666666667,232.26666666666665,231.03333333333333,233.0,4.38928
0.78,8.121428571428572,7.011428571428572,9.04857142857143,232.42857142857142,231.08571428571426,232.94285714285712,4.393498571428571
0.7799999999999999,8.11,7.0183333333333335,9.051666666666668,232.4333333333333,231.1833333333333,233.0,4.3958916666666665
0.78,8.102857142857143,7.01,9.037142857142857,232.5142857142857,231.24285714285716,233.07142857142858,4.39554
0.7799999999999999,8.118333333333332,7.008333333333333,9.06,232.75,231.36666666666667,233.33333333333334,4.4046916666666664
0.78,8.14,7.024285714285715,9.078571428571427,233.14285714285714,231.97142857142856,233.72857142857143,4.411561428571429
0.78,8.134,7.019999999999999,9.07,233.04000000000002,231.74,233.6,4.406758
0.78,8.118571428571428,7.014285714285713,9.064285714285715,232.85714285714286,231.67142857142855,233.5142857142857,4.3977385714285715
0.78,8.118571428571428,7.014285714285713,9.064285714285715,232.81428571428572,231.54285714285714,233.32857142857142,4.39374
0.78,8.108571428571429,7.011428571428572,9.064285714285715,232.68571428571428,231.4,233.15714285714284,4.39388
0.7799999999999999,8.12,7.010000000000001,9.048333333333334,232.76666666666665,231.51666666666665,233.25,4.383711666666667
0.78,8.12,7.015714285714286,9.05,232.7,231.45714285714286,233.25714285714284,4.394045714285714
0.78,8.117142857142856,7.015714285714286,9.047142857142857,232.6285714285714,231.41428571428574,233.21428571428572,4.397138571428572
0.7799999999999999,8.091666666666667,6.989999999999999,9.016666666666666,232.01666666666665,230.83333333333334,232.51666666666665,4.35884
0.78,8.08,6.99,9.01,232.0,230.8,232.5,4.36392
0.7799999999999999,8.08,6.989999999999999,9.01,232.0,230.80000000000004,232.5,4.36392
0.78,8.08,6.99,9.01,232.0,230.8,232.5,4.36392
0.77,8.18,7.06,9.19,235.5,234.2,235.9,4.43374
0.77,8.181666666666667,7.063333333333333,9.186666666666666,235.5,234.23333333333332,235.9,4.437006666666667
0.7728571428571429,8.178571428571429,7.0685714285714285,9.16,235.18571428571428,233.9857142857143,235.55714285714288,4.446478571428572
0.78,8.171428571428573,7.0528571428571425,9.141428571428571,234.52857142857144,233.82857142857145,235.5142857142857,4.450965714285714
0.7799999999999999,8.17,7.05,9.14,234.4,233.8,235.5,4.44975
0.7714285714285715,8.18,7.06,9.19,235.4,234.30000000000004,235.9,4.432504285714286
0.7700000000000001,8.18,7.06,9.19,235.4,234.3,235.9,4.42963
0.77,8.18,7.06,9.19,235.4,234.3,235.9,4.42963
0.78,8.18,7.06,9.179999999999998,235.5,234.2,235.9,4.43659
0.7700000000000001,8.175714285714285,7.05,9.2,235.6142857142857,234.17142857142858,236.21428571428572,4.443715714285714
0.77,8.178333333333333,7.05,9.198333333333332,235.5333333333333,234.11666666666667,236.0666666666667,4.444201666666667
0.7700000000000001,8.17,7.035714285714286,9.175714285714287,235.27142857142857,233.62857142857143,235.4,4.444224285714286
0.7700000000000001,8.17,7.047142857142857,9.174285714285714,235.47142857142856,233.9857142857143,235.75714285714284,4.440012857142857
0.77,8.186666666666666,7.051666666666667,9.203333333333335,235.73333333333335,234.58333333333334,236.28333333333333,4.439616666666667
0.7700000000000001,8.19,7.05,9.209999999999999,235.8,234.7,236.4,4.44068
0.77,8.19,7.066666666666666,9.216666666666667,236.08333333333334,234.73333333333335,236.5666666666667,4.4500649999999995
0.7700000000000001,8.19,7.07,9.23,236.2,234.8,236.6,4.44158
0.77,8.183333333333332,7.068333333333334,9.24,236.16666666666666,234.8166666666667,236.6833333333333,4.448275
0.7700000000000001,8.18,7.06,9.23,236.0,234.6,236.5,4.44755
0.85,6.466666666666666,5.3133333333333335,7.1433333333333335,236.13333333333333,234.66666666666666,236.76666666666665,3.7404766666666664
0.89,5.61,4.44,6.1,236.2,234.7,236.9,3.38694
0.89,5.61,4.451428571428571,6.094285714285713,236.37142857142857,234.92857142857142,236.95714285714286,3.3902428571428573
0.89,5.61,4.46,6.089999999999999,236.5,235.1,237.0,3.39272
0.89,5.612,4.458,6.09,236.51999999999998,235.11999999999998,237.04000000000002,3.393186
0.89,5.62,4.45,6.089999999999999,236.6,235.2,237.2,3.39505
0.89,5.62,4.45,6.09,236.6,235.19999999999996,237.19999999999996,3.39505
0.89,5.62,4.456,6.12,237.48000000000002,236.01999999999998,238.01999999999998,3.415334
0.89,5.617142857142857,4.454285714285715,6.125714285714286,237.94285714285712,236.54285714285714,238.6,3.413127142857143
0.89,5.6,4.45,6.13,237.9,236.5,238.6,3.40582
0.89,5.613333333333333,4.45,6.136666666666667,238.03333333333333,236.63333333333333,238.66666666666666,3.41734
0.89,5.62,4.457142857142857,6.141428571428571,238.5142857142857,237.14285714285714,239.14285714285714,3.4337871428571427
0.89,5.627142857142857,4.462857142857143,6.147142857142858,238.65714285714284,237.3857142857143,239.42857142857142,3.441264285714286
0.89,5.624285714285714,4.464285714285714,6.107142857142857,236.74285714285716,235.34285714285716,237.4,3.4053599999999995
0.89,5.614285714285715,4.45,6.104285714285714,236.62857142857143,235.18571428571428,237.18571428571428,3.3973000000000004
0.89,5.618333333333333,4.458333333333333,6.118333333333333,237.08333333333334,235.5666666666667,237.66666666666666,3.4060566666666667
0.89,5.623333333333334,4.456666666666667,6.116666666666667,237.16666666666666,235.76666666666665,237.79999999999998,3.4041200000000003
0.89,5.621428571428572,4.458571428571429,6.101428571428571,236.8714285714286,235.41428571428574,237.3142857142857,3.4034942857142854
0.89,5.62,4.46,6.1,236.62857142857143,235.12857142857143,237.1142857142857,3.4060799999999998
0.89,5.62,4.46,6.108571428571429,236.77142857142857,235.31428571428572,237.31428571428572,3.405337142857143
0.89,5.622857142857143,4.452857142857143,6.1085714285714285,236.95714285714286,235.45714285714286,237.4857142857143,3.4034157142857144
0.89,5.63,4.46,6.125,237.05,235.5,237.64999999999998,3.412595
0.89,5.64,4.47,6.11,237.3,235.8,237.9,3.41807
0.89,5.625714285714286,4.4557142857142855,6.114285714285715,237.28571428571428,235.87142857142857,237.94285714285712,3.414511428571429
0.89,5.63,4.46,6.11,237.2,235.7,237.9,3.41494
0.89,5.63,4.455,6.1274999999999995,237.675,236.2,238.3,3.4151425
0.89,5.62125,4.46,6.14,237.9,236.32500000000002,238.5,3.42262875
0.89,5.621666666666667,4.46,6.141666666666667,238.08333333333334,236.51666666666668,238.66666666666666,3.427915
0.89,5.63,4.46,6.1571428571428575,239.07142857142858,237.67142857142855,239.64285714285714,3.44624
0.89,5.6274999999999995,4.452500000000001,6.1675,239.475,238.125,240.1,3.4475875
0.89,5.62,4.45,6.17,239.6,238.2,240.1,3.45167
0.89,5.62,4.45,6.17,239.6,238.2,240.1,3.45167
0.89,5.62,4.45,6.17,239.6,238.2,240.1,3.45167
0.89,5.62,4.46,6.1,236.7,235.5,237.3,3.40587
0.89,5.62375,4.455,6.1175,237.4,236.1375,237.97500000000002,3.40973625
0.89,5.62,4.45,6.12,237.2,236.1,237.9,3.40779
0.89,5.62,4.45,6.1274999999999995,237.725,236.475,238.275,3.4099125
0.89,5.62,4.45,6.13,237.9,236.6,238.4,3.41062
0.89,5.62,4.45,6.13,237.9,236.6,238.4,3.41062
0.89,5.62,4.46,6.13,238.0,236.7,238.5,3.42347
0.89,5.62,4.46,6.13,238.0,236.7,238.5,3.4234699999999996
0.89,5.6274999999999995,4.452500000000001,6.1325,238.22500000000002,236.85,238.7,3.4250825000000003
0.89,5.63,4.45,6.14,238.3,236.9,238.9,3.41834
0.89,5.62,4.45,6.14,238.5,237.1,238.9,3.41949
0.89,5.62,4.45,6.14,238.5,237.1,238.9,3.41949
0.89,5.61,4.45,6.13,238.1,236.8,238.6,3.42264
0.89,5.618571428571428,4.458571428571429,6.155714285714287,238.35714285714286,237.05714285714288,238.94285714285712,3.4212342857142852
0.89,5.62,4.46,6.160000000000001,238.4,237.1,239.0,3.421
0.89,5.614,4.454,6.142,238.1,236.8,238.7,3.42208
0.89,5.61,4.45,6.13,237.9,236.6,238.5,3.4228
0.7657142857142858,8.231428571428571,7.145714285714286,9.324285714285713,237.45714285714286,236.2,237.95714285714286,4.477218571428571
0.77,8.248333333333333,7.150000000000001,9.311666666666667,237.75,236.45000000000002,238.16666666666666,4.508178333333333
0.7700000000000001,8.245714285714286,7.145714285714286,9.301428571428572,237.84285714285716,236.54285714285714,238.28571428571428,4.5075328571428575
0.77,8.264999999999999,7.131666666666667,9.29,237.69999999999996,236.4,238.11666666666667,4.506391666666667
0.77,8.263333333333334,7.126666666666666,9.281666666666666,237.5333333333333,236.23333333333335,237.9333333333333,4.503593333333334
0.7700000000000001,8.23,7.107142857142857,9.234285714285715,236.64285714285714,235.31428571428572,237.0142857142857,4.4814428571428575
0.7700000000000001,8.227142857142857,7.097142857142857,9.214285714285714,236.3857142857143,234.98571428571427,236.74285714285716,4.46455
0.77,8.22,7.09,9.2,236.1,234.69999999999996,236.6,4.46805
0.7742857142857142,8.211428571428572,7.087142857142857,9.202857142857143,235.91428571428574,234.55714285714285,236.42857142857142,4.467372857142857
0.7728571428571429,8.187142857142856,7.074285714285714,9.198571428571428,235.29999999999998,233.9,235.74285714285716,4.4454528571428575
0.7799999999999999,8.191666666666666,7.066666666666666,9.166666666666666,235.01666666666665,233.66666666666666,235.46666666666667,4.439631666666667
0.78,8.18142857142857,7.065714285714286,9.162857142857144,234.82857142857142,233.47142857142856,235.32857142857142,4.437518571428571
0.7799999999999999,8.17,7.06,9.14,234.6,233.30000000000004,235.1,4.43389
0.78,8.144285714285715,7.025714285714286,9.101428571428572,233.4,232.14285714285714,234.07142857142858,4.40467
0.78,8.12,7.01,9.05,232.3,230.9,232.8,4.38008
0.775,8.159999999999998,7.05,9.125,234.05000000000004,232.65,234.5,4.422335
0.7700000000000001,8.195714285714285,7.072857142857144,9.212857142857144,235.54285714285714,234.27142857142857,236.20000000000002,4.453974285714286
0.77,8.194999999999999,7.065,9.194999999999999,235.35000000000002,234.0,235.9,4.44712
0.7700000000000001,8.185714285714285,7.064285714285715,9.19,235.3857142857143,234.1142857142857,235.97142857142856,4.443288571428572
0.7714285714285715,8.171428571428573,7.057142857142857,9.177142857142856,235.07142857142858,233.84285714285716,235.74285714285716,4.435065714285714
0.7799999999999999,8.18,7.04,9.16,234.9,233.5,235.4,4.4351
0.7757142857142857,8.188571428571427,7.048571428571428,9.168571428571429,235.07142857142858,233.71428571428572,235.57142857142858,4.444288571428571
0.7700000000000001,8.205714285714285,7.06,9.185714285714285,235.47142857142856,234.17142857142858,235.97142857142856,4.454408571428572
0.775,8.19,7.065,9.174999999999999,235.30000000000004,234.04999999999998,235.9,4.44444
0.7742857142857142,8.188571428571427,7.055714285714286,9.187142857142858,235.3857142857143,234.21428571428572,236.02857142857144,4.438552857142858
0.775,8.181666666666667,7.053333333333334,9.174999999999999,235.11666666666667,233.95000000000002,235.78333333333333,4.4374199999999995
0.7700000000000001,8.165714285714285,7.041428571428571,9.17,234.81428571428572,233.4857142857143,235.47142857142856,4.43189
0.7799999999999999,8.165000000000001,7.044999999999999,9.139999999999999,234.54999999999998,233.25,235.20000000000002,4.432175
0.78,8.162857142857144,7.032857142857144,9.141428571428571,234.4857142857143,233.1,234.97142857142856,4.429911428571429
0.78,8.18,7.03,9.14,234.5,233.2,235.0,4.43628
0.7799999999999999,8.16,7.0249999999999995,9.145000000000001,234.44999999999996,233.15,235.15,4.41566
0.78,8.14,7.01,9.14,234.2,233.0,234.9,4.40613
0.78,8.132857142857144,7.017142857142857,9.104285714285714,233.84285714285713,232.42857142857142,234.32857142857142,4.407408571428571
0.7799999999999999,8.131666666666668,7.02,9.096666666666666,233.64999999999998,232.28333333333333,234.20000000000002,4.403009999999999
0.78,8.144285714285715,7.018571428571428,9.104285714285714,233.77142857142857,232.41428571428574,234.31428571428572,4.40262
0.7799999999999999,8.135,7.010000000000001,9.1,233.75,232.35,234.20000000000002,4.40068
0.78,8.13,7.01,9.1,233.6,232.2,234.0,4.38714
0.78,8.137142857142859,7.01,9.107142857142858,233.6,232.2,234.2571428571429,4.393697142857143
0.7799999999999999,8.14,7.010000000000001,9.11,233.6,232.19999999999996,234.30000000000004,4.39632
0.78,8.117142857142857,6.985714285714286,9.082857142857142,233.6142857142857,232.25714285714284,234.17142857142858,4.3902785714285715
0.78,8.098571428571429,6.978571428571429,9.06857142857143,233.7571428571429,232.44285714285712,234.34285714285716,4.390918571428571
0.78,8.1,6.988571428571428,9.07,233.41428571428574,232.20000000000002,233.97142857142856,4.38805
0.7799999999999999,8.093333333333334,6.9816666666666665,9.043333333333333,233.11666666666667,231.98333333333335,233.69999999999996,4.386661666666667
0.78,8.108571428571429,6.9957142857142856,9.061428571428571,233.3142857142857,232.20000000000002,233.92857142857142,4.383748571428571
0.7799999999999999,8.11,6.989999999999999,9.063333333333334,233.5666666666667,232.26666666666665,234.0666666666667,4.382079999999999
0.78,8.124285714285715,7.011428571428572,9.081428571428571,233.78571428571428,232.55714285714285,234.28571428571428,4.397488571428572
0.7799999999999999,8.121666666666666,7.003333333333333,9.073333333333332,233.48333333333335,232.36666666666667,234.0666666666667,4.388913333333334
0.78,8.105714285714285,6.9957142857142856,9.071428571428571,233.54285714285717,232.29999999999998,234.02857142857144,4.380521428571429
0.7799999999999999,8.1,7.0,9.06,233.30000000000004,232.0,233.80000000000004,4.37761
0.78,8.1,7.0,9.06,233.3,232.0,233.8,4.37761
0.7799999999999999,8.075000000000001,7.0,9.065,233.0,231.69999999999996,233.54999999999998,4.374265
0.78,8.088571428571429,6.991428571428571,9.067142857142857,233.02857142857144,231.81428571428572,233.6,4.3753842857142855
0.7799999999999999,8.083333333333334,6.998333333333334,9.058333333333334,233.0,231.75,233.48333333333332,4.372466666666667
0.7771428571428572,8.098571428571429,7.014285714285714,9.088571428571429,233.29999999999998,232.1,233.95714285714286,4.391132857142857
0.8728571428571429,6.01,4.812857142857143,6.521428571428571,235.52857142857144,234.21428571428572,236.21428571428572,3.5359185714285712
0.89,5.63,4.441428571428572,6.067142857142857,235.3714285714286,234.08571428571426,236.12857142857143,3.375494285714286
0.89,5.63,4.442857142857143,6.074285714285715,235.55714285714288,234.20000000000002,236.31428571428572,3.380058571428571
0.89,5.63,4.44,6.07,235.5,234.1,236.2,3.38235
0.89,5.63,4.448333333333333,6.0616666666666665,235.5666666666667,234.15,236.23333333333335,3.384721666666666
0.89,5.632857142857143,4.4471428571428575,6.06,235.67142857142855,234.3714285714286,236.3,3.3826257142857146
0.89,5.625714285714286,4.444285714285715,6.062857142857142,235.21428571428572,233.95714285714286,235.92857142857142,3.3759799999999998
0.89,5.62,4.441666666666667,6.07,235.35000000000002,234.03333333333333,235.95000000000002,3.382805
0.89,5.627142857142857,4.45,6.071428571428571,235.6,234.2,236.21428571428572,3.38719
0.89,5.625714285714286,4.448571428571428,6.0842857142857145,235.70000000000002,234.21428571428572,236.31428571428572,3.3853414285714285
0.89,5.63,4.44,6.080000000000001,235.69999999999996,234.30000000000004,236.4,3.38883
0.89,5.634285714285714,4.444285714285715,6.08,235.78571428571428,234.34285714285716,236.3857142857143,3.3812857142857142
0.89,5.64,4.45,6.089999999999999,236.2,234.8,236.8,3.39459
0.89,5.63375,4.4475,6.1,236.82857142857142,235.41428571428574,237.41428571428574,3.40064375
0.89,5.63,4.44,6.108571428571429,237.07142857142858,235.6,237.68571428571428,3.4071585714285715
0.89,5.638571428571429,4.448571428571428,6.11,237.35714285714286,235.85714285714286,238.04285714285714,3.4186914285714285
0.89,5.64,4.45,6.11,237.57142857142858,236.07142857142858,238.27142857142857,3.4230242857142854
0.89,5.641249999999999,4.45,6.125,238.25,236.7125,238.725,3.4285787500000002
0.89,5.638571428571429,4.445714285714286,6.124285714285714,238.07142857142858,236.45714285714286,238.57142857142858,3.4193214285714286
0.89,5.635000000000001,4.451666666666667,6.136666666666667,238.26666666666665,236.73333333333335,238.78333333333333,3.428765
0.89,5.64,4.457142857142857,6.147142857142858,238.5,236.9857142857143,239.02857142857144,3.4361428571428574
0.89,5.6537500000000005,4.421250000000001,6.14625,239.11249999999998,237.5375,239.61249999999998,3.43335875
0.89,5.645714285714286,4.39,6.105714285714286,237.44285714285712,235.9,237.9,3.3996042857142856
0.89,5.64625,4.45375,6.0825,236.475,234.875,236.9125,3.39874
0.89,5.635714285714285,4.451428571428571,6.082857142857143,236.22857142857143,234.67142857142858,236.64285714285714,3.388867142857143
0.89,5.644285714285714,4.454285714285715,6.1,236.8857142857143,235.32857142857142,237.47142857142856,3.4085600000000005
0.89,5.64,4.45,6.1,237.1,235.7,237.6,3.40652
0.89,5.64,4.45,6.099999999999999,237.1,235.69999999999996,237.6,3.40652
0.89,5.64375,4.4625,6.11125,237.65,236.1,238.0625,3.42027
0.89,5.6414285714285715,4.45,6.117142857142857,237.74285714285716,236.3857142857143,238.28571428571428,3.4210857142857143
0.89,5.633333333333333,4.445,6.13,238.15,236.83333333333334,238.63333333333333,3.4265716666666672
0.89,5.637142857142857,4.45,6.132857142857143,238.47142857142856,237.1142857142857,238.97142857142856,3.427285714285714
0.89,5.648571428571429,4.452857142857143,6.151428571428572,239.37142857142857,238.05714285714285,239.87142857142857,3.449128571428571
0.89,5.637142857142857,4.451428571428571,6.155714285714287,239.45714285714283,238.1142857142857,240.04285714285717,3.44987
0.89,5.652857142857143,4.451428571428571,6.168571428571428,239.91428571428574,238.6,240.42857142857142,3.455238571428571
0.89,5.6433333333333335,4.45,6.1499999999999995,239.03333333333333,237.70000000000002,239.5666666666667,3.4387666666666665
0.89,5.638571428571429,4.45,6.089999999999999,236.67142857142858,235.27142857142857,237.1142857142857,3.3976414285714287
0.89,5.64,4.457142857142857,6.095714285714286,237.01428571428573,235.71428571428572,237.44285714285715,3.4066685714285714
0.89,5.644285714285714,4.45,6.105714285714286,237.25714285714284,235.87142857142857,237.75714285714284,3.4130485714285714
0.89,5.64,4.45,6.118571428571428,237.3,236.1,237.9,3.4161557142857144
0.89,5.650000000000001,4.46,6.099999999999999,237.30000000000004,235.9,237.69999999999996,3.41127
0.89,5.641428571428571,4.451428571428571,6.091428571428572,237.12857142857143,235.81428571428572,237.6142857142857,3.399218571428571
0.89,5.64,4.45,6.09,237.1,235.80000000000004,237.6,3.39721
0.89,5.64,4.45,6.093999999999999,237.21999999999997,235.95999999999998,237.71999999999997,3.40801
0.89,5.64,4.45,6.1,237.4,236.2,237.9,3.42421
0.89,5.64,4.45,6.099999999999999,237.4,236.19999999999996,237.9,3.42421
0.89,5.64,4.45,6.099999999999999,237.4,236.19999999999996,237.9,3.42421
0.89,5.6259999999999994,4.446,6.095999999999999,236.11999999999998,234.88000000000002,236.56,3.38943
0.89,5.62,4.44,6.089999999999999,235.7428571428571,234.6142857142857,236.41428571428574,3.391487142857143
0.89,5.614999999999999,4.435,6.055,234.70000000000002,233.35,235.15,3.361535
0.89,5.61,4.43,6.06,234.8,233.5,235.3,3.36218
0.89,5.613333333333333,4.44,6.046666666666667,234.20000000000002,232.79999999999998,234.63333333333335,3.3550133333333334
0.89,5.62,4.452857142857143,6.014285714285713,232.68571428571428,231.1857142857143,232.97142857142856,3.3409085714285713
0.89,5.62,4.45,6.0,232.2,230.8,232.6,3.33305
0.78,8.14,7.05,9.11,233.9,232.4,234.1,4.39802
0.78,8.132857142857144,7.0442857142857145,9.098571428571429,233.71428571428572,232.21428571428572,233.91428571428574,4.394894285714286
0.7799999999999999,8.096666666666666,7.003333333333333,9.01,232.33333333333334,230.9,232.4666666666667,4.364833333333333
0.78,8.08,6.9799999999999995,8.95,231.3,229.8,231.3,4.34313
0.7799999999999999,8.09,6.995,8.985,231.95000000000002,230.45000000000002,232.05000000000004,4.35936
0.78,8.095714285714285,7.01,9.007142857142856,232.34285714285716,230.8857142857143,232.58571428571432,4.376545714285714
0.785,8.075000000000001,7.005,8.965000000000002,231.6,230.19999999999996,231.80000000000004,4.36522
0.785,8.065,6.995,8.965000000000002,231.35,229.85,231.55000000000004,4.35471
0.7814285714285715,8.141428571428571,7.0442857142857145,9.105714285714287,234.14285714285714,232.79999999999998,234.42857142857142,4.410338571428571
0.7799999999999999,8.136666666666668,7.05,9.116666666666667,234.23333333333335,232.96666666666667,234.53333333333333,4.41073
0.78,8.127142857142857,7.05,9.09,234.0142857142857,232.6142857142857,234.28571428571428,4.4187642857142855
0.7799999999999999,8.12,7.05,9.09,233.80000000000004,232.4,234.0,4.4037
0.78,8.134285714285713,7.04,9.077142857142857,233.82857142857142,232.41428571428574,234.0142857142857,4.409108571428571
0.7799999999999999,8.115,7.021666666666666,9.043333333333333,233.26666666666665,232.04999999999998,233.5666666666667,4.392651666666667
0.7799999999999999,8.135,7.041666666666667,9.088333333333333,234.15,232.8166666666667,234.41666666666666,4.404306666666667
0.7799999999999999,8.17,7.06,9.12,235.0,233.6,235.1,4.43328
0.78,8.14857142857143,7.048571428571428,9.11,234.54285714285714,233.17142857142855,234.85714285714286,4.426965714285714
0.78,8.14,7.04,9.104285714285714,234.27142857142857,233.0142857142857,234.64285714285714,4.413952857142857
0.7799999999999999,8.146666666666667,7.033333333333334,9.1,234.16666666666666,232.80000000000004,234.53333333333333,4.415489999999999
0.78,8.12,7.034285714285715,9.084285714285715,233.9,232.5,234.2,4.40365
0.7799999999999999,8.153333333333334,7.043333333333333,9.116666666666667,234.4,233.0666666666667,234.73333333333335,4.418456666666667
0.78,8.167142857142858,7.05,9.137142857142859,234.6857142857143,233.34285714285716,235.0142857142857,4.42555
0.78,8.164285714285715,7.0528571428571425,9.137142857142859,234.85714285714286,233.42857142857142,235.15714285714284,4.432078571428572
0.7799999999999999,8.17,7.066666666666666,9.143333333333333,235.0666666666667,233.63333333333333,235.36666666666667,4.44128
0.7757142857142857,8.17,7.0685714285714285,9.162857142857144,235.4,234.04285714285714,235.74285714285716,4.4435
0.7757142857142857,8.171428571428573,7.075714285714286,9.171428571428573,235.45714285714286,234.04285714285714,235.95714285714286,4.4427642857142855
0.77,8.16,7.053333333333334,9.16,235.51666666666665,234.1833333333333,235.95000000000002,4.44033
0.7700000000000001,8.157142857142857,7.05,9.157142857142857,235.4,234.02857142857144,235.64285714285714,4.425515714285714
0.77,8.143333333333333,7.03,9.136666666666668,235.1,233.73333333333335,235.4,4.413126666666667
0.7757142857142857,8.14,7.014285714285713,9.112857142857143,234.81428571428572,233.35714285714286,235.1142857142857,4.413025714285714
0.78,8.14,7.018571428571429,9.108571428571429,234.77142857142857,233.31428571428572,235.02857142857144,4.415935714285714
0.7799999999999999,8.125,7.0249999999999995,9.11,234.39999999999998,233.05000000000004,234.75,4.40368
0.78,8.117142857142856,7.024285714285715,9.092857142857143,234.0142857142857,232.71428571428572,234.42857142857142,4.3970457142857144
0.7799999999999999,8.091666666666667,6.998333333333334,9.058333333333334,233.5,232.03333333333333,233.91666666666666,4.376460000000001
0.7799999999999999,8.1,7.003333333333333,9.073333333333332,233.73333333333335,232.29999999999998,234.13333333333333,4.376953333333333
0.78,8.094999999999999,6.987500000000001,9.0725,233.85,232.375,234.175,4.38608
0.7799999999999999,8.11,7.010000000000001,9.1,234.16666666666666,232.73333333333335,234.6,4.384876666666667
0.7816666666666667,8.148333333333333,7.001666666666666,9.093333333333334,233.95000000000002,232.54999999999998,234.36666666666667,4.398833333333333
0.78125,8.33875,6.99375,9.07,233.675,232.3375,234.0625,4.46485625
0.7799999999999999,8.315,6.9750000000000005,9.055000000000001,233.54999999999998,232.19999999999996,233.85000000000002,4.4537249999999995
0.79,8.325000000000001,6.965,9.014999999999999,232.79999999999998,231.45000000000002,233.15,4.439795
0.7887500000000001,8.31625,6.96125,9.00625,232.6875,231.35000000000002,233.01250000000002,4.4359675
0.78,8.09142857142857,6.978571428571429,9.052857142857144,233.5,231.92857142857142,233.91428571428574,4.369685714285714
0.78,8.125714285714285,7.0,9.111428571428572,234.45714285714286,233.04285714285714,234.91428571428574,4.4047342857142855
0.7733333333333334,8.128333333333332,7.013333333333333,9.141666666666667,234.93333333333337,233.54999999999998,235.38333333333335,4.410411666666667
0.7700000000000001,8.13857142857143,7.025714285714286,9.188571428571427,235.58571428571432,234.22857142857143,236.08571428571432,4.408044285714285
0.7700000000000001,8.182857142857143,7.0371428571428565,9.207142857142857,236.78571428571428,235.02857142857144,236.91428571428574,4.4547485714285715
0.7700000000000001,8.197142857142856,7.067142857142857,9.248571428571427,237.42857142857142,236.02857142857144,237.82857142857142,4.456227142857143
0.7700000000000001,8.12,7.0200000000000005,9.12,234.6,233.2,235.0,4.40585
0.7700000000000001,8.115714285714285,7.011428571428572,9.124285714285714,234.64285714285714,233.15714285714284,235.08571428571426,4.397005714285714
0.77,8.127500000000001,7.0112499999999995,9.151250000000001,234.9125,233.6375,235.5,4.40773125
0.7871428571428571,7.772857142857143,6.654285714285714,8.734285714285715,235.1285714285714,233.75714285714284,235.77142857142857,4.258825714285715
0.89,5.624285714285714,4.427142857142857,6.06,234.97142857142856,233.74285714285716,235.84285714285716,3.359517142857143
0.89,5.602857142857142,4.424285714285714,6.045714285714285,234.55714285714288,233.1285714285714,235.4,3.3520785714285712
0.89,5.578571428571428,4.42,6.057142857142857,234.64285714285714,233.1285714285714,235.44285714285712,3.344244285714286
0.89,5.565714285714286,4.41,6.0442857142857145,234.54285714285714,233.14285714285714,235.4,3.3404257142857143
0.89,5.575714285714286,4.421428571428572,6.05,234.77142857142857,233.32857142857142,235.6142857142857,3.348507142857143
0.89,5.588571428571428,4.43,6.05,234.94285714285712,233.54285714285714,235.74285714285716,3.3546785714285714
0.89,5.594285714285713,4.432857142857143,6.0528571428571425,235.08571428571426,233.65714285714284,235.94285714285712,3.3643385714285716
0.89,5.5962499999999995,4.44,6.0649999999999995,235.35000000000002,233.85000000000002,236.1,3.37253
0.89,5.591428571428572,4.4314285714285715,6.075714285714286,235.77142857142857,234.27142857142857,236.54285714285714,3.3730614285714284
0.89,5.599999999999999,4.44,6.080000000000001,235.80000000000004,234.30000000000004,236.6,3.38078
0.89,5.599999999999999,4.4366666666666665,6.083333333333333,236.16666666666666,234.66666666666666,236.96666666666667,3.3845833333333335
0.89,5.607777777777778,4.437777777777779,6.094444444444444,236.6222222222222,235.17777777777778,237.43333333333334,3.3902344444444443
0.89,5.602857142857142,4.442857142857143,6.124285714285714,238.1,236.6,238.87142857142857,3.4143385714285714
0.89,5.607142857142857,4.4471428571428575,6.122857142857143,238.15714285714284,236.70000000000002,239.0,3.4205542857142857
0.89,5.607142857142857,4.438571428571429,6.124285714285714,238.22857142857143,236.6142857142857,238.87142857142857,3.414707142857143
0.89,5.589999999999999,4.43,6.097142857142857,236.94285714285712,235.27142857142857,237.78571428571428,3.3856314285714286
0.89,5.6000000000000005,4.44,6.105714285714285,237.3857142857143,235.77142857142857,238.1142857142857,3.400327142857143
0.89,5.604285714285714,4.444285714285715,6.114285714285714,237.55714285714288,235.91428571428574,238.24285714285716,3.4049742857142857
0.89,5.597142857142857,4.45,6.112857142857143,237.70000000000002,236.12857142857143,238.4,3.4048185714285712
0.89,5.608571428571429,4.445714285714286,6.12,238.0142857142857,236.52857142857144,238.8,3.41235
0.89,5.61,4.445,6.125,238.35000000000002,236.75,239.0,3.4126250000000002
0.89,5.607142857142857,4.45,6.115714285714286,238.05714285714288,236.5142857142857,238.65714285714284,3.4150214285714284
0.89,5.617142857142857,4.4471428571428575,6.122857142857143,238.14285714285714,236.54285714285714,238.74285714285716,3.4140914285714286
0.89,5.598571428571428,4.445714285714286,6.121428571428572,238.15714285714284,236.64285714285714,238.81428571428572,3.41704
0.89,5.607142857142857,4.448571428571428,6.128571428571428,238.6,237.14285714285714,239.29999999999998,3.4242814285714287
0.89,5.61,4.45,6.138333333333333,238.6833333333333,237.28333333333333,239.4,3.4285416666666664
0.89,5.61,4.451428571428571,6.147142857142858,239.17142857142858,237.72857142857146,239.82857142857142,3.4349171428571426
0.89,5.61,4.444285714285715,6.1571428571428575,239.65714285714287,238.31428571428572,240.31428571428572,3.4389242857142857
0.89,5.61,4.445,6.156666666666666,239.5,238.0666666666667,240.13333333333333,3.4394000000000005
0.89,5.617142857142857,4.4471428571428575,6.162857142857143,239.78571428571428,238.3142857142857,240.34285714285713,3.450337142857143
0.89,5.616666666666667,4.448333333333333,6.148333333333333,239.14999999999998,237.64999999999998,239.6833333333333,3.4380733333333335
0.89,5.6025,4.442500000000001,6.092499999999999,236.6,235.175,237.27499999999998,3.3964125000000003
0.89,5.608333333333333,4.45,6.101666666666667,236.9,235.5,237.58333333333334,3.398063333333333
0.89,5.602857142857142,4.442857142857143,6.105714285714286,237.02857142857144,235.67142857142858,237.64285714285714,3.3961485714285717
0.89,5.61,4.45,6.1,237.28000000000003,235.94,237.88000000000002,3.400996
0.89,5.595714285714286,4.441428571428572,6.1,237.1142857142857,235.71428571428572,237.7428571428571,3.39884
0.89,5.603333333333333,4.443333333333334,6.105,237.41666666666666,236.08333333333334,237.96666666666667,3.4069266666666667
0.89,5.6066666666666665,4.45,6.108333333333333,237.13333333333333,235.6833333333333,237.61666666666667,3.4092033333333336
0.89,5.604285714285714,4.441428571428572,6.114285714285715,237.77142857142857,236.52857142857144,238.4857142857143,3.4089214285714284
0.89,5.608571428571429,4.448571428571428,6.114285714285715,237.68571428571428,236.34285714285716,238.31428571428572,3.4134599999999997
0.89,5.61,4.445,6.12,238.0,236.64999999999998,238.69999999999996,3.42079
0.89,5.61,4.444285714285715,6.12,238.04285714285717,236.77142857142857,238.70000000000002,3.4125699999999997
0.89,5.601666666666667,4.446666666666666,6.121666666666667,238.0666666666667,236.73333333333335,238.66666666666666,3.4148383333333334
0.89,5.6000000000000005,4.435714285714286,6.109999999999999,237.68571428571428,236.34285714285716,238.32857142857142,3.4097885714285714
0.89,5.61,4.44,6.11,237.5,236.4,238.19999999999996,3.41272
0.89,5.601666666666667,4.448333333333333,6.103333333333334,236.91666666666666,235.6833333333333,237.65,3.400138333333333
0.89,5.5928571428571425,4.4471428571428575,6.089999999999999,236.57142857142858,235.20000000000002,237.25714285714284,3.388327142857143
0.89,5.59,4.44,6.09,236.33333333333334,235.0,237.1,3.3852700000000002
0.89,5.59,4.44,6.09,236.33333333333334,235.0,237.1,3.3852700000000002
0.89,5.59,4.44,6.09,236.33333333333334,235.0,237.1,3.3852700000000002
0.89,5.59,4.44,6.09,236.33333333333334,235.0,237.1,3.3852700000000002
0.89,5.59,4.44,6.09,236.33333333333334,235.0,237.1,3.3852700000000002
0.89,5.59,4.44,6.09,236.33333333333334,235.0,237.1,3.3852700000000002
0.89,5.59,4.44,6.09,236.33333333333334,235.0,237.1,3.3852700000000002
0.79,8.4325,7.055,9.1025,234.45,233.14999999999998,234.7,4.5200125
0.79,8.44,7.04,9.11,234.30000000000004,233.0,234.69999999999996,4.5214
0.79,8.44,7.04,9.11,234.30000000000004,233.0,234.69999999999996,4.5214
0.7799999999999999,8.43,7.04,9.14,234.4,233.1,234.9,4.50951
0.7833333333333333,8.423333333333334,7.033333333333334,9.113333333333333,234.23333333333335,232.9,234.70000000000002,4.505996666666666
0.7799999999999999,8.411666666666667,7.023333333333333,9.111666666666666,234.4,232.9666666666667,234.81666666666663,4.498445
0.78,8.424,7.023999999999999,9.113999999999999,234.51999999999998,233.11999999999998,235.04000000000002,4.505552
0.7799999999999999,8.42,7.02,9.11,234.4,233.0,235.0,4.5048
0.7799999999999999,8.436666666666666,7.031666666666666,9.131666666666668,234.9,233.58333333333334,235.33333333333334,4.5049166666666665
0.78,8.435714285714285,7.035714285714286,9.13,234.95714285714286,233.6142857142857,235.35714285714286,4.510194285714285
0.7799999999999999,8.433333333333332,7.038333333333334,9.146666666666667,235.26666666666668,233.85,235.66666666666666,4.51969
0.7799999999999999,8.444999999999999,7.038333333333334,9.15,235.23333333333335,233.85,235.71666666666667,4.522136666666667
0.7799999999999999,8.43,7.035,9.141666666666667,234.95000000000002,233.46666666666667,235.41666666666666,4.515376666666667
0.78,8.44,7.057142857142857,9.15857142857143,235.27142857142857,233.8857142857143,235.67142857142855,4.521007142857143
0.7799999999999999,8.424999999999999,7.0249999999999995,9.125,234.75,233.3166666666667,235.15,4.503668333333334
0.7799999999999999,8.405,7.010000000000001,9.11,234.35,232.85,234.75,4.49066
0.7799999999999999,8.4,7.006666666666667,9.096666666666666,234.25,232.83333333333334,234.73333333333335,4.4831216666666664
0.7811111111111111,8.38888888888889,6.99,9.072222222222223,233.93333333333334,232.43333333333334,234.2555555555556,4.470668888888889
0.7857142857142857,8.377142857142857,6.981428571428571,9.057142857142857,233.70000000000002,232.20000000000002,234.12857142857143,4.47487
0.7866666666666667,8.373333333333333,6.996666666666667,9.066666666666668,233.76666666666665,232.36666666666667,234.26666666666665,4.471123333333334
0.7883333333333334,8.37,6.986666666666667,9.055000000000001,233.58333333333334,232.13333333333333,234.03333333333333,4.462151666666666
0.79,8.38,6.986666666666667,9.063333333333334,233.5666666666667,232.13333333333333,234.0,4.463736666666667
0.79,8.38,6.98,9.07,233.5,232.19999999999996,234.0,4.46501
0.785,8.37,6.968333333333334,9.05,233.16666666666666,231.73333333333335,233.65,4.450288333333333
0.79,8.36,6.95,9.03,232.30000000000004,230.6,232.69999999999996,4.45028
0.79,8.36,6.95,9.03,232.3,230.6,232.7,4.45028
0.79,8.354,6.962000000000001,9.024,232.48000000000002,230.95999999999998,232.88000000000002,4.446116
0.79,8.35,6.97,9.02,232.6,231.19999999999996,233.0,4.44334
0.79,8.354999999999999,6.97,9.025,232.6,231.25,233.1,4.448655
0.79,8.36,6.97,9.03,232.6,231.3,233.2,4.45397
0.79,8.36,6.970000000000001,9.03,232.6,231.3,233.2,4.45397
0.79,8.36,6.970000000000001,9.03,232.6,231.3,233.2,4.45397
0.77,8.11,7.02,9.12,234.5,233.4,235.2,4.39377
0.7700000000000001,8.131428571428572,7.027142857142857,9.155714285714286,235.14285714285714,233.9,235.77142857142857,4.4120485714285715
0.77,8.146666666666667,7.036666666666666,9.18,235.6,234.33333333333334,236.20000000000002,4.42286
0.7700000000000001,8.187142857142858,7.075714285714286,9.244285714285715,236.82857142857142,235.70000000000002,237.42857142857142,4.4459357142857145
0.77,8.23,7.11,9.33,238.19999999999996,236.9,238.80000000000004,4.47939
0.765,8.243333333333334,7.13,9.345,238.46666666666667,237.36666666666667,239.20000000000002,4.48859
0.76,8.27,7.139999999999999,9.38,239.0,237.8,239.6,4.50027
0.7600000000000001,8.27,7.1433333333333335,9.39,239.20000000000002,238.0666666666667,239.83333333333334,4.5066
0.7816666666666667,7.831666666666666,6.706666666666667,8.871666666666668,239.75,238.61666666666667,240.46666666666667,4.353058333333333
0.89,5.622,4.448,6.156000000000001,239.42,238.4,240.34,3.445274
0.89,5.62,4.445,6.16,239.54999999999998,238.4,240.45000000000002,3.4385099999999995
0.89,5.61,4.44,6.172857142857143,240.04285714285714,238.8857142857143,240.8,3.4429885714285713
0.89,5.605,4.435,6.125,237.85,236.79999999999998,238.79999999999998,3.4111999999999996
0.89,5.608333333333333,4.445,6.098333333333334,237.01666666666665,235.86666666666667,237.83333333333334,3.3987933333333333
0.89,5.61,4.44,6.13,237.9,236.80000000000004,238.69999999999996,3.4062700000000006
0.89,5.61,4.44,6.13,237.9,236.8,238.7,3.40627
0.89,5.61,4.44,6.13,237.9,236.8,238.7,3.40627
0.89,5.6,4.44,6.12,237.5,236.5,238.4,3.4123399999999995
0.89,5.609999999999999,4.44,6.125,238.0,236.79999999999998,238.9,3.41452
0.89,5.603333333333333,4.44,6.13,238.16666666666666,236.96666666666667,239.03333333333333,3.414605
0.89,5.608571428571429,4.448571428571428,6.138571428571429,238.55714285714288,237.35714285714286,239.27142857142857,3.4217914285714284
0.89,5.61,4.45,6.14,238.6,237.4,239.30000000000004,3.42287
0.89,5.61,4.45,6.14,238.6,237.4,239.30000000000004,3.42287
0.89,5.61,4.45,6.14,238.6,237.4,239.30000000000004,3.42287
0.89,5.6,4.44,6.12,238.0,236.8,238.7,3.41308
0.89,5.608333333333333,4.448333333333333,6.128333333333333,238.0,236.63333333333333,238.78333333333333,3.4064716666666666
0.89,5.613333333333333,4.445,6.135000000000001,238.3166666666667,237.04999999999998,239.10000000000002,3.412478333333333
0.89,5.6,4.45,6.13,238.1,237.2,239.1,3.41723
0.89,5.61,4.45,6.14,239.0,237.69999999999996,239.69999999999996,3.43008
0.89,5.61,4.45,6.14,239.0,237.7,239.7,3.4300799999999994
0.89,5.614285714285715,4.45,6.135714285714285,238.78571428571428,237.52857142857144,239.52857142857144,3.4285157142857137
0.89,5.62,4.45,6.140000000000001,238.76666666666665,237.53333333333333,239.5666666666667,3.432733333333333
0.89,5.62,4.45,6.156666666666666,239.29999999999998,237.91666666666666,240.04999999999998,3.4370583333333333
0.89,5.605714285714286,4.45,6.152857142857143,239.20000000000002,238.0,239.82857142857142,3.42997
0.89,5.614999999999999,4.4383333333333335,6.146666666666667,239.78333333333333,237.63333333333333,239.66666666666666,3.42909
0.89,5.602857142857142,4.441428571428571,6.098571428571428,237.41428571428574,235.35714285714286,237.37142857142857,3.378352857142857
0.89,5.599999999999999,4.443333333333334,6.093333333333334,236.5,235.23333333333335,237.25,3.392645
0.89,5.604285714285714,4.437142857142858,6.095714285714286,236.77142857142857,235.42857142857142,237.4,3.387188571428571
0.89,5.6066666666666665,4.44,6.093333333333334,236.73333333333335,235.4,237.4333333333333,3.3942533333333333
0.89,5.603333333333333,4.448333333333333,6.086666666666666,236.38333333333333,235.13333333333333,237.16666666666666,3.399485
0.89,5.602857142857142,4.442857142857143,6.1,236.74285714285716,235.42857142857142,237.44285714285712,3.4018542857142857
0.89,5.608333333333333,4.448333333333333,6.091666666666666,236.65,235.33333333333334,237.33333333333334,3.3947249999999998
0.89,5.608333333333333,4.45,6.093333333333334,236.61666666666667,235.33333333333334,237.3166666666667,3.3930900000000004
0.89,5.599999999999999,4.45,6.11,236.69999999999996,235.5,237.4,3.39124
0.89,5.599999999999999,4.45,6.11,236.69999999999996,235.5,237.4,3.39124
0.89,5.6,4.45,6.11,236.7,235.5,237.4,3.39124
0.89,5.602,4.444000000000001,6.114,237.5,236.26,238.1,3.404128
0.89,5.596666666666667,4.443333333333334,6.126666666666666,237.80000000000004,236.76666666666665,238.46666666666667,3.4111499999999997
0.89,5.6,4.44,6.13,237.8,236.9,238.5,3.4128700000000003
0.89,5.6,4.4471428571428575,6.124285714285714,237.77142857142857,236.68571428571428,238.4,3.4120685714285712
0.89,5.612857142857143,4.45,6.118571428571428,237.87142857142857,236.64285714285714,238.47142857142856,3.415634285714286
0.89,5.614285714285715,4.454285714285715,6.12,237.87142857142857,236.6,238.5,3.417411428571429
0.89,5.61,4.46,6.13,238.2,236.9,238.8,3.42846
0.89,5.61,4.45,6.14,238.5,237.3,239.1,3.42655
0.89,5.608571428571429,4.45,6.138571428571429,238.4857142857143,237.3,239.07142857142858,3.4269700000000003
0.89,5.6,4.45,6.13,238.4,237.3,238.9,3.42949
0.89,5.608333333333333,4.441666666666667,6.121666666666667,237.98333333333335,236.96666666666667,238.65,3.415131666666667
0.89,5.61,4.44,6.11625,237.6375,236.4875,238.225,3.405255
0.89,5.601999999999999,4.448,6.106,237.16,235.95999999999998,237.84,3.40518
0.89,5.597142857142857,4.4471428571428575,6.097142857142857,236.94285714285712,235.67142857142858,237.35714285714286,3.3813785714285713
0.89,5.59,4.44,6.09,236.73333333333335,235.48333333333335,237.20000000000002,3.384498333333333
0.89,5.589999999999999,4.44,6.089999999999999,236.8,235.6,237.3,3.38258
0.89,5.607142857142857,4.448571428571428,6.089999999999999,236.45714285714286,235.25714285714284,237.04285714285714,3.384517142857143
0.89,5.589999999999999,4.45,6.05,234.8,233.7,235.4,3.3615299999999997
0.89,5.59,4.45,6.05,234.80000000000004,233.69999999999996,235.4,3.36153
0.78,8.15,7.05,9.1,233.7,232.3,234.1,4.40662
0.78,8.138,7.034000000000001,9.08,233.26,231.85999999999999,233.66,4.397588000000001
0.78,8.12,7.01,9.05,232.6,231.2,233.0,4.38404
0.79,8.09,6.99,8.98,231.4,230.2,231.9,4.36968
0.7799999999999999,8.13,7.03,9.09,233.6,232.19999999999996,234.1,4.40196
0.7799999999999999,8.110000000000001,7.013333333333333,9.056666666666667,232.9333333333333,231.5333333333333,233.4,4.38775
0.7799999999999999,8.07,6.98,8.99,231.6,230.19999999999996,232.0,4.35933
0.7833333333333333,8.086666666666666,6.986666666666667,9.003333333333332,231.79999999999998,230.29999999999998,232.29999999999998,4.375296666666667
0.79,8.08,6.98,8.97,231.19999999999996,229.69999999999996,231.69999999999996,4.36033
0.77,8.19,7.065,9.19,235.80000000000004,234.30000000000004,235.75,4.45292
0.77,8.19,7.07,9.2,235.80000000000004,234.30000000000004,236.19999999999996,4.45007
0.7775000000000001,8.16375,7.0475,9.151250000000001,234.9,233.5125,235.3,4.43545625
0.7799999999999999,8.123333333333333,7.016666666666666,9.093333333333334,233.76666666666665,232.26666666666665,234.16666666666666,4.401323333333333
0.785,8.303333333333333,7.02,9.07,233.4333333333333,232.13333333333333,233.89999999999998,4.460266666666667
0.7799999999999999,8.38,7.04,9.106666666666667,234.4,233.01666666666665,234.75,4.497466666666667
0.7814285714285715,8.368571428571428,7.038571428571429,9.098571428571429,234.07142857142858,232.58571428571426,234.47142857142856,4.5020114285714286
0.79,8.37,7.0249999999999995,9.084999999999999,233.79999999999998,232.4,234.25,4.4915899999999995
0.79,8.37,7.03,9.1,233.9,232.5,234.4,4.49765
0.7866666666666667,8.37,7.02,9.098333333333333,233.95000000000002,232.54999999999998,234.35,4.4898533333333335
0.7866666666666667,8.358333333333333,7.0183333333333335,9.095,233.95000000000002,232.53333333333333,234.36666666666665,4.489768333333333
0.7833333333333333,8.35,7.008333333333333,9.081666666666667,233.79999999999998,232.28333333333333,234.14999999999998,4.48296
0.79,8.36,7.015,9.084999999999999,233.9,232.35000000000002,234.19999999999996,4.49074
0.785,8.375,7.0249999999999995,9.104999999999999,234.25,232.75,234.64999999999998,4.48444
0.7799999999999999,8.378333333333334,7.02,9.108333333333333,234.23333333333335,232.70000000000002,234.6,4.4962583333333335
0.78,8.384285714285715,7.03,9.121428571428572,234.4,232.97142857142856,234.81428571428572,4.4912157142857145
0.7799999999999999,8.41,7.0249999999999995,9.104999999999999,234.35000000000002,232.65,234.54999999999998,4.51041
0.78,8.434000000000001,7.023999999999999,9.112,234.34,232.7,234.51999999999998,4.515677999999999
0.7833333333333333,8.426666666666668,7.033333333333334,9.113333333333333,234.36666666666667,232.91666666666666,234.6833333333333,4.500628333333334
0.7814285714285715,8.421428571428573,7.014285714285714,9.084285714285715,234.04285714285714,232.47142857142856,234.20000000000002,4.512001428571429
0.7799999999999999,8.411666666666667,7.010000000000001,9.083333333333334,234.01666666666665,232.51666666666665,234.29999999999998,4.4924100000000005
0.7799999999999999,8.41,7.010000000000001,9.083333333333334,234.0,232.53333333333333,234.26666666666665,4.489893333333334
0.7816666666666667,8.396666666666667,7.003333333333333,9.07,233.6833333333333,232.28333333333333,233.98333333333335,4.479323333333333
0.79,8.379999999999999,6.994285714285715,9.037142857142857,233.12857142857143,231.64285714285714,233.32857142857142,4.467027142857143
0.79,8.375,6.989999999999999,9.025,232.96666666666667,231.5666666666667,233.23333333333335,4.46384
0.79,8.37,6.99,9.03,233.1,231.7,233.4,4.46277
0.79,8.37,6.99,9.03,233.1,231.7,233.4,4.46277
0.79,8.36,6.97,9.01,232.2,230.8,232.5,4.44682
0.79,8.36,6.97,9.01,232.19999999999996,230.80000000000004,232.5,4.44682
0.79,8.366666666666667,6.968333333333334,9.013333333333334,232.38333333333333,231.04999999999998,232.6833333333333,4.444735
0.79,8.345714285714285,6.965714285714285,8.98857142857143,232.17142857142858,230.81428571428572,232.47142857142856,4.442464285714285
0.79,8.35,6.97,8.98,232.0,230.6,232.30000000000004,4.43967
0.79,8.355714285714285,6.97,8.997142857142858,232.32857142857142,230.91428571428574,232.57142857142858,4.442977142857143
0.79,8.313333333333333,6.97,9.023333333333333,232.80000000000004,231.4333333333333,233.20000000000002,4.443293333333333
0.79,8.29,6.97,9.03,232.80000000000004,231.5,233.30000000000004,4.43866
0.79,8.29,6.97,9.03,232.80000000000004,231.5,233.30000000000004,4.43866
0.79,8.29,6.97,9.03,232.80000000000004,231.5,233.30000000000004,4.43866
0.79,8.29,6.97,9.03,232.80000000000004,231.5,233.30000000000004,4.43866
0.7799999999999999,8.459999999999999,7.07,9.209999999999999,236.60000000000002,235.39999999999998,236.89999999999998,4.550775
0.7714285714285715,8.487142857142858,7.095714285714286,9.245714285714286,237.4,236.2,237.7,4.559837142857143
0.77,8.51,7.114999999999999,9.290000000000001,237.95000000000002,236.79999999999998,238.35,4.57489
0.7700000000000001,8.53,7.13,9.33,238.5,237.4,239.0,4.59147
0.7783333333333333,8.441666666666666,7.05,9.148333333333333,233.96666666666667,232.79999999999998,234.4333333333333,4.506726666666666
0.78,8.438571428571427,7.04,9.147142857142857,234.35714285714286,233.17142857142855,234.87142857142857,4.49741
0.78,8.435714285714285,7.0442857142857145,9.167142857142858,234.74285714285716,233.54285714285714,235.37142857142857,4.505452857142857
0.7971428571428572,8.084285714285715,6.672857142857143,8.745714285714286,235.25714285714284,234.24285714285716,236.0,4.359094285714286
0.9,5.98,4.44,6.080000000000001,235.30000000000004,234.19999999999996,236.0,3.47715
0.9,5.9799999999999995,4.44,6.0685714285714285,234.95714285714286,233.85714285714286,235.77142857142857,3.4677614285714284
0.895,5.965,4.435,6.055,234.75,233.5,235.54999999999998,3.457315
0.9,5.96,4.44,6.05,234.7,233.5,235.6,3.45227
0.89,5.994285714285715,4.444285714285715,6.075714285714286,235.42857142857142,234.45714285714286,236.3,3.4788442857142856
0.89,5.988571428571428,4.441428571428572,6.078571428571428,235.54285714285714,234.44285714285712,236.27142857142857,3.4753700000000003
0.89,5.993333333333333,4.443333333333334,6.063333333333333,235.19999999999996,234.03333333333333,236.03333333333333,3.4675233333333337
0.8914285714285715,5.9957142857142856,4.44,6.071428571428571,235.58571428571426,234.41428571428574,236.32857142857142,3.4736657142857146
0.8928571428571429,6.0,4.432857142857143,6.08,236.15714285714287,235.15714285714287,236.92857142857142,3.4839428571428575
0.89,5.99125,4.438750000000001,6.08875,236.3,235.0375,236.925,3.489195
0.89,5.989999999999999,4.44,6.09,236.30000000000004,235.0,236.9,3.49002
0.89,5.989999999999999,4.44,6.09,236.30000000000004,235.0,236.9,3.49002
0.89,5.972857142857143,4.441428571428572,6.11,237.1,236.0,237.81428571428572,3.50384
0.89,5.991428571428571,4.448571428571428,6.111428571428571,237.22857142857143,236.1,238.0142857142857,3.5083685714285715
0.89,5.982857142857143,4.437142857142858,6.12,237.81428571428572,236.58571428571426,238.54285714285714,3.5083257142857143
0.89,5.97,4.43,6.128571428571428,237.67142857142855,236.3,238.3,3.5057457142857147
0.89,5.9871428571428575,4.438571428571429,6.138571428571429,238.7,237.4,239.5,3.5208185714285714
0.89,5.99,4.454285714285715,6.145714285714286,239.02857142857144,237.78571428571428,239.70000000000002,3.5342857142857147
0.89,5.99,4.451428571428571,6.151428571428572,239.22857142857143,238.02857142857144,240.02857142857144,3.5295128571428576
0.89,5.99,4.46,6.16,239.4,238.2,240.2,3.51363
0.89,5.99,4.45,6.15,239.2,237.9,239.7,3.5428400000000004
0.89,5.99,4.45,6.15,239.2,237.9,239.7,3.5428400000000004
0.89,5.975714285714285,4.45,6.107142857142857,237.20000000000002,235.9,237.70000000000002,3.5073185714285713
0.89,5.984285714285714,4.45,6.097142857142857,236.75714285714284,235.5285714285714,237.47142857142856,3.5008028571428573
0.8942857142857142,5.99,4.454285714285715,6.087142857142857,236.29999999999998,234.97142857142856,236.97142857142856,3.488472857142857
0.8957142857142858,5.985714285714287,4.45,6.078571428571428,235.70000000000002,234.34285714285716,236.44285714285712,3.4812885714285713
0.9,5.9799999999999995,4.45,6.098571428571428,236.2571428571429,234.95714285714286,237.02857142857144,3.48478
0.895,5.9750000000000005,4.45,6.085,236.04999999999998,234.79999999999998,236.70000000000002,3.4786099999999998
0.89,5.97,4.445,6.085,236.1,234.85000000000002,236.8,3.482875
0.89,5.9799999999999995,4.44,6.089999999999999,236.18571428571428,234.94285714285712,236.77142857142857,3.4798742857142853
0.89,6.032857142857144,4.437142857142858,6.1,236.57142857142858,235.35714285714286,237.29999999999998,3.502121428571429
0.89,6.080000000000001,4.45,6.099999999999999,237.0,235.69999999999996,237.6,3.50918
0.89,6.0685714285714285,4.444285714285715,6.105714285714286,237.05714285714288,235.75714285714284,237.71428571428572,3.510077142857143
0.89,6.065714285714286,4.434285714285714,6.11,237.1,235.8,237.8,3.514178571428571
0.89,6.068571428571429,4.43,6.108571428571429,237.05714285714288,235.8,237.7571428571429,3.5143
0.89,6.077142857142857,4.4471428571428575,6.108571428571429,237.14285714285714,235.97142857142856,237.84285714285716,3.5113685714285716
0.89,6.08,4.45,6.11,237.2,236.0,237.9,3.51333
0.89,6.07,4.45,6.114285714285715,237.62857142857143,236.55714285714288,238.45714285714286,3.53104
0.89,6.065,4.44,6.114999999999999,237.5,236.35,238.1,3.52543
0.89,6.06,4.44,6.099999999999999,237.30000000000004,236.1,237.9,3.50845
0.89,6.06,4.44,6.1,237.3,236.1,237.9,3.50845
0.89,6.068571428571429,4.44,6.1257142857142854,237.72857142857146,236.6142857142857,238.32857142857142,3.517398571428571
0.89,6.06,4.443333333333334,6.13,237.66666666666666,236.5,238.35,3.5222700000000002
0.89,6.07,4.441666666666667,6.113333333333333,237.58333333333334,236.48333333333335,238.20000000000002,3.5205483333333336
0.89,6.07,4.44,6.123333333333334,237.5666666666667,236.4,238.16666666666666,3.520886666666667
0.89,6.07,4.442857142857143,6.13,237.68571428571428,236.51428571428573,238.25714285714284,3.522251428571429
0.89,6.068333333333334,4.443333333333334,6.121666666666667,237.5,236.45000000000002,238.1,3.519906666666667
0.89,6.06,4.4471428571428575,6.12,237.44285714285712,236.24285714285716,238.14285714285714,3.51796
0.89,6.0616666666666665,4.441666666666667,6.118333333333333,237.30000000000004,236.11666666666667,238.0,3.51892
0.89,6.07,4.4471428571428575,6.107142857142857,237.12857142857143,236.0,237.82857142857142,3.509848571428571
0.89,6.068333333333334,4.44,6.098333333333333,236.64999999999998,235.46666666666667,237.35,3.5058566666666664
0.89,6.055,4.44,6.09,236.4,235.25,237.04999999999998,3.499005
0.89,6.065714285714286,4.444285714285715,6.089999999999999,236.3,235.15714285714284,236.94285714285712,3.49653
0.7799999999999999,8.6,7.113333333333333,9.24,235.9,234.80000000000004,236.46666666666667,4.569366666666666
0.7799999999999999,8.596666666666666,7.091666666666666,9.211666666666668,235.6833333333333,234.70000000000002,236.21666666666667,4.546391666666667
0.78,8.61,7.11,9.23,236.12857142857143,235.15714285714284,236.72857142857143,4.574988571428571
0.7799999999999999,8.63,7.13,9.26,236.80000000000004,235.9,237.5,4.59055
0.7799999999999999,8.611666666666666,7.1066666666666665,9.223333333333334,236.1833333333333,235.28333333333333,236.70000000000002,4.574986666666667
0.78,8.58,7.08,9.178,235.16,234.21999999999997,235.7,4.543672
0.78,8.58,7.08,9.16,235.1,234.1,235.7,4.54624
0.7799999999999999,8.565,7.055,9.125,234.29999999999998,233.35,234.89999999999998,4.5251399999999995
0.78,8.55,7.03,9.09,233.5,232.6,234.1,4.50404
0.7833333333333333,8.533333333333333,7.0200000000000005,9.07,233.1,232.16666666666666,233.66666666666666,4.500023333333334
0.7883333333333334,8.515,7.013333333333333,9.055,232.78333333333333,231.78333333333333,233.3166666666667,4.500841666666667
0.7799999999999999,8.59,7.073333333333333,9.173333333333334,235.0666666666667,234.13333333333333,235.70000000000002,4.54686
0.78,8.58,7.07,9.165714285714285,235.07142857142858,234.05714285714288,235.55714285714288,4.54137
0.7799999999999999,8.58,7.07,9.16,234.9,234.0,235.5,4.53737
0.7799999999999999,8.58,7.07,9.16,234.9,234.0,235.5,4.53737
0.7799999999999999,8.58,7.07,9.16,234.9,234.0,235.5,4.53737
0.7799999999999999,8.545,7.031666666666666,9.09,233.45000000000002,232.36666666666667,234.0,4.52203
0.7866666666666667,8.540000000000001,7.04,9.09,233.5333333333333,232.46666666666667,234.13333333333333,4.52189
0.79,8.556666666666667,7.043333333333333,9.103333333333333,233.66666666666666,232.66666666666666,234.29999999999998,4.526129999999999
0.79,8.545,7.038333333333334,9.09,233.46666666666667,232.51666666666665,234.13333333333333,4.514335
0.79,8.55,7.036,9.09,233.6,232.66,234.2,4.5219380000000005
0.79,8.55,7.0371428571428565,9.088571428571429,233.54285714285714,232.54285714285714,234.1,4.524732857142857
0.7857142857142857,8.547142857142857,7.025714285714286,9.08,233.28571428571428,232.2428571428571,233.84285714285716,4.5149742857142865
0.79,8.556000000000001,7.034000000000001,9.08,233.5,232.5,234.1,4.52821
0.7857142857142857,8.554285714285713,7.04,9.097142857142858,233.71428571428572,232.75714285714284,234.27142857142857,4.5248928571428575
0.7799999999999999,8.54,7.03,9.09,233.35000000000002,232.35,233.9,4.5104
0.7799999999999999,8.548333333333334,7.036666666666666,9.09,233.41666666666666,232.4,234.0,4.511933333333333
0.7799999999999999,8.543333333333333,7.035,9.101666666666667,233.53333333333333,232.53333333333333,234.19999999999996,4.5180983333333335
0.7814285714285715,8.547142857142857,7.035714285714286,9.104285714285714,233.71428571428572,232.72857142857143,234.28571428571428,4.520764285714286
0.79,8.56,7.04,9.1,234.1,232.9,234.5,4.53888
0.7799999999999999,8.556666666666667,7.046666666666667,9.11,234.0,233.03333333333333,234.5666666666667,4.532976666666666
0.78,8.55857142857143,7.04,9.11,234.08571428571432,233.1142857142857,234.54285714285714,4.526525714285714
0.7799999999999999,8.549999999999999,7.043333333333333,9.096666666666666,233.9333333333333,233.1,234.4333333333333,4.525476666666667
0.78,8.561428571428573,7.05,9.10142857142857,234.28571428571428,233.21428571428572,234.6142857142857,4.531064285714286
0.7866666666666667,8.526666666666666,7.013333333333333,9.053333333333335,232.96666666666667,232.03333333333333,233.5,4.499996666666667
0.7883333333333334,8.528333333333332,7.010000000000001,9.071666666666667,233.1,232.04999999999998,233.61666666666667,4.499455
0.78,8.537142857142856,7.017142857142857,9.07,233.27142857142857,232.24285714285716,233.77142857142857,4.503265714285715
0.7799999999999999,8.54,7.02,9.08,233.6,232.5,234.0,4.5109
0.7799999999999999,8.533333333333333,7.026666666666666,9.086666666666666,233.6,232.5,234.0,4.509460000000001
0.7857142857142857,8.524285714285714,7.0200000000000005,9.074285714285715,233.17142857142858,232.17142857142858,233.71428571428572,4.500198571428571
0.785,8.525,7.015,9.07,233.0,232.0,233.6,4.496885
0.79,8.515714285714285,7.018571428571429,9.052857142857142,232.75714285714284,231.79999999999998,233.28571428571428,4.494581428571428
0.79,8.524285714285714,7.021428571428571,9.078571428571427,233.0142857142857,232.0142857142857,233.34285714285716,4.504662857142857
0.79,8.52,7.016666666666666,9.083333333333334,232.83333333333334,231.83333333333334,233.4333333333333,4.500586666666666
0.79,8.50375,7.0175,9.0775,232.65,231.6875,233.2125,4.497708749999999
0.79,8.53,7.02,9.09,233.1,232.0,233.65,4.509049999999999
0.79,8.53,7.0200000000000005,9.09,233.0,231.9,233.5,4.51312
0.78,8.55,7.04,9.11,233.9,232.8,234.3,4.52504
0.7857142857142857,8.525714285714285,7.034285714285715,9.084285714285715,233.37142857142857,232.32857142857142,233.9857142857143,4.5089942857142855
0.7799999999999999,8.54,7.03,9.12,233.6,232.69999999999996,234.4,4.52091
0.7799999999999999,8.53,7.03,9.1,233.69999999999996,232.69999999999996,234.1,4.51067
0.7799999999999999,8.53,7.03,9.1,233.69999999999996,232.69999999999996,234.1,4.51067
0.78,8.53,7.03,9.108749999999999,233.78750000000002,232.9625,234.275,4.5118625
0.7799999999999999,8.523333333333333,7.03,9.11,233.96666666666667,232.86666666666665,234.5,4.519926666666667
0.7799999999999999,8.538333333333332,7.03,9.101666666666667,233.76666666666665,232.70000000000002,234.36666666666667,4.50904
0.78,8.54,7.03,9.1,233.7,232.6,234.3,4.50584
0.86,6.906666666666666,5.303333333333334,7.066666666666666,233.83333333333334,232.73333333333335,234.4333333333333,3.81766
0.9,6.089999999999999,4.4471428571428575,6.057142857142857,234.04285714285714,233.0142857142857,234.71428571428572,3.479062857142857
0.9,6.082857142857143,4.45,6.06,233.95714285714286,232.95714285714286,234.72857142857143,3.4741385714285715
0.9,6.095,4.44625,6.06375,234.2375,233.1625,235.0,3.4751
0.9,6.094285714285713,4.45,6.06,234.44285714285712,233.3,235.1,3.4851300000000003
0.9,6.089999999999999,4.45,6.06,234.3,233.2,235.1,3.4834399999999994
0.9,6.09,4.45,6.06,234.30000000000004,233.19999999999996,235.1,3.48344
0.9,6.09,4.45,6.06,234.35000000000002,233.225,235.15,3.4831325
0.9,6.087142857142857,4.442857142857143,6.071428571428571,234.81428571428572,233.64285714285714,235.5,3.488258571428571
0.8971428571428571,6.082857142857143,4.44,6.07,235.0,233.84285714285716,235.7,3.4902414285714287
0.89,6.089999999999999,4.44,6.077142857142857,235.07142857142858,233.77142857142857,235.77142857142857,3.489777142857143
0.89,6.089999999999999,4.44,6.082857142857143,235.29999999999998,234.02857142857144,236.0,3.4959457142857144
0.89,6.091666666666666,4.448333333333333,6.103333333333333,236.28333333333333,235.1833333333333,236.91666666666666,3.5143966666666664
0.89,6.1,4.45,6.117142857142857,236.6285714285714,235.42857142857142,237.27142857142857,3.5175757142857145
0.89,6.108571428571429,4.445714285714286,6.12,236.9857142857143,235.74285714285716,237.72857142857146,3.527555714285714
0.89,6.11,4.4575,6.12,236.9625,235.82500000000002,237.675,3.53206125
0.89,6.11,4.452857142857143,6.128571428571428,237.57142857142858,236.3857142857143,238.28571428571428,3.540907142857143
0.89,6.111428571428571,4.445714285714286,6.145714285714286,238.04285714285714,236.97142857142856,238.81428571428572,3.543517142857143
0.89,6.112857142857143,4.45,6.15,238.24285714285716,237.14285714285714,238.94285714285712,3.547152857142857
0.89,6.114285714285715,4.45,6.152857142857143,238.55714285714288,237.37142857142857,239.3142857142857,3.555792857142857
0.89,6.114999999999999,4.42,6.161666666666666,238.8166666666667,237.63333333333333,239.53333333333333,3.5511733333333333
0.89,6.098333333333333,4.371666666666667,6.176666666666667,239.16666666666666,238.04999999999998,239.91666666666666,3.552356666666667
0.89,6.109999999999999,4.448571428571428,6.184285714285714,239.68571428571428,238.54285714285714,240.37142857142857,3.57076
0.89,6.095714285714286,4.44,6.115714285714286,236.95714285714286,235.78571428571428,237.55714285714288,3.5252971428571427
0.89,6.09,4.44,6.09,235.9,234.69999999999996,236.5,3.5086600000000003
0.89,6.09,4.442,6.098,236.18,235.0,236.82,3.51411
0.89,6.091428571428572,4.45,6.131428571428572,237.34285714285716,236.2428571428571,238.12857142857143,3.535568571428571
0.89,6.093333333333334,4.448333333333333,6.141666666666667,237.76666666666665,236.61666666666667,238.5,3.53885
0.89,6.095714285714286,4.441428571428572,6.128571428571429,237.18571428571428,236.05714285714288,237.79999999999998,3.53174
0.89,6.099999999999999,4.45,6.12,236.86666666666667,235.80000000000004,237.5666666666667,3.5242000000000004
0.89,6.099999999999999,4.45,6.12,236.9,235.80000000000004,237.6,3.52388
0.89,6.095714285714286,4.448571428571428,6.12,236.97142857142856,235.85714285714286,237.6142857142857,3.521494285714286
0.89,6.095,4.44,6.13,237.25,236.04999999999998,237.79999999999998,3.5232550000000002
0.89,6.09,4.45,6.14,237.80000000000004,236.6,238.4,3.53997
0.89,6.089999999999999,4.45,6.14,237.8,236.6,238.4,3.53997
0.89,6.104285714285714,4.45,6.145714285714286,238.31428571428572,237.14285714285714,238.94285714285712,3.5536242857142857
0.89,6.095,4.445,6.151666666666667,238.36666666666667,237.21666666666667,238.9333333333333,3.5455666666666663
0.89,6.093333333333334,4.446666666666666,6.155,238.38333333333333,237.28333333333333,239.03333333333333,3.5427999999999997
0.89,6.102857142857142,4.4471428571428575,6.1571428571428575,238.64285714285714,237.6142857142857,239.21428571428572,3.552857142857143
0.89,6.1066666666666665,4.446666666666666,6.153333333333333,238.79999999999998,237.76666666666665,239.29999999999998,3.5563833333333332
0.89,6.074285714285715,4.448571428571428,6.168571428571428,239.2571428571429,238.15714285714284,239.92857142857142,3.5536357142857145
0.89,6.076666666666667,4.443333333333334,6.169999999999999,239.46666666666667,238.36666666666667,240.08333333333334,3.5615466666666666
0.89,6.08,4.44,6.17,239.5,238.4,240.1,3.56571
0.8966666666666666,6.073333333333333,4.446666666666666,6.123333333333332,237.36666666666667,236.20000000000002,237.83333333333334,3.5265566666666666
0.9,6.07,4.45,6.1,236.3,235.1,236.7,3.50698
0.898,6.066000000000001,4.448,6.1,236.24,235.06,236.67999999999998,3.5063180000000003
0.89,6.057142857142857,4.44,6.1,235.92857142857142,234.9,236.52857142857144,3.500448571428571
0.89,6.066666666666666,4.448333333333333,6.098333333333333,235.76666666666668,234.75,236.36666666666667,3.5004416666666667
0.89,6.06,4.442857142857143,6.097142857142857,235.57142857142858,234.6142857142857,236.24285714285716,3.48771
0.89,6.058333333333333,4.44,6.091666666666666,235.54999999999998,234.53333333333333,236.16666666666666,3.49198
0.89,6.05,4.44,6.08,235.3,234.0,235.8,3.48468
0.89,6.05,4.44,6.08,235.3,234.21428571428572,235.8714285714286,3.47728
0.89,6.05,4.44,6.08,235.3,234.3,235.9,3.47432
0.8533333333333334,6.8933333333333335,5.323333333333333,7.113333333333333,235.23333333333335,234.20000000000002,235.76666666666665,3.8383900000000004
0.7799999999999999,8.584999999999999,7.095,9.196666666666667,235.26666666666665,234.21666666666667,235.73333333333335,4.557291666666667
0.78,8.585714285714285,7.087142857142857,9.211428571428572,235.47142857142856,234.42857142857142,235.97142857142856,4.545655714285714
0.7799999999999999,8.593333333333334,7.080000000000001,9.18,235.46666666666667,234.4333333333333,235.9,4.5632633333333334
0.78,8.59,7.08,9.178571428571429,235.27142857142857,234.17142857142858,235.67142857142858,4.5567842857142855
0.7799999999999999,8.576666666666666,7.0683333333333325,9.153333333333334,234.73333333333335,233.70000000000002,235.1833333333333,4.530491666666667
0.78,8.575714285714286,7.064285714285715,9.141428571428571,234.57142857142858,233.5142857142857,235.02857142857144,4.547347142857143
0.7799999999999999,8.58,7.06,9.16,234.80000000000004,233.69999999999996,235.4,4.55372
0.78,8.58,7.06,9.16,234.8,233.7,235.4,4.55372
0.78,8.568000000000001,7.048,9.148,234.32,233.28000000000003,234.92,4.547984
0.79,8.548571428571428,7.008571428571429,9.104285714285714,233.57142857142858,232.41428571428574,234.22857142857143,4.51406
0.79,8.55,7.015000000000001,9.08,233.0,231.64999999999998,233.45000000000002,4.520980000000001
0.79,8.540000000000001,7.0,9.06,232.73333333333335,231.26666666666665,233.1,4.517126666666667
0.79,8.52,7.0,9.06,232.8,231.6,233.5,4.50654
0.7799999999999999,8.566666666666668,7.05,9.166666666666666,234.76666666666665,233.9333333333333,235.76666666666665,4.5632166666666665
0.78,8.575,7.05,9.1725,234.7,233.475,235.3,4.5541175
0.785,8.575000000000001,7.044999999999999,9.155,234.75,233.54999999999998,235.39999999999998,4.5489299999999995
0.7814285714285715,8.555714285714286,7.042857142857143,9.14857142857143,234.45714285714283,233.22857142857143,235.02857142857144,4.539961428571429
0.78,8.555714285714286,7.034285714285715,9.154285714285715,234.18571428571428,232.94285714285712,234.8,4.525194285714286
0.7842857142857144,8.551428571428572,7.028571428571428,9.14,233.95714285714286,232.78571428571428,234.65714285714284,4.539064285714285
0.78,8.564285714285715,7.035714285714286,9.15857142857143,234.5,233.34285714285716,235.04285714285714,4.517678571428571
0.78,8.564285714285715,7.04,9.144285714285715,234.25714285714284,233.2,234.95714285714286,4.538277142857143
0.7799999999999999,8.565,7.044999999999999,9.145000000000001,234.35,233.15,235.04999999999998,4.5391699999999995
0.78,8.56,7.048571428571428,9.14,234.52857142857144,233.3857142857143,235.18571428571428,4.545222857142858
0.78,8.5,7.038571428571429,9.137142857142857,234.37142857142857,233.2571428571429,235.05714285714288,4.526381428571429
0.78,8.14,7.03,9.125714285714285,234.2,233.02857142857144,234.82857142857145,4.4151871428571425
0.78,8.135714285714286,7.028571428571429,9.13857142857143,234.1142857142857,232.9857142857143,234.77142857142857,4.411821428571428
0.7799999999999999,8.128333333333332,7.028333333333333,9.13,234.0,232.79999999999998,234.61666666666667,4.405846666666666
0.78,8.1225,7.0225,9.108749999999999,233.4,232.5,234.2,4.4103075
0.78,8.134285714285715,7.021428571428571,9.102857142857143,233.52857142857144,232.24285714285716,234.07142857142858,4.411401428571429
0.78,8.127142857142857,7.0200000000000005,9.107142857142858,233.57142857142858,232.31428571428572,234.07142857142858,4.409981428571428
0.78,8.122857142857143,7.025714285714286,9.102857142857143,233.6,232.4,234.14285714285714,4.404571428571429
0.78,8.1,7.01,9.077142857142857,232.87142857142857,231.67142857142855,233.54285714285714,4.392974285714286
0.78,8.094285714285714,6.998571428571429,9.048571428571428,232.47142857142856,231.27142857142857,232.97142857142856,4.382211428571429
0.78,8.094285714285714,6.994285714285715,9.042857142857143,232.32857142857142,231.14285714285714,232.85714285714286,4.383224285714286
0.78,8.08,6.9799999999999995,9.02,231.7,230.6,232.4,4.36721
0.7714285714285715,8.165714285714285,7.057142857142858,9.200000000000001,235.29999999999998,234.02857142857144,235.91428571428574,4.430347142857143
0.77,8.18,7.0683333333333325,9.206666666666667,235.66666666666666,234.53333333333333,236.21666666666667,4.445661666666667
0.7728571428571429,8.172857142857143,7.058571428571428,9.191428571428572,235.24285714285716,234.07142857142858,235.87142857142857,4.4455285714285715
0.78,8.17,7.05375,9.17625,235.2,234.0,235.82500000000002,4.44833875
0.78,8.161428571428571,7.041428571428571,9.171428571428573,235.02857142857144,233.78571428571428,235.58571428571432,4.437165714285714
0.78,8.157142857142857,7.045714285714285,9.161428571428571,234.6,233.35714285714286,235.18571428571428,4.410558571428571
0.78,8.15,7.04625,9.16,234.5125,233.375,235.175,4.42819625
0.78,8.128571428571428,7.04,9.154285714285715,234.24285714285716,233.2,234.8857142857143,4.41712
0.78,8.131428571428572,7.025714285714286,9.131428571428572,233.82857142857142,232.67142857142858,234.52857142857144,4.411872857142858
0.78,8.12,7.0200000000000005,9.12,233.71428571428572,232.55714285714288,234.35714285714286,4.402878571428571
0.78,8.115714285714285,7.021428571428571,9.131428571428572,233.97142857142856,232.72857142857143,234.57142857142858,4.406407142857143
0.78,8.1175,7.025,9.137500000000001,234.075,232.875,234.64999999999998,4.4021625
0.7771428571428572,8.11,7.021428571428571,9.15,234.34285714285716,233.17142857142858,234.9857142857143,4.398974285714286
0.7785714285714286,8.127142857142857,7.03,9.165714285714285,234.6,233.44285714285712,235.31428571428572,4.41111
0.7757142857142857,8.115714285714285,7.021428571428571,9.164285714285715,234.57142857142858,233.47142857142856,235.37142857142857,4.417297142857143
0.77125,8.12125,7.02,9.16,234.5375,233.4375,235.3125,4.40696375
0.8585714285714285,6.344285714285713,5.17,6.954285714285715,234.6142857142857,233.45714285714286,235.45714285714286,3.6645600000000003
0.89,5.627142857142857,4.438571428571429,6.061428571428571,234.68571428571428,233.44285714285712,235.47142857142856,3.369097142857143
0.89,5.6085714285714285,4.434285714285714,6.058571428571428,234.71428571428572,233.45714285714286,235.4857142857143,3.36675
0.89,5.6137500000000005,4.43375,6.0575,234.8,233.5,235.5375,3.3683775000000002
0.89,5.62,4.434285714285714,6.06,234.3857142857143,232.9857142857143,235.18571428571428,3.3581942857142857
0.89,5.618571428571428,4.4471428571428575,6.07,234.77142857142857,233.44285714285712,235.6142857142857,3.3758142857142857
0.89,5.61,4.43,6.07,234.6,233.4,235.4,3.3703799999999995
0.89,5.618571428571428,4.441428571428572,6.06,234.55714285714288,233.22857142857143,235.31428571428572,3.3657985714285714
0.89,5.62,4.445,6.065,234.79999999999998,233.5,235.5,3.372875
0.89,5.621428571428572,4.44,6.065714285714286,234.95714285714286,233.55714285714288,235.72857142857143,3.378691428571429
0.89,5.617142857142857,4.44,6.064285714285715,234.8857142857143,233.34285714285713,235.41428571428568,3.3755485714285713
0.89,5.614999999999999,4.435,6.073333333333333,234.91666666666666,233.53333333333333,235.76666666666668,3.3723333333333336
0.89,5.617142857142857,4.435714285714286,6.081428571428572,235.07142857142858,233.67142857142855,235.91428571428574,3.3762385714285714
0.89,5.628333333333333,4.448333333333333,6.075,235.25,233.86666666666665,235.98333333333335,3.3847283333333333
0.89,5.62,4.445,6.099999999999999,235.95000000000002,234.54999999999998,236.70000000000002,3.39503
0.89,5.635000000000001,4.44,6.099999999999999,236.25,234.9,237.0,3.4022400000000004
0.89,5.63,4.45,6.1066666666666665,236.53333333333333,235.16666666666666,237.23333333333335,3.4051466666666665
0.89,5.63,4.45,6.1066666666666665,236.66666666666666,235.23333333333335,237.36666666666667,3.4108933333333336
0.89,5.63,4.45,6.12,236.85000000000002,235.5,237.5,3.4051349999999996
0.89,5.63,4.444285714285715,6.114285714285715,236.72857142857143,235.3857142857143,237.42857142857142,3.4073485714285714
0.89,5.63,4.445,6.114999999999999,237.0,235.70000000000002,237.70000000000002,3.4142499999999996
0.89,5.638333333333333,4.45,6.12,237.36666666666667,236.0,238.08333333333334,3.4212066666666665
0.89,5.633333333333333,4.443333333333334,6.12,237.31666666666663,235.98333333333335,238.0,3.4146266666666665
0.89,5.64,4.45,6.12,237.69999999999996,236.30000000000004,238.30000000000004,3.43085
0.89,5.625,4.445,6.1499999999999995,238.20000000000002,237.0,238.9,3.4347
0.89,5.628333333333333,4.448333333333333,6.14,238.0,236.71666666666667,238.80000000000004,3.424935
0.89,5.63,4.443333333333334,6.131666666666667,237.63333333333333,236.4,238.4,3.420666666666667
0.89,5.63,4.45,6.13,237.0,236.5,238.4,3.4254
0.89,5.635000000000001,4.45,6.145,237.95000000000002,237.1,239.0,3.43567
0.89,5.636666666666667,4.443333333333334,6.16,238.79999999999998,237.63333333333333,239.6,3.4430416666666672
0.89,5.641428571428571,4.441428571428572,6.177142857142856,239.45714285714286,238.32857142857142,240.22857142857146,3.44833
0.89,5.636666666666667,4.44,6.153333333333333,238.53333333333333,237.29999999999998,239.16666666666666,3.43178
0.89,5.63,4.44,6.099999999999999,236.4,235.1,236.9,3.39926
0.89,5.631666666666667,4.441666666666667,6.103333333333333,236.48333333333335,235.20000000000002,237.01666666666665,3.4013983333333333
0.89,5.64,4.45,6.12,236.9,235.69999999999996,237.6,3.4120900000000005
0.89,5.63,4.44,6.12,237.0,235.69999999999996,237.6,3.41926
0.89,5.59,4.44,6.11,236.80000000000004,235.4,237.4,3.39197
0.89,5.61,4.446,6.1240000000000006,237.44,236.21999999999997,238.11999999999998,3.4146
0.89,5.6066666666666665,4.446666666666666,6.133333333333333,237.70000000000002,236.46666666666667,238.33333333333334,3.408
0.89,5.614999999999999,4.445,6.135000000000001,238.1,236.9,238.70000000000002,3.428335
0.89,5.62,4.456666666666667,6.148333333333333,238.53333333333333,237.25,239.13333333333333,3.4357283333333335
0.89,5.62,4.46,6.150000000000001,238.6,237.30000000000004,239.19999999999996,3.43613
0.89,5.62,4.46,6.15,238.6,237.3,239.2,3.43613
0.89,5.62,4.45,6.15,239.1,237.8,239.6,3.44204
0.89,5.612,4.45,6.15,238.54000000000002,237.24,239.11999999999998,3.435944
0.89,5.616666666666667,4.456666666666667,6.156666666666666,238.6,237.5,239.33333333333334,3.4375999999999998
0.89,5.62,4.46,6.16,238.69999999999996,237.69999999999996,239.5,3.43919
0.89,5.62,4.455,6.169999999999999,239.6,238.4,240.29999999999998,3.4583399999999997
0.89,5.61,4.458,6.168,239.5,238.3,240.1,3.462992
0.89,5.61,4.45,6.16,239.01666666666665,237.8166666666667,239.63333333333333,3.4398483333333334
0.89,5.61,4.446,6.164,238.8,237.64000000000001,239.5,3.4336220000000006
0.89,5.601666666666667,4.44,6.1499999999999995,238.6,237.36666666666667,239.20000000000002,3.433515
0.89,5.601666666666667,4.44,6.141666666666667,238.0,236.54999999999998,238.45000000000002,3.430885
0.89,5.603333333333333,4.44,6.1433333333333335,237.9,236.76666666666665,238.66666666666666,3.41917
0.89,5.6,4.44,6.14,237.6,236.5,238.4,3.4157
0.89,5.6,4.44,6.14,237.6,236.5,238.4,3.4157
0.89,5.59,4.45,6.11,236.6,235.5,237.4,3.3873
0.89,5.59,4.45,6.11,236.6,235.5,237.4,3.3873
0.89,5.589999999999999,4.45,6.0842857142857145,234.8857142857143,233.5285714285714,235.42857142857142,3.370242857142857
0.8533333333333334,6.433333333333333,5.316666666666666,7.080000000000001,234.03333333333333,232.66666666666666,234.46666666666667,3.70239
0.7799999999999999,8.113333333333332,7.036666666666666,9.066666666666666,232.6,231.26666666666665,232.96666666666667,4.373270000000001
0.7816666666666667,8.091666666666667,7.003333333333333,9.028333333333332,231.79999999999998,230.38333333333333,232.26666666666665,4.367586666666667
0.7833333333333333,8.116666666666667,7.016666666666667,9.076666666666668,233.13333333333335,231.70000000000002,233.4333333333333,4.386863333333333
0.7799999999999999,8.11,7.03,9.095,233.4,232.14999999999998,233.85000000000002,4.397139999999999
0.7885714285714286,8.304285714285713,7.011428571428572,9.04142857142857,232.52857142857144,231.2,232.85714285714286,4.450067142857143
0.79,8.321666666666667,6.991666666666667,9.02,232.0,230.69999999999996,232.38333333333333,4.452851666666667
0.7833333333333333,8.353333333333333,7.041666666666667,9.106666666666667,233.79999999999998,232.54999999999998,234.16666666666666,4.489953333333333
0.7799999999999999,8.376666666666667,7.066666666666666,9.143333333333333,234.83333333333334,233.6,235.1,4.516476666666667
0.7799999999999999,8.38,7.07,9.14,234.9,233.69999999999996,235.19999999999996,4.52127
0.78,8.38,7.06,9.14,234.6,233.4,234.9,4.51217
0.785,8.4,7.055,9.13,234.35,233.20000000000002,234.65,4.51297
0.7814285714285715,8.42,7.04,9.12,234.1,233.0,234.5,4.51303
0.7833333333333333,8.415714285714285,7.035714285714286,9.098571428571429,233.62857142857143,232.4857142857143,234.02857142857144,4.504424285714285
0.7857142857142857,8.436666666666666,7.06,9.116666666666667,234.26666666666665,233.13333333333333,234.63333333333333,4.51747
0.78,8.442857142857143,7.061428571428571,9.134285714285713,234.6142857142857,233.28571428571428,234.9,4.5272057142857145
0.78,8.444285714285714,7.072857142857143,9.15857142857143,234.77142857142857,233.57142857142858,235.17142857142858,4.5266971428571425
0.7799999999999999,8.444999999999999,7.07,9.165000000000001,235.04999999999998,233.9,235.5,4.533119999999999
0.78,8.462857142857144,7.08,9.187142857142858,235.27142857142857,234.07142857142858,235.8,4.538254285714285
0.78,8.45875,7.07625,9.18375,235.3875,234.1875,235.8375,4.5432175
0.78,8.465714285714286,7.081428571428572,9.195714285714285,235.5,234.35714285714286,236.0142857142857,4.5404
0.78,8.461428571428572,7.07,9.179999999999998,235.54285714285714,234.22857142857143,235.97142857142856,4.544905714285714
0.7799999999999999,8.475,7.080000000000001,9.195,235.9,234.60000000000002,236.29999999999998,4.553645
0.78,8.48,7.08,9.209999999999999,235.9,234.7,236.4,4.54395
0.78,8.48,7.09125,9.213750000000001,235.9125,234.625,236.3125,4.55754875
0.78,8.48857142857143,7.088571428571428,9.215714285714286,236.14285714285714,234.82857142857142,236.5142857142857,4.552904285714286
0.78,8.465714285714286,7.089999999999999,9.194285714285714,235.8,234.5,236.05714285714288,4.5447
0.78,8.455714285714285,7.085714285714286,9.191428571428572,235.58571428571426,234.32857142857142,235.82857142857145,4.534755714285715
0.78,8.455,7.07875,9.15875,235.2125,233.9125,235.4875,4.53016
0.78,8.45,7.072857142857144,9.162857142857144,235.14285714285714,233.9,235.42857142857142,4.531558571428571
0.78,8.442857142857141,7.07,9.16,235.0142857142857,233.79999999999998,235.35714285714286,4.527687142857142
0.78,8.435714285714285,7.055714285714286,9.145714285714288,234.74285714285716,233.52857142857144,235.14285714285714,4.527877142857143
0.78,8.437142857142856,7.057142857142857,9.147142857142857,234.67142857142855,233.44285714285712,235.0,4.525615714285714
0.7837500000000001,8.42625,7.055,9.12625,234.425,233.1375,234.7625,4.51988625
0.786,8.425999999999998,7.053999999999999,9.129999999999999,234.34,233.08,234.76,4.516732
0.78,8.43,7.0525,9.1275,234.29999999999998,233.1,234.675,4.506835000000001
0.78,8.421428571428573,7.042857142857143,9.111428571428572,234.12857142857143,232.8857142857143,234.42857142857142,4.506742857142857
0.78,8.42,7.038571428571429,9.098571428571429,234.07142857142858,232.67142857142855,234.18571428571428,4.500127142857143
0.78,8.411428571428571,7.035714285714286,9.121428571428572,234.18571428571428,232.78571428571428,234.5,4.50356
0.78,8.36142857142857,7.03,9.12142857142857,233.95714285714286,232.65714285714284,234.32857142857145,4.492811428571429
0.78,8.354285714285714,7.034285714285715,9.137142857142857,234.17142857142858,232.85714285714286,234.6,4.492977142857143
0.78,8.357142857142858,7.042857142857143,9.134285714285715,234.18571428571428,232.85714285714286,234.6285714285714,4.48889
0.78,8.35,7.05,9.14,234.2,232.8,234.7,4.48859
0.7799999999999999,8.35,7.05,9.14,234.19999999999996,232.80000000000004,234.69999999999996,4.48859
0.78,8.44,7.08,9.25,236.8,235.4,237.3,4.56736
0.7799999999999999,8.44,7.1066666666666665,9.28,237.33333333333334,236.0,237.79999999999998,4.570860000000001
0.7783333333333333,8.461666666666668,7.123333333333334,9.308333333333334,237.91666666666666,236.53333333333333,238.33333333333334,4.578345
0.7728571428571429,8.452857142857143,7.119999999999999,9.304285714285713,237.67142857142858,236.37142857142857,238.1142857142857,4.588538571428572
0.7799999999999999,8.41,7.07,9.19,235.6,234.30000000000004,235.9,4.54196
0.78,8.404285714285715,7.07,9.192857142857141,235.6,234.27142857142857,235.9,4.536545714285714
0.7799999999999999,8.39,7.07,9.2,235.6,234.19999999999996,235.9,4.52301
0.7957142857142857,8.038571428571428,6.694285714285714,8.758571428571427,235.68571428571428,234.3142857142857,236.07142857142858,4.3736500000000005
0.89,5.919999999999999,4.445,6.105,236.14999999999998,234.95000000000002,237.04999999999998,3.477395
0.89,5.989999999999999,4.44,6.169999999999999,238.1,237.4,239.69999999999996,3.5287
0.8933333333333334,5.989999999999999,4.443333333333334,6.140000000000001,236.75,235.79999999999998,237.89999999999998,3.5124600000000004
0.9,5.99,4.45,6.08,235.4,234.2,236.1,3.47998
0.89,5.97,4.43,6.09,235.80000000000004,234.6,236.4,3.4724799999999996
0.8933333333333334,5.973333333333334,4.4366666666666665,6.093333333333334,235.9,234.66666666666666,236.5,3.475763333333333
0.9,5.971666666666667,4.441666666666667,6.108333333333333,236.1833333333333,235.13333333333333,236.95000000000002,3.4860716666666662
0.9,5.9816666666666665,4.44,6.108333333333333,236.33333333333334,234.91666666666666,236.86666666666667,3.4933816666666666
0.9,6.011666666666667,4.441666666666667,6.098333333333333,236.13333333333333,234.75,236.83333333333334,3.497458333333333
0.9,6.0128571428571425,4.45,6.104285714285715,236.65714285714287,235.42857142857142,237.42857142857142,3.504585714285714
0.9,6.010000000000001,4.45,6.11,236.80000000000004,235.6,237.6,3.50694
0.8928571428571429,6.007142857142857,4.442857142857143,6.118571428571428,236.9857142857143,235.75714285714284,237.72857142857143,3.5078685714285713
0.89,6.001666666666666,4.445,6.136666666666667,237.6,236.5,238.4,3.518613333333333
0.89,6.006666666666667,4.446666666666666,6.146666666666667,238.16666666666666,236.9333333333333,238.96666666666667,3.5286333333333335
0.89,6.013333333333333,4.45,6.140000000000001,238.0,236.79999999999998,238.79999999999998,3.5268866666666665
0.89,6.011428571428572,4.45,6.12,237.31428571428572,236.1142857142857,238.1142857142857,3.5151585714285716
0.89,6.010000000000001,4.453333333333333,6.136666666666667,237.36666666666667,236.16666666666666,238.16666666666666,3.5188433333333333
0.89,6.005,4.451666666666667,6.133333333333333,237.48333333333335,236.13333333333333,238.26666666666668,3.5176200000000004
0.89,6.010000000000001,4.45,6.146666666666667,238.16666666666666,236.76666666666665,238.83333333333334,3.528723333333333
0.89,6.011666666666667,4.45,6.151666666666667,238.45000000000002,237.0666666666667,239.15,3.5349150000000003
0.89,6.02,4.45,6.155,238.63333333333333,237.33333333333334,239.33333333333334,3.5360549999999997
0.89,6.015,4.455,6.150000000000001,238.6,237.35000000000002,239.30000000000004,3.537965
0.89,6.015,4.45,6.169999999999999,239.0,237.70000000000002,239.70000000000002,3.5521100000000003
0.89,6.011666666666667,4.458333333333333,6.175,239.66666666666666,238.5,240.4333333333333,3.553611666666667
0.89,6.0183333333333335,4.453333333333333,6.173333333333333,239.53333333333333,238.1833333333333,240.11666666666667,3.5525416666666665
0.9,6.010000000000001,4.45,6.12,236.6,235.30000000000004,237.19999999999996,3.50398
0.89,6.0,4.44,6.13,237.3,235.9,237.9,3.51048
0.89,6.0,4.441666666666667,6.121666666666667,237.21666666666667,235.86666666666667,237.83333333333334,3.5123433333333334
0.89,6.006666666666667,4.443333333333334,6.133333333333333,237.19999999999996,235.9,237.83333333333334,3.515093333333333
0.89,6.0,4.46,6.150000000000001,238.4,237.20000000000002,239.13333333333333,3.5264399999999996
0.89,5.988333333333333,4.455,6.140000000000001,238.21666666666667,236.9333333333333,238.9,3.528625
0.89,5.97,4.448333333333333,6.113333333333333,236.81666666666663,235.51666666666668,237.46666666666667,3.4974450000000004
0.89,5.971428571428572,4.444285714285715,6.11,236.87142857142857,235.57142857142858,237.5142857142857,3.4946857142857146
0.89,5.989999999999999,4.45,6.12,237.25,235.9,237.9,3.5116549999999997
0.89,5.9750000000000005,4.445,6.13,237.54999999999998,236.29999999999998,238.14999999999998,3.509183333333333
0.89,5.98,4.44,6.14,237.6,236.4,238.19999999999996,3.5014300000000005
0.89,5.98,4.446666666666666,6.14,237.73333333333335,236.5666666666667,238.36666666666665,3.50794
0.89,6.058571428571428,4.452857142857143,6.14,238.14285714285714,236.97142857142856,238.77142857142857,3.5372385714285715
0.89,6.09,4.451666666666667,6.141666666666667,238.2833333333333,237.04999999999998,238.88333333333335,3.545666666666667
0.89,6.09,4.46,6.155,238.79999999999998,237.45000000000002,239.35000000000002,3.55526
0.89,6.088571428571428,4.458571428571429,6.160000000000001,238.9,237.64285714285714,239.41428571428574,3.5544800000000003
0.89,6.08,4.45,6.16,238.9,237.9,239.5,3.54974
0.89,6.080000000000001,4.45,6.168333333333333,239.23333333333335,238.0666666666667,239.83333333333334,3.554281666666667
0.89,6.083333333333333,4.45,6.16,239.26666666666665,238.0666666666667,239.86666666666667,3.5554666666666663
0.89,6.095,4.455,6.168333333333333,239.36666666666667,238.23333333333335,240.03333333333333,3.5645666666666664
0.89,6.080000000000001,4.45,6.16,239.21428571428572,238.12857142857143,239.79999999999998,3.560545
0.89,6.082,4.446,6.1579999999999995,239.14999999999998,237.7,239.55,3.562054
0.89,6.078571428571428,4.448571428571428,6.154285714285714,239.1,237.84285714285713,239.6,3.55604
0.89,6.083333333333333,4.45,6.153333333333333,239.0666666666667,237.86666666666665,239.66666666666666,3.55677
0.89,6.09,4.45,6.163333333333334,239.36666666666667,238.19999999999996,239.96666666666667,3.56167
0.89,6.082,4.45,6.162000000000001,239.14000000000001,238.04000000000002,239.82000000000002,3.557414
0.89,6.08,4.45,6.17,239.0,237.8,239.6,3.54261
0.89,6.080000000000001,4.45,6.155,238.73333333333335,237.58333333333334,239.31666666666663,3.5465033333333333
0.89,6.080000000000001,4.45,6.14,238.6,237.4,239.1,3.5474599999999996
0.89,6.065,4.445,6.140000000000001,237.70000000000002,236.5,238.35,3.531255
0.89,6.06,4.44,6.13,237.5,236.30000000000004,238.0,3.52073
0.89,6.06,4.44,6.13,237.5,236.30000000000004,238.0,3.52073
0.89,6.06,4.44,6.13,237.5,236.3,238.0,3.52073
0.89,6.06,4.45,6.11,236.45,235.25,237.04999999999998,3.5039425
0.89,6.06,4.45,6.11,236.0,234.80000000000004,236.6,3.50155
0.8966666666666666,6.066666666666666,4.456666666666667,6.083333333333333,235.0,233.86666666666667,235.6,3.4871033333333337
0.7799999999999999,8.545,7.06,9.115,233.55000000000004,232.29999999999998,233.94999999999996,4.51101
0.7871428571428571,8.527142857142858,7.041428571428571,9.06,232.92857142857142,231.62857142857143,233.2,4.507164285714286
0.7885714285714286,8.51142857142857,7.018571428571429,9.012857142857143,232.1,230.72857142857143,232.4,4.48915
0.78,8.56,7.0625,9.115,234.425,233.1,234.75,4.5349875
0.7833333333333333,8.543333333333333,7.038333333333333,9.084999999999999,233.78333333333333,232.45000000000002,233.88333333333333,4.519641666666666
0.79,8.54,7.01,9.05,233.3,231.6,233.2,4.51668
0.79,8.514285714285714,7.01,9.024285714285714,232.57142857142858,231.04285714285714,232.64285714285714,4.494574285714285
0.79,8.48,6.997142857142857,8.977142857142857,231.3857142857143,230.0,231.55714285714288,4.475994285714286
0.79,8.47,7.0,8.983333333333334,231.4,230.03333333333333,231.70000000000002,4.47908
0.7814285714285715,8.555714285714286,7.068571428571429,9.132857142857143,234.6285714285714,233.15714285714284,234.67142857142855,4.542197142857143
0.78,8.552857142857144,7.071428571428571,9.151428571428571,234.5142857142857,233.18571428571428,234.77142857142854,4.54638
0.78,8.55,7.064285714285715,9.13,234.45714285714286,233.05714285714288,234.7,4.528727142857143
0.78,8.554285714285715,7.07,9.128571428571428,234.37142857142857,233.17142857142858,234.72857142857143,4.539031428571429
0.7814285714285715,8.540000000000001,7.051428571428572,9.10142857142857,233.8857142857143,232.5142857142857,234.2,4.529844285714286
0.79,8.532857142857143,7.064285714285715,9.10142857142857,234.0142857142857,232.74285714285716,234.35714285714286,4.526445714285714
0.79,8.53,7.05,9.09,233.9,232.6,234.3,4.52398
0.79,8.53,7.05,9.09,233.9,232.6,234.3,4.52398
0.79,8.43,7.05,9.09,233.8,232.6,234.1,4.51048
0.79,8.4075,7.03625,9.1,233.7,232.38750000000002,234.1875,4.5046574999999995
0.79,8.421428571428573,7.05,9.105714285714285,234.04285714285714,232.71428571428572,234.3714285714286,4.514625714285715
0.79,8.437142857142856,7.054285714285713,9.107142857142858,234.18571428571428,232.9,234.52857142857144,4.523357142857143
0.7814285714285715,8.434285714285714,7.055714285714286,9.132857142857143,234.62857142857143,233.28571428571428,234.92857142857142,4.523602857142857
0.7871428571428571,8.432857142857143,7.07,9.132857142857144,234.67142857142855,233.32857142857145,235.02857142857144,4.524702857142857
0.79,8.43,7.07,9.13,234.69999999999996,233.30000000000004,235.0,4.52138
0.78,8.437142857142856,7.0685714285714285,9.161428571428571,235.0,233.70000000000002,235.3,4.529127142857143
0.78,8.432857142857143,7.06,9.128571428571428,234.41428571428568,233.1142857142857,234.65714285714284,4.506065714285714
0.78,8.42,7.06,9.12,234.2,232.9,234.4,4.49614
0.785,8.415000000000001,7.051666666666667,9.111666666666666,234.21666666666667,232.9,234.54999999999998,4.508581666666666
0.7828571428571429,8.412857142857144,7.0371428571428565,9.11142857142857,234.05714285714288,232.75714285714284,234.32857142857142,4.4955799999999995
0.7814285714285715,8.444285714285714,7.065714285714286,9.165714285714285,235.04285714285714,233.68571428571428,235.24285714285716,4.5211
0.78,8.445714285714285,7.058571428571428,9.147142857142857,234.91428571428574,233.55714285714288,235.07142857142858,4.514404285714286
0.7799999999999999,8.426666666666668,7.056666666666666,9.136666666666668,234.6,233.30000000000004,234.9,4.5183366666666664
0.7799999999999999,8.415000000000001,7.039999999999999,9.125,234.39999999999998,233.15,234.79999999999998,4.509125
0.78,8.43,7.045714285714285,9.132857142857144,234.85714285714286,233.51428571428573,235.15714285714284,4.5207299999999995
0.78,8.425714285714285,7.051428571428572,9.135714285714286,234.82857142857142,233.58571428571432,235.12857142857143,4.513421428571428
0.78,8.42,7.040000000000001,9.13,234.6,233.3,234.9,4.50081
0.78,8.42,7.0442857142857145,9.134285714285715,234.64285714285714,233.3857142857143,234.94285714285712,4.5107485714285716
0.7799999999999999,8.42,7.055,9.131666666666668,234.86666666666667,233.58333333333334,235.20000000000002,4.520626666666667
0.7799999999999999,8.42,7.058333333333333,9.135,234.78333333333333,233.5666666666667,235.13333333333333,4.517656666666666
0.7799999999999999,8.418333333333333,7.06,9.136666666666668,234.7833333333333,233.51666666666665,235.11666666666667,4.513868333333334
0.78,8.447142857142856,7.06,9.154285714285715,235.27142857142857,233.97142857142856,235.57142857142858,4.530232857142857
0.78,8.462,7.075999999999999,9.196000000000002,235.94,234.64000000000001,236.24,4.5446539999999995
0.7766666666666667,8.49,7.1066666666666665,9.263333333333334,237.13333333333333,235.9,237.4,4.571703333333333
0.7742857142857142,8.518571428571429,7.132857142857143,9.29857142857143,237.47142857142856,236.37142857142857,237.79999999999998,4.592721428571429
0.78,8.52,7.14,9.31,237.2,236.1,237.5,4.60344
0.7799999999999999,8.47,7.086666666666666,9.183333333333334,235.73333333333335,234.63333333333333,236.03333333333333,4.545123333333334
0.78,8.467142857142857,7.095714285714286,9.201428571428574,236.0,234.9,236.32857142857142,4.5525271428571426
0.78,8.45,7.062857142857142,9.157142857142857,234.8714285714286,233.6285714285714,235.22857142857143,4.5317171428571426
0.78,8.45,7.06,9.16,234.9,233.6,235.2,4.5354
0.78,8.4525,7.06625,9.16625,234.8875,233.6875,235.4125,4.53242875
0.7799999999999999,8.46,7.07,9.17,235.0,233.80000000000004,235.6,4.54018
0.9,5.984285714285714,4.45,6.094285714285713,235.3857142857143,234.3857142857143,235.97142857142856,3.4858599999999997
0.9,5.98,4.445,6.085,235.35000000000002,234.35000000000002,236.1,3.468665
0.9,5.97,4.45,6.080000000000001,235.14999999999998,234.1,235.80000000000004,3.472635
0.9,5.9816666666666665,4.45,6.086666666666666,235.6,234.5,236.28333333333333,3.485965
0.9,5.99,4.45,6.1,236.1,235.0,236.8,3.4956399999999994
0.9,5.982000000000001,4.45,6.1,236.1,235.08,236.8,3.4914639999999997
0.8985714285714286,5.978571428571429,4.45,6.1,236.1,235.07142857142858,236.8,3.4904385714285717
0.89,5.965,4.45,6.105,236.20000000000002,235.10000000000002,236.9,3.494405
0.8957142857142858,5.975714285714285,4.445714285714286,6.105714285714286,236.4,235.20000000000002,237.0,3.4979957142857145
0.895,5.985,4.455,6.114999999999999,236.75,235.6,237.4,3.505975
0.89,5.998333333333334,4.46,6.12,236.88333333333333,235.78333333333333,237.66666666666666,3.5097583333333335
0.89,5.992857142857143,4.452857142857143,6.115714285714286,237.0,235.81428571428572,237.62857142857143,3.5075342857142857
0.89,5.989999999999999,4.45,6.13,237.19999999999996,235.9,238.0,3.51036
0.89,5.989999999999999,4.45,6.13,237.19999999999996,235.9,238.0,3.51036
0.89,5.994285714285715,4.4557142857142855,6.154285714285714,238.2,236.94285714285712,239.04285714285714,3.5363700000000002
0.89,6.0,4.45,6.155,238.25,237.04999999999998,239.04999999999998,3.53053
0.89,5.989999999999999,4.455,6.16,238.64999999999998,237.35,239.35,3.53711
0.89,5.9957142857142856,4.457142857142857,6.162857142857143,238.81428571428572,237.6142857142857,239.58571428571426,3.5447699999999998
0.89,5.988333333333333,4.456666666666667,6.168333333333333,239.0666666666667,237.86666666666667,239.70000000000002,3.539355
0.89,5.98,4.45,6.16,238.30000000000004,237.1,239.0,3.5274
0.89,5.9799999999999995,4.45,6.160000000000001,238.3,237.1,239.0,3.5274
0.89,5.986,4.456,6.1659999999999995,238.78000000000003,237.45999999999998,239.54000000000002,3.540996
0.89,5.989999999999999,4.46,6.175,239.29999999999998,237.89999999999998,240.0,3.54993
0.89,5.989999999999999,4.46,6.18,239.5,238.1,240.1,3.5498
0.89,5.989999999999999,4.46,6.18,239.5,238.1,240.1,3.5498
0.89,5.99,4.451428571428571,6.137142857142857,237.70000000000002,236.3857142857143,238.21428571428572,3.515882857142857
0.89,5.99,4.45,6.13,237.4,236.1,237.9,3.51023
0.89,5.99,4.45,6.13,237.4,236.1,237.9,3.51023
0.89,5.98,4.45,6.13,237.2,235.9,237.9,3.50755
0.89,5.985,4.455,6.13,237.44999999999996,236.15,238.04999999999998,3.5163100000000003
0.89,5.991666666666667,4.463333333333334,6.140000000000001,238.04999999999998,236.78333333333333,238.75,3.531115
0.89,5.983333333333333,4.456666666666667,6.1499999999999995,237.9333333333333,236.76666666666665,238.5333333333333,3.525916666666667
0.89,5.986666666666667,4.453333333333333,6.150000000000001,238.36666666666667,237.1,238.9333333333333,3.528283333333333
0.89,5.983333333333334,4.448333333333333,6.151666666666666,238.21666666666667,236.98333333333335,238.91666666666666,3.5258350000000003
0.89,5.99,4.45,6.142857142857143,238.28571428571428,237.01428571428573,238.74285714285716,3.5256014285714286
0.89,5.989999999999999,4.45,6.150000000000001,238.5,237.30000000000004,239.1,3.5303300000000006
0.89,5.989999999999999,4.45,6.150000000000001,238.5,237.30000000000004,239.1,3.5303300000000006
0.89,5.996666666666667,4.45,6.163333333333334,238.96666666666667,237.70000000000002,239.4333333333333,3.53255
0.89,5.989999999999999,4.45,6.16,238.79999999999998,237.55000000000004,239.35,3.5386
0.89,5.983333333333333,4.456666666666667,6.163333333333334,238.96666666666667,237.86666666666667,239.5666666666667,3.534306666666667
0.89,5.982,4.45,6.176,239.11999999999998,238.1,239.71999999999997,3.5408340000000003
0.89,6.005,4.46,6.18,239.65,238.35,240.20000000000002,3.55806
0.89,5.998,4.45,6.162000000000001,239.34,238.14000000000001,239.94,3.545946
0.89,5.989999999999999,4.443333333333334,6.176666666666667,239.83333333333334,238.70000000000002,240.4333333333333,3.5586033333333336
0.89,5.984285714285714,4.445714285714286,6.181428571428571,239.9,238.79999999999998,240.58571428571426,3.557361428571429
0.89,5.98,4.45,6.19,239.9,238.80000000000004,240.5,3.5492399999999997
0.89,5.989999999999999,4.445,6.185,239.79999999999998,238.70000000000002,240.35,3.54425
0.89,6.0,4.45,6.19,240.0,239.0,240.8,3.5619800000000006
0.89,5.993333333333333,4.45,6.19,239.9333333333333,238.9333333333333,240.66666666666666,3.5530666666666666
0.89,5.99,4.45,6.19,239.9,238.9,240.6,3.54861
0.89,5.9816666666666665,4.45,6.181666666666666,239.4,238.48333333333335,240.1,3.5481933333333333
0.89,5.996666666666667,4.458333333333333,6.171666666666667,239.21666666666667,237.98333333333335,239.75,3.5384100000000003
0.89,5.991428571428571,4.451428571428571,6.161428571428572,239.02857142857144,237.85714285714286,239.70000000000002,3.540065714285714
0.89,5.98,4.44,6.150000000000001,238.19999999999996,237.30000000000004,239.0,3.51704
0.89,5.989999999999999,4.44,6.13,237.69999999999996,236.6,238.30000000000004,3.51637
0.89,5.99,4.448571428571428,6.121428571428572,237.35714285714286,236.08571428571426,237.95714285714286,3.507224285714286
0.895,5.98,4.45,6.105,236.35000000000002,235.15,236.95000000000002,3.488725
0.8485714285714286,7.032857142857142,5.572857142857144,7.409999999999999,234.97142857142856,233.78571428571428,235.52857142857144,3.926117142857143
0.7799999999999999,8.45,7.07,9.17,234.4,233.1,234.9,4.53194
0.79,8.418571428571429,7.04,9.104285714285714,233.51428571428573,232.22857142857143,234.02857142857144,4.503227142857143
0.79,8.4,7.0,9.033333333333333,232.29999999999998,230.9666666666667,232.63333333333333,4.471256666666666
0.7857142857142857,8.401428571428571,7.022857142857142,9.071428571428571,233.02857142857144,231.71428571428572,233.3857142857143,4.487732857142857
0.78,8.416,7.044,9.128,233.78000000000003,232.56,234.24,4.5074819999999995
0.7828571428571429,8.41,7.034285714285715,9.108571428571429,233.3857142857143,232.15714285714287,233.8857142857143,4.497121428571428
0.79,8.41,7.02,9.08,233.1,231.80000000000004,233.6,4.48145
0.79,8.38857142857143,7.0128571428571425,9.037142857142857,232.17142857142858,230.8,232.59999999999997,4.475535714285714
0.7885714285714286,8.391428571428573,7.018571428571428,9.044285714285714,232.28571428571428,230.9,232.68571428571428,4.482485714285714
0.78,8.455714285714285,7.062857142857142,9.197142857142856,235.24285714285716,233.9,235.64285714285714,4.532074285714286
0.78,8.447142857142858,7.051428571428572,9.187142857142858,234.98571428571427,233.68571428571428,235.42857142857142,4.519781428571428
0.78,8.43,7.040000000000001,9.17,234.7,233.4,235.2,4.50561
0.78,8.43142857142857,7.041428571428571,9.152857142857144,234.5,233.21428571428572,235.0,4.509335714285714
0.78,8.428571428571429,7.04,9.14,234.32857142857142,233.07142857142858,234.82857142857142,4.510198571428572
0.78,8.42,7.04,9.14,234.2,232.9,234.7,4.50389
0.786,8.425999999999998,7.034000000000001,9.128,234.11999999999998,232.82000000000002,234.54000000000002,4.508509999999999
0.7842857142857144,8.427142857142856,7.035714285714286,9.127142857142857,233.9,232.6,234.3857142857143,4.504651428571429
0.79,8.41,7.03,9.09,233.69999999999996,232.4,234.19999999999996,4.50666
0.7799999999999999,8.443333333333333,7.056666666666666,9.176666666666668,235.0,233.76666666666665,235.4333333333333,4.523353333333334
0.78,8.45,7.05,9.17,235.0,233.7,235.3,4.52886
0.78,8.45142857142857,7.057142857142857,9.187142857142858,235.14285714285714,233.91428571428574,235.6,4.535655714285714
0.7799999999999999,8.465000000000002,7.07,9.21,235.6,234.35000000000002,236.14999999999998,4.544275
0.7799999999999999,8.465000000000002,7.071666666666666,9.218333333333334,235.98333333333335,234.8166666666667,236.51666666666665,4.554003333333333
0.78,8.472,7.07,9.22,236.21999999999997,235.04000000000002,236.71999999999997,4.554046
0.7799999999999999,8.473333333333334,7.07,9.228333333333333,236.4,235.1833333333333,237.0666666666667,4.551258333333333
0.7799999999999999,8.463333333333333,7.063333333333333,9.223333333333334,236.33333333333334,235.13333333333333,236.9,4.5368900000000005
0.7799999999999999,8.450000000000001,7.06,9.23,236.29999999999998,235.1,236.85,4.542795
0.7799999999999999,8.44,7.05,9.194999999999999,235.70000000000002,234.54999999999998,236.20000000000002,4.5224850000000005
0.7799999999999999,8.44,7.05,9.19,235.85,234.73333333333335,236.35,4.532046666666667
0.78,8.418571428571429,7.032857142857142,9.17,235.37142857142857,234.21428571428572,235.91428571428574,4.516167142857143
0.7799999999999999,8.41,7.02,9.14,234.9,233.69999999999996,235.4,4.4983
0.7799999999999999,8.415000000000001,7.0249999999999995,9.15,234.9,233.69999999999996,235.4,4.505005
0.7799999999999999,8.393333333333333,7.006666666666667,9.126666666666667,234.46666666666667,233.23333333333335,234.9,4.488413333333333
0.78,8.388,6.994,9.122,234.54000000000002,233.26,234.94,4.486448
0.7799999999999999,8.376666666666667,6.983333333333333,9.11,234.4,233.19999999999996,234.9333333333333,4.484686666666666
0.7799999999999999,8.373333333333333,6.989999999999999,9.11,234.4,233.19999999999996,234.9333333333333,4.4814533333333335
0.78,8.347999999999999,6.99,9.116,234.54000000000002,233.26,235.0,4.4721519999999995
0.7799999999999999,8.354999999999999,6.989999999999999,9.115,234.4,233.15,234.85,4.473635
0.78,8.37,6.99,9.108,234.26,232.95999999999998,234.67999999999998,4.473267999999999
0.7799999999999999,8.36,6.986666666666667,9.1,234.16666666666666,232.9,234.66666666666666,4.468826666666666
0.78,8.346,6.984,9.1,234.3,233.08,234.78000000000003,4.473358
0.7799999999999999,8.37,7.0,9.1,234.30000000000004,233.0,234.69999999999996,4.46935
0.78,8.356,6.992,9.092,234.1,232.82,234.68,4.480848
0.785,8.371666666666668,6.991666666666667,9.088333333333333,234.01666666666665,232.75,234.53333333333333,4.47372
0.7799999999999999,8.37,6.993333333333333,9.09,234.0666666666667,232.69999999999996,234.53333333333333,4.469726666666666
0.7799999999999999,8.37,6.989999999999999,9.09,234.1,232.69999999999996,234.5,4.46308
0.78,8.37,6.99,9.09,234.1,232.7,234.5,4.46308
0.78,8.425999999999998,7.045999999999999,9.186000000000002,235.7,234.45999999999998,236.26,4.516776
0.78,8.44,7.068,9.214000000000002,236.21999999999997,235.06,236.82,4.53078
0.7799999999999999,8.46,7.080000000000001,9.24,236.80000000000004,235.5,237.19999999999996,4.55366
0.7716666666666666,8.498333333333333,7.105,9.298333333333334,237.79999999999998,236.53333333333333,238.23333333333335,4.576066666666667
0.77,8.5,7.118,9.318000000000001,238.0,236.8,238.5,4.590694
0.774,8.475999999999999,7.0920000000000005,9.26,236.95999999999998,235.71999999999997,237.45999999999998,4.567292
0.7799999999999999,8.428333333333333,7.041666666666667,9.176666666666668,235.29999999999998,234.16666666666666,235.88333333333333,4.520553333333333
0.78,8.45,7.040000000000001,9.17,235.2,234.1,235.8,4.52959
0.78,8.462,7.068,9.206,235.92,234.78000000000003,236.44,4.536794
0.7799999999999999,8.478333333333333,7.085,9.26,236.75,235.83333333333334,237.45000000000002,4.5589
0.868,6.4719999999999995,4.962,6.742,236.76,235.85999999999999,237.61999999999998,3.702156
0.89,5.98,4.43,6.114,236.61999999999998,235.48000000000002,237.56,3.4981920000000004
0.89,5.985,4.425,6.105,236.75,235.79999999999998,237.64999999999998,3.4858549999999995
0.89,5.994,4.43,6.108,236.74,235.78000000000003,237.5,3.4915100000000003
0.89,5.984,4.44,6.1160000000000005,237.14000000000001,236.1,238.0,3.5016939999999996
0.89,5.988333333333333,4.44,6.128333333333333,237.30000000000004,236.21666666666667,238.28333333333333,3.5118616666666664
0.89,5.989999999999999,4.44,6.123333333333334,237.38333333333333,236.36666666666667,238.21666666666667,3.510715
0.89,5.99,4.44,6.12,237.5,236.6,238.4,3.51233
0.89,6.0,4.448,6.128,237.48000000000002,236.56,238.38000000000002,3.5103679999999997
0.89,5.994285714285715,4.44,6.125714285714286,237.57142857142858,236.45714285714286,238.41428571428574,3.5158114285714284
0.89,5.99,4.446,6.136,237.76,236.68,238.68,3.516702
0.89,5.989999999999999,4.433333333333333,6.131666666666667,237.80000000000004,236.8166666666667,238.73333333333335,3.5161833333333328
0.89,5.99,4.43,6.13,237.8,236.9,238.8,3.51861
0.89,5.989999999999999,4.443333333333333,6.146666666666667,238.36666666666667,237.20000000000002,239.13333333333335,3.5258566666666664
0.89,6.004,4.438000000000001,6.148000000000001,238.6,237.5,239.4,3.5266040000000003
0.89,6.0,4.44,6.150000000000001,238.69999999999996,237.66666666666666,239.53333333333333,3.5350066666666664
0.89,5.989999999999999,4.44,6.135000000000001,237.94999999999996,236.85,238.79999999999998,3.52068
0.89,5.98,4.44,6.114999999999999,237.19999999999996,236.0,237.95000000000002,3.502715
0.89,5.984,4.442,6.12,237.16,235.84,237.74,3.50839
0.89,5.996666666666667,4.443333333333334,6.126666666666666,237.76666666666665,236.63333333333333,238.5,3.515406666666667
0.89,6.0,4.44,6.131666666666667,237.8166666666667,236.83333333333334,238.63333333333333,3.5163283333333335
0.89,6.0,4.44,6.138333333333333,237.91666666666666,236.96666666666667,238.80000000000004,3.5215300000000003
0.89,6.0,4.44,6.13,238.0,236.80000000000004,238.80000000000004,3.51558
0.89,6.0,4.44,6.150000000000001,238.70000000000002,237.6,239.35,3.52221
0.89,6.010000000000001,4.44,6.153333333333333,238.95000000000002,237.83333333333334,239.65,3.5261866666666664
0.89,6.010000000000001,4.443333333333334,6.169999999999999,239.66666666666666,238.5,240.38333333333333,3.5510250000000005
0.89,6.003333333333333,4.453333333333333,6.163333333333334,239.5,238.4333333333333,240.16666666666666,3.5425833333333334
0.89,5.989999999999999,4.44,6.16,239.1,238.1,239.80000000000004,3.53511
0.89,5.998333333333334,4.4366666666666665,6.176666666666667,239.6833333333333,238.61666666666667,240.41666666666666,3.5476216666666667
0.8933333333333334,5.986666666666667,4.431666666666667,6.108333333333333,237.03333333333333,235.88333333333333,237.61666666666667,3.5021183333333332
0.9,5.989999999999999,4.45,6.099999999999999,236.6,235.4,237.19999999999996,3.49992
0.9,5.989999999999999,4.45,6.099999999999999,236.6,235.4,237.19999999999996,3.49992
0.8916666666666666,5.993333333333333,4.4383333333333335,6.116666666666667,237.04999999999998,235.96666666666667,237.76666666666665,3.501751666666667
0.89,6.0,4.43,6.128333333333333,237.53333333333333,236.45000000000002,238.25,3.5090183333333336
0.89,5.992857142857143,4.444285714285714,6.137142857142857,237.95714285714286,236.92857142857142,238.58571428571426,3.5156871428571432
0.89,5.996666666666667,4.45,6.14,238.23333333333335,237.16666666666666,238.9,3.528223333333333
0.89,6.005,4.445,6.145,238.4333333333333,237.38333333333333,239.1,3.528513333333333
0.89,5.998333333333334,4.445,6.145,238.51666666666665,237.51666666666665,239.16666666666666,3.5261099999999996
0.89,5.996666666666667,4.443333333333334,6.133333333333333,238.36666666666667,237.26666666666665,239.1,3.528826666666667
0.89,6.0,4.44,6.13,238.3,237.2,239.1,3.52708
0.89,6.0,4.44,6.154,238.85999999999999,238.0,239.66,3.53664
0.89,6.0,4.44,6.16,239.08,238.24,239.84,3.538326
0.89,6.0,4.4383333333333335,6.158333333333334,239.19999999999996,238.2166666666667,239.83333333333334,3.53772
0.89,6.0,4.4366666666666665,6.156666666666666,239.19999999999996,238.0666666666667,239.76666666666665,3.5387566666666666
0.89,6.0,4.44,6.173333333333333,239.46666666666667,238.4,240.1,3.5391166666666667
0.89,6.0,4.44,6.18,239.30000000000004,238.5,240.1,3.5397200000000004
0.89,5.982857142857143,4.435714285714286,6.175714285714286,239.77142857142857,238.92857142857142,240.4857142857143,3.540161428571429
0.89,5.98,4.43,6.16,239.5,238.69999999999996,240.19999999999996,3.53299
0.8942857142857142,5.967142857142858,4.438571428571429,6.134285714285714,238.12857142857143,237.24285714285716,238.74285714285716,3.5140985714285717
0.8957142857142858,5.958571428571429,4.441428571428572,6.095714285714286,236.12857142857143,235.12857142857143,236.8,3.482464285714286
0.9,5.96,4.44,6.095,236.25,235.39999999999998,236.95000000000002,3.48683
0.8957142857142858,5.9557142857142855,4.44,6.095714285714286,236.29999999999998,235.3857142857143,236.8857142857143,3.4847742857142854
0.89,5.95,4.44,6.09,236.1,235.19999999999996,236.69999999999996,3.4769400000000004
0.89,5.95,4.44,6.09,236.1,235.19999999999996,236.69999999999996,3.4769400000000004
0.9,5.96,4.43,6.08,235.7,234.7,235.8,3.4682900000000005
0.9,5.96,4.43,6.08,235.7,234.7,235.8,3.4682900000000005
0.9,5.98,4.43,6.07,234.9,233.9,235.6,3.4622100000000002
0.9,5.96,4.43,6.06,234.4,233.3,235.1,3.44827
0.9,5.966666666666666,4.443333333333333,6.04,233.4,232.23333333333335,233.96666666666667,3.4385166666666667
0.9,5.9750000000000005,4.45,6.03,232.95000000000002,231.79999999999998,233.45000000000002,3.4373299999999998
0.79,8.347999999999999,7.034000000000001,9.032,231.64000000000001,230.44,232.04000000000002,4.447068
0.7883333333333334,8.354999999999999,7.0183333333333335,9.025,231.58333333333334,230.36666666666667,231.98333333333335,4.454071666666667
0.7799999999999999,8.43,7.06,9.15,234.5,233.2,234.9,4.51813
0.7857142857142857,8.423333333333334,7.044999999999999,9.113333333333333,234.08333333333334,232.6833333333333,234.3166666666667,4.508461428571429
0.79,8.4,7.023333333333333,9.066666666666668,233.4666666666667,232.0,233.66666666666666,4.481776666666667
0.79,8.383333333333335,7.013333333333333,9.046666666666667,232.9666666666667,231.5666666666667,233.26666666666665,4.472214999999999
0.79,8.35,6.986666666666667,8.993333333333334,231.36666666666667,229.96666666666667,231.66666666666666,4.453563333333333
0.7799999999999999,8.43,7.05,9.17,234.80000000000004,233.5,235.30000000000004,4.51941
0.7799999999999999,8.43,7.05,9.145000000000001,234.54999999999998,233.29999999999998,235.0,4.524500000000001
0.7799999999999999,8.43,7.05,9.14,234.5,233.19999999999996,234.9,4.52555
0.7833333333333333,8.416666666666666,7.039999999999999,9.113333333333335,234.0,232.73333333333335,234.4333333333333,4.514566666666667
0.79,8.386666666666668,7.016666666666666,9.053333333333333,232.86666666666667,231.63333333333335,233.33333333333334,4.485156666666668
0.79,8.363333333333333,6.989999999999999,9.023333333333333,232.1833333333333,230.76666666666665,232.53333333333333,4.4662766666666665
0.7883333333333334,8.356666666666667,6.993333333333333,9.03,232.23333333333335,230.85,232.63333333333333,4.475655
0.78,8.442857142857141,7.057142857142857,9.174285714285714,235.4,234.1,235.8,4.53741
0.7799999999999999,8.431666666666667,7.044999999999999,9.176666666666668,235.28333333333333,234.0,235.78333333333333,4.5216400000000005
0.78,8.43,7.051428571428572,9.174285714285714,235.29999999999998,234.0,235.6,4.527928571428572
0.7799999999999999,8.43,7.06,9.176666666666668,235.1,233.96666666666667,235.6,4.5234049999999995
0.7799999999999999,8.44,7.055,9.174999999999999,235.29999999999998,234.0,235.85,4.535965
0.7799999999999999,8.423333333333334,7.044999999999999,9.171666666666667,235.15,233.85,235.61666666666667,4.518866666666667
0.78,8.418571428571429,7.0371428571428565,9.141428571428571,234.82857142857145,233.54285714285714,235.34285714285716,4.521432857142857
0.7799999999999999,8.413333333333334,7.02,9.146666666666667,235.20000000000002,233.96666666666667,235.70000000000002,4.51745
0.7799999999999999,8.41,7.023333333333333,9.146666666666667,235.33333333333334,234.1,235.73333333333335,4.52206
0.78,8.402857142857142,7.025714285714286,9.15,235.2428571428571,234.02857142857144,235.67142857142858,4.500985714285714
0.7799999999999999,8.396666666666667,7.02,9.13,234.70000000000002,233.4333333333333,235.16666666666666,4.4957
0.7799999999999999,8.396666666666667,7.023333333333333,9.13,234.66666666666666,233.4,235.0666666666667,4.49853
0.78,8.402000000000001,7.026000000000001,9.14,235.0,233.66,235.45999999999998,4.502668
0.78,8.395714285714286,7.025714285714286,9.132857142857144,234.67142857142858,233.42857142857142,235.15714285714284,4.500898571428571
0.7799999999999999,8.39,7.02,9.125,234.6,233.35000000000002,235.04999999999998,4.503476666666667
0.7799999999999999,8.395000000000001,7.015,9.133333333333335,234.75,233.46666666666667,235.16666666666666,4.506858333333334
0.7799999999999999,8.383333333333335,7.0183333333333335,9.121666666666666,234.4333333333333,233.23333333333332,234.83333333333334,4.491563333333334
0.7799999999999999,8.383333333333335,7.010000000000001,9.11,234.23333333333335,233.01666666666665,234.61666666666667,4.488605
0.78,8.4,7.011428571428572,9.13857142857143,234.4857142857143,233.45714285714286,234.9857142857143,4.494078571428572
0.78,8.392,7.016,9.122,234.32,233.16,234.82,4.492534
0.7799999999999999,8.386666666666668,7.011666666666667,9.108333333333333,233.91666666666666,232.79999999999998,234.51666666666665,4.489086666666666
0.7799999999999999,8.383333333333335,7.013333333333333,9.106666666666667,233.83333333333334,232.63333333333333,234.26666666666665,4.4885600000000005
0.7828571428571429,8.382857142857144,7.007142857142857,9.10142857142857,233.78571428571428,232.58571428571426,234.1857142857143,4.487352857142858
0.79,8.382000000000001,7.0,9.08,233.66,232.54000000000002,234.3,4.464064
0.79,8.37,7.0,9.084999999999999,233.44999999999996,232.25,234.0,4.474205
0.79,8.36,7.0,9.08,233.19999999999996,232.0,233.80000000000004,4.47516
0.785,8.37,6.995,9.07,233.45000000000002,232.29999999999998,233.89999999999998,4.475879999999999
0.7799999999999999,8.4,7.015,9.145,234.54999999999998,233.39999999999998,235.10000000000002,4.5020750000000005
0.78,8.407142857142857,7.002857142857143,9.147142857142857,234.9,233.7,235.4,4.50403
0.7799999999999999,8.386666666666668,7.010000000000001,9.146666666666667,234.88333333333333,233.79999999999998,235.41666666666666,4.503295
0.78,8.402857142857142,7.022857142857142,9.172857142857142,235.45714285714286,234.35714285714286,236.0142857142857,4.506568571428572
0.7799999999999999,8.42,7.04,9.19,235.80000000000004,234.69999999999996,236.30000000000004,4.51136
0.78,8.454285714285714,7.065714285714286,9.245714285714286,236.82857142857142,235.77142857142857,237.32857142857142,4.536178571428572
0.78,8.47,7.07,9.26,237.0,235.9,237.5,4.5468
0.7716666666666666,8.495,7.078333333333333,9.318333333333333,237.75,236.65,238.41666666666666,4.576441666666667
0.77,8.5,7.086666666666666,9.34,238.0666666666667,237.0,238.79999999999998,4.58223
0.79,8.078333333333333,6.653333333333333,8.821666666666667,238.35,237.35,239.1833333333333,4.40324
0.89,5.97,4.42,6.13,238.1,237.1,239.1,3.50969
0.89,5.97,4.42,6.121666666666667,237.6833333333333,236.6833333333333,238.6833333333333,3.50469
0.89,5.958333333333333,4.42,6.12,237.66666666666666,236.5666666666667,238.54999999999998,3.4942966666666666
0.89,5.952857142857143,4.42,6.127142857142857,238.20000000000002,237.12857142857143,239.1,3.501401428571428
0.89,5.955000000000001,4.42,6.133333333333333,238.38333333333333,237.23333333333335,239.21666666666667,3.5041533333333335
0.89,5.958333333333333,4.421666666666667,6.133333333333333,238.38333333333335,237.20000000000002,239.1,3.5061283333333333
0.89,5.954285714285715,4.425714285714285,6.142857142857143,238.5,237.35714285714286,239.44285714285712,3.5183114285714288
0.89,5.958571428571429,4.422857142857143,6.147142857142858,238.79999999999998,237.71428571428572,239.74285714285716,3.5222128571428573
0.89,5.958571428571429,4.428571428571429,6.167142857142857,239.22857142857146,238.07142857142858,240.15714285714284,3.5204100000000005
0.89,5.96,4.43,6.178571428571429,239.55714285714288,238.44285714285712,240.54285714285714,3.5338085714285716
0.89,5.976666666666667,4.43,6.173333333333333,239.9333333333333,238.83333333333334,240.86666666666665,3.542476666666667
0.89,5.96,4.43,6.089999999999999,236.3,235.1,237.2,3.48286
0.89,5.96,4.43,6.107142857142857,236.9857142857143,235.78571428571428,237.8857142857143,3.488534285714286
0.89,5.968333333333334,4.43,6.12,237.41666666666666,236.21666666666667,238.3166666666667,3.4989066666666666
0.89,5.96625,4.43,6.11625,237.4375,236.2375,238.3,3.501435
0.89,5.966666666666666,4.43,6.116666666666667,237.4,236.20000000000002,238.21666666666667,3.500475
0.89,5.966666666666666,4.4383333333333335,6.103333333333333,236.53333333333333,235.33333333333334,237.45000000000002,3.4871383333333337
0.89,5.97,4.432857142857143,6.11,237.15714285714284,235.8857142857143,237.97142857142856,3.5021214285714284
0.89,5.97,4.438571428571429,6.111428571428571,237.34285714285716,236.12857142857143,238.21428571428572,3.502342857142857
0.89,5.97,4.434285714285714,6.115714285714286,237.5142857142857,236.21428571428572,238.3,3.501961428571429
0.89,5.972857142857143,4.435714285714286,6.138571428571429,238.0,236.84285714285716,238.75714285714284,3.513595714285714
0.89,5.96,4.433333333333334,6.1433333333333335,238.26666666666665,237.0666666666667,239.0666666666667,3.51459
0.89,5.975,4.4350000000000005,6.14,238.3,237.025,238.975,3.520285
0.89,5.977142857142858,4.44,6.141428571428571,238.54285714285714,237.37142857142857,239.28571428571428,3.522814285714286
0.89,5.97,4.44,6.1475,238.5,237.4,239.325,3.52292875
0.89,5.96125,4.4312499999999995,6.15125,238.725,237.6375,239.5375,3.5267524999999997
0.8928571428571429,5.972857142857143,4.432857142857143,6.17,239.77142857142857,238.67142857142855,240.6,3.53816
0.89625,5.96875,4.43625,6.1475,238.5375,237.4375,239.3625,3.51895625
0.89,5.95,4.428333333333334,6.116666666666667,236.88333333333333,235.78333333333333,237.58333333333334,3.4914133333333335
0.89,5.95,4.42,6.12,237.1,236.0,237.8,3.49069
0.89,5.95,4.42,6.12,237.1,236.0,237.8,3.49069
0.89,5.97,4.44,6.14,238.4,237.3,239.1,3.51711
0.89,5.978571428571429,4.44,6.131428571428572,238.31428571428572,237.12857142857143,239.0142857142857,3.519407142857143
0.89,5.9712499999999995,4.44,6.13875,238.64999999999998,237.45,239.26250000000002,3.5186875
0.89,5.968571428571429,4.435714285714286,6.160000000000001,239.08571428571432,238.0,239.84285714285716,3.5262285714285713
0.89,5.9557142857142855,4.4314285714285715,6.158571428571428,239.15714285714284,238.14285714285714,239.9,3.5249571428571427
0.89,5.96875,4.44,6.15875,239.32500000000002,238.225,240.025,3.53315
0.89375,5.97,4.44,6.13,237.85000000000002,236.75,238.55,3.51657625
0.8942857142857142,5.952857142857143,4.434285714285714,6.085714285714286,236.22857142857143,235.12857142857143,236.92857142857142,3.478532857142857
0.89,5.961428571428571,4.437142857142858,6.097142857142857,236.3857142857143,235.28571428571428,237.15714285714287,3.4810942857142857
0.89,5.9628571428571435,4.44,6.1,236.5,235.4,237.22857142857143,3.4882142857142857
0.8933333333333334,5.953333333333333,4.433333333333334,6.086666666666666,235.83333333333334,234.76666666666665,236.46666666666667,3.4780533333333334
0.89375,5.9475,4.4275,6.08,235.35,234.2875,236.05,3.4674025
0.89,5.95,4.43,6.080000000000001,235.6,234.5,236.30000000000004,3.4650200000000004
0.8985714285714286,5.945714285714287,4.43,6.067142857142857,234.91428571428574,233.77142857142857,235.6142857142857,3.454957142857143
0.9,5.94,4.43,6.06,234.4,233.3,235.1,3.44942
0.9,5.93625,4.43,6.047499999999999,233.725,232.7125,234.6,3.4382425000000003
0.9,5.946666666666666,4.4383333333333335,6.03,232.75,231.65,233.51666666666665,3.4250133333333337
0.8685714285714285,6.622857142857143,5.162857142857143,6.861428571428571,231.77142857142854,230.54285714285714,232.27142857142854,3.700437142857143
0.7871428571428571,8.352857142857143,6.987142857142857,9.032857142857143,231.72857142857143,230.42857142857142,232.17142857142855,4.432867142857143
0.7816666666666667,8.4,7.0249999999999995,9.126666666666667,234.0,232.73333333333335,234.35,4.481058333333333
0.79,8.353333333333333,6.9750000000000005,9.015,231.91666666666666,230.61666666666667,232.35,4.44795
0.79,8.36,6.97,9.0,231.5,230.1,231.9,4.43204
0.79,8.361666666666666,6.9750000000000005,9.006666666666666,231.71666666666667,230.36666666666667,232.11666666666667,4.439571666666667
0.79,8.37,7.0,9.04,232.8,231.7,233.2,4.47723
0.79,8.351666666666667,6.984999999999999,8.993333333333334,231.9,230.68333333333337,232.23333333333335,4.456171666666667
0.79,8.344285714285714,6.982857142857142,8.972857142857142,231.25714285714284,230.17142857142858,231.67142857142858,4.4397842857142855
0.79,8.32,6.970000000000001,8.94,230.8,229.5,231.1,4.42305
0.78,8.42,7.04,9.14,234.9,233.7,235.3,4.51461
0.78,8.40857142857143,7.028571428571428,9.124285714285714,234.37142857142857,233.05714285714288,234.85714285714286,4.50136
0.7799999999999999,8.41,7.0249999999999995,9.13,234.29999999999998,232.95000000000002,234.70000000000002,4.5012
0.7833333333333333,8.401666666666667,7.021666666666667,9.136666666666667,234.3166666666667,233.08333333333334,234.86666666666667,4.501218333333333
0.7833333333333333,8.401666666666667,7.021666666666667,9.136666666666667,234.3166666666667,233.08333333333334,234.86666666666667,4.501218333333333
0.7833333333333333,8.401666666666667,7.021666666666667,9.136666666666667,234.3166666666667,233.08333333333334,234.86666666666667,4.501218333333333
0.7833333333333333,8.401666666666667,7.021666666666667,9.136666666666667,234.3166666666667,233.08333333333334,234.86666666666667,4.501218333333333
0.7833333333333333,8.401666666666667,7.021666666666667,9.136666666666667,234.3166666666667,233.08333333333334,234.86666666666667,4.501218333333333
0.7833333333333333,8.401666666666667,7.021666666666667,9.136666666666667,234.3166666666667,233.08333333333334,234.86666666666667,4.501218333333333
0.7833333333333333,8.401666666666667,7.021666666666667,9.136666666666667,234.3166666666667,233.08333333333334,234.86666666666667,4.501218333333333
0.78,8.42,7.05,9.12,234.2,232.9,234.4,4.49494
0.7799999999999999,8.42,7.043333333333333,9.126666666666667,234.45000000000002,233.23333333333335,234.73333333333335,4.5008799999999995
0.7799999999999999,8.42,7.048333333333333,9.126666666666667,234.25,233.08333333333334,234.63333333333333,4.509471666666667
0.78,8.42,7.05,9.12,234.2,233.1,234.6,4.50729
0.7799999999999999,8.413333333333334,7.041666666666667,9.104999999999999,233.9,232.70000000000002,234.21666666666667,4.50117
0.79,8.39,7.02,9.09,233.3,232.0,233.6,4.47067
0.78,8.443999999999999,7.064,9.206,235.5,234.24,235.92,4.5337879999999995
0.7799999999999999,8.465000000000002,7.076666666666667,9.218333333333334,235.66666666666666,234.45000000000002,236.08333333333334,4.539843333333333
0.7799999999999999,8.416666666666666,7.066666666666666,9.206666666666665,235.4333333333333,234.16666666666666,235.83333333333334,4.5270866666666665
0.7799999999999999,8.398333333333333,7.0616666666666665,9.213333333333333,235.4,234.16666666666666,235.86666666666667,4.524325
0.7799999999999999,8.4,7.07,9.2,235.5,234.19999999999996,235.9,4.5342
0.78,8.4,7.07,9.2,235.5,234.2,235.9,4.5342
0.78,8.39857142857143,7.072857142857143,9.20142857142857,235.52857142857144,234.28571428571428,236.0,4.523457142857143
0.78,8.4,7.08,9.22,235.7,234.8,236.3,4.52823
0.78,8.412,7.08,9.22,235.7,234.61999999999998,236.3,4.537878
0.78,8.4225,7.0925,9.2425,236.275,235.125,236.82500000000002,4.5499625
0.78,8.431999999999999,7.106,9.276,236.95999999999998,235.85999999999999,237.45999999999998,4.56179
0.78,8.44,7.1,9.26,236.9,235.7,237.4,4.55544
0.78,8.44,7.1,9.26,236.9,235.7,237.4,4.55544
0.78,8.44,7.1,9.26,236.9,235.7,237.4,4.55544
0.78,8.44,7.1,9.26,236.9,235.7,237.4,4.55544
0.78,8.44,7.1,9.26,236.9,235.7,237.4,4.55544
0.78,8.44,7.1,9.26,236.9,235.7,237.4,4.55544
0.78,8.42,7.1,9.256,236.82000000000002,235.61999999999998,237.28000000000003,4.546425999999999
0.7799999999999999,8.405,7.09,9.24,236.45000000000002,235.25,236.89999999999998,4.53775
0.7799999999999999,8.41,7.09,9.255,236.54999999999998,235.4,236.95000000000002,4.5442
0.7799999999999999,8.41,7.09,9.25,236.5,235.4,236.9,4.54097
0.78,8.39,7.087999999999999,9.232000000000001,235.94,234.84,236.44,4.534984
0.78,8.39,7.08,9.228,236.1,235.0,236.54000000000002,4.538598
0.7799999999999999,8.398333333333333,7.080000000000001,9.236666666666666,236.3166666666667,235.21666666666667,236.79999999999998,4.5348966666666675
0.7799999999999999,8.413333333333334,7.080000000000001,9.243333333333334,236.13333333333333,235.03333333333333,236.63333333333333,4.533316666666667
0.7799999999999999,8.393333333333333,7.080000000000001,9.226666666666667,236.1,235.0666666666667,236.6,4.530163333333333
0.78,8.402000000000001,7.0840000000000005,9.23,236.01999999999998,234.76,236.42,4.52679
0.7799999999999999,8.403333333333334,7.086666666666666,9.235000000000001,236.1833333333333,235.06666666666663,236.61666666666667,4.535433333333333
0.78,8.4,7.07,9.22,236.1,234.6,236.3,4.54049
0.7799999999999999,8.4,7.07,9.22,236.1,234.6,236.30000000000004,4.54049
0.7799999999999999,8.428333333333333,7.093333333333334,9.263333333333334,236.71666666666667,235.5666666666667,237.1,4.551548333333334
0.774,8.452000000000002,7.103999999999999,9.296000000000001,237.32,236.18,237.74,4.566498
0.77,8.456666666666667,7.109999999999999,9.306666666666667,237.5666666666667,236.5,238.1,4.571603333333333
0.7783333333333333,8.383333333333333,7.071666666666666,9.17,235.4,234.4,235.91666666666666,4.522501666666667
0.78,8.402,7.0760000000000005,9.18,235.45999999999998,234.3,235.95999999999998,4.519646
0.7799999999999999,8.38,7.05,9.16,234.9,233.80000000000004,235.4,4.51525
0.78,8.4,7.066,9.196000000000002,235.58,234.48000000000002,236.04000000000002,4.5271740000000005
0.78,8.41,7.08,9.23,236.3,235.2,236.7,4.54988
0.7799999999999999,8.41,7.080000000000001,9.23,236.30000000000004,235.19999999999996,236.69999999999996,4.54988
0.78,8.41,7.08,9.23,236.3,235.2,236.7,4.54988
0.7799999999999999,8.415000000000001,7.09,9.235,236.05000000000004,234.95000000000002,236.6,4.53657
0.7799999999999999,8.423333333333334,7.080000000000001,9.27,236.33333333333334,235.16666666666666,237.0666666666667,4.54741
0.78,8.41,7.08,9.25,236.0,234.9,236.8,4.54443
0.89,5.936666666666667,4.453333333333333,6.136666666666667,237.0666666666667,235.96666666666667,237.73333333333335,3.4935066666666668
0.89,5.921666666666667,4.456666666666667,6.121666666666667,236.65,235.54999999999998,237.36666666666667,3.4858949999999997
0.89,5.928333333333334,4.458333333333333,6.121666666666667,236.98333333333335,235.9,237.78333333333333,3.494146666666667
0.89,5.934,4.458,6.13,237.32,236.3,238.06,3.5048719999999998
0.89,5.936,4.456,6.136,237.45999999999998,236.35999999999999,238.16,3.5058999999999996
0.89,5.931666666666666,4.451666666666667,6.14,237.46666666666667,236.3166666666667,238.19999999999996,3.4973783333333333
0.89,5.93,4.45,6.146,237.51999999999998,236.48000000000002,238.26,3.49589
0.89,5.927142857142857,4.451428571428571,6.145714285714286,237.75714285714284,236.64285714285714,238.47142857142856,3.50357
0.89,5.936666666666667,4.463333333333334,6.153333333333333,238.0,236.79999999999998,238.73333333333335,3.5123766666666665
0.89,5.936,4.464,6.1659999999999995,238.45999999999998,237.32,239.18,3.5144620000000004
0.89,5.936666666666667,4.46,6.173333333333333,238.80000000000004,237.63333333333333,239.53333333333333,3.5222466666666663
0.89,5.928333333333334,4.46,6.181666666666666,238.88333333333335,237.76666666666665,239.66666666666666,3.524461666666667
0.89,5.932,4.454,6.184,239.42,238.21999999999997,240.11999999999998,3.532418
0.89,5.94,4.455,6.18,239.4,238.35,240.14999999999998,3.5355600000000003
0.89,5.94,4.45,6.18,239.4,238.30000000000004,240.19999999999996,3.53909
0.8916666666666666,5.923333333333333,4.458333333333333,6.113333333333333,236.48333333333335,235.33333333333334,237.23333333333332,3.491046666666667
0.8933333333333334,5.919999999999999,4.453333333333333,6.099999999999999,235.96666666666667,234.80000000000004,236.63333333333333,3.479036666666667
0.89,5.919999999999999,4.45,6.099999999999999,236.0,234.80000000000004,236.6,3.4781
0.89,5.925,4.455,6.12,236.54999999999998,235.4,237.10000000000002,3.4811300000000003
0.89,5.93,4.452,6.128,237.24,235.98000000000002,237.85999999999999,3.496758
0.89,5.923333333333333,4.443333333333334,6.126666666666666,237.0666666666667,235.9333333333333,237.86666666666667,3.481446666666667
0.89,5.919999999999999,4.448333333333333,6.12,236.86666666666667,235.79999999999998,237.53333333333333,3.4854733333333336
0.89,5.93,4.44,6.12,237.19999999999996,236.0,237.80000000000004,3.49698
0.89,5.93,4.44,6.12,237.2,236.0,237.8,3.4969799999999998
0.89,5.93,4.44,6.12,237.19999999999996,236.0,237.80000000000004,3.49698
0.89,5.92,4.45,6.11,236.6,235.3,237.1,3.48717
0.89,5.916666666666667,4.446666666666666,6.11,236.66666666666666,235.4333333333333,237.23333333333335,3.4841033333333336
0.89,5.933333333333334,4.448333333333333,6.12,237.3166666666667,236.14999999999998,237.86666666666667,3.492953333333333
0.89,5.923333333333333,4.45,6.13,237.5666666666667,236.4,238.16666666666666,3.4920233333333335
0.89,5.925,4.44,6.135000000000001,237.79999999999998,236.65,238.35,3.49584
0.89,5.924285714285714,4.44,6.134285714285714,237.77142857142857,236.64285714285714,238.4,3.4993257142857144
0.89,5.922,4.44,6.148000000000001,238.16,237.08,238.85999999999999,3.5065799999999996
0.89,5.917142857142857,4.44,6.154285714285714,238.4,237.29999999999998,239.05714285714288,3.5097271428571424
0.89,5.93,4.44,6.150000000000001,238.4,237.30000000000004,239.1,3.51796
0.89,5.923333333333333,4.443333333333334,6.16,238.66666666666666,237.66666666666666,239.4333333333333,3.522123333333333
0.89,5.921666666666667,4.441666666666667,6.16,238.88333333333333,237.85,239.63333333333333,3.520701666666666
0.89,5.925,4.44,6.16,239.03333333333333,238.01666666666665,239.75,3.5211699999999997
0.895,5.925,4.45,6.140000000000001,237.9,236.85000000000002,238.5,3.500555
0.898,5.936,4.45,6.1,236.35999999999999,235.44,237.01999999999998,3.4816740000000004
0.89,5.919999999999999,4.441666666666667,6.099999999999999,236.30000000000004,235.19999999999996,236.8166666666667,3.474861666666667
0.89,5.919999999999999,4.448333333333333,6.091666666666666,236.13333333333333,235.03333333333333,236.71666666666667,3.4770183333333335
0.89,5.92,4.45,6.0920000000000005,236.21999999999997,235.14000000000001,236.82,3.4746859999999997
0.89,5.92,4.45,6.1,236.7,235.7,237.3,3.46483
0.89,5.92,4.45,6.1,236.7,235.7,237.3,3.46483
0.89,5.919999999999999,4.44,6.114999999999999,236.75,235.70000000000002,237.4,3.48268
0.89,5.918,4.44,6.112,236.71999999999997,235.66,237.44,3.48007
0.89,5.915,4.44,6.12,237.19999999999996,236.25,237.9,3.48361
0.89,5.913333333333334,4.443333333333334,6.126666666666666,237.26666666666665,236.16666666666666,237.86666666666667,3.487246666666666
0.89,5.923333333333333,4.45,6.123333333333334,237.33333333333334,236.26666666666665,237.9666666666667,3.491576666666667
0.89,5.923333333333333,4.446666666666666,6.133333333333333,237.4,236.4333333333333,238.1,3.49841
0.89,5.9159999999999995,4.44,6.1339999999999995,236.94,236.04000000000002,237.64000000000001,3.4788040000000002
0.89,5.913333333333334,4.446666666666666,6.116666666666667,236.76666666666665,235.73333333333335,237.46666666666667,3.48354
0.89,5.916666666666667,4.443333333333334,6.116666666666667,236.63333333333333,235.53333333333333,237.26666666666665,3.48403
0.89,5.912000000000001,4.44,6.1160000000000005,236.56,235.45999999999998,237.11999999999998,3.480182
0.89,5.906000000000001,4.434,6.098000000000001,236.14000000000001,235.04000000000002,236.88000000000002,3.47198
0.89,5.91,4.43,6.09,235.9,234.80000000000004,236.80000000000004,3.46818
0.892,5.9079999999999995,4.432,6.086,235.64000000000001,234.52000000000004,236.5,3.464038
0.9,5.894,4.44,6.064,234.35999999999999,233.21999999999997,235.06,3.4422919999999997
0.9,5.89,4.44,6.06,234.19999999999996,233.1,234.9,3.4388400000000003
0.8560000000000001,6.862,5.468,7.236,232.6,231.3,232.98000000000002,3.8259680000000005
0.79,8.3,7.0,9.03,231.69999999999996,230.30000000000004,231.9,4.42936
0.79,8.312000000000001,7.008,9.053999999999998,232.26,230.9,232.5,4.442486
0.79,8.356666666666667,7.033333333333334,9.138333333333334,234.26666666666665,233.05000000000004,234.66666666666666,4.490426666666666
0.79,8.34,7.0,9.08,233.1,231.8,233.5,4.46761
0.79,8.34,7.0,9.08,233.1,231.80000000000004,233.5,4.46761
0.788,8.356,7.0200000000000005,9.11,233.74,232.66,234.26,4.480574
0.79,8.34,7.010000000000001,9.055000000000001,232.89999999999998,231.70000000000002,233.29999999999998,4.46821
0.79,8.331999999999999,7.004,9.047999999999998,232.68,231.48000000000002,233.1,4.45582
0.79,8.31,6.982000000000001,9.02,232.56,231.18,232.8,4.450324
0.79,8.3,6.980000000000001,9.01,231.5,230.2,231.9,4.43051
0.79,8.283333333333333,6.976666666666667,9.013333333333334,231.9,230.66666666666666,232.26666666666665,4.430786666666666
0.79,8.283999999999999,6.967999999999999,8.996,231.74,230.44,232.06,4.4307859999999994
0.79,8.266,6.965999999999999,8.992,231.34,230.1,231.74,4.420534
0.79,8.256666666666666,6.95,8.956666666666667,230.96666666666667,229.66666666666666,231.4,4.40069
0.79,8.266,6.958,8.966,230.78000000000003,229.4,231.11999999999998,4.423005999999999
0.79,8.27,6.959999999999999,8.97,230.8,229.4,231.1,4.43007
0.78,8.36,7.037999999999999,9.13,234.38000000000002,233.17999999999998,234.71999999999997,4.504056
0.78,8.36,7.036,9.136000000000001,234.54000000000002,233.34,234.98000000000002,4.497234000000001
0.7799999999999999,8.36,7.023333333333333,9.14,234.45000000000002,233.25,234.9333333333333,4.4902299999999995
0.78,8.36,7.02,9.14,234.4,233.2,234.9,4.48771
0.7799999999999999,8.37,7.043333333333333,9.156666666666666,234.66666666666666,233.4,235.0666666666667,4.495373333333333
0.78,8.37,7.045999999999999,9.144,234.51999999999998,233.32,234.92,4.49011
0.78,8.378,7.037999999999999,9.139999999999999,234.48000000000002,233.28000000000003,234.88000000000002,4.498238000000001
0.78,8.386000000000001,7.044,9.158,234.9,233.68,235.21999999999997,4.5115359999999995
0.78,8.394,7.05,9.175999999999998,235.2,234.01999999999998,235.68,4.52475
0.78,8.39,7.05,9.172,235.11999999999998,233.85999999999999,235.48000000000002,4.515158
0.78,8.39,7.05,9.17,235.1,233.8,235.4,4.51209
0.7799999999999999,8.396666666666667,7.07,9.196666666666667,235.6,234.4,236.1,4.52834
0.78,8.418000000000001,7.078,9.218,235.95999999999998,234.92,236.45999999999998,4.537443999999999
0.78,8.414,7.086,9.22,236.18,235.06,236.61999999999998,4.543262
0.7799999999999999,8.423333333333334,7.081666666666667,9.238333333333333,236.6,235.26666666666668,236.91666666666666,4.539174999999999
0.7799999999999999,8.418333333333333,7.080000000000001,9.228333333333333,236.53333333333333,235.25,236.83333333333334,4.5429433333333336
0.7799999999999999,8.406666666666666,7.086666666666666,9.223333333333334,236.26666666666665,235.0,236.54999999999998,4.5273433333333335
0.78,8.412,7.086,9.228,236.44,235.18,236.64000000000001,4.540496
0.7799999999999999,8.396666666666667,7.071666666666666,9.205,235.9,234.58333333333334,236.23333333333335,4.514606666666666
0.78,8.406,7.062,9.204,235.92,234.68,236.22000000000003,4.523636000000001
0.7799999999999999,8.393333333333333,7.06,9.19,235.83333333333334,234.53333333333333,236.03333333333333,4.522771666666666
0.7799999999999999,8.38,7.065,9.185,235.54999999999998,234.35000000000002,235.9,4.520295
0.7799999999999999,8.37,7.05,9.176666666666668,235.1,233.76666666666665,235.4333333333333,4.504653333333334
0.774,8.234,7.045999999999999,9.17,235.08,233.8,235.38000000000002,4.453276000000001
0.775,8.136666666666668,7.046666666666667,9.153333333333334,234.7833333333333,233.5,235.16666666666666,4.410948333333334
0.7716666666666666,8.138333333333334,7.038333333333334,9.146666666666667,234.6833333333333,233.36666666666667,234.98333333333335,4.416185
0.78,8.13,7.029999999999999,9.13,234.6,233.2,234.8,4.40634
0.77,8.133333333333335,7.04,9.166666666666666,235.03333333333333,233.73333333333335,235.33333333333334,4.42645
0.7742857142857142,8.135714285714286,7.035714285714286,9.162857142857144,234.84285714285716,233.5,235.14285714285714,4.417045714285714
0.774,8.13,7.029999999999999,9.152000000000001,234.68,233.42,235.06,4.411272
0.7799999999999999,8.136666666666668,7.043333333333333,9.153333333333334,234.76666666666665,233.46666666666667,235.16666666666666,4.4198
0.775,8.14,7.035,9.145000000000001,234.54999999999998,233.35,235.0,4.41993
0.7733333333333334,8.136666666666668,7.023333333333333,9.156666666666666,234.63333333333333,233.26666666666665,234.96666666666667,4.418679999999999
0.7799999999999999,8.131666666666666,7.026666666666666,9.143333333333333,234.5666666666667,233.29999999999998,234.91666666666666,4.411596666666667
0.78,8.14,7.040000000000001,9.146,234.9,233.54000000000002,235.1,4.424049999999999
0.775,8.15,7.05,9.168333333333335,235.25,233.91666666666666,235.53333333333333,4.424833333333333
0.78,8.17,7.07,9.22,235.8,234.6,236.2,4.44711
0.77,8.173333333333334,7.073333333333333,9.24,236.5,235.23333333333335,236.9,4.45602
0.7700000000000001,8.192857142857143,7.090000000000001,9.26,236.91428571428574,235.71428571428572,237.32857142857142,4.463935714285714
0.77,8.24,7.122,9.312000000000001,238.2,237.01999999999998,238.45999999999998,4.493526
0.77,8.226666666666667,7.103333333333333,9.276666666666666,237.5,236.23333333333335,237.73333333333335,4.477
0.77,8.16,7.053333333333334,9.178333333333333,235.21666666666667,233.98333333333335,235.6,4.431503333333333
0.77,8.16,7.06,9.17,235.2,233.9,235.5,4.43835
0.7700000000000001,8.142857142857142,7.045714285714285,9.187142857142858,235.29999999999998,234.0142857142857,235.72857142857143,4.424484285714286
0.77,8.174999999999999,7.065,9.225,236.04999999999998,234.79999999999998,236.6,4.46061
0.77,8.209999999999999,7.080000000000001,9.3,237.10000000000002,235.94999999999996,237.79999999999998,4.487585
0.77,8.2,7.080000000000001,9.3,236.80000000000004,235.69999999999996,237.6,4.47725
0.8214285714285714,7.098571428571428,5.944285714285714,7.932857142857143,236.8,235.57142857142858,237.47142857142856,4.016377142857142
0.89,5.64,4.44,6.12,237.1,235.80000000000004,237.69999999999996,3.40151
0.89,5.635714285714285,4.44,6.107142857142857,236.71428571428572,235.45714285714286,237.52857142857144,3.4026328571428572
0.89,5.62,4.435,6.109999999999999,236.95000000000002,235.69999999999996,237.70000000000002,3.40544
0.89,5.599999999999999,4.43,6.12,237.4,236.19999999999996,238.1,3.40935
0.89,5.599999999999999,4.4383333333333335,6.12,237.3166666666667,236.03333333333333,238.01666666666665,3.4063916666666665
0.89,5.599999999999999,4.44,6.12,237.30000000000004,236.0,238.0,3.4058000000000006
0.89,5.6,4.44,6.12,237.3,236.0,238.0,3.4058
0.89,5.6,4.44,6.13,237.54285714285714,236.42857142857142,238.22857142857143,3.41205
0.89,5.599999999999999,4.44,6.135000000000001,238.10000000000002,237.0,238.75,3.421325
0.89,5.606,4.44,6.15,238.42,237.26,239.21999999999997,3.4234780000000002
0.89,5.605714285714285,4.44,6.1571428571428575,238.8857142857143,237.75714285714284,239.6142857142857,3.4299171428571427
0.89,5.6,4.44,6.18,239.4,238.3,240.1,3.44104
0.89,5.609999999999999,4.435,6.158333333333334,238.6833333333333,237.58333333333334,239.41666666666666,3.428453333333333
0.89,5.599999999999999,4.44,6.099999999999999,236.61666666666665,235.4333333333333,237.25,3.3929716666666665
0.89,5.6066666666666665,4.44,6.113333333333333,236.73333333333335,235.54999999999998,237.33333333333334,3.397596666666667
0.89,5.598571428571428,4.44,6.102857142857142,236.79999999999998,235.6,237.31428571428572,3.394527142857143
0.89,5.6066666666666665,4.44,6.113333333333333,237.13333333333333,235.9333333333333,237.73333333333335,3.4034899999999997
0.89,5.61,4.44,6.12,237.2,235.8,237.7,3.40105
0.89,5.605714285714286,4.44,6.124285714285714,237.54285714285714,236.31428571428572,238.04285714285714,3.4085414285714286
0.89,5.61,4.44,6.13,237.8,236.7,238.4,3.4061
0.89,5.616666666666667,4.44,6.136666666666667,238.26666666666665,237.16666666666666,238.86666666666667,3.420726666666667
0.89,5.613333333333333,4.446666666666666,6.12,237.83333333333334,236.79999999999998,238.4333333333333,3.404666666666667
0.89,5.605,4.445,6.135000000000001,237.69999999999996,236.54999999999998,238.14999999999998,3.41413
0.89,5.61,4.448,6.132,237.56,236.38000000000002,238.17999999999998,3.417266
0.89,5.613333333333333,4.44,6.13,237.73333333333335,236.4333333333333,238.16666666666666,3.41489
0.89,5.61,4.44,6.13,237.80000000000004,236.5,238.19999999999996,3.41496
0.89,5.606,4.45,6.156000000000001,238.76,237.56,239.21999999999997,3.434584
0.89,5.613333333333333,4.443333333333334,6.169999999999999,239.20000000000002,238.04999999999998,239.65,3.4398183333333336
0.89,5.62,4.446666666666666,6.166666666666667,239.16666666666666,237.9,239.5666666666667,3.4387033333333332
0.89,5.622,4.45,6.164,239.26,238.18,239.84,3.442654
0.89,5.61,4.442,6.17,239.82,238.84,240.44,3.45167
0.89,5.625,4.4575,6.154999999999999,238.9,237.9,239.4,3.43905
0.89,5.61,4.445,6.085,235.83333333333334,234.70000000000002,236.33333333333334,3.37777
0.89,5.605,4.445,6.09,236.10000000000002,235.05000000000004,236.60000000000002,3.386595
0.89,5.61,4.45,6.11,236.5,235.3,236.9,3.3997
0.89,5.603333333333333,4.4366666666666665,6.103333333333333,236.5,235.30000000000004,236.96666666666667,3.39358
0.89,5.6066666666666665,4.4366666666666665,6.099999999999999,236.23333333333335,235.1,236.66666666666666,3.389
0.89,5.61,4.44,6.109999999999999,236.70000000000002,235.65,237.20000000000002,3.3963699999999997
0.89,5.613333333333333,4.45,6.1066666666666665,236.73333333333335,235.5,237.53333333333333,3.4070766666666668
0.89,5.604,4.45,6.136,237.16,236.18,237.68,3.4027140000000005
0.89,5.593333333333334,4.443333333333334,6.12,237.23333333333335,236.16666666666666,237.66666666666666,3.4001299999999994
0.89,5.59,4.44,6.11,237.30000000000004,236.19999999999996,237.69999999999996,3.40033
0.89,5.59,4.44,6.11,237.3,236.2,237.7,3.4003299999999994
0.89,5.605,4.4475,6.125,237.75,236.725,238.3,3.4122775
0.89,5.62,4.45,6.123333333333334,237.66666666666666,236.76666666666665,238.19999999999996,3.412966666666667
0.89,5.616,4.448,6.128,237.5,236.56,238.06,3.4104
0.89,5.599999999999999,4.44,6.12,237.1,236.0,237.5,3.39096
0.89,5.6,4.44,6.12,237.1,236.0,237.5,3.3909600000000006
0.89,5.606,4.446,6.128,237.56,236.54000000000002,237.98000000000002,3.410222
0.89,5.6,4.436,6.13,237.68,236.68,238.14000000000001,3.410782
0.89,5.6,4.446,6.122,237.56,236.56,237.95999999999998,3.412674
0.89,5.6,4.45,6.12,237.5,236.5,237.9,3.41348
0.89,5.6,4.45,6.12,237.5,236.5,237.9,3.41348
0.89,5.6,4.444000000000001,6.101999999999999,236.78000000000003,235.6,237.11999999999998,3.4015159999999995
0.89,5.6,4.44,6.093999999999999,236.42000000000002,235.18,236.76,3.393678
0.89,5.599999999999999,4.44,6.11,236.9,235.9,237.4,3.39423
0.89,5.595999999999999,4.436,6.102,236.42,235.42,236.92,3.3861060000000003
0.89,5.59,4.43,6.08,235.42,234.34,235.94,3.375866
0.89,5.59,4.43,6.064,234.66,233.56,235.26,3.3615700000000004
0.89,5.59,4.446666666666666,6.035,233.54999999999998,232.36666666666665,234.0666666666667,3.3438149999999998
0.8640000000000001,6.012,4.894,6.572,233.16,231.94,233.61999999999998,3.486074
0.77,7.885000000000001,6.835,8.87,231.64999999999998,230.45000000000002,231.95000000000002,4.2071250000000004
0.78,8.078,7.002,9.002,231.51999999999998,230.38000000000002,231.74,4.348516
0.7799999999999999,8.14,7.05,9.125,234.04999999999998,232.9,234.30000000000004,4.3998
0.78,8.132000000000001,7.053999999999999,9.108,233.76,232.7,234.06,4.394004
0.78,8.1,7.029999999999999,9.06,232.8,231.5,233.1,4.38054
0.7799999999999999,8.108333333333333,7.033333333333334,9.083333333333334,233.35,232.13333333333333,233.6,4.399500000000001
0.7799999999999999,8.12,7.04,9.08,233.39999999999998,232.20000000000002,233.75,4.397015000000001
0.78,8.108,7.029999999999999,9.062000000000001,233.01999999999998,231.8,233.26,4.387408
0.7816666666666667,8.139999999999999,7.028333333333333,9.065,232.91666666666666,231.75,233.23333333333335,4.405953333333334
0.79,8.34,7.019999999999999,9.047999999999998,232.66,231.58,233.01999999999998,4.462312
0.79,8.34,7.019999999999999,9.06,232.9,231.7,233.2,4.46725
0.79,8.34,7.02,9.06,232.9,231.69999999999996,233.19999999999996,4.46725
0.79,8.37,7.0,9.01,231.9,230.69999999999996,232.19999999999996,4.4568
0.79,8.37,6.998,9.006,231.74,230.54000000000002,232.04000000000002,4.454238
0.79,8.366666666666665,6.989999999999999,8.996666666666668,231.26666666666665,230.1,231.63333333333333,4.444780000000001
0.79,8.361999999999998,6.99,9.006,231.54000000000002,230.44,232.01999999999998,4.4470600000000005
0.785,8.405,7.0249999999999995,9.08,232.95000000000002,231.85,233.35,4.492755
0.78,8.452,7.07,9.152000000000001,234.76,233.68,235.08,4.51712
0.7799999999999999,8.46,7.07,9.2,235.4,234.4,235.80000000000004,4.53764
0.78,8.46,7.07,9.2,235.4,234.4,235.8,4.53764
0.7799999999999999,8.463333333333333,7.080000000000001,9.186666666666666,235.63333333333333,234.4333333333333,235.86666666666667,4.545003333333333
0.7799999999999999,8.473333333333334,7.083333333333333,9.201666666666666,235.71666666666667,234.63333333333333,236.04999999999998,4.547505
0.7799999999999999,8.473333333333334,7.096666666666667,9.198333333333332,235.69999999999996,234.66666666666666,236.16666666666666,4.549673333333334
0.78,8.462,7.0840000000000005,9.202000000000002,235.64000000000001,234.54000000000002,235.98000000000002,4.545094000000001
0.7799999999999999,8.453333333333333,7.083333333333333,9.200000000000001,235.5666666666667,234.4333333333333,235.9,4.54554
0.778,8.406,7.090000000000001,9.187999999999999,235.61999999999998,234.4,236.0,4.524084
0.77,8.193333333333333,7.093333333333334,9.236666666666666,236.33333333333334,235.13333333333335,236.63333333333333,4.460686666666667
0.77,8.205,7.105,9.264999999999999,236.86666666666667,235.83333333333334,237.20000000000002,4.471123333333334
0.77,8.205,7.105,9.25,237.0,235.8,237.25,4.47203
0.77,8.21,7.11,9.26,237.1,235.9,237.4,4.47681
0.77,8.21,7.12,9.275,237.25,236.1,237.64999999999998,4.4746049999999995
0.77,8.21,7.13,9.283333333333333,237.4333333333333,236.26666666666665,237.73333333333335,4.483123333333333
0.77,8.211666666666668,7.121666666666667,9.275,237.33333333333334,236.21666666666667,237.6,4.478716666666667
0.77,8.191999999999998,7.112,9.262,237.06,235.85999999999999,237.27999999999997,4.470339999999999
0.77,8.198333333333332,7.11,9.26,236.95000000000002,235.76666666666665,237.19999999999996,4.473338333333333
0.7700000000000001,8.193333333333333,7.111666666666667,9.268333333333333,237.11666666666667,235.9,237.38333333333333,4.467041666666667
0.77,8.2,7.113333333333333,9.276666666666666,237.23333333333335,236.03333333333333,237.5,4.469933333333333
0.77,8.205,7.11,9.275,237.19999999999996,236.0,237.4,4.467485
0.77,8.19,7.099999999999999,9.25,236.69999999999996,235.6,237.0,4.46575
0.77,8.183333333333332,7.093333333333334,9.243333333333334,236.83333333333334,235.66666666666666,237.13333333333333,4.462563333333333
0.77,8.173333333333334,7.09,9.216666666666667,236.36666666666665,235.16666666666666,236.66666666666666,4.453036666666667
0.77,8.18,7.09,9.228333333333333,236.6833333333333,235.48333333333335,236.96666666666667,4.4543083333333335
0.77,8.18,7.09,9.213333333333333,236.6,235.46666666666667,236.86666666666667,4.4637400000000005
0.77,8.16,7.080000000000001,9.22,236.4,235.19999999999996,236.69999999999996,4.43558
0.77,8.16,7.080000000000001,9.22,236.4,235.19999999999996,236.69999999999996,4.43558
0.77,8.176666666666668,7.085,9.215000000000002,236.48333333333335,235.26666666666665,236.6833333333333,4.448295
0.77,8.164,7.08,9.22,236.66,235.48000000000002,236.95999999999998,4.437262
0.7700000000000001,8.171428571428573,7.081428571428572,9.221428571428573,236.44285714285712,235.32857142857145,236.72857142857143,4.453104285714286
0.77,8.174999999999999,7.09,9.225,236.54999999999998,235.45000000000002,236.75,4.44485
0.775,8.28,7.085,9.209999999999999,236.15,235.15,236.45000000000002,4.480555
0.7799999999999999,8.396666666666667,7.086666666666666,9.22,236.16666666666666,235.23333333333335,236.70000000000002,4.536113333333333
0.775,8.444999999999999,7.114999999999999,9.27,237.39999999999998,236.29999999999998,237.70000000000002,4.5605400000000005
0.77,8.46,7.13,9.29,237.69999999999996,236.69999999999996,238.19999999999996,4.57589
0.774,8.440000000000001,7.098000000000001,9.248000000000001,236.92,235.85999999999999,236.95999999999998,4.55247
0.7799999999999999,8.386666666666668,7.0633333333333335,9.16,235.0333333333333,233.96666666666667,235.36666666666667,4.51784
0.7799999999999999,8.406666666666668,7.071666666666666,9.178333333333333,235.33333333333334,234.23333333333335,235.65,4.528943333333333
0.7799999999999999,8.47,7.086666666666666,9.206666666666665,235.79999999999998,234.76666666666665,236.20000000000002,4.543943333333334
0.7799999999999999,8.46,7.09,9.2,235.69999999999996,234.69999999999996,236.1,4.53976
0.78,8.47,7.08,9.202,235.71999999999997,234.54000000000002,236.17999999999998,4.546428000000001
0.78,8.476,7.086,9.228,236.1,235.0,236.45999999999998,4.545941999999999
0.775,8.514999999999999,7.114999999999999,9.305000000000001,237.25,236.35000000000002,237.95000000000002,4.5806
0.78,8.501999999999999,7.108,9.276,236.92,235.85999999999999,237.58,4.583494
0.8240000000000001,7.516,6.0520000000000005,8.036,237.44,236.48000000000002,238.08,4.15898
0.89,6.003333333333333,4.45,6.126666666666666,237.16666666666666,236.20000000000002,237.79999999999998,3.5092966666666663
0.89,6.0,4.45,6.12,237.0,236.0,237.6,3.5066700000000006
0.89,5.99,4.45,6.13,237.6,236.7,238.4,3.51744
0.89,5.995,4.45,6.135,237.5,236.55,238.14999999999998,3.5104499999999996
0.89,5.99,4.442,6.13,237.64000000000001,236.64000000000001,238.26,3.50939
0.89,5.986,4.44,6.13,237.61999999999998,236.61999999999998,238.34,3.503092
0.89,5.993333333333333,4.448333333333333,6.135000000000001,237.53333333333333,236.5666666666667,238.36666666666667,3.5112733333333335
0.89,5.99,4.45,6.13,237.6,236.7,238.3,3.50954
0.89,5.989999999999999,4.445,6.13,237.54999999999998,236.64999999999998,238.35000000000002,3.51237
0.89,5.99,4.44,6.13,237.1,236.11999999999998,237.84,3.50792
0.89,5.989999999999999,4.445,6.140000000000001,238.05000000000004,236.85000000000002,238.54999999999998,3.52981
0.89,5.99,4.44,6.13,237.8,236.4,238.2,3.5244
0.89,5.993333333333333,4.443333333333334,6.135000000000001,237.9666666666667,236.63333333333333,238.41666666666666,3.5264016666666667
0.89,6.01,4.46,6.16,238.8,237.8,239.5,3.53641
0.89,5.998,4.456,6.164,239.04000000000002,238.0,239.66,3.535682
0.89,5.98,4.45,6.176,239.64000000000001,238.6,240.26,3.5321240000000005
0.89,5.987500000000001,4.4575,6.135,237.7,236.7,238.39999999999998,3.5152175000000003
0.89,5.998,4.454,6.116,236.98000000000002,235.95999999999998,237.66,3.5032240000000003
0.8960000000000001,5.988,4.448,6.093999999999999,235.94,234.78000000000003,236.71999999999997,3.4854819999999997
0.892,5.98,4.448,6.098,235.76,234.6,236.4,3.477246
0.89,5.98,4.45,6.103333333333333,236.08333333333334,235.04999999999998,236.7833333333333,3.4916633333333333
0.89,5.98,4.45,6.112,236.3,235.18,236.92,3.4924340000000003
0.89,5.98,4.45,6.1,236.0,235.0,236.5,3.49199
0.89,5.991666666666667,4.45,6.113333333333333,236.6833333333333,235.46666666666667,237.26666666666665,3.4997633333333336
0.89,5.9925,4.45,6.115,236.9,235.375,237.42499999999998,3.509635
0.89,5.993333333333333,4.456666666666667,6.13,237.4,236.26666666666665,238.1,3.51956
0.89,6.044,4.454,6.136,237.74,236.48000000000002,238.34,3.532078
0.89,6.080000000000001,4.453333333333333,6.1433333333333335,238.0,236.73333333333335,238.6,3.5439833333333333
0.89,6.08,4.452,6.1579999999999995,238.51999999999998,237.32,239.11999999999998,3.5506979999999997
0.89,6.086,4.45,6.1659999999999995,238.8,237.6,239.35999999999999,3.542324
0.89,6.08,4.45,6.16,238.8,237.6,239.3,3.53069
0.89,6.0840000000000005,4.454,6.162000000000001,238.64000000000001,237.56,239.34,3.5470759999999997
0.89,6.098333333333333,4.46,6.155,238.73333333333335,237.51666666666665,239.33333333333334,3.5468566666666668
0.89,6.11,4.46,6.15,238.9,237.6,239.3,3.5523
0.89,6.09,4.45,6.16,238.3,237.2,239.3,3.5440200000000006
0.89,6.082,4.45,6.16,238.3,237.16,239.14000000000001,3.539452
0.89,6.078333333333333,4.45,6.173333333333333,238.9,237.88333333333333,239.6,3.548541666666667
0.89,6.086,4.45,6.17,239.26,238.16,239.98000000000002,3.561954
0.89,6.07,4.45,6.18,239.30000000000004,238.19999999999996,239.9,3.55756
0.89,6.072,4.45,6.178,239.26,238.14000000000001,239.84,3.556894
0.89,6.086666666666666,4.45,6.169999999999999,239.1,237.96666666666667,239.66666666666666,3.54893
0.89,6.086,4.45,6.17,239.16,238.06,239.76,3.551732
0.89,6.082,4.452,6.17,239.26,238.16,239.85999999999999,3.5610039999999996
0.89,6.07,4.453333333333333,6.116666666666667,236.9,235.73333333333335,237.5666666666667,3.5186333333333337
0.89,6.06,4.45,6.1,236.14000000000001,235.04000000000002,236.64000000000001,3.4964939999999998
0.89,6.0649999999999995,4.45,6.1,236.0,234.85000000000002,236.45,3.506245
0.89,6.07,4.45,6.1,236.1,234.9,236.5,3.50218
0.89,6.07,4.45,6.1066666666666665,236.3166666666667,235.26666666666665,236.88333333333333,3.494385
0.89,6.07,4.45,6.1,236.2,235.1,236.8,3.50069
0.89,6.09,4.44,6.12,237.0,235.80000000000004,237.4,3.51782
0.89,6.086,4.442,6.118,236.92,235.74,237.35999999999999,3.5178199999999995
0.89,6.07,4.45,6.11,236.6,235.5,237.19999999999996,3.5069
0.89,6.07,4.444000000000001,6.12,236.94,235.94,237.6,3.52046
0.89,6.061999999999999,4.442,6.12,236.9,235.95999999999998,237.61999999999998,3.512928
0.89,6.06,4.44,6.12,236.8,235.8,237.4,3.5125599999999997
0.89,6.07,4.44,6.12,236.8,235.8,237.5,3.5134
0.89,6.076666666666667,4.44,6.12,236.80000000000004,235.86666666666667,237.5666666666667,3.5159
0.89,6.07,4.442,6.118,236.74,235.8,237.4,3.5128460000000006
0.89,6.0616666666666665,4.441666666666667,6.101666666666667,236.08333333333334,235.0666666666667,236.75,3.4824966666666666
0.89,6.0616666666666665,4.44,6.101666666666667,236.0,234.98333333333335,236.71666666666667,3.482098333333333
0.89,6.07,4.44,6.11,236.0,234.9,236.80000000000004,3.50484
0.89,6.0520000000000005,4.44,6.0920000000000005,235.21999999999997,234.18,236.01999999999998,3.4880760000000004
0.89,6.0525,4.44,6.057499999999999,234.20000000000002,233.04999999999998,234.9,3.4703774999999997
0.8916666666666666,6.06,4.44,6.05,233.79999999999998,232.5666666666667,234.53333333333333,3.46805
0.9,6.06,4.44,6.05,233.3,232.4,234.2,3.4571999999999994
0.9,6.06,4.44,6.05,233.30000000000004,232.4,234.19999999999996,3.4572
0.9,6.06,4.44,6.05,233.30000000000004,232.4,234.19999999999996,3.4572
0.78,8.55,7.05,9.14,234.1,232.9,234.5,4.52626
0.7799999999999999,8.540000000000001,7.044999999999999,9.12,233.70000000000002,232.54999999999998,234.1,4.504605
0.79,8.51,7.006,9.07,232.7,231.54000000000002,233.1,4.489458
0.79,8.49,6.993333333333333,9.046666666666667,232.23333333333335,231.1,232.63333333333333,4.482946666666666
0.7883333333333334,8.471666666666666,6.978333333333334,9.005,231.54999999999998,230.1,231.81666666666663,4.458083333333334
0.78,8.544,7.042,9.138,234.24,233.04000000000002,234.68,4.531222
0.7799999999999999,8.56,7.05,9.15,234.6,233.4,235.0,4.53949
0.78,8.56,7.05,9.15,234.6,233.4,235.0,4.53949
0.79,8.52,7.026000000000001,9.110000000000001,233.56,232.45999999999998,234.11999999999998,4.521464
0.79,8.52,7.026666666666666,9.088333333333333,233.38333333333333,232.1833333333333,233.79999999999998,4.500028333333334
0.79,8.52,7.029999999999999,9.09,233.4,232.2,233.8,4.51096
0.79,8.508333333333333,7.005,9.065,232.83333333333334,231.61666666666667,233.23333333333335,4.494274999999999
0.79,8.483333333333334,7.0,9.06,232.33333333333334,231.03333333333333,232.73333333333335,4.481763333333333
0.79,8.473333333333334,6.993333333333333,9.02,231.66666666666666,230.4333333333333,232.16666666666666,4.476816666666667
0.79,8.468,6.980000000000001,9.008,231.56,230.34,231.98000000000002,4.476941999999999
0.79,8.465714285714286,6.972857142857143,8.984285714285715,231.18571428571428,229.84285714285716,231.5142857142857,4.451941428571429
0.7883333333333334,8.475,6.978333333333333,9.011666666666667,231.56666666666663,230.29999999999998,232.0,4.465520000000001
0.78,8.55857142857143,7.05,9.194285714285714,235.15714285714284,233.95714285714286,235.65714285714284,4.549715714285715
0.7799999999999999,8.548333333333334,7.044999999999999,9.161666666666667,234.78333333333333,233.5666666666667,235.21666666666667,4.531936666666667
0.7799999999999999,8.546666666666667,7.05,9.17,234.86666666666667,233.70000000000002,235.33333333333334,4.53453
0.78,8.558000000000002,7.053999999999999,9.178,235.06,233.92,235.56,4.541016000000001
0.78,8.554,7.05,9.17,234.95999999999998,233.7,235.48000000000002,4.540724
0.78,8.55,7.048,9.158,234.74,233.54000000000002,235.3,4.5312280000000005
0.78,8.565999999999999,7.06,9.186,235.42,234.22000000000003,235.92,4.546574
0.78,8.562000000000001,7.064,9.186,235.5,234.3,235.92,4.552434
0.78,8.572,7.074000000000001,9.198,235.7,234.58,236.28000000000003,4.565682000000001
0.7799999999999999,8.57,7.076666666666667,9.21,235.73333333333335,234.63333333333333,236.4,4.56207
0.7799999999999999,8.581666666666667,7.071666666666666,9.216666666666667,235.96666666666667,234.70000000000002,236.4,4.559503333333334
0.78,8.576,7.081999999999999,9.228,236.06,234.92000000000002,236.54000000000002,4.5525400000000005
0.78,8.6,7.09,9.26,236.7,235.4,237.1,4.56894
0.78,8.6,7.081999999999999,9.244,236.78000000000003,235.48000000000002,237.1,4.577636
0.78,8.6,7.08,9.24,236.8,235.5,237.1,4.57981
0.78,8.59,7.08,9.23,236.60000000000002,235.35,236.95,4.570485
0.78,8.58,7.08,9.212,236.16,234.88000000000002,236.48000000000002,4.565736
0.775,8.57,7.075,9.225000000000001,236.25,235.0,236.60000000000002,4.561085
0.77,8.56,7.07,9.24,236.4,235.2,236.8,4.55529
0.78,8.572,7.0760000000000005,9.212,235.98000000000002,234.78000000000003,236.44,4.55237
0.78,8.562000000000001,7.0680000000000005,9.203999999999999,235.82000000000002,234.61999999999998,236.24,4.548674
0.78,8.5675,7.0649999999999995,9.217500000000001,235.9,234.7,236.375,4.5503125
0.78,8.56,7.08,9.21,235.9,234.7,236.3,4.55386
0.78,8.56,7.07,9.2,235.7,234.5,236.2,4.55871
0.78,8.56,7.07,9.2,235.7,234.5,236.2,4.55871
0.78,8.56,7.07,9.2,235.7,234.5,236.2,4.55871
0.7799999999999999,8.543333333333333,7.043333333333333,9.163333333333334,235.23333333333335,233.98333333333335,235.70000000000002,4.526736666666666
0.78,8.57,7.08,9.25,236.6,235.4,237.1,4.56246
0.78,8.5775,7.0725,9.2425,236.375,235.175,236.875,4.5630225
0.78,8.58,7.07,9.24,236.3,235.1,236.8,4.56321
0.78,8.58,7.07,9.24,236.3,235.1,236.8,4.56321
0.78,8.57,7.07,9.21,236.1,234.8,236.4,4.54881
0.78,8.57,7.07,9.22,236.2,235.0,236.65,4.55377
0.78,8.57,7.07,9.23,236.3,235.2,236.9,4.55873
0.78,8.57,7.07,9.23,236.3,235.2,236.9,4.55873
0.78,8.564,7.064,9.212,235.94,234.84,236.48000000000002,4.544078
0.78,8.56,7.08,9.24,236.3,235.1,236.8,4.56057
0.78,8.56,7.08,9.24,236.3,235.1,236.8,4.56057
0.78,8.56,7.08,9.24,236.3,235.1,236.8,4.56057
0.78,8.56,7.08,9.24,236.3,235.1,236.8,4.56057
0.78,8.56,7.08,9.24,236.3,235.1,236.8,4.56057
0.77,8.64,7.12,9.31,237.8,236.6,238.2,4.59853
0.77,8.64,7.12,9.31,237.8,236.6,238.2,4.59853
0.77,8.64,7.12,9.31,237.8,236.6,238.2,4.59853
0.78,8.54,7.05,9.17,235.1,234.1,235.58,4.52783
0.78,8.5525,7.06,9.184999999999999,235.55,234.5,235.95,4.5376175000000005
0.78,8.56,7.06,9.2,235.7,234.5,236.1,4.53542
0.78,8.558000000000002,7.062,9.17,235.35999999999999,234.26,235.8,4.537196
0.78,8.55,7.055,9.175,235.14999999999998,234.1,235.8,4.540195000000001
0.78,8.556000000000001,7.052,9.191999999999998,235.4,234.21999999999997,235.85999999999999,4.538895999999999
0.78,8.55,7.05,9.21,235.6,234.4,236.1,4.54789
0.78,8.574000000000002,7.0680000000000005,9.24,236.2,235.11999999999998,236.76,4.558377999999999
0.8019999999999999,8.088,6.552,8.634,236.21999999999997,235.26,236.95999999999998,4.36599
0.89,6.1,4.44,6.12,236.89999999999998,235.8,237.60000000000002,3.51962
0.89,6.0840000000000005,4.438000000000001,6.1160000000000005,236.64000000000001,235.44,237.34,3.510192
0.89,6.09,4.43,6.11,236.7,235.4,237.4,3.5104
0.89,6.09,4.43,6.11,236.7,235.4,237.4,3.5103999999999997
0.89,6.0625,4.4325,6.1075,236.6,235.425,237.475,3.5017525
0.89,6.064,4.44,6.118,237.01999999999998,235.92,237.82,3.5082999999999998
0.89,6.068,4.44,6.11,237.1,236.1,237.9,3.5178960000000004
0.89,6.0600000000000005,4.4350000000000005,6.115,237.2,236.1,237.95,3.511055
0.89,6.066000000000001,4.438000000000001,6.112,236.98000000000002,235.7,237.6,3.506412
0.89,6.07,4.44,6.1225000000000005,237.225,236.1,237.95000000000002,3.5147925
0.89,6.068,4.44,6.1240000000000006,237.34,236.14000000000001,238.06,3.514784
0.89,6.06,4.44,6.12,237.3,236.1,237.9,3.51124
0.89,6.0675,4.4475,6.1274999999999995,237.6,236.4,238.05,3.51916
0.89,6.074,4.45,6.138,237.94,236.7,238.42,3.53046
0.89,6.072,4.444000000000001,6.144,238.0,236.78000000000003,238.74,3.5278599999999996
0.89,6.07,4.45,6.15,238.3,237.1,239.0,3.5392400000000004
0.89,6.07,4.45,6.1579999999999995,238.7,237.5,239.4,3.5435360000000005
0.89,6.07,4.44,6.17,239.1,238.0,239.7,3.55475
0.89,6.082,4.44,6.176,239.28000000000003,238.24,239.94,3.56237
0.89,6.09,4.44,6.18,239.4,238.4,240.1,3.56745
0.89,6.066,4.44,6.17,239.54000000000002,238.34,240.24,3.557054
0.89,6.07,4.44,6.17,239.5,238.3,240.2,3.55771
0.89,6.064,4.44,6.128,237.51999999999998,236.38000000000002,238.28000000000003,3.5198799999999997
0.89,6.06,4.44,6.09,236.0,234.6,236.8,3.4969200000000003
0.89,6.053333333333334,4.44,6.103333333333334,236.46666666666667,235.0666666666667,237.13333333333335,3.500413333333333
0.89,6.052,4.438000000000001,6.112,236.74,235.35999999999999,237.32000000000002,3.50323
0.89,6.06,4.4399999999999995,6.115,236.85000000000002,235.5,237.35000000000002,3.51152
0.89,6.06,4.45,6.11,236.80000000000004,235.4,237.30000000000004,3.51553
0.89,6.06,4.45,6.115,237.2,235.9,237.75,3.52047
0.89,6.058,4.448,6.13,237.61999999999998,236.42,238.11999999999998,3.524732
0.89,6.0600000000000005,4.44,6.14,237.85,236.65,238.25,3.523355
0.89,6.07,4.44,6.14,238.0,236.8,238.4,3.53153
0.89,6.09,4.45,6.16,239.1,238.1,239.8,3.5451899999999994
0.89,6.09,4.45,6.16,239.1,238.1,239.8,3.54519
0.89,6.09,4.45,6.16,239.1,238.1,239.8,3.54519
0.89,6.09,4.45,6.16,239.1,238.1,239.8,3.54519
0.89,6.0675,4.44,6.1625,238.95,237.975,239.55,3.5428224999999998
0.89,6.068,4.44,6.17,239.26,238.28000000000003,239.85999999999999,3.548262
0.89,6.072,4.446,6.184,239.5,238.45999999999998,240.06,3.5576999999999996
0.89,6.08,4.44,6.18,239.7,238.8,240.4,3.5631100000000004
0.89,6.0725,4.4375,6.165,238.975,237.975,239.5,3.5417975
0.89,6.054,4.434,6.098000000000001,236.28000000000003,235.24,236.88000000000002,3.50041
0.89,6.061999999999999,4.448,6.1160000000000005,236.92,235.85999999999999,237.44,3.5160139999999998
0.89,6.07,4.454,6.114,237.24,236.11999999999998,237.78000000000003,3.513872
0.89,6.056,4.444000000000001,6.09,235.84,234.76,236.35999999999999,3.487462
0.89,6.052,4.44,6.093999999999999,235.9,234.84,236.44,3.4911540000000003
0.89,6.042,4.44,6.1,236.2,235.21999999999997,236.8,3.5002079999999998
0.89,6.054,4.44,6.1,236.32,235.34,236.88000000000002,3.5002839999999997
0.89,6.06,4.44,6.1,236.5,235.4,237.0,3.50191
0.89,6.063333333333333,4.443333333333334,6.111666666666667,237.0666666666667,236.08333333333334,237.63333333333333,3.51578
0.89,6.07,4.45,6.12,237.3,236.4,238.0,3.51937
0.89,6.062,4.442,6.1160000000000005,237.06,236.08,237.64000000000001,3.5122419999999996
0.89,6.05,4.43,6.11,236.7,235.6,237.1,3.50155
0.89,6.055,4.4350000000000005,6.12,237.14999999999998,236.14999999999998,237.64999999999998,3.507275
0.89,6.06,4.44,6.13,237.6,236.7,238.2,3.513
0.89,6.06,4.44,6.13,237.54000000000002,236.68,238.11999999999998,3.5113779999999997
0.89,6.06,4.44,6.1225000000000005,237.3,236.375,237.875,3.5123975
0.89,6.06,4.44,6.12,237.3,236.4,237.9,3.5118
0.89,6.057499999999999,4.44,6.1274999999999995,237.375,236.45,237.95,3.51036
0.89,6.044,4.434,6.114,237.0,236.0,237.5,3.50523
0.89,6.055,4.43,6.11,236.875,235.875,237.3,3.50235
0.89,6.05,4.44,6.11,236.9,236.2,237.4,3.50948
0.89,6.058,4.44,6.11,237.14000000000001,236.2,237.72000000000003,3.508016
0.89,6.06,4.44,6.12,237.0,236.1,237.7,3.5205399999999996
0.89,6.044,4.448,6.12,237.08,236.17999999999998,237.7,3.508988
0.89,6.045,4.44,6.11,236.875,235.875,237.35,3.50823
0.89,6.06,4.44,6.11,236.8,235.8,237.2,3.5049900000000003
0.89,6.055999999999999,4.44,6.108,236.66,235.66,237.07999999999998,3.5005759999999997
0.89,6.04,4.44,6.09,235.85,234.8,236.35,3.4843349999999997
0.89,6.04,4.44,6.087999999999999,235.51999999999998,234.42,236.01999999999998,3.4827660000000003
0.89,6.04,4.44,6.09,235.5,234.4,236.0,3.48202
0.89,6.052,4.44,6.0840000000000005,235.14000000000001,234.21999999999997,235.76,3.472072
0.89,6.06,4.44,6.08,234.9,234.1,235.6,3.46544
0.89,6.06,4.44,6.08,234.9,234.1,235.6,3.46544
0.9,6.8500000000000005,5.3,7.036666666666666,232.70000000000002,231.4333333333333,232.9666666666667,3.7823966666666666
0.784,8.474,6.996,9.038,231.82,230.58,232.1,4.450646
0.79,8.48,6.99,9.02,231.4,230.1,231.8,4.44428
0.78,8.53,7.029999999999999,9.12,234.1,232.9,234.3,4.48363
0.78,8.53,7.03,9.12,234.1,232.9,234.3,4.48363
0.788,8.498000000000001,7.014,9.04,232.66,231.45999999999998,232.94,4.4755259999999994
0.79,8.49,7.01,9.02,232.3,231.1,232.6,4.4735
0.788,8.478,7.006,9.026,232.24,231.08,232.5,4.4748660000000005
0.7799999999999999,8.523333333333333,7.046666666666667,9.136666666666668,234.20000000000002,233.13333333333333,234.53333333333333,4.517846666666666
0.78,8.5275,7.015,9.0875,233.675,232.4,233.825,4.50909
0.78,8.508,7.014,9.068000000000001,233.2,232.04000000000002,233.45999999999998,4.491974000000001
0.79,8.49,7.006,9.056000000000001,232.82,231.61999999999998,233.08,4.487964
0.79,8.49,7.0,9.05,232.7,231.5,232.9,4.48425
0.79,8.475000000000001,6.9925,9.035,232.325,231.05,232.6,4.4677275000000005
0.79,8.49,7.0,9.03,232.5,231.3,232.8,4.46665
0.79,8.482000000000001,6.9879999999999995,9.006,232.1,230.9,232.4,4.472354
0.79,8.477500000000001,6.9725,8.99,231.575,230.29999999999998,231.95,4.45889
0.79,8.468,6.965999999999999,8.982000000000001,231.38000000000002,230.08,231.74,4.448714
0.79,8.45,6.96,8.97,231.2,229.9,231.5,4.43936
0.79,8.45,6.959999999999999,8.978,231.28000000000003,230.06,231.66,4.453864
0.7875000000000001,8.4725,6.9775,9.0125,232.125,230.875,232.45,4.4729275
0.78,8.54,7.0375,9.1175,234.525,233.275,234.7,4.518355
0.78,8.53,7.0275,9.145,234.475,233.15,235.025,4.5260575
0.78,8.532,7.022,9.134,233.94,232.54000000000002,234.84,4.518656
0.78,8.55,7.04,9.165,234.8,233.5,235.25,4.5174900000000004
0.78,8.56,7.034000000000001,9.172,234.85999999999999,233.58,235.26,4.52286
0.78,8.5475,7.0375,9.17,234.85000000000002,233.625,235.4,4.5249749999999995
0.78,8.54,7.029999999999999,9.17,235.0,233.7,235.4,4.50459
0.78,8.54,7.03,9.17,235.0,233.7,235.4,4.50459
0.78,8.54,7.029999999999999,9.17,235.0,233.7,235.4,4.50459
0.7799999999999999,8.55,7.03,9.17,234.69999999999996,233.5,235.19999999999996,4.5354
0.78,8.55,7.03,9.17,234.7,233.5,235.2,4.5354
0.78,8.558000000000002,7.045999999999999,9.178,235.4,234.14000000000001,235.74,4.536455999999999
0.78,8.555,7.04,9.1825,235.4,234.125,235.725,4.54596
0.78,8.58,7.0525,9.195,235.625,234.425,236.075,4.557985
0.78,8.575,7.0625,9.21,235.67499999999998,234.475,236.22500000000002,4.541205
0.7799999999999999,8.578333333333333,7.068333333333334,9.22,235.9333333333333,234.76666666666665,236.38333333333333,4.5528233333333334
0.78,8.58,7.06,9.24,236.1,235.1,236.8,4.56896
0.78,8.6,7.0825,9.2525,236.9,235.625,237.25,4.583155
0.78,8.6,7.090000000000001,9.254,236.84,235.64000000000001,237.21999999999997,4.569106
0.78,8.5925,7.0825,9.2425,236.8,235.525,237.1,4.566215000000001
0.772,8.581999999999999,7.08,9.248000000000001,236.74,235.51999999999998,237.04000000000002,4.5662840000000005
0.77,8.59,7.08,9.25,236.9,235.6,237.2,4.56095
0.77,8.605,7.0875,9.272499999999999,237.05,235.825,237.425,4.5761375
0.77,8.61,7.09,9.28,237.1,235.9,237.5,4.5812
0.772,8.584,7.087999999999999,9.276,237.06,235.85999999999999,237.44,4.57411
0.78,8.475000000000001,7.08,9.25,236.7,235.55,237.0,4.5489250000000006
0.78,8.47,7.072,9.24,236.34,235.08,236.56,4.53626
0.78,8.46,7.0675,9.2075,235.72500000000002,234.6,236.125,4.5394425
0.78,8.442,7.053999999999999,9.181999999999999,235.32,234.06,235.71999999999997,4.51932
0.78,8.42,7.03,9.15,234.7,233.3,235.1,4.50249
0.78,8.468,7.034000000000001,9.158,234.85999999999999,233.5,235.26,4.5094899999999996
0.78,8.54,7.040000000000001,9.17,235.1,233.8,235.5,4.51999
0.78,8.54,7.023999999999999,9.162,234.85999999999999,233.56,235.34,4.5246699999999995
0.78,8.544,7.026000000000001,9.154,234.74,233.44,235.24,4.520556
0.78,8.55,7.02,9.16,234.8,233.5,235.3,4.52037
0.78,8.534,7.019999999999999,9.154,234.84,233.64000000000001,235.27999999999997,4.522257999999999
0.78,8.55,7.019999999999999,9.17,235.0,233.8,235.6,4.51825
0.78,8.54,7.017999999999999,9.144,234.8,233.66,235.21999999999997,4.523944
0.78,8.54,7.01,9.16,234.8,233.5,235.3,4.52188
0.78,8.533999999999999,7.019999999999999,9.138000000000002,234.6,233.3,235.1,4.514284
0.78,8.53,7.023999999999999,9.148,234.64000000000001,233.35999999999999,235.07999999999998,4.512040000000001
0.78,8.56,7.045,9.19,235.5,234.3,235.89999999999998,4.533125
0.78,8.57,7.05,9.2,235.8,234.6,236.2,4.53381
0.7799999999999999,8.57,7.05,9.2,235.80000000000004,234.6,236.19999999999996,4.53381
0.78,8.57,7.05,9.2,235.8,234.6,236.2,4.53381
0.77,8.64,7.099999999999999,9.32,238.0,236.9,238.5,4.59122
0.77,8.64,7.1,9.32,238.0,236.9,238.5,4.59122
0.7799999999999999,8.534999999999998,7.03,9.145000000000001,234.69999999999996,233.5,235.14999999999998,4.52712
0.78,8.5525,7.03,9.165,234.775,233.32500000000002,235.025,4.533025
0.78,8.552,7.042,9.174,235.1,233.85999999999999,235.6,4.5355039999999995
0.78,8.56,7.040000000000001,9.19,235.4,234.1,235.8,4.53888
0.78,8.56,7.040000000000001,9.19,235.4,234.1,235.8,4.53888
0.78,8.5675,7.055,9.205,235.775,234.54999999999998,236.175,4.541145
0.78,8.58,7.06,9.24,236.3,235.1,236.8,4.56038
0.78,8.58,7.06,9.24,236.3,235.1,236.8,4.56038
0.772,8.611999999999998,7.08,9.286,236.94,235.88000000000002,237.52000000000004,4.575888
0.8,7.9825,6.41,8.497499999999999,237.125,236.0,237.525,4.3188075
0.89,6.07,4.43,6.12,237.2,236.0,237.9,3.49566
0.89,6.078,4.432,6.114,236.95999999999998,235.94,237.7,3.513338
0.89,6.075,4.4375,6.12,237.14999999999998,235.95,237.85000000000002,3.5197375
0.89,6.06,4.43,6.116666666666667,237.0666666666667,235.86666666666667,237.83333333333334,3.5128566666666665
0.89,6.06,4.43,6.116666666666667,237.0666666666667,235.86666666666667,237.83333333333334,3.5128566666666665
0.89,6.06,4.43,6.12,237.1,235.9,237.9,3.514
0.89,6.06,4.43,6.12,237.1,235.9,237.9,3.514
0.89,6.06,4.43,6.11,237.0,235.8,237.7,3.51057
0.89,6.06,4.43,6.11,237.0,235.8,237.7,3.51057
0.89,6.06,4.43,6.12,236.8,235.6,237.5,3.50612
0.89,6.06,4.43,6.12,236.8,235.6,237.5,3.50612
0.89,6.06,4.43,6.12,236.8,235.6,237.5,3.50612
0.89,6.06,4.43,6.12,236.8,235.6,237.5,3.50612
0.89,6.06,4.43,6.12,236.8,235.6,237.5,3.50612
0.89,6.08,4.44,6.12,237.7,236.5,238.3,3.52826
0.89,6.08,4.44,6.12,237.7,236.5,238.3,3.52826
0.89,6.08,4.44,6.12,237.7,236.5,238.3,3.52826
0.89,6.08,4.44,6.12,237.7,236.5,238.3,3.52826
0.89,6.08,4.44,6.12,237.7,236.5,238.3,3.52826
0.89,6.07,4.44,6.125,237.6,236.4,238.2,3.523175
0.89,6.06,4.44,6.13,237.5,236.3,238.1,3.51809
0.89,6.06,4.44,6.13,237.5,236.3,238.1,3.51809
0.89,6.06,4.44,6.13,237.5,236.2,238.1,3.52031
0.89,6.06,4.44,6.13,237.5,236.2,238.1,3.52031
0.89,6.06,4.44,6.13,237.5,236.2,238.1,3.52031
0.89,6.06,4.4350000000000005,6.13,237.2,236.05,237.89999999999998,3.51312
0.89,6.06,4.44,6.13,237.5,236.2,238.1,3.52031
0.89,6.06,4.43,6.13,236.9,235.9,237.69999999999996,3.5059300000000007
0.89,6.06,4.43,6.13,236.9,235.9,237.69999999999996,3.5059300000000007
0.89,6.07,4.44,6.12,237.2,236.0,237.8,3.5091
0.89,6.07,4.44,6.12,237.2,236.0,237.8,3.5091
0.89,6.07,4.44,6.12,237.19999999999996,236.0,237.80000000000004,3.5091
0.89,6.07,4.44,6.12,237.2,236.0,237.8,3.5091
0.89,6.07,4.44,6.12,237.2,236.0,237.8,3.5091
0.89,6.07,4.44,6.12,237.2,236.0,237.8,3.5091
0.89,6.07,4.44,6.12,237.2,236.0,237.8,3.5091
0.89,6.0649999999999995,4.44,6.13,237.5,236.3,238.10000000000002,3.51431
0.89,6.06,4.44,6.14,237.8,236.6,238.4,3.51952
0.89,6.06,4.44,6.14,237.8,236.6,238.4,3.51952
0.89,6.06,4.44,6.14,237.8,236.6,238.4,3.51952
0.89,6.06,4.44,6.14,237.8,236.6,238.4,3.51952
0.89,6.06,4.44,6.14,237.8,236.6,238.4,3.51952
0.89,6.06,4.44,6.14,237.80000000000004,236.6,238.4,3.51952
0.89,6.06,4.44,6.14,237.80000000000004,236.6,238.4,3.51952
0.89,6.08,4.44,6.13,238.1,237.0,237.9,3.52564
0.89,6.08,4.44,6.13,238.1,237.0,237.9,3.52564
0.89,6.08,4.44,6.13,238.1,237.0,237.9,3.52564
0.89,6.08,4.43,6.15,238.6,237.4,239.3,3.53278
0.89,6.08,4.43,6.15,238.6,237.4,239.3,3.53278
0.89,6.08,4.43,6.15,238.6,237.4,239.3,3.53278
0.89,6.08,4.43,6.14,238.4,237.2,239.1,3.53283
0.89,6.08,4.43,6.14,238.4,237.2,239.1,3.53283
0.89,6.08,4.43,6.14,238.4,237.2,239.1,3.53283
0.89,6.08,4.43,6.14,238.4,237.2,239.1,3.53283
0.89,6.08,4.43,6.14,238.4,237.2,239.1,3.53283
0.89,6.08,4.43,6.14,238.4,237.2,239.1,3.53283
0.89,6.08,4.43,6.14,238.4,237.2,239.1,3.53283
0.89,6.080000000000001,4.43,6.1499999999999995,238.5666666666667,237.36666666666665,239.23333333333335,3.5363933333333333
0.89,6.08,4.43,6.14,238.4,237.2,239.1,3.53283
0.89,6.08,4.43,6.14,238.4,237.2,239.1,3.53283
0.89,6.08,4.43,6.17,238.9,237.7,239.5,3.53283
0.89,6.08,4.43,6.17,238.9,237.7,239.5,3.54352
0.89,6.08,4.43,6.17,238.9,237.7,239.5,3.54352
0.89,6.08,4.43,6.17,238.9,237.7,239.5,3.54352
0.89,6.08,4.43,6.17,238.9,237.7,239.5,3.54352
0.89,6.08,4.43,6.17,238.9,237.7,239.5,3.54352
0.89,6.08,4.43,6.17,238.9,237.7,239.5,3.54352
0.89,6.080000000000001,4.43,6.169999999999999,238.9,237.69999999999996,239.5,3.5435199999999996
0.89,6.08,4.43,6.17,238.9,237.7,239.5,3.54352
0.89,6.08,4.43,6.17,238.9,237.7,239.5,3.54352
0.89,6.08,4.43,6.17,238.9,237.7,239.5,3.54352
0.89,6.08,4.43,6.17,238.9,237.7,239.5,3.54352
0.89,6.080000000000001,4.43,6.169999999999999,239.36666666666667,238.23333333333335,240.03333333333333,3.55482
0.89,6.080000000000001,4.43,6.169999999999999,239.36666666666667,238.23333333333335,240.03333333333333,3.55482
0.89,6.08,4.43,6.17,239.6,238.5,240.3,3.56047
0.89,6.07,4.44,6.17,239.7,238.4,240.3,3.56003
0.89,6.07,4.44,6.17,239.7,238.4,240.3,3.56003
0.89,6.07,4.44,6.17,239.7,238.4,240.3,3.56003
0.89,6.07,4.44,6.17,239.7,238.4,240.3,3.56003
0.89,6.07,4.44,6.17,239.7,238.4,240.3,3.56003
0.89,6.07,4.44,6.17,239.7,238.4,240.3,3.56003
0.89,6.07,4.44,6.17,239.7,238.4,240.3,3.56003
0.89,6.07,4.443333333333334,6.1433333333333335,238.5,237.23333333333335,239.13333333333335,3.541446666666667
0.89,6.07,4.45,6.09,236.1,234.9,236.8,3.50428
0.89,6.07,4.45,6.09,236.1,234.9,236.8,3.50428
0.89,6.0649999999999995,4.45,6.1,236.0,234.85000000000002,236.75,3.5001100000000003
0.89,6.0649999999999995,4.45,6.1,236.0,234.85000000000002,236.75,3.5001100000000003
0.89,6.07,4.45,6.09,236.1,234.9,236.8,3.50428
0.89,6.06,4.45,6.11,235.9,234.80000000000004,236.69999999999996,3.4959399999999996
0.89,6.06,4.45,6.11,235.9,234.8,236.7,3.49594
0.89,6.06,4.45,6.11,235.9,234.8,236.7,3.49594
0.89,6.06,4.45,6.11,235.9,234.8,236.7,3.49594
0.89,6.06,4.45,6.11,235.9,234.8,236.7,3.49594
0.89,6.06,4.45,6.11,235.9,234.8,236.7,3.49594
0.89,6.06,4.45,6.11,235.9,234.8,236.7,3.49594
0.89,6.06,4.45,6.11,235.9,234.8,236.7,3.49594
0.89,6.06,4.45,6.11,236.7,235.3,237.3,3.50356
0.89,6.06,4.45,6.11,236.7,235.3,237.3,3.50356
0.89,6.06,4.45,6.11,236.7,235.3,237.3,3.50356
0.89,6.06,4.45,6.11,236.7,235.3,237.3,3.50356
0.89,6.06,4.45,6.11,236.7,235.3,237.3,3.50356
0.89,6.06,4.45,6.11,236.7,235.3,237.3,3.50356
0.89,6.06,4.45,6.11,236.7,235.3,237.3,3.50356
0.89,6.07,4.445,6.11,236.95,235.60000000000002,237.5,3.5041399999999996
0.89,6.08,4.44,6.11,237.2,235.9,237.7,3.50472
0.89,6.08,4.44,6.11,237.2,235.9,237.7,3.50472
0.89,6.08,4.44,6.11,237.2,235.9,237.7,3.50472
0.89,6.08,4.44,6.11,237.2,235.9,237.7,3.50472
0.89,6.08,4.44,6.11,237.2,235.9,237.7,3.50472
0.89,6.08,4.44,6.11,237.2,235.9,237.7,3.50472
0.89,6.08,4.44,6.11,237.2,235.9,237.7,3.50472
0.7799999999999999,8.523333333333333,7.02,9.143333333333333,234.16666666666666,233.1,234.79999999999998,4.508723333333333
0.7799999999999999,8.523333333333333,7.02,9.143333333333333,234.16666666666666,233.1,234.79999999999998,4.508723333333333
0.7799999999999999,8.523333333333333,7.02,9.143333333333333,234.16666666666666,233.1,234.79999999999998,4.508723333333333
0.7799999999999999,8.523333333333333,7.02,9.143333333333333,234.16666666666666,233.1,234.79999999999998,4.508723333333333
0.79,8.48,6.98,8.99,231.1,229.8,231.7,4.47124
0.79,8.497142857142858,6.997142857142857,9.024285714285714,231.70000000000002,230.4,232.25714285714284,4.474274285714285
0.79,8.4925,6.98,9.02,231.5375,230.2625,232.125,4.46033875
0.79,8.48,6.989999999999999,9.02,231.6,230.1,232.0,4.46233
0.79,8.48,6.99,9.02,231.6,230.1,232.0,4.46233
0.79,8.48,6.99,9.02,231.6,230.1,232.0,4.46233
0.79,8.49375,6.98625,9.0375,231.9125,230.5,232.3625,4.47234125
0.79,8.49,6.99,9.03,231.8,230.5,232.4,4.46753
0.79,8.52,7.011666666666667,9.066666666666668,232.66666666666666,231.45000000000002,233.15,4.486854999999999
0.7857142857142857,8.527142857142858,7.01,9.067142857142857,232.82857142857142,231.55714285714288,233.18571428571428,4.488014285714286
0.79,8.51,7.01,9.05,232.7,231.3,233.1,4.49704
0.79,8.506666666666668,6.996666666666666,9.043333333333333,232.5,230.9666666666667,232.79999999999998,4.48825
0.79,8.51142857142857,7.001428571428571,9.05,232.6142857142857,231.1857142857143,232.94285714285712,4.482945714285714
0.79,8.508571428571429,6.99,9.05,232.31428571428572,230.9857142857143,232.8,4.4765242857142855
0.79,8.51,6.987500000000001,9.0425,232.175,230.825,232.65,4.4765049999999995
0.79,8.51,6.9799999999999995,9.02,231.8,230.3,232.2,4.47394
0.785,8.295,6.9775,9.01,231.85,230.325,232.14999999999998,4.40607
0.78,8.09142857142857,6.975714285714285,9.005714285714285,231.87142857142857,230.34285714285716,232.18571428571428,4.34973
0.78,8.07625,6.9775,8.99625,231.775,230.2375,231.8375,4.3532375
0.78,8.077142857142857,6.965714285714285,8.997142857142858,231.52857142857144,230.08571428571426,231.8857142857143,4.354268571428571
0.78,8.08,6.98,9.0,231.4,230.1,231.8,4.35273
0.775,8.1125,7.005000000000001,9.06875,232.975,231.625,233.4125,4.376755
0.7700000000000001,8.162857142857144,7.0371428571428565,9.135714285714286,234.57142857142858,233.20000000000002,234.92857142857142,4.41309
0.7757142857142857,8.154285714285715,7.04,9.13,234.6,233.2,234.84285714285716,4.418527142857143
0.7728571428571429,8.15857142857143,7.048571428571428,9.16,234.72857142857143,233.32857142857142,235.14285714285714,4.415008571428571
0.77,8.16,7.05,9.17,234.925,233.5875,235.325,4.41592625
0.77,8.16,7.055,9.17,234.95,233.7,235.45,4.423935
0.7700000000000001,8.16,7.06,9.177142857142856,235.1142857142857,233.91428571428574,235.57142857142858,4.42993
0.77,8.165,7.0625,9.1825,235.29999999999998,234.025,235.675,4.430885
0.7700000000000001,8.18,7.07,9.19,235.6,234.1,235.9,4.43087
0.77,8.18375,7.077500000000001,9.22375,235.975,234.54999999999998,236.35,4.436675
0.7700000000000001,8.17,7.072857142857144,9.232857142857142,235.95714285714286,234.6285714285714,236.35714285714286,4.452192857142857
0.77,8.1775,7.0875,9.24875,236.375,235.04999999999998,236.8625,4.45601125
0.7700000000000001,8.184285714285714,7.087142857142857,9.26,236.4,235.05714285714288,237.0,4.454197142857143
0.77,8.16125,7.0675,9.25375,236.075,234.65,236.6125,4.4519675
0.7700000000000001,8.15,7.06,9.25,236.0,234.5,236.5,4.45415
0.77,8.17,7.08,9.24,236.3,234.8,236.7,4.44644
0.7700000000000001,8.175714285714285,7.085714285714286,9.257142857142856,236.41428571428574,234.91428571428574,236.92857142857142,4.459531428571429
0.77,8.18,7.08875,9.268749999999999,236.525,235.025,237.11249999999998,4.469577500000001
0.7700000000000001,8.19,7.089999999999999,9.267142857142858,236.68571428571428,235.15714285714284,237.1142857142857,4.463375714285714
0.77,8.205,7.09375,9.29875,237.0125,235.525,237.5125,4.46358375
0.7700000000000001,8.194285714285714,7.094285714285713,9.292857142857143,236.9857142857143,235.6,237.6142857142857,4.476132857142857
0.77,8.21,7.10375,9.31375,237.3,235.9375,237.9,4.4790875
0.7700000000000001,8.22,7.11,9.31,237.7,235.9,237.8,4.47216
0.76125,8.24625,7.1450000000000005,9.38,238.48749999999998,237.0375,239.02499999999998,4.51133375
0.7700000000000001,8.14,7.06,9.2,235.1,233.5,235.5,4.42797
0.77,8.14,7.06,9.2,235.1,233.5,235.5,4.42797
0.77,8.156666666666666,7.056666666666666,9.213333333333333,235.33333333333334,233.73333333333335,235.76666666666665,4.436683333333334
0.77,8.16875,7.0525,9.23625,235.875,233.7625,235.9375,4.451455
0.7700000000000001,8.178571428571429,7.067142857142857,9.251428571428573,236.24285714285716,234.41428571428574,236.54285714285714,4.457877142857143
0.77,8.195,7.07125,9.268749999999999,236.64999999999998,234.7875,236.7875,4.45889125
0.7700000000000001,8.202857142857143,7.082857142857143,9.292857142857143,236.81428571428572,235.17142857142858,237.44285714285712,4.473278571428572
0.77,8.22,7.09,9.3,236.9,235.3,237.4,4.47904
0.7700000000000001,8.225714285714286,7.104285714285715,9.328571428571427,237.67142857142858,235.92857142857142,237.97142857142856,4.48656
0.77,8.231250000000001,7.11,9.33375,237.925,236.125,238.2125,4.4878275
0.7700000000000001,8.22,7.1,9.31,237.4,235.5,237.7,4.48654
0.77,8.22375,7.1,9.31375,237.4375,235.65,237.85,4.48944625
0.7700000000000001,8.222857142857142,7.107142857142857,9.325714285714286,237.44285714285712,235.84285714285716,237.95714285714286,4.493112857142857
0.77,8.23,7.11,9.31,237.6,235.9,238.0,4.49949
0.7700000000000001,8.232857142857144,7.11,9.321428571428571,237.77142857142854,236.07142857142858,238.17142857142858,4.499712857142858
0.77,8.24125,7.11,9.34625,238.0875,236.4375,238.55,4.49959625
0.7700000000000001,8.242857142857144,7.114285714285715,9.355714285714285,238.15714285714284,236.5,238.6285714285714,4.503992857142857
0.77,8.24625,7.12,9.35,238.225,236.625,238.725,4.50518875
0.7700000000000001,8.164285714285715,7.05,9.182857142857143,235.1142857142857,233.42857142857142,235.4,4.426471428571428
0.77,8.17125,7.057499999999999,9.21125,235.575,233.975,236.0,4.43936875
0.7700000000000001,8.172857142857143,7.067142857142857,9.224285714285715,235.84285714285716,234.24285714285716,236.31428571428572,4.4463357142857145
0.77,8.165,7.0649999999999995,9.215,235.55,233.95,236.10000000000002,4.440635
0.7700000000000001,8.19,7.081428571428572,9.23857142857143,236.35714285714286,234.75714285714284,236.6142857142857,4.464614285714286
0.77,8.19375,7.08,9.25,236.425,234.8,236.7625,4.454375
0.7700000000000001,8.198571428571428,7.081428571428572,9.268571428571429,236.78571428571428,235.14285714285714,237.14285714285714,4.46361
0.77,8.213750000000001,7.0925,9.29625,236.9875,235.4375,237.425,4.48139875
0.7700000000000001,8.222857142857142,7.11,9.295714285714284,237.42857142857142,235.72857142857143,237.6,4.490677142857143
0.77,8.24,7.101249999999999,9.301250000000001,237.3,235.8125,237.75,4.4811625
0.7700000000000001,8.235714285714286,7.107142857142857,9.3,237.22857142857143,235.72857142857143,237.72857142857143,4.477968571428572
0.77,8.2425,7.112500000000001,9.31,237.65,236.15,238.025,4.49826
0.7700000000000001,8.245714285714286,7.12,9.315714285714288,237.68571428571428,236.2,238.0,4.487275714285714
0.77,8.245000000000001,7.115,9.3125,237.55,236.0,238.0,4.4930875
0.7700000000000001,8.241428571428571,7.111428571428571,9.31,237.25714285714284,235.91428571428574,237.7428571428571,4.490362857142857
0.77,8.2325,7.1025,9.295,236.975,235.525,237.55,4.489352500000001
0.7700000000000001,8.222857142857142,7.107142857142857,9.275714285714285,236.97142857142856,235.54285714285714,237.42857142857142,4.48952
0.77,8.23375,7.101249999999999,9.2875,237.225,235.6875,237.5125,4.48036
0.7700000000000001,8.24,7.1,9.290000000000001,237.3,235.7,237.4,4.47927
0.7700000000000001,8.23,7.117142857142857,9.264285714285714,236.85714285714286,235.5285714285714,237.35714285714286,4.486395714285714
0.77,8.24,7.10625,9.254999999999999,236.6875,235.32500000000002,237.1375,4.4729375
0.77,8.25,7.11,9.26,236.8,235.4,237.2,4.47262
0.7700000000000001,8.227142857142857,7.094285714285715,9.241428571428571,236.24285714285716,234.78571428571428,236.6,4.461554285714286
0.77,8.21,7.076666666666667,9.22,235.76666666666665,234.33333333333334,236.30000000000004,4.452413333333333
0.77,8.21,7.076666666666667,9.22,235.76666666666665,234.33333333333334,236.30000000000004,4.452413333333333
0.77,8.21,7.076666666666667,9.22,235.76666666666665,234.33333333333334,236.30000000000004,4.452413333333333
0.77,8.21,7.076666666666667,9.22,235.76666666666665,234.33333333333334,236.30000000000004,4.452413333333333
0.77,8.21,7.076666666666667,9.22,235.76666666666665,234.33333333333334,236.30000000000004,4.452413333333333
0.77,8.21,7.076666666666667,9.22,235.76666666666665,234.33333333333334,236.30000000000004,4.452413333333333
0.77,8.21,7.076666666666667,9.22,235.76666666666665,234.33333333333334,236.30000000000004,4.452413333333333
0.78,8.3475,6.797499999999999,9.085,233.17499999999998,232.0,233.7,4.3956725
0.78,8.34,6.788571428571429,9.075714285714286,233.02857142857144,231.77142857142857,233.5,4.391574285714286
0.7799999999999999,8.33,6.765000000000001,9.055,232.4,231.0,232.95000000000002,4.39228
0.78,8.32,6.775714285714286,9.035714285714285,232.12857142857143,230.85714285714286,232.6,4.370977142857143
0.78,8.317142857142857,6.7700000000000005,9.038571428571428,231.9857142857143,230.72857142857143,232.64285714285714,4.363022857142857
0.7799999999999999,8.315,6.765,9.025,231.79999999999998,230.5,232.5,4.3653
0.78,8.305714285714286,6.76,9.008571428571429,231.7,230.4,232.4,4.368942857142857
0.7799999999999999,8.31,6.760000000000001,9.02,231.75,230.4,232.45000000000002,4.376475
0.78,8.305714285714286,6.758571428571429,9.017142857142856,231.35714285714286,230.07142857142858,232.07142857142858,4.3609228571428575
0.78,8.314285714285715,6.752857142857143,9.02142857142857,231.67142857142855,230.4,232.37142857142857,4.364505714285714
0.78,8.31,6.7542857142857144,9.014285714285714,231.64285714285714,230.3857142857143,232.41428571428574,4.365831428571428
0.78,8.315714285714286,6.76,9.022857142857143,231.78571428571428,230.58571428571426,232.52857142857144,4.3702314285714285
0.78,8.321428571428571,6.764285714285713,9.03,231.91428571428568,230.62857142857143,232.64285714285714,4.36977
0.78,8.324285714285715,6.76,9.04,232.3,231.1,233.0,4.376457142857142
0.7799999999999999,8.33,6.765,9.045,232.35000000000002,231.14999999999998,233.1,4.382155
0.7799999999999999,8.316666666666668,6.760000000000001,9.04,232.19999999999996,230.96666666666667,232.9333333333333,4.36737
0.7799999999999999,8.308333333333334,6.765,9.038333333333334,232.14999999999998,230.85000000000002,232.63333333333333,4.36761
0.78,8.31625,6.76,9.0275,232.3125,230.9375,232.6375,4.36508875
0.78,8.301428571428572,6.742857142857143,9.018571428571429,231.95714285714286,230.75714285714284,232.31428571428572,4.355564285714285
0.7799999999999999,8.295,6.745,9.005,231.64999999999998,230.5,232.29999999999998,4.34996
0.78,8.294285714285715,6.75,9.01142857142857,231.85714285714286,230.47142857142856,232.27142857142857,4.352548571428572
0.78,8.294,6.74,9.014,231.7,230.44,232.28000000000003,4.350264
0.774,8.336,6.781999999999999,9.098,233.44,232.18,233.95999999999998,4.391472
0.7700000000000001,8.372857142857143,6.8185714285714285,9.162857142857144,234.9,233.71428571428572,235.45714285714286,4.42175
0.77,8.39,6.825,9.18,235.4,234.1,235.95000000000002,4.4219800000000005
0.77,8.39625,6.835,9.20625,235.8875,234.7375,236.4875,4.43705
0.7700000000000001,8.397142857142857,6.822857142857144,9.204285714285716,235.94285714285712,234.72857142857143,236.6,4.4411128571428575
0.7700000000000001,8.381428571428572,6.815714285714286,9.185714285714285,235.78571428571428,234.44285714285712,236.17142857142858,4.427882857142857
0.7700000000000001,8.36,6.8,9.15,235.5,234.2,235.9,4.41288
0.7700000000000001,8.374285714285714,6.8100000000000005,9.174285714285714,235.82857142857142,234.58571428571426,236.29999999999998,4.421464285714285
0.77,8.37375,6.8025,9.19625,236.2625,234.9875,236.6,4.42819875
0.77,8.371666666666666,6.798333333333333,9.206666666666667,236.11666666666667,234.88333333333333,236.6833333333333,4.42473
0.7700000000000001,8.348571428571429,6.785714285714286,9.202857142857143,235.95714285714286,234.75714285714284,236.55714285714288,4.413482857142857
0.7700000000000001,8.34,6.78,9.2,235.9,234.7,236.5,4.40892
0.77,8.4025,6.8175,9.24125,237.0,235.6,237.425,4.45446
0.7671428571428571,8.454285714285714,6.86,9.287142857142856,237.78571428571428,236.5,238.22857142857143,4.47844
0.7642857142857142,8.42,6.845714285714286,9.241428571428571,237.0,235.68571428571428,237.27142857142857,4.460745714285714
0.7700000000000001,8.375714285714285,6.798571428571429,9.141428571428571,235.27142857142857,233.95714285714286,235.37142857142857,4.418135714285714
0.7700000000000001,8.381428571428572,6.828571428571428,9.187142857142858,235.37142857142857,234.27142857142857,235.97142857142856,4.434172857142857
0.7700000000000001,8.38,6.83,9.19,235.4,234.3,236.0,4.43506
0.77,8.39,6.82375,9.23,236.0375,234.7375,236.675,4.4384625
0.77,8.395000000000001,6.825,9.225,236.15,234.85,236.75,4.44273
0.77,8.395,6.8149999999999995,9.225000000000001,236.0875,234.6625,236.5625,4.436109999999999
0.7700000000000001,8.397142857142857,6.82,9.227142857142857,235.77142857142857,234.54285714285714,236.41428571428574,4.423632857142858
0.7700000000000001,8.392857142857142,6.815714285714286,9.22,235.7,234.28571428571428,236.27142857142857,4.43639
0.7700000000000001,8.381428571428572,6.805714285714286,9.217142857142859,235.44285714285712,234.01428571428573,236.1,4.431172857142857
0.7700000000000001,8.39857142857143,6.8185714285714285,9.242857142857144,235.85714285714286,234.51428571428573,236.70000000000002,4.450684285714286
0.77,8.41,6.830000000000001,9.26,236.5,235.1,237.1,4.45585
0.7700000000000001,8.41,6.83,9.26,236.5,235.1,237.1,4.45585
0.7700000000000001,8.427142857142856,6.835714285714286,9.277142857142858,236.9,235.3857142857143,237.5,4.47037
0.7700000000000001,8.425714285714285,6.847142857142857,9.282857142857141,237.05714285714288,235.52857142857144,237.65714285714284,4.481602857142858
0.7700000000000001,8.42,6.85,9.28,237.0,235.5,237.6,4.48174
0.77,8.455,6.87125,9.32375,237.6,236.275,238.3,4.4911200000000004
0.7700000000000001,8.472857142857142,6.877142857142857,9.345714285714285,237.9857142857143,236.67142857142858,238.79999999999998,4.503772857142858
0.7757142857142857,8.407142857142857,6.840000000000001,9.24,235.94285714285712,234.55714285714288,236.70000000000002,4.463191428571428
0.7700000000000001,8.404285714285715,6.824285714285715,9.215714285714286,235.44285714285712,234.02857142857144,236.18571428571428,4.448504285714286
0.7742857142857142,8.402857142857142,6.815714285714286,9.221428571428572,235.55714285714288,234.1,236.27142857142857,4.447797142857143
0.78,8.401428571428571,6.82,9.24,235.85714285714286,234.28571428571428,236.5,4.455618571428571
0.7700000000000001,8.43142857142857,6.839999999999999,9.3,236.55714285714288,235.0142857142857,237.25714285714284,4.47468
0.7700000000000001,8.438571428571427,6.838571428571428,9.295714285714286,236.57142857142858,235.05714285714288,237.27142857142857,4.467802857142858
0.7700000000000001,8.415714285714285,6.837142857142857,9.277142857142858,236.4,234.8,237.1,4.4669285714285705
0.77,8.41,6.84,9.28,236.4,234.8,237.1,4.46782
0.7700000000000001,8.48,6.87,9.33,237.5,235.9,238.1,4.49209
0.7700000000000001,8.462857142857143,6.855714285714285,9.31857142857143,237.21428571428572,235.68571428571428,237.8857142857143,4.480592857142858
0.7700000000000001,8.447142857142856,6.85,9.308571428571428,236.92857142857142,235.42857142857142,237.62857142857143,4.465972857142857
0.77,8.4575,6.85,9.325,237.125,235.70000000000002,237.9,4.486635
0.77,8.43,6.81,9.27,236.30000000000004,234.5,236.80000000000004,4.47032
0.77,8.467500000000001,6.858750000000001,9.325,237.29999999999998,235.775,237.95,4.48297625
0.7700000000000001,8.442857142857141,6.851428571428571,9.302857142857144,236.84285714285716,235.4,237.52857142857144,4.479924285714286
0.7700000000000001,8.445714285714285,6.86,9.302857142857144,237.01428571428573,235.4857142857143,237.64285714285714,4.4838128571428575
0.7700000000000001,8.462857142857144,6.857142857142857,9.308571428571428,236.78571428571428,235.4,237.5,4.489065714285714
0.7700000000000001,8.48,6.88,9.34,237.7428571428571,236.42857142857142,238.5142857142857,4.50084
0.77,8.487777777777778,6.883333333333333,9.348888888888888,237.95555555555555,236.5222222222222,238.65555555555557,4.496785555555555
0.7725,8.46,6.855,9.305,237.2,235.8,237.825,4.4844875
0.78,8.4,6.81,9.17,234.8,233.4,235.42857142857142,4.437645714285714
0.7788888888888889,8.402222222222223,6.806666666666667,9.183333333333334,235.0888888888889,233.73333333333332,235.7444444444444,4.44304
0.77,8.42,6.82375,9.20625,235.4375,233.9625,236.0625,4.44844
0.77,8.425555555555555,6.835555555555555,9.216666666666667,235.77777777777777,234.27777777777777,236.32222222222222,4.458812222222222
0.77,8.433333333333332,6.837777777777777,9.241111111111111,236.11111111111111,234.69999999999996,236.7888888888889,4.459937777777778
0.77,8.44625,6.8462499999999995,9.25625,236.45,235.0125,237.0,4.45112125
0.7700000000000001,8.445714285714285,6.845714285714286,9.26142857142857,236.58571428571426,235.2,237.22857142857143,4.47915
0.77,8.44375,6.85375,9.25375,236.6,235.075,237.075,4.47477625
0.77,8.44,6.85,9.25,236.60000000000002,235.0,237.0,4.47505
0.77,8.44,6.85,9.25,236.6,235.0,237.0,4.47505
0.77,8.456666666666667,6.86,9.27,236.73333333333335,235.46666666666667,237.4333333333333,4.482873333333333
0.77,8.45,6.851249999999999,9.27,236.625,235.25,237.4,4.4761925
0.77,8.44,6.85,9.256666666666668,236.39999999999998,235.0,237.10000000000002,4.47504
0.77,8.453333333333333,6.87,9.25,236.73333333333332,235.39999999999998,237.23333333333332,4.4786166666666665
0.77,8.45,6.865,9.245000000000001,236.55,235.2,237.1,4.477399999999999
0.77,8.45,6.86,9.25,236.4,235.1,237.1,4.48023
0.77,8.456,6.859999999999999,9.25,236.34,235.1,237.13000000000002,4.478775000000001
0.77,8.455,6.87,9.24,236.5,235.35,237.10000000000002,4.478585000000001
0.77,8.4625,6.8625,9.23625,236.3,235.2,237.0,4.4690575
0.77,8.43,6.84375,9.2075,235.575,234.275,236.0625,4.4480925000000004
0.77,8.422222222222222,6.826666666666666,9.198888888888888,235.25555555555553,233.88888888888889,235.85555555555553,4.454118888888889
0.77,8.41375,6.84,9.19,235.17499999999998,233.725,235.55,4.44757125
0.77875,8.39375,6.8225,9.1625,234.5625,233.1625,235.05,4.4242662500000005
0.7799999999999999,8.406666666666666,6.813333333333333,9.136666666666668,234.36666666666667,232.9333333333333,234.83333333333334,4.432643333333334
0.78,8.41,6.81,9.13,234.4,232.9,234.8,4.43682
0.78,8.375,6.7925,9.095,233.32500000000002,231.9125,233.9,4.4099699999999995
0.78,8.35125,6.7675,9.057500000000001,232.4,230.9625,232.8875,4.39033375
0.78,8.34,6.76,9.05,232.1,230.7,232.7,4.38127
0.78,8.34375,6.75625,9.04375,232.25,230.7625,232.79999999999998,4.3899325000000005
0.7799999999999999,8.34,6.760000000000001,9.03,232.1,230.6,232.6,4.37947
0.78,8.34375,6.76375,9.04625,232.11249999999998,230.775,232.75,4.3834687500000005
0.78,8.331428571428571,6.76,9.032857142857143,232.0,230.52857142857144,232.42857142857142,4.372752857142857
0.78,8.334444444444445,6.762222222222222,9.032222222222222,232.06666666666666,230.61111111111111,232.53333333333336,4.377705555555555
0.78,8.34142857142857,6.764285714285713,9.042857142857143,232.15714285714284,230.77142857142857,232.68571428571428,4.387817142857143
0.78,8.34125,6.7787500000000005,9.05125,232.3375,231.075,232.975,4.3902987499999995
0.78,8.34,6.768571428571429,9.042857142857143,232.14285714285714,230.84285714285716,232.82857142857142,4.375074285714286
0.78,8.34,6.76,9.0425,232.35,231.0,232.875,4.3822175
0.78,8.34,6.764285714285713,9.047142857142857,232.4857142857143,231.18571428571428,232.94285714285712,4.371305714285714
0.78,8.311250000000001,6.74875,9.0475,232.225,230.86249999999998,232.83749999999998,4.36523875
0.78,8.33,6.747142857142857,9.04,232.25714285714284,230.95714285714286,232.91428571428574,4.376482857142857
0.78,8.33,6.7612499999999995,9.04375,232.3125,230.9,232.8,4.37111625
0.7799999999999999,8.353333333333333,6.77,9.073333333333332,232.63333333333333,231.30000000000004,233.23333333333335,4.390000000000001
0.78,8.342857142857143,6.767142857142857,9.064285714285715,232.5,231.27142857142857,233.15714285714284,4.382597142857143
0.78,8.35125,6.78125,9.05375,232.6875,231.35,233.14999999999998,4.39454125
0.78,8.357142857142858,6.7700000000000005,9.064285714285715,232.52857142857144,231.28571428571428,233.17142857142855,4.382188571428571
0.78,8.35,6.77375,9.06875,232.4625,231.2125,233.0625,4.3759825
0.78,8.335714285714285,6.774285714285715,9.057142857142859,232.4,231.07142857142858,232.95714285714286,4.376471428571429
0.78,8.328571428571427,6.7700000000000005,9.05,232.3142857142857,231.07142857142858,232.8857142857143,4.379975714285714
0.78,8.32625,6.762499999999999,9.0525,232.2875,231.0875,232.825,4.3804725
0.78,8.315714285714286,6.7542857142857144,9.051428571428572,232.02857142857144,230.78571428571428,232.68571428571428,4.368508571428571
0.78,8.32,6.75875,9.04,231.9,230.6875,232.575,4.3764337499999995
0.78,8.302857142857144,6.75,9.014285714285714,231.4714285714286,230.12857142857143,231.94285714285712,4.348992857142857
0.78,8.285,6.74,9.004999999999999,231.0,229.7,231.75,4.342915
0.7700000000000001,8.395714285714286,6.814285714285715,9.179999999999998,234.84285714285716,233.45714285714286,235.25714285714284,4.4302085714285715
0.77,8.3925,6.8175,9.18,234.725,233.425,235.3,4.4203375000000005
0.7700000000000001,8.39,6.811428571428571,9.171428571428573,234.7,233.4857142857143,235.3,4.429412857142856
0.7700000000000001,8.38,6.81,9.179999999999998,234.6,233.4,235.1,4.41881
0.77625,8.40375,6.82375,9.188749999999999,234.9875,233.7125,235.675,4.43034375
0.7733333333333334,8.393333333333333,6.813333333333333,9.185,234.8166666666667,233.6833333333333,235.6,4.4363850000000005
0.78,8.392857142857142,6.812857142857142,9.165714285714285,234.75714285714284,233.41428571428574,235.24285714285716,4.430008571428571
0.78,8.3675,6.80125,9.14875,234.15,232.975,234.95,4.42195
0.78,8.36142857142857,6.792857142857143,9.141428571428571,233.91428571428568,232.58571428571426,234.6,4.415242857142857
0.78,8.332857142857142,6.78,9.112857142857141,233.20000000000002,231.77142857142854,233.79999999999998,4.392501428571429
0.78,8.32625,6.765000000000001,9.094999999999999,232.7,231.15,233.2625,4.3832112500000004
0.78,8.32,6.765714285714286,9.082857142857142,232.54285714285714,231.15714285714284,233.31428571428572,4.384995714285714
0.7799999999999999,8.325000000000001,6.77,9.104999999999999,232.64999999999998,231.25,233.45000000000002,4.38998
0.78,8.32,6.7700000000000005,9.105714285714285,232.65714285714284,231.21428571428572,233.45714285714286,4.38635
0.78,8.325714285714286,6.7700000000000005,9.115714285714285,232.87142857142857,231.41428571428574,233.67142857142858,4.387587142857143
0.78,8.33,6.775714285714286,9.125714285714286,233.05714285714288,231.6142857142857,233.91428571428574,4.394941428571428
0.78,8.33,6.78,9.13,233.1,231.7,234.0,4.39804
0.78,8.337142857142856,6.78,9.132857142857143,233.22857142857143,231.78571428571428,234.07142857142858,4.405802857142857
0.7799999999999999,8.34,6.786666666666666,9.13,233.29999999999998,231.9,234.0666666666667,4.411636666666666
0.78,8.36,6.7875,9.17,234.0,232.55,234.825,4.42573125
0.78,8.385714285714286,6.8,9.191428571428572,234.54285714285714,233.1142857142857,235.35714285714286,4.44234
0.7716666666666666,8.408333333333333,6.808333333333333,9.225,235.13333333333333,233.7166666666667,236.01666666666665,4.45108
0.77,8.41,6.81375,9.2375,235.3125,233.9125,236.2125,4.448347500000001
0.7700000000000001,8.412857142857144,6.824285714285715,9.258571428571429,235.67142857142858,234.17142857142858,236.51428571428573,4.454935714285714
0.7700000000000001,8.42,6.825714285714286,9.25,235.6142857142857,234.1,236.44285714285712,4.454244285714286
0.77,8.4125,6.8225,9.2425,235.55,234.025,236.25,4.4487125
0.7700000000000001,8.424285714285714,6.828571428571428,9.258571428571429,235.9,234.4,236.6,4.4551871428571435
0.77,8.434999999999999,6.8325,9.26125,236.15,234.6,236.77499999999998,4.4513725
0.7700000000000001,8.442857142857141,6.8428571428571425,9.27,236.3857142857143,234.82857142857145,237.0,4.471481428571428
0.77,8.44375,6.845,9.2775,236.41250000000002,234.925,237.1,4.47380875
0.7700000000000001,8.481428571428571,6.887142857142857,9.342857142857143,237.58571428571426,236.22857142857143,238.24285714285716,4.49667
0.77,8.475000000000001,6.885,9.3375,237.5375,236.25,238.35,4.504053750000001
0.7700000000000001,8.482857142857144,6.888571428571429,9.34,237.6,236.31428571428572,238.28571428571428,4.50322
0.77,8.48375,6.89625,9.3475,237.9125,236.52499999999998,238.575,4.506835
0.7671428571428571,8.481428571428571,6.881428571428572,9.337142857142856,237.62857142857143,236.09999999999997,238.28571428571428,4.5068657142857145
0.76875,8.50375,6.915,9.37875,238.425,237.1625,239.1875,4.51836125
0.7799999999999999,8.4,6.81,9.165000000000001,234.70000000000002,233.1,235.0,4.43567
0.77625,8.43,6.83,9.2,235.3,234.0,235.95,4.451755
0.7728571428571429,8.422857142857143,6.841428571428572,9.215714285714286,235.54285714285714,234.18571428571428,236.1,4.4550728571428575
0.77,8.4275,6.84,9.225000000000001,235.6,234.35,236.22500000000002,4.4627875
0.7700000000000001,8.43,6.839999999999999,9.235714285714286,235.65714285714284,234.4,236.41428571428574,4.464385714285714
0.7700000000000001,8.435714285714285,6.839999999999999,9.245714285714286,235.92857142857142,234.57142857142858,236.55714285714288,4.468368571428571
0.77,8.455,6.85125,9.2575,236.175,234.85,236.7875,4.464865
0.77,8.463333333333333,6.863333333333333,9.283333333333333,236.6,235.29999999999998,237.26666666666665,4.47348
0.77,8.461250000000001,6.87,9.28125,236.71249999999998,235.32500000000002,237.1625,4.48652875
0.77,8.47,6.86,9.28,236.9,235.6,237.4,4.50054
0.7700000000000001,8.482857142857144,6.868571428571428,9.301428571428572,237.15714285714284,235.81428571428572,237.78571428571428,4.493721428571429
0.7700000000000001,8.48857142857143,6.878571428571428,9.312857142857142,237.45714285714286,236.1,238.05714285714288,4.49974
0.7700000000000001,8.5,6.89,9.33,237.8,236.5,238.4,4.50482
0.77,8.49,6.885000000000001,9.315,237.65,236.25,238.15,4.497295
0.7700000000000001,8.49,6.88,9.3,237.4,236.1,238.0,4.4979
0.7700000000000001,8.48,6.884285714285714,9.315714285714288,237.34285714285716,236.08571428571426,237.91428571428574,4.493738571428572
0.7700000000000001,8.485714285714286,6.88,9.317142857142857,237.27142857142857,236.0,237.97142857142856,4.490361428571428
0.77,8.47,6.8725000000000005,9.28,236.75,235.39999999999998,237.3,4.4746950000000005
0.7700000000000001,8.472857142857142,6.864285714285715,9.290000000000001,236.72857142857143,235.58571428571426,237.52857142857144,4.483792857142857
0.77,8.4375,6.8575,9.27,236.10000000000002,234.825,236.825,4.4494525
0.77,8.438749999999999,6.85,9.231250000000001,235.85,234.5625,236.475,4.46473125
0.7714285714285715,8.425714285714285,6.829999999999999,9.194285714285714,234.9857142857143,233.58571428571426,235.5,4.454061428571428
0.78,8.434999999999999,6.82,9.17,234.375,233.075,235.0,4.435225
0.78,8.378571428571428,6.801428571428572,9.120000000000001,233.5142857142857,232.28571428571428,234.14285714285714,4.395774285714286
0.78,8.364285714285714,6.7942857142857145,9.088571428571429,232.94285714285712,231.58571428571426,233.4857142857143,4.3948157142857145
0.7825,8.33875,6.7749999999999995,9.04875,232.175,230.8625,232.6875,4.37988875
0.7814285714285715,8.357142857142858,6.811428571428571,9.121428571428572,233.64285714285714,232.5,234.31428571428572,4.409129999999999
0.78,8.3375,6.78,9.075,232.7125,231.3375,233.1375,4.394092499999999
0.78,8.317142857142859,6.765714285714286,9.031428571428572,231.78571428571428,230.44285714285712,232.29999999999998,4.373644285714286
0.78,8.4075,6.82125,9.19,234.9625,233.575,235.5625,4.44828
0.78,8.3925,6.82375,9.15875,234.38750000000002,233.1625,235.05,4.424185
0.78,8.367142857142856,6.8028571428571425,9.122857142857143,233.67142857142858,232.28571428571428,234.18571428571428,4.412462857142857
0.78,8.355714285714285,6.7942857142857145,9.097142857142858,233.22857142857143,231.71428571428572,233.72857142857143,4.401051428571429
0.78,8.3525,6.79375,9.09375,232.9875,231.6875,233.6375,4.40311375
0.78,8.3525,6.782500000000001,9.07,232.32500000000002,231.0,232.925,4.385045
0.78,8.34,6.7700000000000005,9.07,232.3,230.8,232.8,4.38171
0.78,8.04,6.762499999999999,9.05125,232.1125,230.6125,232.5375,4.292535
0.78,7.932857142857143,6.755714285714285,9.037142857142857,231.77142857142857,230.31428571428572,232.32857142857142,4.264572857142857
0.78,7.910000000000001,6.75,9.02,231.5,230.1,232.1,4.26081
0.78,7.92375,6.7524999999999995,9.01625,231.6125,230.1375,232.1,4.274455
0.78,7.934285714285714,6.751428571428571,9.018571428571429,231.34285714285716,229.78571428571428,231.71428571428572,4.264037142857143
0.78,7.93375,6.7612499999999995,9.03375,231.8125,230.3375,232.23749999999998,4.25996875
0.78,7.944285714285714,6.7700000000000005,9.048571428571428,232.22857142857143,230.82857142857142,232.77142857142857,4.280251428571429
0.78,7.945714285714287,6.768571428571428,9.047142857142857,232.12857142857143,230.7,232.74285714285716,4.276667142857143
0.78,7.95,6.76,9.06,232.3,231.0,233.0,4.26735
0.7757142857142857,7.951428571428572,6.78,9.071428571428571,232.62857142857143,231.22857142857143,233.12857142857143,4.289002857142857
0.77375,7.95125,6.79,9.071250000000001,232.95,231.38750000000002,233.25,4.28922875
0.7700000000000001,7.952857142857143,6.79,9.085714285714285,233.15714285714284,231.70000000000002,233.55714285714288,4.291034285714286
0.7700000000000001,7.9557142857142855,6.7871428571428565,9.075714285714286,232.9,231.42857142857142,233.41428571428574,4.2854971428571424
0.7700000000000001,7.948571428571428,6.777142857142857,9.082857142857142,233.02857142857144,231.6142857142857,233.42857142857142,4.285544285714286
0.7700000000000001,7.945714285714287,6.785714285714286,9.077142857142857,232.91428571428574,231.41428571428574,233.25714285714284,4.2787114285714285
0.77125,7.9312499999999995,6.77,9.057500000000001,232.38750000000002,231.0125,232.9375,4.2710325
0.78,7.927142857142856,6.767142857142857,9.03,231.8857142857143,230.4857142857143,232.35714285714286,4.264584285714286
0.78,7.908571428571428,6.758571428571429,9.015714285714285,231.55714285714288,230.07142857142858,231.97142857142856,4.248584285714286
0.78,7.9025,6.7524999999999995,9.02,231.625,230.2,232.125,4.255297499999999
0.7799999999999999,7.913333333333334,6.756666666666667,9.016666666666666,231.46666666666667,229.96666666666667,232.0333333333333,4.25373
0.78,7.91125,6.7575,9.024999999999999,231.61249999999998,230.375,232.3125,4.2612825
0.78,7.902857142857143,6.734285714285714,9.014285714285714,231.94285714285712,230.58571428571426,232.42857142857142,4.237447142857143
0.78,7.89,6.7299999999999995,9.01,231.9,230.5,232.3,4.23935
0.7757142857142857,7.907142857142857,6.7299999999999995,9.022857142857143,231.94285714285712,230.5,232.42857142857142,4.247711428571429
0.7742857142857142,7.94,6.7457142857142856,9.041428571428572,232.25714285714284,230.87142857142857,232.85714285714286,4.259094285714285
0.7700000000000001,7.94,6.751428571428571,9.051428571428572,232.32857142857145,231.0142857142857,232.91428571428574,4.26374
0.77,7.945,6.765,9.0775,232.75,231.425,233.3,4.270652500000001
0.77,7.96625,6.79,9.131250000000001,233.8375,232.5875,234.4,4.301575
0.7700000000000001,7.991428571428571,6.805714285714286,9.157142857142857,234.57142857142858,233.22857142857143,235.12857142857143,4.310837142857143
0.77,7.9925,6.825,9.1775,235.0,233.55,235.375,4.315110000000001
0.76125,8.03,6.845000000000001,9.254999999999999,236.25,234.9625,236.8625,4.34595
0.76,8.04,6.86,9.27,236.8,235.5,237.5,4.37071
0.76,8.04,6.86,9.27,236.8,235.5,237.5,4.37071
0.76,8.045,6.8637500000000005,9.29625,236.775,235.525,237.575,4.367100000000001
0.76,8.05,6.858750000000001,9.311250000000001,237.275,235.8625,237.975,4.375042499999999
0.76,8.047500000000001,6.85,9.315,237.0125,235.5,237.675,4.370794999999999
0.76,8.0375,6.8462499999999995,9.28375,236.55,234.875,236.9875,4.35917
0.76,8.04,6.851249999999999,9.2925,236.64999999999998,235.0375,237.225,4.35601625
0.76,8.045,6.862500000000001,9.299999999999999,236.8,235.325,237.5,4.3593625
0.76,8.07875,6.87,9.3425,237.63750000000002,236.0875,238.275,4.3839625
0.76,8.085,6.8725000000000005,9.34,237.70000000000002,236.075,238.275,4.38501
0.76,8.07375,6.88,9.3525,237.6625,236.125,238.45,4.3976725
0.76,8.071428571428571,6.885714285714285,9.362857142857141,237.71428571428572,236.24285714285716,238.5142857142857,4.393897142857143
0.76,8.08,6.89,9.38,238.1,236.5,238.6,4.39481
0.76875,8.01375,6.83375,9.23625,235.52499999999998,233.925,236.1875,4.3463125
0.77,8.02,6.835,9.215,235.3,233.60000000000002,235.75,4.3433150000000005
0.77,8.02,6.84,9.23,235.5,233.9,236.2,4.35748
0.7642857142857142,8.031428571428572,6.845714285714286,9.252857142857142,235.9,234.29999999999998,236.71428571428572,4.362102857142857
0.7625,8.0375,6.845,9.2675,236.1,234.55,236.975,4.3579525
0.77,8.044444444444444,6.838888888888889,9.28,236.1222222222222,234.53333333333336,236.72222222222223,4.353087777777778
0.76625,8.057500000000001,6.8475,9.30125,236.4625,234.925,237.225,4.3674825
0.76625,8.07625,6.86,9.307500000000001,237.025,235.2375,237.475,4.3852075
0.7625,8.065000000000001,6.8525,9.3,236.79999999999998,235.2,237.32500000000002,4.376650000000001
0.76,8.0625,6.8549999999999995,9.307500000000001,236.875,235.375,237.5,4.377235000000001
0.76,8.066666666666668,6.871111111111111,9.334444444444445,237.2111111111111,235.67777777777778,237.94444444444446,4.376632222222223
0.76,8.071250000000001,6.875,9.335,237.54999999999998,235.9375,238.125,4.38289625
0.76,8.09142857142857,6.884285714285714,9.34,237.95714285714286,236.4,238.47142857142856,4.390315714285714
0.76,8.11111111111111,6.894444444444444,9.377777777777776,238.2555555555556,236.83333333333334,239.0,4.409647777777778
0.76,8.1025,6.9,9.3725,238.2,236.77499999999998,238.9,4.40338
0.7644444444444445,8.076666666666666,6.881111111111111,9.318888888888889,237.2444444444444,235.85555555555553,238.10000000000002,4.380747777777778
0.7700000000000001,8.008571428571429,6.83,9.2,235.07142857142858,233.6142857142857,235.6142857142857,4.331318571428571
0.77,8.00625,6.82625,9.2,235.0625,233.5625,235.5625,4.3301575
0.77,8.02,6.83,9.21,235.4,234.05,236.05,4.34476
0.77,8.02375,6.8375,9.225000000000001,235.475,233.9375,235.975,4.35020125
0.77,8.0125,6.84125,9.22375,235.3625,233.9875,236.1125,4.35022125
0.77,8.02625,6.8462499999999995,9.23875,235.7625,234.4125,236.6375,4.361255
0.765,8.04,6.85625,9.245000000000001,235.86249999999998,234.6625,236.45,4.3585025
0.7675000000000001,8.05,6.862500000000001,9.23875,236.0625,234.7875,236.5375,4.3532925
0.77,8.05125,6.87375,9.2575,236.3375,235.1625,236.975,4.36752
0.7628571428571428,8.055714285714286,6.88,9.26,236.34285714285716,235.14285714285714,236.91428571428574,4.367737142857143
0.76375,8.05625,6.88,9.25625,236.23749999999998,234.975,236.75,4.3623625
0.76,8.05857142857143,6.862857142857143,9.257142857142856,236.32857142857142,234.95714285714286,236.81428571428572,4.37195
0.76,8.07,6.88375,9.282499999999999,236.6,235.525,237.3875,4.37602625
0.76,8.067142857142857,6.894285714285714,9.278571428571427,236.71428571428572,235.6,237.27142857142857,4.370328571428572
0.76,8.0675,6.89375,9.274999999999999,236.8875,235.6125,237.4,4.3736075
0.76,8.05857142857143,6.89,9.28,236.7571428571429,235.54285714285714,237.44285714285712,4.3745771428571425
0.76,8.05,6.8825,9.27625,236.3875,235.1625,236.95,4.36700375
0.76,8.05,6.88,9.27,236.2,235.0,236.8,4.3652
0.76,8.04375,6.88,9.26,236.2375,234.9,236.7625,4.3606625
0.76,8.04,6.88,9.26,236.2,234.9,236.8,4.35623
0.77,8.04,6.87,9.225,235.60000000000002,234.35,236.1,4.349905000000001
0.77,8.0475,6.87375,9.23,235.525,234.36249999999998,236.1125,4.3529225
0.77,8.024999999999999,6.86625,9.19125,235.2375,234.0,235.6625,4.343505
0.7700000000000001,8.004285714285714,6.86,9.164285714285715,234.8,233.54285714285714,235.14285714285714,4.333898571428572
0.7700000000000001,7.997142857142857,6.838571428571428,9.121428571428572,233.65714285714284,232.45714285714286,234.18571428571428,4.316844285714286
0.77,7.97625,6.81875,9.09125,232.9375,231.7,233.5,4.2989175
0.77875,7.9625,6.8,9.05375,232.075,230.875,232.5875,4.27526125
0.78,7.94,6.785714285714286,9.008571428571429,231.4,230.17142857142855,232.0142857142857,4.271852857142857
0.7725,7.985,6.8275,9.1275,233.35,232.10000000000002,233.9,4.3071125
0.7700000000000001,8.0,6.837142857142857,9.15857142857143,234.0142857142857,232.65714285714287,234.45714285714286,4.3184257142857145
0.7700000000000001,7.994285714285715,6.8185714285714285,9.124285714285714,233.57142857142858,232.07142857142858,233.9857142857143,4.314577142857143
0.77,7.98625,6.8062499999999995,9.116249999999999,233.2125,231.7125,233.75,4.3118075
0.77,7.98,6.8,9.10125,232.9,231.4,233.5,4.30122875
0.77625,7.9725,6.8,9.085,232.6,231.025,233.125,4.3059175
0.78,7.97,6.791428571428571,9.071428571428571,232.37142857142857,230.9857142857143,233.08571428571426,4.305275714285714
0.78,7.96,6.78,9.06,232.24285714285716,230.81428571428572,232.87142857142857,4.297655714285715
0.78,7.96375,6.795,9.061250000000001,232.2,230.725,232.825,4.288397499999999
0.78,7.96,6.782500000000001,9.057500000000001,232.1,230.7,232.725,4.2920525000000005
0.78,7.964285714285714,6.7942857142857145,9.074285714285715,232.27142857142857,230.78571428571428,232.8857142857143,4.297514285714286
0.78,7.965714285714285,6.8,9.061428571428573,232.27142857142857,230.82857142857142,232.98571428571427,4.293252857142858
0.78,7.97875,6.8025,9.07,232.3875,230.9875,233.0625,4.3018325
0.78,7.99,6.805,9.105,233.2375,231.825,233.825,4.309455
0.78,7.998571428571429,6.81,9.09142857142857,233.1,231.67142857142858,233.6,4.314205714285714
0.775,8.006666666666666,6.813333333333333,9.113333333333333,233.35,232.01666666666668,234.03333333333333,4.3180016666666665
0.7700000000000001,8.0,6.81,9.127142857142857,233.47142857142856,232.24285714285716,234.17142857142855,4.316458571428571
0.77,7.985,6.8062499999999995,9.11875,233.2375,232.0,233.9375,4.30401625
0.77,7.97,6.79,9.11,233.0,231.6,233.4,4.3051
0.7700000000000001,7.9557142857142855,6.785714285714286,9.08,232.5,231.02857142857144,233.04285714285714,4.288048571428571
0.7775000000000001,7.95,6.7825,9.0575,232.2625,230.725,232.7125,4.28058375
0.78,7.945714285714287,6.765714285714286,9.06,231.95714285714286,230.5,232.55714285714288,4.26091
0.78,7.94,6.75375,9.04,231.9125,230.35,232.35,4.26870625
0.78,7.934285714285714,6.7542857142857144,9.03,231.4714285714286,229.97142857142856,232.0142857142857,4.262807142857143
0.78,7.928571428571429,6.75,9.041428571428572,231.70000000000002,230.3,232.34285714285716,4.255717142857143
0.77875,7.9375,6.765,9.06875,232.03750000000002,230.60000000000002,232.6125,4.26711125
0.77,8.015,6.83,9.217500000000001,235.175,233.725,235.75,4.333655
0.7700000000000001,8.024285714285714,6.825714285714286,9.20857142857143,235.12857142857143,233.68571428571428,235.78571428571428,4.332241428571428
0.77,8.01625,6.8375,9.20125,235.25,233.85,235.7375,4.3364875
0.7700000000000001,8.027142857142858,6.837142857142857,9.23,235.58571428571426,234.21428571428572,236.31428571428572,4.339218571428572
0.77,8.015,6.8325,9.2075,235.1,233.625,235.725,4.327985
0.7700000000000001,8.02142857142857,6.838571428571428,9.21142857142857,235.15714285714284,233.71428571428572,235.90000000000003,4.337021428571428
0.7700000000000001,8.032857142857143,6.8428571428571425,9.245714285714286,235.54285714285714,234.21428571428572,236.3857142857143,4.35053
0.77,8.03375,6.85,9.245000000000001,235.875,234.51250000000002,236.525,4.3493475
0.77,8.028749999999999,6.84375,9.22875,235.6125,234.2125,236.25,4.34559625
0.7700000000000001,8.03,6.844285714285713,9.232857142857142,235.77142857142857,234.35714285714286,236.32857142857145,4.350922857142857
0.77,8.03375,6.84875,9.24875,235.7625,234.325,236.45,4.34801125
0.77,8.02375,6.8475,9.23875,235.65,234.2625,236.3125,4.343606250000001
0.77,8.03,6.841666666666666,9.228333333333333,235.61666666666667,234.13333333333333,236.08333333333334,4.345796666666667
0.77,8.0425,6.8462499999999995,9.2475,235.7875,234.3875,236.4,4.34533375
0.76625,8.0275,6.84,9.2625,235.6875,234.275,236.475,4.34384625
0.7700000000000001,8.02142857142857,6.8342857142857145,9.25,235.75714285714284,234.25714285714284,236.45714285714286,4.348577142857143
0.7700000000000001,8.03,6.83,9.242857142857144,235.51428571428573,234.08571428571426,236.28571428571428,4.342534285714286
0.77,8.018749999999999,6.83,9.25125,235.475,234.0,236.35,4.348065
0.77,8.02125,6.8375,9.25375,235.7625,234.2,236.5,4.34976375
0.7700000000000001,8.03,6.852857142857142,9.277142857142858,236.2,234.67142857142855,236.97142857142856,4.365197142857143
0.77,8.0375,6.8462499999999995,9.272499999999999,236.2,234.6625,236.925,4.3647487499999995
0.76,8.05,6.86,9.272857142857143,236.28571428571428,234.71428571428572,236.75714285714284,4.359108571428572
0.76,8.052857142857144,6.865714285714286,9.301428571428572,236.41428571428574,234.8714285714286,237.29999999999998,4.372605714285714
0.76,8.0775,6.8774999999999995,9.32875,237.025,235.4875,237.675,4.38657875
0.76375,8.085,6.88375,9.34,237.425,235.86249999999998,238.03750000000002,4.3994012499999995
0.76,8.077142857142857,6.888571428571429,9.36,237.62857142857143,236.14285714285714,238.41428571428574,4.3980757142857145
0.76375,8.0575,6.87375,9.31625,236.9125,235.3125,237.575,4.37819625
0.7700000000000001,8.0,6.83,9.209999999999999,234.8,233.3,235.6,4.33724
0.77,8.0125,6.82875,9.225000000000001,234.825,233.2625,235.7875,4.3344587500000005
0.7700000000000001,8.027142857142858,6.847142857142857,9.251428571428573,235.62857142857143,234.1,236.25714285714284,4.351895714285714
0.77,8.038749999999999,6.84125,9.27375,235.88750000000002,234.2625,236.5,4.36154375
0.7657142857142858,8.042857142857143,6.851428571428571,9.275714285714285,235.95714285714286,234.31428571428572,236.58571428571426,4.36226
0.7675000000000001,8.06375,6.85875,9.29,236.3875,234.7375,236.97500000000002,4.37859
0.76,8.065714285714286,6.87,9.320000000000002,236.98571428571427,235.24285714285716,237.5,4.38482
0.76375,8.0725,6.87375,9.315000000000001,236.7125,235.2625,237.5,4.384705
0.76,8.078571428571427,6.877142857142857,9.325714285714286,237.08571428571432,235.44285714285712,237.64285714285714,4.382358571428571
0.76,8.08,6.8925,9.3425,237.275,235.79999999999998,237.875,4.38739
0.76,8.097142857142858,6.892857142857143,9.338571428571429,237.45714285714286,235.8857142857143,238.08571428571426,4.404568571428571
0.76,8.11125,6.90125,9.36375,237.775,236.25,238.4875,4.40858
0.76,8.115714285714285,6.911428571428572,9.381428571428572,237.84285714285716,236.6,238.77142857142857,4.41243
0.77,8.03,6.82875,9.19125,234.7625,233.0125,235.2875,4.34526625
0.7700000000000001,8.03,6.839999999999999,9.209999999999999,235.1,233.5,235.7,4.35094
0.77,8.047500000000001,6.85625,9.245000000000001,235.6375,234.1125,236.225,4.36361125
0.77,8.05,6.849999999999999,9.25,235.5,234.19999999999996,236.30000000000004,4.36564
0.77,8.06,6.86,9.256666666666668,236.16666666666666,234.56666666666666,236.63333333333333,4.375953333333333
0.7657142857142858,8.06,6.872857142857143,9.271428571428572,236.4,234.84285714285716,236.79999999999998,4.374715714285714
0.765,8.0875,6.88,9.29375,236.9125,235.4375,237.5,4.37562
0.76,8.09,6.88,9.320000000000002,236.9,235.5,237.6,4.3797
0.76,8.09,6.88,9.320000000000002,236.9,235.5,237.6,4.3797
0.76,8.1075,6.91,9.35,237.775,236.375,238.375,4.4068375
0.76,8.1,6.91,9.35,237.7,236.3,238.3,4.40236
0.76,8.1,6.910000000000001,9.35,237.7,236.3,238.3,4.40236
0.76,8.127142857142857,6.92,9.348571428571429,237.82857142857145,236.4,238.34285714285716,4.415468571428572
0.76,8.118571428571428,6.925714285714286,9.348571428571429,238.14285714285714,236.6,238.68571428571428,4.4124428571428576
0.76,8.13625,6.93625,9.37875,238.5125,237.14999999999998,239.10000000000002,4.42463125
0.76,8.12,6.911428571428572,9.355714285714285,238.08571428571426,236.62857142857143,238.68571428571428,4.412452857142857
0.76,8.122499999999999,6.922499999999999,9.365,238.375,236.875,238.725,4.4169425
0.76,8.13,6.921428571428572,9.362857142857141,238.25714285714284,236.92857142857142,238.92857142857142,4.4276
0.76,8.12,6.92,9.375714285714285,238.14285714285714,236.8,238.85714285714286,4.4209185714285715
0.76,8.1325,6.92625,9.3725,238.1625,236.75,238.625,4.4127375
0.76,8.125,6.915,9.3575,238.05,236.525,238.55,4.4090324999999995
0.76,8.12,6.910000000000001,9.355714285714285,238.05714285714288,236.57142857142858,238.55714285714288,4.405692857142857
0.76,8.125,6.92,9.3475,238.0,236.625,238.55,4.406345
0.76,8.135714285714286,6.921428571428572,9.337142857142856,238.0142857142857,236.62857142857143,238.58571428571426,4.417991428571428
0.76,8.13,6.92125,9.33125,237.88750000000002,236.525,238.5125,4.41985375
0.76,8.13,6.924285714285714,9.334285714285715,237.74285714285716,236.55714285714285,238.4,4.407031428571429
0.76,8.10375,6.91875,9.311250000000001,237.25,236.025,237.725,4.3890675
0.76,8.1,6.917142857142857,9.307142857142859,237.15714285714284,235.94285714285712,237.67142857142855,4.388297142857143
0.76,8.1,6.9,9.2975,236.975,235.75,237.575,4.3984275
0.7642857142857142,8.087142857142856,6.887142857142857,9.278571428571428,236.48571428571427,235.1142857142857,236.95714285714286,4.386252857142857
0.77,8.08375,6.875,9.25625,236.075,234.7125,236.725,4.3817325
0.7700000000000001,8.084285714285715,6.868571428571428,9.222857142857142,235.62857142857143,234.25714285714284,236.22857142857143,4.376165714285714
0.77,8.07625,6.86625,9.21,235.4,234.0625,235.975,4.3741125
0.7700000000000001,8.05,6.848571428571428,9.185714285714285,235.0,233.55714285714288,235.3857142857143,4.352211428571429
0.77,8.015,6.8125,9.125,234.15,232.3,234.3,4.3240825
0.7700000000000001,8.008571428571429,6.824285714285715,9.122857142857143,233.65714285714284,232.34285714285716,234.04285714285714,4.326468571428571
0.77,8.004999999999999,6.83,9.11,233.65,232.25,233.89999999999998,4.315614999999999
0.7728571428571429,8.002857142857142,6.83,9.108571428571429,233.58571428571426,232.14285714285714,233.82857142857142,4.317265714285714
0.78,7.99875,6.8225,9.10375,233.5375,232.125,233.95,4.32804625
0.7742857142857142,8.0,6.824285714285715,9.102857142857143,233.58571428571432,232.20000000000002,234.0,4.317247142857142
0.77375,8.01,6.82125,9.09375,233.3875,232.125,234.0375,4.323005
0.7700000000000001,8.025714285714285,6.814285714285715,9.10142857142857,233.4,232.1285714285714,233.95714285714286,4.322061428571429
0.7700000000000001,8.01142857142857,6.818571428571429,9.1,233.5,232.22857142857143,234.04285714285714,4.31494
0.775,8.02,6.82,9.09,233.25,232.05,233.75,4.318605
0.77625,7.98125,6.80875,9.0875,233.175,231.9,233.7125,4.310365
0.7714285714285715,7.985714285714287,6.814285714285715,9.095714285714285,233.34285714285716,232.04285714285714,233.75714285714284,4.30879
0.77,7.99375,6.81375,9.08375,233.35,231.95,233.65,4.298036249999999
0.7700000000000001,7.99,6.81,9.08,233.2,231.8,233.5,4.28586
0.7771428571428572,7.9471428571428575,6.784285714285715,9.031428571428572,232.0,230.57142857142858,232.35714285714286,4.270008571428571
0.78,7.92,6.78,9.01,231.6,230.1,231.9,4.26018
0.7785714285714286,7.957142857142857,6.78,9.037142857142857,231.95714285714286,230.6142857142857,232.37142857142857,4.2770085714285715
0.77,8.0275,6.827500000000001,9.1575,234.425,233.05,234.8,4.3286125
0.77,8.01,6.83,9.155000000000001,234.3,232.95,234.75,4.319555
0.7700000000000001,8.007142857142856,6.8185714285714285,9.15,234.3,232.87142857142857,234.70000000000002,4.315194285714286
0.77,8.01,6.8175,9.135,234.15,232.825,234.575,4.312492499999999
0.7700000000000001,8.02142857142857,6.828571428571428,9.154285714285715,234.55714285714285,233.27142857142857,235.05714285714288,4.330878571428571
0.77,8.00125,6.81375,9.131250000000001,233.9875,232.48749999999998,234.325,4.31884625
0.77,8.006666666666666,6.82,9.14,234.30000000000004,232.96666666666667,234.69999999999996,4.303073333333334
0.77,8.0,6.827500000000001,9.1325,234.15,232.82500000000002,234.7,4.324255
0.7700000000000001,7.982857142857142,6.8185714285714285,9.13,233.75714285714284,232.45714285714286,234.41428571428568,4.313077142857143
0.77,7.987500000000001,6.807499999999999,9.11125,233.575,232.275,234.1,4.29837
0.7700000000000001,7.9628571428571435,6.804285714285713,9.107142857142858,233.44285714285712,232.1142857142857,233.95714285714283,4.29946
0.77,7.985,6.80875,9.118749999999999,233.6,232.28750000000002,234.025,4.30518625
0.77,7.952500000000001,6.80375,9.112499999999999,233.275,231.9625,233.8125,4.3010575
0.77,7.966666666666666,6.8,9.118333333333332,233.4333333333333,232.13333333333333,234.04999999999998,4.29229
0.77,7.96375,6.79625,9.11,233.4375,232.11249999999998,233.9375,4.2954825
0.7700000000000001,7.97,6.8,9.11,233.5,232.2,234.0,4.30234
0.77,7.96,6.8,9.1,233.2,231.9,233.8,4.28343
0.77,7.96,6.80875,9.1,233.375,231.9875,233.88750000000002,4.3039925000000006
0.7700000000000001,7.937142857142858,6.785714285714286,9.09,232.6142857142857,231.25714285714284,233.29999999999998,4.278988571428571
0.77,7.935,6.785,9.1,232.725,231.275,233.4,4.28701625
0.7728571428571429,7.9314285714285715,6.778571428571429,9.084285714285715,232.37142857142857,230.94285714285712,233.05714285714288,4.280254285714286
0.78,7.9125,6.78,9.06875,232.0625,230.65,232.7,4.2748425
0.78,7.921428571428572,6.775714285714286,9.08,232.08571428571426,230.57142857142858,232.64285714285714,4.276092857142857
0.78,7.922499999999999,6.7749999999999995,9.08,232.075,230.6,232.775,4.2736525
0.78,7.93,6.78,9.09,232.2,230.7,232.9,4.28647
0.78,7.92125,6.775,9.07875,231.875,230.2875,232.625,4.27231875
0.78,7.92,6.768571428571428,9.078571428571427,231.91428571428574,230.4,232.47142857142856,4.273098571428571
0.78,7.92875,6.7787500000000005,9.098749999999999,232.35,230.725,233.0375,4.28022625
0.7742857142857142,7.934285714285714,6.785714285714286,9.112857142857141,232.6142857142857,231.02857142857144,233.37142857142857,4.290135714285714
0.77,7.9375,6.7875,9.1,232.67499999999998,231.14999999999998,233.325,4.28978
0.77,7.9475,6.7875,9.1225,232.825,231.3,233.575,4.29476
0.77,7.980000000000001,6.81,9.18,234.1,232.5,235.0,4.31722
0.7700000000000001,7.9799999999999995,6.811428571428571,9.178571428571429,234.12857142857143,232.54285714285714,235.0142857142857,4.3189657142857145
0.77,7.98,6.82,9.17,234.3,232.8,235.1,4.32944
0.7700000000000001,7.9957142857142856,6.821428571428571,9.184285714285712,234.55714285714288,233.0,235.14285714285714,4.324568571428571
0.77,7.9925,6.8125,9.184999999999999,234.525,232.95,235.175,4.3326325
0.7700000000000001,7.9871428571428575,6.824285714285715,9.191428571428572,234.4625,232.8375,235.125,4.328667142857143
0.77,8.0025,6.83,9.19625,234.8714285714286,233.24285714285716,235.41428571428574,4.3356275
0.7700000000000001,8.01,6.831428571428572,9.212857142857144,235.02857142857144,233.5142857142857,235.8,4.343232857142858
0.77,8.0175,6.8475,9.245000000000001,235.6125,234.05,236.2125,4.3527825
0.7700000000000001,8.027142857142858,6.862857142857143,9.268571428571429,236.20000000000002,234.65714285714284,236.75714285714284,4.36266
0.7642857142857142,8.054285714285715,6.875714285714286,9.295714285714284,236.71428571428572,235.31428571428572,237.35714285714286,4.37911
0.76,8.07875,6.8950000000000005,9.3225,237.2375,235.8,237.875,4.39120625
0.76,8.09,6.905,9.365,237.85000000000002,236.375,238.5,4.4013075
0.76,8.115714285714285,6.9157142857142855,9.397142857142857,238.59999999999997,237.0142857142857,239.14285714285714,4.416975714285714
0.76125,8.10625,6.91125,9.39125,238.2875,236.725,238.8375,4.4076675
0.7700000000000001,8.03,6.837142857142857,9.218571428571428,235.08571428571426,233.3857142857143,235.6,4.352965714285714
0.77,8.03,6.85,9.21,235.3,233.9,235.9,4.35333
0.7700000000000001,8.042857142857143,6.8585714285714285,9.24,235.68571428571428,234.24285714285716,236.32857142857142,4.353351428571428
0.77,8.04625,6.87625,9.28,236.425,234.8,236.9375,4.367242500000001
0.7685714285714286,8.061428571428573,6.874285714285714,9.294285714285715,236.79999999999998,235.24285714285716,237.4,4.379691428571428
0.76,8.0525,6.8825,9.3025,236.7,235.2,237.29999999999998,4.375757500000001
0.76,8.081428571428571,6.898571428571429,9.34,237.55714285714288,236.14285714285714,238.20000000000002,4.394992857142857
0.76,8.07875,6.90125,9.3325,237.5,235.9625,238.125,4.391220000000001
0.76,8.09,6.910000000000001,9.355714285714285,238.02857142857144,236.48571428571427,238.54285714285714,4.401355714285715
0.76,8.105714285714285,6.914285714285714,9.37,238.31428571428572,236.85714285714286,238.85714285714286,4.412997142857143
0.76,8.11,6.9125,9.375,238.425,236.95,238.925,4.416802499999999
0.76,8.118749999999999,6.92875,9.39,238.5875,237.1,239.17499999999998,4.38919125
0.76,8.118571428571428,6.928571428571429,9.392857142857142,238.5142857142857,237.07142857142858,239.15714285714284,4.405407142857142
0.76,8.11,6.92,9.38,238.3625,236.9625,238.9,4.40852875
0.76,8.11,6.92,9.379999999999999,238.4,236.95714285714286,238.94285714285712,4.410837142857143
0.76,8.11375,6.9175,9.3725,238.11249999999998,236.8375,238.7875,4.397115
0.76,8.09142857142857,6.901428571428572,9.337142857142856,237.52857142857144,236.08571428571426,238.17142857142855,4.38532
0.76,8.07625,6.8862499999999995,9.30625,237.025,235.5,237.6375,4.38091625
0.76,8.06857142857143,6.874285714285714,9.294285714285715,236.54285714285714,235.17142857142858,237.32857142857142,4.3690557142857145
0.76,8.06,6.87,9.28,236.3,234.9,236.9,4.37203
0.7644444444444445,8.055555555555555,6.861111111111111,9.262222222222222,235.81111111111113,234.45555555555555,236.5,4.359034444444444
0.7700000000000001,8.007142857142856,6.832857142857143,9.174285714285714,234.31428571428572,232.92857142857142,235.02857142857144,4.333607142857143
0.7771428571428572,7.9799999999999995,6.798571428571429,9.087142857142856,232.95714285714286,231.5142857142857,233.45714285714286,4.303214285714286
0.77625,7.9712499999999995,6.805,9.10375,232.95,231.48749999999998,233.5625,4.305045
0.7700000000000001,7.994285714285715,6.825714285714286,9.145714285714288,233.95714285714286,232.45714285714286,234.42857142857142,4.321038571428572
0.77625,7.975,6.784999999999999,9.05875,232.1875,230.7125,232.725,4.2833625
0.78,7.957142857142857,6.7700000000000005,9.034285714285714,231.58571428571426,229.91428571428574,232.05714285714285,4.274785714285714
0.7733333333333334,7.988333333333333,6.815,9.123333333333333,233.4333333333333,232.03333333333333,233.9333333333333,4.3103066666666665
0.7700000000000001,8.0,6.835714285714286,9.16,234.12857142857143,232.70000000000002,234.58571428571426,4.322837142857143
0.77,8.00375,6.82875,9.155,233.95,232.625,234.625,4.31905625
0.7700000000000001,7.971428571428571,6.812857142857142,9.11142857142857,233.1,231.72857142857143,233.70000000000002,4.305341428571428
0.7775000000000001,7.96875,6.79625,9.0975,232.65,231.3,233.25,4.29889625
0.7799999999999999,7.956666666666667,6.786666666666666,9.06,232.01666666666665,230.54999999999998,232.6,4.27739
0.77875,7.94875,6.77625,9.0675,231.9,230.4,232.5,4.28948
0.77,8.01,6.833333333333333,9.193333333333333,234.63333333333333,233.23333333333335,235.26666666666665,4.335796666666666
0.77,8.01375,6.83,9.192499999999999,234.5,233.1625,235.225,4.33588375
0.7700000000000001,8.008571428571429,6.8342857142857145,9.168571428571429,234.42857142857142,233.1142857142857,235.05714285714288,4.326024285714285
0.77,8.00375,6.83875,9.17125,234.3625,232.8625,234.875,4.33333125
0.7700000000000001,8.002857142857142,6.822857142857144,9.162857142857144,234.27142857142854,232.79999999999998,234.9714285714286,4.33815
0.77,8.01,6.83,9.17,234.6,233.2,235.3,4.33818
0.7700000000000001,7.99,6.83,9.16,234.5,232.9,234.8,4.33101
0.77,8.038,6.85,9.19,235.3,233.84,235.67999999999998,4.350672
0.77,8.03,6.830000000000001,9.200000000000001,234.83333333333334,233.26666666666665,235.5,4.34479
0.7700000000000001,8.041428571428572,6.855714285714286,9.217142857142859,235.4,234.12857142857143,236.08571428571426,4.363751428571429
0.7700000000000001,8.02,6.858571428571429,9.227142857142857,235.64285714285714,234.2571428571429,236.2571428571429,4.3527828571428575
0.7700000000000001,8.028571428571428,6.852857142857142,9.205714285714285,235.25714285714284,233.94285714285712,235.9857142857143,4.347342857142857
0.7700000000000001,8.012857142857142,6.840000000000001,9.197142857142856,235.05714285714288,233.79999999999998,235.72857142857143,4.3325000000000005
0.7700000000000001,8.005714285714285,6.824285714285715,9.179999999999998,234.81428571428572,233.5,235.52857142857144,4.32383
0.77,7.9775,6.8062499999999995,9.16,234.2625,232.85000000000002,235.0375,4.31180625
0.77,7.9750000000000005,6.794999999999999,9.14,234.0,232.70000000000002,234.70000000000002,4.295545
0.7700000000000001,7.95,6.78,9.114285714285714,233.33333333333334,231.94285714285712,234.0,4.286002857142857
0.7700000000000001,7.95,6.78,9.11,233.3,231.9,234.0,4.28182
0.77,7.95,6.779999999999999,9.11,233.3,231.9,234.0,4.28182
0.7733333333333334,7.926666666666667,6.75,9.066666666666668,232.26666666666665,230.76666666666665,232.83333333333334,4.259376666666667
0.7742857142857142,7.925714285714285,6.761428571428572,9.061428571428573,232.01428571428573,230.58571428571432,232.70000000000002,4.2664285714285715
0.77,7.9375,6.7775,9.0775,232.4,231.02499999999998,233.15,4.2706349999999995
0.7700000000000001,7.957142857142857,6.788571428571429,9.114285714285714,233.24285714285716,231.84285714285716,233.85714285714286,4.292864285714286
0.7700000000000001,7.9557142857142855,6.785714285714286,9.117142857142857,233.32857142857142,231.8857142857143,233.98571428571427,4.2955
0.7700000000000001,7.971428571428572,6.79,9.137142857142857,233.7,232.25714285714284,234.21428571428572,4.29469
0.77,7.961250000000001,6.77125,9.11875,233.2625,231.675,233.7375,4.29407125
0.7700000000000001,7.96,6.774285714285715,9.122857142857143,233.54285714285714,232.05714285714288,234.08571428571432,4.294997142857143
0.7700000000000001,7.9871428571428575,6.788571428571429,9.14,233.9857142857143,232.44285714285712,234.47142857142856,4.299942857142857
0.7700000000000001,8.01142857142857,6.82,9.179999999999998,234.91428571428574,233.54285714285714,235.55714285714288,4.328112857142857
0.76875,8.02625,6.835,9.21625,235.46249999999998,234.125,236.125,4.33567125
0.76,8.04,6.8500000000000005,9.258571428571429,236.20000000000002,234.97142857142856,237.0142857142857,4.354658571428571
0.76,8.04,6.86,9.26,236.6,235.4,237.4,4.35553
0.7657142857142858,8.028571428571428,6.837142857142857,9.231428571428571,236.20000000000002,234.8857142857143,236.82857142857142,4.340198571428572
0.77,7.99,6.7975,9.18,235.07500000000002,233.75,235.725,4.3173975
0.7700000000000001,7.988571428571428,6.807142857142857,9.187142857142858,235.05714285714288,233.7571428571429,235.84285714285716,4.315138571428571
0.7700000000000001,7.994285714285715,6.805714285714286,9.19,235.0142857142857,233.71428571428572,235.72857142857143,4.3148542857142855
0.77,7.995,6.8,9.1825,234.625,233.4125,235.425,4.324412499999999
0.7700000000000001,7.985714285714286,6.792857142857143,9.175714285714287,234.24285714285716,232.9,235.04285714285714,4.306848571428572
0.77,7.99375,6.8025,9.18375,234.425,233.0875,235.2625,4.319305
0.77,7.99125,6.797499999999999,9.1775,234.275,232.96249999999998,235.125,4.30521375
0.7700000000000001,7.9957142857142856,6.805714285714286,9.204285714285716,234.61428571428573,233.28571428571428,235.48571428571427,4.311342857142857
0.77,7.99,6.8,9.19375,234.45,232.95,235.3125,4.315682499999999
0.77,7.99,6.8,9.2,234.7,233.2,235.5,4.31152
0.7700000000000001,7.992857142857143,6.811428571428571,9.204285714285716,234.95714285714286,233.47142857142856,235.72857142857143,4.330518571428571
0.77,8.0075,6.81375,9.2075,235.3,233.7375,236.0,4.3389625
0.7700000000000001,8.03,6.82,9.23857142857143,235.5,234.1,236.4,4.3513842857142855
0.77,8.04,6.823333333333334,9.247777777777777,235.5222222222222,234.16666666666666,236.35555555555553,4.351674444444445
0.7700000000000001,8.038571428571428,6.8342857142857145,9.257142857142856,235.85714285714286,234.3857142857143,236.7428571428571,4.3645128571428575
0.7677777777777778,8.062222222222223,6.83,9.273333333333333,236.2111111111111,234.72222222222223,236.9888888888889,4.372992222222222
0.76,8.05857142857143,6.844285714285713,9.297142857142857,236.4,234.9857142857143,237.14285714285714,4.370934285714286
0.765,8.04625,6.845,9.28625,236.1625,234.7,237.0625,4.36867125
0.7633333333333333,8.063333333333333,6.85,9.303333333333335,236.66666666666666,235.10000000000002,237.29999999999998,4.367343333333333
0.76,8.0925,6.86,9.33,237.22500000000002,235.7,237.77499999999998,4.375405
0.76,8.08875,6.8675,9.32625,237.15,235.7,237.96249999999998,4.39202875
0.76,8.105,6.88125,9.35625,237.65,236.2875,238.4375,4.38957125
0.7625,8.09,6.8675,9.3325,236.925,235.4625,238.125,4.3989199999999995
0.77,8.005555555555555,6.802222222222222,9.178888888888888,234.44444444444446,232.9111111111111,235.07777777777775,4.329416666666666
0.7700000000000001,8.01,6.805714285714286,9.178571428571429,234.52857142857144,232.91428571428574,235.05714285714288,4.333562857142858
0.7700000000000001,8.018571428571429,6.81,9.179999999999998,234.77142857142857,233.17142857142855,235.27142857142857,4.331541428571429
0.77,8.0375,6.81125,9.2075,234.875,233.475,235.7375,4.34247
0.7700000000000001,8.03,6.83,9.22,235.05714285714288,233.72857142857143,235.7,4.342657142857143
0.77,8.0375,6.83,9.22375,235.35,233.95,235.925,4.3434437500000005
0.7657142857142858,8.06,6.85,9.27,236.2,234.8,236.9,4.366527142857143
0.76,8.07625,6.8625,9.27375,236.475,235.2125,237.175,4.37835
0.76,8.08,6.87,9.27,236.7,235.4,237.1,4.3854
0.76,8.0725,6.87875,9.297500000000001,236.8375,235.625,237.425,4.37088625
0.76,8.08,6.888571428571429,9.305714285714286,237.35714285714286,236.07142857142858,237.85714285714286,4.390571428571429
0.76,8.107142857142858,6.910000000000001,9.342857142857143,237.97142857142856,236.77142857142857,238.5,4.398295714285714
0.76,8.10375,6.90625,9.35375,237.9375,236.7,238.5375,4.39547875
0.76,8.116249999999999,6.90125,9.366249999999999,238.13750000000002,236.85,238.7625,4.40182375
0.76,8.12,6.910000000000001,9.37,237.9,236.7,238.7,4.39867
0.76875,8.045,6.84,9.22875,235.45,234.225,236.20000000000002,4.3554525
0.7700000000000001,8.038571428571428,6.837142857142857,9.217142857142857,235.42857142857142,234.08571428571426,236.11428571428573,4.356994285714286
0.77,8.02625,6.842499999999999,9.2225,235.6,234.225,236.23749999999998,4.34999625
0.7700000000000001,8.02142857142857,6.835714285714286,9.224285714285715,235.47142857142856,234.28571428571428,236.2,4.344844285714285
0.77,8.105,6.84,9.235,235.6,234.35000000000002,236.4,4.34909
0.77,8.05,6.84,9.236666666666666,235.48333333333335,234.30000000000004,236.28333333333333,4.347206666666667
0.77,8.05,6.84,9.24,235.7,234.3,236.3,4.34923
0.77,8.04375,6.83875,9.221250000000001,235.3375,234.1125,236.1125,4.346807500000001
0.77,8.024999999999999,6.8175,9.195,234.75,233.5,235.5,4.33099
0.7700000000000001,8.01,6.81,9.179999999999998,234.6,233.2,235.2,4.32346
0.77,7.9975,6.8,9.151250000000001,233.9,232.5875,234.5875,4.3131375
0.7700000000000001,7.981428571428572,6.791428571428571,9.12,233.0,231.70000000000002,233.75714285714284,4.3003985714285715
0.77,8.01,6.8,9.1,233.0,231.7,233.7,4.28867
0.78,7.92,6.76,9.0,231.2,229.7,231.7,4.26291
0.77375,7.9625,6.785,9.06625,232.39999999999998,231.1125,233.025,4.2886325
0.7700000000000001,7.9799999999999995,6.8,9.09,233.2,231.8,233.5,4.30317
0.7799999999999999,8.376666666666667,6.795000000000001,9.108333333333333,232.96666666666667,231.9,233.63333333333333,4.396218333333334
0.78,8.415714285714285,6.822857142857144,9.161428571428571,234.12857142857143,233.12857142857143,234.82857142857142,4.419429999999999
0.78,8.37,6.79875,9.11,233.025,231.9,233.77499999999998,4.40252875
0.7799999999999999,8.358333333333333,6.791666666666667,9.078333333333333,232.54999999999998,231.33333333333334,233.15,4.400781666666666
0.78,8.3375,6.7775,9.06,232.025,230.9375,232.8375,4.38485
0.78,8.344285714285714,6.7700000000000005,9.044285714285715,231.64285714285714,230.65714285714287,232.41428571428574,4.378094285714285
0.78,8.32875,6.766249999999999,9.025,231.2625,230.0625,232.0375,4.37158375
0.7842857142857144,8.367142857142857,6.8,9.108571428571429,233.0142857142857,231.91428571428574,233.81428571428572,4.404897142857143
0.78,8.415714285714285,6.83,9.184285714285712,234.4857142857143,233.3857142857143,235.28571428571428,4.44449
0.77,8.4175,6.8375,9.2125,235.175,234.025,235.85,4.44501125
0.7742857142857142,8.40857142857143,6.8342857142857145,9.200000000000001,235.0142857142857,233.81428571428572,235.78571428571428,4.442797142857143
0.77,8.405000000000001,6.835,9.2,234.95,233.75,235.64999999999998,4.442545
0.77,8.4075,6.83375,9.22,235.3,234.1625,236.2,4.4507975
0.7785714285714286,8.4,6.804285714285713,9.168571428571429,234.44285714285715,233.0,234.91428571428568,4.439865714285714
0.78,8.4,6.8,9.16,234.3,232.8,234.7,4.43791
0.78,8.41625,6.842499999999999,9.20375,235.075,233.975,235.9375,4.45882875
0.7716666666666666,8.435,6.86,9.255,235.95000000000002,234.85,236.85,4.47989
0.77,8.4375,6.862500000000001,9.2425,235.8625,234.6875,236.575,4.470665
0.7700000000000001,8.458571428571428,6.864285714285715,9.272857142857143,236.3857142857143,235.29999999999998,237.20000000000002,4.4897471428571425
0.77,8.47,6.87,9.28375,236.6,235.475,237.375,4.48893
0.7700000000000001,8.47,6.87,9.288571428571428,236.6285714285714,235.5142857142857,237.3857142857143,4.4864871428571425
0.7700000000000001,8.467142857142857,6.87,9.26142857142857,236.41428571428574,235.22857142857143,237.1142857142857,4.4775599999999995
0.77,8.46,6.875,9.27,236.4,235.25,237.14999999999998,4.4766449999999995
0.7700000000000001,8.45,6.88,9.272857142857143,236.4,235.3,237.2,4.474685714285714
0.7700000000000001,8.444285714285714,6.874285714285714,9.264285714285714,236.22857142857146,235.15714285714287,237.05714285714285,4.4706971428571425
0.7700000000000001,8.421428571428573,6.847142857142857,9.237142857142857,235.58571428571432,234.54285714285714,236.44285714285712,4.4567814285714284
0.7700000000000001,8.414285714285715,6.835714285714286,9.22,235.42857142857142,234.24285714285716,236.1,4.448011428571428
0.7700000000000001,8.417142857142858,6.844285714285713,9.222857142857142,235.4857142857143,234.27142857142857,236.1142857142857,4.445221428571428
0.7700000000000001,8.41,6.83,9.209999999999999,235.1,233.8,235.7,4.43307
0.7700000000000001,8.405714285714286,6.8342857142857145,9.214285714285714,235.35714285714286,234.18571428571428,236.08571428571426,4.4510057142857145
0.7700000000000001,8.391428571428571,6.835714285714286,9.197142857142856,235.08571428571432,233.92857142857142,235.78571428571428,4.441922857142857
0.7700000000000001,8.394285714285715,6.824285714285715,9.187142857142858,235.02857142857144,233.9,235.7,4.433475714285715
0.7766666666666667,8.413333333333334,6.813333333333333,9.173333333333334,234.5666666666667,233.23333333333335,235.1,4.439366666666667
0.7785714285714286,8.402857142857142,6.811428571428571,9.174285714285714,234.71428571428572,233.47142857142856,235.28571428571428,4.434581428571429
0.7700000000000001,8.407142857142857,6.805714285714286,9.179999999999998,234.78571428571428,233.34285714285713,235.18571428571428,4.438577142857143
0.7700000000000001,8.404285714285715,6.805714285714286,9.191428571428572,234.8142857142857,233.37142857142857,235.27142857142854,4.436888571428572
0.7700000000000001,8.407142857142857,6.828571428571428,9.211428571428572,235.18571428571428,233.8857142857143,235.87142857142857,4.441928571428571
0.7700000000000001,8.421428571428573,6.835714285714286,9.227142857142857,235.65714285714284,234.47142857142856,236.41428571428574,4.454662857142857
0.77,8.4325,6.855,9.26125,236.3125,235.1875,237.0625,4.46763125
0.7700000000000001,8.465714285714286,6.887142857142857,9.331428571428571,237.44285714285712,236.45714285714286,238.25714285714284,4.5034914285714285
0.77,8.478333333333333,6.898333333333333,9.356666666666667,237.76666666666668,236.76666666666668,238.64999999999998,4.501328333333333
0.7742857142857142,8.415714285714285,6.835714285714286,9.205714285714285,234.97142857142856,233.84285714285716,235.74285714285716,4.447002857142857
0.77,8.434999999999999,6.845000000000001,9.23,235.25,234.15,236.1,4.45603
0.7700000000000001,8.45,6.86,9.26,236.1,235.0,237.0,4.46761
0.775,8.41,6.815,9.205,235.15,233.94999999999996,236.0,4.449520000000001
0.77,8.2525,6.75375,9.147499999999999,234.7875,233.575,235.7375,4.364295
0.7375,7.2125,6.282500000000001,8.768749999999999,234.625,233.1375,235.4125,3.8455037499999998
0.74,7.201428571428572,6.28,8.751428571428571,234.28571428571428,232.68571428571428,234.95714285714286,3.833002857142857
0.74,7.191428571428572,6.284285714285715,8.77142857142857,234.41428571428574,233.0142857142857,235.35714285714286,3.8338514285714282
0.74,7.19625,6.28375,8.79375,234.675,233.4125,235.7375,3.83717625
0.7342857142857142,7.19,6.295714285714285,8.788571428571428,234.85714285714286,233.6,235.74285714285716,3.8448171428571425
0.73,7.19,6.3,8.78,234.9,233.6,235.7,3.84759
0.7342857142857142,7.202857142857143,6.304285714285713,8.797142857142857,235.02857142857144,233.64285714285714,235.91428571428568,3.8537914285714288
0.7357142857142858,7.2128571428571435,6.308571428571428,8.798571428571428,235.17142857142858,233.81428571428572,236.01428571428573,3.8474428571428576
0.73375,7.2125,6.31625,8.817499999999999,235.55,234.0875,236.35,3.85666125
0.7299999999999999,7.2371428571428575,6.32,8.84,236.0,234.5,236.8857142857143,3.8739942857142857
0.73,7.242500000000001,6.325,8.845,236.275,234.8,237.05,3.875445
0.7299999999999999,7.28,6.357142857142857,8.89857142857143,237.14285714285714,235.65714285714284,238.05714285714288,3.9024342857142855
0.7299999999999999,7.297142857142857,6.351428571428571,8.917142857142858,237.54285714285714,235.95714285714286,238.35714285714286,3.9096828571428572
0.7299999999999999,7.29,6.37,8.93,237.7,236.3,238.6,3.90936
0.73,7.29375,6.3774999999999995,8.955,237.975,236.5875,238.875,3.916685
0.7299999999999999,7.29,6.37,8.94,237.9,236.4,238.8,3.91997
0.73,7.3025,6.38875,8.9725,238.45,237.14999999999998,239.3875,3.9287125
0.7371428571428572,7.264285714285714,6.334285714285714,8.84,236.12857142857143,234.64285714285714,236.97142857142856,3.883157142857143
0.7371428571428572,7.24,6.322857142857144,8.814285714285715,235.84285714285716,234.24285714285716,236.48571428571427,3.867584285714286
0.7299999999999999,7.225714285714285,6.33,8.811428571428573,235.84285714285716,234.28571428571428,236.3857142857143,3.86518
0.73,7.22625,6.3225,8.81875,235.5375,234.05,236.4625,3.86309625
0.73,7.2475000000000005,6.3225,8.8275,235.875,234.425,236.6,3.863125
0.7385714285714285,7.2299999999999995,6.32,8.807142857142859,235.47142857142856,233.95714285714286,236.14285714285714,3.8702842857142863
0.73,7.245,6.32,8.83,235.65,234.3,236.39999999999998,3.865685
0.7299999999999999,7.24,6.33,8.84,235.8,234.5,236.6,3.86841
0.7299999999999999,7.252857142857143,6.33,8.84,236.01428571428573,234.62857142857143,236.77142857142857,3.8668542857142856
0.7299999999999999,7.255714285714285,6.3185714285714285,8.83,235.9857142857143,234.41428571428568,236.68571428571428,3.8712585714285717
0.73,7.261666666666667,6.331666666666666,8.85,236.35,234.89999999999998,237.03333333333333,3.8789599999999997
0.7299999999999999,7.2700000000000005,6.351428571428571,8.878571428571428,236.95714285714286,235.47142857142856,237.57142857142858,3.88551
0.73,7.3,6.35375,8.885,237.125,235.725,237.85,3.88891125
0.7299999999999999,7.29,6.37,8.89,237.7,236.1,238.1,3.90027
0.7299999999999999,7.301428571428572,6.381428571428572,8.901428571428571,237.64285714285714,236.21428571428572,238.21428571428572,3.8922071428571425
0.73,7.302222222222222,6.373333333333333,8.89,237.6222222222222,236.20000000000002,238.1222222222222,3.8969933333333335
0.7299999999999999,7.311428571428571,6.368571428571428,8.911428571428571,237.68571428571428,236.41428571428574,238.42857142857142,3.9084242857142857
0.73,7.29,6.36,8.89,237.3,235.9,238.0,3.89396
0.73,7.325,6.3875,8.901250000000001,237.8375,236.525,238.2875,3.9052462500000003
0.7299999999999999,7.324285714285715,6.394285714285714,8.918571428571429,238.17142857142858,237.04285714285714,238.65714285714284,3.9107
0.73875,7.235,6.32875,8.755,235.275,234.1375,235.9625,3.86152375
0.74,7.21625,6.32,8.745000000000001,235.0625,233.8875,235.7125,3.8475925
0.7399999999999999,7.223333333333334,6.32,8.745,235.0,233.95000000000002,235.78333333333333,3.8578783333333333
0.74,7.20375,6.32,8.721250000000001,234.65,233.4125,235.3125,3.85351
0.74,7.22,6.32,8.74,235.1,233.9,235.6,3.86015
0.74,7.198571428571428,6.305714285714286,8.718571428571428,234.25714285714284,233.15714285714284,235.02857142857144,3.846948571428572
0.74,7.188571428571429,6.2942857142857145,8.695714285714285,233.74285714285716,232.5,234.45714285714286,3.829627142857143
0.74,7.18,6.3,8.69,233.8,232.5,234.4,3.82661
0.74,7.16875,6.26875,8.6525,232.78750000000002,231.625,233.5375,3.80152125
0.74,7.14875,6.26,8.62625,232.2125,231.05,232.9125,3.79912625
0.74,7.14875,6.25625,8.616249999999999,232.125,230.825,232.7125,3.79685125
0.74,7.1971428571428575,6.2942857142857145,8.705714285714286,233.92857142857142,232.74285714285716,234.54285714285717,3.8245171428571427
0.74,7.167777777777778,6.271111111111111,8.63,232.7444444444444,231.5,233.24444444444447,3.8063822222222226
0.74,7.142857142857143,6.2700000000000005,8.59,231.95714285714286,230.67142857142855,232.27142857142857,3.7855514285714285
0.74,7.2128571428571435,6.315714285714286,8.702857142857143,234.20000000000002,233.07142857142858,234.74285714285716,3.8238842857142856
0.74,7.18375,6.28375,8.629999999999999,232.975,231.79999999999998,233.51250000000002,3.811945
0.74,7.158571428571428,6.272857142857142,8.605714285714285,232.35714285714286,231.12857142857143,232.87142857142857,3.8069985714285717
0.74,7.145,6.265,8.6,232.14999999999998,230.85000000000002,232.64999999999998,3.798535
0.7485714285714286,7.132857142857143,6.251428571428571,8.587142857142856,231.57142857142858,230.34285714285716,232.2,3.7831628571428575
0.75,7.128571428571428,6.242857142857143,8.555714285714286,231.20000000000002,229.92857142857142,231.77142857142857,3.7748842857142857
0.74,7.2125,6.33,8.754999999999999,234.8875,233.6875,235.425,3.84236625
0.7371428571428572,7.222857142857143,6.332857142857143,8.77,234.94285714285712,233.77142857142857,235.52857142857144,3.8484971428571426
0.7385714285714285,7.217142857142856,6.344285714285713,8.757142857142856,235.05714285714288,234.08571428571426,235.72857142857143,3.8571400000000002
0.735,7.21,6.3125,8.735,234.97500000000002,233.5,235.275,3.8503575
0.74,7.204285714285715,6.332857142857143,8.748571428571429,235.0,233.8714285714286,235.74285714285716,3.8502514285714287
0.74,7.202857142857143,6.322857142857144,8.72857142857143,234.79999999999998,233.52857142857144,235.32857142857142,3.8440285714285714
0.7399999999999999,7.206666666666667,6.318333333333334,8.736666666666666,234.83333333333334,233.53333333333333,235.38333333333333,3.840621666666667
0.74,7.2075,6.32,8.7375,234.975,233.7,235.425,3.84151
0.74,7.2075,6.32,8.7375,234.975,233.7,235.425,3.84151
0.73,7.22,6.32,8.77,235.6,234.19999999999996,236.0,3.85005
0.73,7.2379999999999995,6.33,8.778,235.7,234.48000000000002,236.2,3.862504
0.73,7.225,6.335,8.76,235.55,234.3,236.0,3.8552850000000003
0.73,7.236,6.34,8.788,235.82,234.64000000000001,236.38000000000002,3.85852
0.7299999999999999,7.2299999999999995,6.32,8.76,235.4,234.1,235.9,3.8458599999999996
0.7299999999999999,7.214285714285714,6.32,8.735714285714286,235.20000000000002,233.97142857142856,235.54285714285714,3.841232857142857
0.73,7.205000000000001,6.315,8.74,234.9,233.70000000000002,235.4,3.833895
0.74,7.1775,6.297499999999999,8.69625,234.225,232.975,234.6625,3.81928875
0.7366666666666667,7.19,6.29,8.703333333333333,234.1,232.86666666666667,234.70000000000002,3.8198366666666668
0.74,7.1875,6.2925,8.6975,234.075,232.8,234.60000000000002,3.818425
0.74,7.18,6.28,8.68,234.0,232.7,234.3,3.82104
0.735,7.175,6.295,8.72,234.6,233.2,235.05,3.82737
0.73,7.1739999999999995,6.304,8.724,234.7,233.4,235.18,3.8234540000000004
0.7299999999999999,7.1971428571428575,6.307142857142857,8.737142857142858,234.95714285714286,233.6,235.4,3.8298
0.7299999999999999,7.202857142857143,6.318571428571429,8.73857142857143,235.04285714285714,233.81428571428572,235.45714285714286,3.830692857142857
0.73,7.204000000000001,6.31,8.758,235.34,234.08,235.7,3.8337980000000003
0.7299999999999999,7.2057142857142855,6.315714285714286,8.751428571428571,235.25714285714284,233.9857142857143,235.72857142857143,3.840285714285714
0.73,7.205000000000001,6.32,8.756666666666666,235.5,234.25,235.9,3.842373333333333
0.7299999999999999,7.1971428571428575,6.315714285714286,8.75,235.41428571428574,234.14285714285714,235.85714285714286,3.8358157142857143
0.7299999999999999,7.211428571428571,6.322857142857144,8.754285714285714,235.75714285714284,234.44285714285712,235.8857142857143,3.843682857142857
0.7299999999999999,7.225714285714285,6.335714285714286,8.798571428571428,236.4,235.07142857142858,236.8714285714286,3.8552728571428574
0.7299999999999999,7.242857142857143,6.345714285714286,8.838571428571429,236.92857142857142,235.6,237.4714285714286,3.8639185714285715
0.7299999999999999,7.258571428571429,6.368571428571428,8.87142857142857,237.52857142857144,236.15714285714284,238.01428571428573,3.888314285714286
0.7342857142857142,7.2457142857142856,6.344285714285713,8.822857142857144,236.68571428571428,235.34285714285713,237.21428571428572,3.8686700000000003
0.7399999999999999,7.208333333333333,6.316666666666666,8.745,235.0,233.76666666666668,235.7166666666667,3.8478066666666666
0.7385714285714285,7.214285714285714,6.321428571428571,8.757142857142856,235.18571428571428,233.9857142857143,235.94285714285715,3.850684285714286
0.73,7.22375,6.325,8.81,236.025,234.75,236.70000000000002,3.8596775
0.7299999999999999,7.238571428571428,6.307142857142857,8.78,235.68571428571428,234.20000000000002,236.15714285714284,3.8592757142857144
0.73,7.266666666666667,6.3133333333333335,8.826666666666666,236.13333333333335,234.79999999999998,236.96666666666667,3.87539
0.7299999999999999,7.224285714285714,6.304285714285713,8.811428571428573,235.8857142857143,234.4857142857143,236.65714285714284,3.8634128571428574
0.73,7.235,6.31,8.795,235.75,234.35,236.35,3.85975
0.7299999999999999,7.248571428571429,6.31,8.819999999999999,235.79999999999998,234.4,236.57142857142858,3.8614542857142857
0.73,7.24375,6.31375,8.83125,236.1,234.6625,236.925,3.86561125
0.7299999999999999,7.238571428571428,6.314285714285715,8.84,236.22857142857143,234.77142857142857,237.12857142857143,3.8712685714285717
0.73,7.22375,6.32625,8.84,236.17499999999998,234.75,237.0375,3.86618375
0.73,7.241666666666667,6.331666666666667,8.853333333333333,236.51666666666665,234.93333333333337,237.2833333333333,3.8820883333333334
0.7299999999999999,7.261428571428572,6.331428571428572,8.875714285714286,236.79999999999998,235.31428571428572,237.64285714285714,3.891177142857143
0.73,7.269999999999999,6.34,8.884,237.28000000000003,235.64000000000001,237.84,3.883068
0.73,7.29,6.325,8.844999999999999,236.375,234.875,237.15,3.8910375
0.7299999999999999,7.311428571428571,6.337142857142857,8.85142857142857,236.6,234.92857142857142,237.14285714285714,3.89172
0.73,7.3275,6.34875,8.8975,237.2625,235.75,237.975,3.90642125
0.73,7.336666666666666,6.353333333333333,8.916666666666666,237.4333333333333,235.9,238.23333333333335,3.913066666666667
0.7299999999999999,7.295714285714285,6.354285714285714,8.905714285714286,237.35714285714286,235.8,238.1142857142857,3.8964257142857144
0.73,7.30125,6.36,8.92375,237.625,236.1375,238.28750000000002,3.9131662499999997
0.73,7.3325,6.375,8.945,238.125,236.7,239.0,3.9249525
0.735,7.28,6.345,8.865,236.75,235.20000000000002,237.35,3.8915349999999997
0.74,7.227142857142858,6.304285714285713,8.784285714285714,235.34285714285716,233.68571428571428,235.92857142857142,3.864951428571428
0.74,7.242857142857143,6.301428571428572,8.79142857142857,235.52857142857144,233.91428571428574,236.21428571428572,3.876878571428571
0.74,7.275714285714286,6.314285714285715,8.797142857142857,235.65714285714284,234.0,236.3,3.8747285714285717
0.7342857142857142,7.271428571428571,6.31,8.805714285714286,235.81428571428572,234.2,236.45714285714286,3.8794600000000004
0.73875,7.25,6.30375,8.795,235.45000000000002,233.925,236.1375,3.8702887500000003
0.7299999999999999,7.26,6.321428571428571,8.822857142857144,236.14285714285714,234.45714285714286,236.75714285714284,3.8774985714285717
0.7299999999999999,7.265714285714286,6.332857142857143,8.842857142857143,236.4857142857143,234.94285714285715,237.21428571428572,3.8902471428571426
0.7299999999999999,7.265714285714286,6.337142857142857,8.831428571428571,236.3857142857143,234.75714285714284,236.92857142857142,3.8804142857142856
0.73,7.283333333333332,6.335,8.851666666666667,236.4333333333333,235.0,237.08333333333334,3.8940633333333334
0.73,7.3,6.34,8.85,236.69999999999996,235.19999999999996,237.4,3.9058000000000006
0.7299999999999999,7.292857142857143,6.344285714285713,8.872857142857143,236.94285714285712,235.37142857142857,237.51428571428573,3.882392857142857
0.73,7.295,6.3475,8.875,237.35,235.8,237.975,3.8938025
0.73,7.3066666666666675,6.3566666666666665,8.893333333333333,237.75,236.25,238.35,3.9032633333333333
0.73,7.327500000000001,6.365,8.9075,237.975,236.4,238.575,3.9042974999999998
0.73,7.336,6.378,8.918000000000001,237.95999999999998,236.51999999999998,238.56,3.90721
0.7299999999999999,7.339999999999999,6.394285714285714,8.93,238.32857142857142,236.92857142857142,238.8857142857143,3.910478571428571
0.73,7.336666666666666,6.383333333333333,8.943333333333333,238.4,236.86666666666667,239.03333333333333,3.9113066666666665
0.73,7.33375,6.3925,8.91875,238.2,236.725,238.7625,3.91879375
0.73,7.3125,6.37375,8.90375,237.67499999999998,236.3625,238.27499999999998,3.8982725
0.7316666666666666,7.329999999999999,6.385000000000001,8.9,238.0666666666667,236.6,238.58333333333334,3.909731666666667
0.7399999999999999,7.260000000000001,6.316666666666666,8.756666666666666,235.26666666666665,234.03333333333333,236.0,3.86727
0.7333333333333334,7.256666666666667,6.32,8.773333333333333,235.19999999999996,233.86666666666667,235.9333333333333,3.864243333333333
0.7383333333333333,7.2683333333333335,6.32,8.763333333333334,235.11666666666667,233.71666666666667,235.65,3.849576666666666
0.7357142857142858,7.248571428571429,6.315714285714286,8.768571428571429,235.1,233.65714285714284,235.55714285714288,3.8519342857142855
0.73625,7.24625,6.305,8.754999999999999,234.925,233.525,235.3625,3.8436950000000003
0.74,7.2425,6.3,8.73375,234.3625,232.9875,234.975,3.84655125
0.74,7.20875,6.29375,8.7125,234.1875,232.8125,234.79999999999998,3.8469937499999998
0.74,7.224285714285714,6.277142857142857,8.684285714285714,233.65714285714287,232.21428571428572,234.17142857142855,3.83593
0.74,7.21875,6.2612499999999995,8.67,232.95000000000002,231.5625,233.75,3.8279674999999997
0.7457142857142857,7.2,6.2542857142857144,8.624285714285714,232.41428571428574,231.0142857142857,233.02857142857144,3.820052857142857
0.75,7.17,6.25,8.62,232.2,230.8,232.9,3.81881
0.7424999999999999,7.2275,6.285,8.69,233.625,232.22500000000002,234.175,3.8364625
0.74,7.1971428571428575,6.277142857142857,8.665714285714285,233.25714285714284,231.77142857142857,233.71428571428572,3.8254942857142855
0.74,7.178571428571429,6.265714285714286,8.631428571428572,232.57142857142858,231.17142857142858,233.07142857142858,3.8056057142857145
0.7428571428571429,7.187142857142858,6.282857142857142,8.677142857142858,233.52857142857144,232.08571428571426,233.91428571428574,3.816782857142857
0.74,7.199999999999999,6.275,8.65,233.25,231.89999999999998,233.8,3.81478
0.74,7.203999999999999,6.267999999999999,8.65,233.11999999999998,231.64000000000001,233.56,3.8076080000000005
0.74,7.20625,6.25375,8.6225,232.7625,231.2625,233.15,3.809365
0.7475,7.165,6.235,8.58875,231.9,230.4375,232.325,3.78866875
0.7466666666666667,7.153333333333333,6.256666666666667,8.616666666666667,232.20000000000002,230.76666666666665,232.83333333333334,3.7959600000000004
0.7299999999999999,7.251428571428572,6.33,8.797142857142857,235.6142857142857,234.1857142857143,236.1285714285714,3.8657485714285715
0.7333333333333334,7.266666666666667,6.326666666666667,8.783333333333333,235.5333333333333,234.16666666666666,236.0666666666667,3.861126666666667
0.74,7.268571428571429,6.315714285714286,8.75,235.07142857142858,233.67142857142858,235.54285714285714,3.85663
0.7399999999999999,7.239999999999999,6.32,8.751666666666667,235.04999999999998,233.70000000000002,235.65,3.8552066666666662
0.7399999999999999,7.25,6.31,8.746666666666668,234.79999999999998,233.23333333333335,235.23333333333335,3.848523333333333
0.74,7.225714285714285,6.305714285714286,8.735714285714286,234.6,233.22857142857143,235.18571428571428,3.84723
0.74,7.2299999999999995,6.308571428571428,8.754285714285714,234.77142857142857,233.32857142857142,235.37142857142857,3.8493185714285714
0.74,7.235714285714287,6.305714285714286,8.754285714285714,234.91428571428574,233.44285714285712,235.34285714285716,3.851057142857143
0.74,7.2425,6.30375,8.75125,234.9875,233.425,235.425,3.84934375
0.738,7.220000000000001,6.3,8.742,234.94,233.54000000000002,235.34,3.837598
0.73,7.23625,6.31375,8.77375,235.35,234.075,235.8875,3.85271375
0.73,7.24125,6.32125,8.778749999999999,235.7625,234.475,236.2625,3.8572775
0.7299999999999999,7.261428571428572,6.3342857142857145,8.795714285714286,236.04285714285714,234.74285714285716,236.52857142857144,3.863197142857143
0.7299999999999999,7.264285714285714,6.327142857142857,8.792857142857143,235.82857142857142,234.5142857142857,236.37142857142857,3.8609771428571427
0.7328571428571429,7.241428571428571,6.3342857142857145,8.79857142857143,235.9857142857143,234.6142857142857,236.37142857142857,3.8650842857142855
0.73125,7.2375,6.31625,8.75875,235.425,233.9875,235.7625,3.85769875
0.735,7.23,6.305,8.75,235.15,233.75,235.6,3.8459149999999998
0.74,7.22,6.3025,8.74125,235.0125,233.75,235.4375,3.84335875
0.7357142857142858,7.237142857142857,6.3100000000000005,8.741428571428571,234.92857142857142,233.57142857142858,235.4,3.850904285714286
0.74,7.212000000000001,6.294,8.722,234.5,233.14000000000001,234.88000000000002,3.83519
0.74,7.2,6.29,8.71,234.32500000000002,232.9,234.8,3.831765
0.74,7.217142857142856,6.29,8.71,234.57142857142858,233.07142857142858,234.8,3.8411185714285714
0.74,7.2128571428571435,6.2942857142857145,8.725714285714286,234.54285714285714,233.35714285714286,235.1,3.8314657142857143
0.74,7.214285714285714,6.2942857142857145,8.718571428571428,234.62857142857143,233.17142857142858,234.95714285714286,3.82891
0.7399999999999999,7.215,6.294999999999999,8.72,234.6,233.20000000000002,235.0,3.83191
0.74,7.218571428571429,6.297142857142857,8.725714285714286,234.6142857142857,233.31428571428572,235.20000000000002,3.839267142857143
0.74,7.21,6.28,8.7,234.1,232.8,234.6,3.82707
0.7399999999999999,7.216666666666666,6.285,8.706666666666667,234.33333333333334,232.9,234.73333333333335,3.834346666666667
0.74,7.22,6.28,8.71,234.3,232.8,234.5,3.83317
0.7399999999999999,7.216666666666666,6.278333333333333,8.708333333333334,234.28333333333333,232.8166666666667,234.54999999999998,3.8316433333333335
0.74,7.21,6.284285714285715,8.709999999999999,234.44285714285712,233.1,235.0,3.8333957142857145
0.7366666666666667,7.216666666666666,6.29,8.73,234.79999999999998,233.5,235.4,3.8345733333333336
0.7299999999999999,7.222857142857143,6.302857142857143,8.762857142857142,235.58571428571426,234.24285714285716,236.1,3.8477928571428572
0.7299999999999999,7.2942857142857145,6.340000000000001,8.819999999999999,236.68571428571428,235.3,237.15714285714284,3.8881942857142855
0.73,7.32,6.375,8.885,237.75,236.54999999999998,238.35000000000002,3.9054800000000003
0.7299999999999999,7.325714285714286,6.3914285714285715,8.895714285714286,237.92857142857142,236.82857142857142,238.41428571428574,3.90355
0.7299999999999999,7.32,6.390000000000001,8.884285714285713,237.78571428571428,236.68571428571428,238.22857142857143,3.89545
0.7299999999999999,7.255714285714285,6.33,8.79,236.04285714285714,234.85714285714286,236.52857142857144,3.8560885714285713
0.73,7.2683333333333335,6.336666666666666,8.798333333333334,236.11666666666667,234.91666666666666,236.66666666666666,3.8673016666666666
0.7299999999999999,7.261428571428572,6.338571428571428,8.80857142857143,236.21428571428572,235.15714285714284,236.9,3.871634285714286
0.7299999999999999,7.2700000000000005,6.337142857142857,8.821428571428571,236.58571428571426,235.1857142857143,237.04285714285714,3.8807614285714287
0.7299999999999999,7.2700000000000005,6.3342857142857145,8.832857142857142,236.41428571428574,235.24285714285716,237.07142857142858,3.8780071428571428
0.7299999999999999,7.26,6.324285714285715,8.83,236.18571428571428,234.97142857142856,236.87142857142857,3.8711114285714285
0.7299999999999999,7.2628571428571425,6.325714285714286,8.832857142857142,236.21428571428572,234.8857142857143,236.8142857142857,3.879037142857143
0.7299999999999999,7.265714285714286,6.331428571428572,8.831428571428571,236.32857142857145,234.97142857142856,237.0142857142857,3.8843185714285715
0.7299999999999999,7.265714285714286,6.338571428571428,8.834285714285715,236.3857142857143,235.02857142857144,237.04285714285714,3.88496
0.7299999999999999,7.275714285714286,6.33,8.844285714285714,236.55714285714288,235.08571428571426,237.08571428571426,3.8853271428571428
0.7299999999999999,7.28,6.335714285714286,8.85,236.65714285714284,235.15714285714284,237.20000000000002,3.88214
0.73,7.293333333333333,6.34,8.854999999999999,236.75,235.33333333333334,237.35,3.8906483333333335
0.73,7.31,6.3475,8.87,237.0625,235.6375,237.6875,3.903
0.7299999999999999,7.284285714285715,6.339999999999999,8.827142857142857,236.5,234.95714285714286,236.8142857142857,3.8887499999999995
0.7299999999999999,7.288571428571429,6.344285714285713,8.837142857142856,236.57142857142858,235.1142857142857,237.0,3.892077142857143
0.7299999999999999,7.3,6.35,8.864285714285714,236.92857142857142,235.52857142857144,237.52857142857144,3.9017757142857143
0.73,7.315,6.364999999999999,8.895000000000001,237.70000000000002,236.14999999999998,238.14999999999998,3.912455
0.7299999999999999,7.32,6.37,8.91,237.8,236.2,238.2,3.91322
0.7299999999999999,7.327142857142857,6.381428571428572,8.924285714285714,237.92857142857142,236.44285714285712,238.44285714285712,3.9139528571428572
0.7299999999999999,7.341428571428572,6.377142857142857,8.924285714285714,237.9,236.4857142857143,238.45714285714286,3.913251428571429
0.7299999999999999,7.3428571428571425,6.37,8.921428571428573,237.92857142857142,236.44285714285712,238.45714285714286,3.9179442857142854
0.73,7.345,6.375,8.955,238.35000000000002,236.79999999999998,238.9,3.926835
0.7342857142857142,7.294285714285714,6.345714285714286,8.87857142857143,236.9,235.35714285714286,237.4857142857143,3.8968200000000004
0.7342857142857142,7.235714285714287,6.305714285714286,8.797142857142857,235.4,233.6,235.79999999999998,3.857268571428572
0.7299999999999999,7.21,6.31,8.8,235.5,233.9,236.1,3.84659
0.7399999999999999,7.239999999999999,6.32,8.8,235.80000000000004,234.1,236.19999999999996,3.87314
0.7299999999999999,7.26,6.33,8.83,236.3,234.8,236.9,3.86956
0.7299999999999999,7.251428571428571,6.331428571428572,8.832857142857142,236.3714285714286,234.82857142857145,236.8714285714286,3.872762857142857
0.7299999999999999,7.2542857142857144,6.339999999999999,8.842857142857143,236.47142857142856,235.07142857142858,237.1285714285714,3.8768
0.73,7.276666666666666,6.341666666666666,8.865,236.95000000000002,235.41666666666666,237.5,3.8906383333333334
0.73,7.27,6.349999999999999,8.87,237.0,235.5,237.4,3.88842
0.7299999999999999,7.281428571428571,6.332857142857143,8.855714285714285,236.78571428571428,235.22857142857143,237.41428571428574,3.8890885714285717
0.73,7.2825,6.3525,8.8725,237.1875,235.6875,237.775,3.8958575
0.73,7.29,6.37,8.898333333333333,237.48333333333335,236.0,238.01666666666665,3.8939299999999997
0.7299999999999999,7.29,6.38,8.91,237.6,236.2,238.1,3.90121
0.7299999999999999,7.304285714285713,6.38,8.938571428571427,238.0285714285714,236.70000000000002,238.6,3.899667142857143
0.73,7.30125,6.37125,8.90625,237.7625,236.2875,238.1,3.89760625
0.73,7.32,6.38,8.94,238.1,236.69999999999996,238.69999999999996,3.9147699999999994
0.7299999999999999,7.29,6.38,8.92,238.2,236.8,238.7,3.90626
0.7357142857142858,7.2542857142857144,6.337142857142857,8.82,236.34285714285713,234.79999999999998,236.82857142857142,3.874754285714286
0.74,7.2128571428571435,6.297142857142857,8.73,234.5,232.98571428571427,235.04285714285714,3.8354285714285714
0.74,7.2325,6.315,8.76,235.175,233.625,235.54999999999998,3.8497375
0.7399999999999999,7.23,6.330000000000001,8.78,235.30000000000004,233.9,235.80000000000004,3.8483700000000005
0.7399999999999999,7.23,6.330000000000001,8.78,235.30000000000004,233.9,235.80000000000004,3.8483700000000005
0.74,7.23,6.33,8.78,235.3,233.9,235.8,3.84837
0.73,7.24,6.33,8.81,235.7,234.3,236.3,3.86214
0.7299999999999999,7.24,6.322857142857144,8.774285714285714,235.20000000000002,233.72857142857143,235.65714285714287,3.8638042857142856
0.7328571428571429,7.24,6.325714285714286,8.765714285714285,235.20000000000002,233.72857142857143,235.54285714285714,3.86605
0.74,7.24,6.327142857142857,8.775714285714285,235.6142857142857,234.12857142857143,235.85714285714286,3.865058571428572
0.7314285714285714,7.248571428571429,6.335714285714286,8.778571428571428,235.67142857142855,234.15714285714284,235.8857142857143,3.8654042857142863
0.74,7.225714285714285,6.311428571428571,8.751428571428571,234.9,233.4,235.34285714285716,3.8563942857142854
0.74,7.2128571428571435,6.308571428571428,8.737142857142858,234.6285714285714,233.18571428571428,235.02857142857144,3.8456928571428572
0.74,7.2,6.292857142857143,8.72,234.2,232.84285714285716,234.71428571428572,3.8315928571428572
0.7399999999999999,7.191666666666666,6.278333333333333,8.685,233.6,232.18333333333337,234.15,3.82844
0.74,7.18,6.272857142857142,8.667142857142858,233.3,231.8714285714286,233.57142857142858,3.82001
0.7466666666666667,7.16,6.260000000000001,8.61,232.3166666666667,230.9,232.66666666666666,3.8047649999999997
0.7428571428571429,7.207142857142857,6.29,8.70142857142857,233.95714285714286,232.45714285714286,234.25714285714284,3.8375142857142857
0.7399999999999999,7.193333333333334,6.293333333333333,8.693333333333333,233.85000000000002,232.35000000000002,234.25,3.8296216666666667
0.7399999999999999,7.178333333333334,6.283333333333334,8.666666666666666,233.26666666666668,231.8166666666667,233.61666666666665,3.816785
0.74,7.155714285714287,6.265714285714286,8.628571428571428,232.32857142857142,231.05714285714288,232.70000000000002,3.79591
0.7399999999999999,7.186666666666667,6.288333333333333,8.68,233.86666666666667,232.4333333333333,234.16666666666666,3.81978
0.7399999999999999,7.18,6.285,8.66,233.25,231.9,233.65,3.810355
0.7414285714285713,7.151428571428572,6.26,8.620000000000001,232.44285714285712,230.9714285714286,232.81428571428572,3.7945671428571432
0.75,7.13,6.246666666666667,8.583333333333334,231.73333333333335,230.36666666666667,232.16666666666666,3.7845600000000004
0.7428571428571429,7.18,6.29,8.687142857142858,233.91428571428574,232.44285714285715,234.1,3.818901428571429
0.74,7.2057142857142855,6.321428571428571,8.73857142857143,234.8857142857143,233.47142857142856,235.24285714285716,3.8432528571428572
0.74,7.196000000000001,6.281999999999999,8.692,234.16,232.32,234.18,3.827366
0.7399999999999999,7.185,6.285,8.685,233.55000000000004,232.10000000000002,234.10000000000002,3.8306349999999996
0.7399999999999999,7.169999999999999,6.27,8.655,232.9,231.54999999999998,233.5,3.8158599999999994
0.74,7.17,6.266,8.63,232.45999999999998,231.01999999999998,232.92,3.811656
0.745,7.145,6.255,8.635,232.35,230.9,232.85,3.8070950000000003
0.7428571428571429,7.131428571428572,6.24,8.607142857142858,231.8857142857143,230.42857142857142,232.3714285714286,3.7861985714285713
0.74,7.12,6.24,8.6,231.9,230.4,232.3,3.79075
0.7442857142857143,7.124285714285714,6.24,8.59142857142857,231.68571428571428,230.14285714285714,232.04285714285714,3.784415714285714
0.75,7.131428571428572,6.242857142857143,8.585714285714285,231.47142857142856,229.90000000000003,231.82857142857142,3.7786385714285715
0.7399999999999999,7.145,6.260000000000001,8.62,232.10000000000002,230.6,232.54999999999998,3.7959599999999996
0.74,7.22125,6.32125,8.768749999999999,235.2875,233.85,235.8125,3.8538075
0.73,7.213333333333334,6.32,8.783333333333333,235.26666666666665,233.9333333333333,235.96666666666667,3.8499933333333334
0.7299999999999999,7.211428571428572,6.325714285714286,8.792857142857143,235.57142857142858,234.17142857142858,236.1,3.852871428571429
0.73,7.232000000000001,6.3340000000000005,8.786,235.71999999999997,234.26,236.2,3.8549379999999998
0.7299999999999999,7.2299999999999995,6.337142857142857,8.801428571428572,236.0,234.57142857142858,236.54285714285714,3.8688700000000003
0.7299999999999999,7.25,6.354285714285714,8.81857142857143,236.58571428571426,235.12857142857143,237.02857142857144,3.885414285714286
0.7299999999999999,7.222857142857143,6.331428571428572,8.785714285714285,235.8,234.5,236.35714285714286,3.86016
0.73,7.235,6.330000000000001,8.8,236.1,234.64999999999998,236.5,3.8608549999999995
0.73,7.21,6.313333333333333,8.76,235.33333333333334,233.9,235.86666666666667,3.8444233333333333
0.7299999999999999,7.21,6.315714285714286,8.76,235.47142857142856,233.97142857142856,235.82857142857142,3.8480457142857145
0.7342857142857142,7.195714285714287,6.321428571428571,8.737142857142858,234.9,233.3857142857143,235.22857142857143,3.8378200000000002
0.7399999999999999,7.19,6.294999999999999,8.725,234.35,232.89999999999998,234.89999999999998,3.82499
0.7399999999999999,7.176666666666667,6.276666666666666,8.686666666666666,234.0333333333333,232.4,234.23333333333335,3.819703333333333
0.74,7.167142857142857,6.2700000000000005,8.68,233.62857142857143,232.08571428571426,234.07142857142858,3.8158242857142857
0.74,7.164285714285714,6.268571428571429,8.667142857142858,233.4857142857143,232.1,233.9857142857143,3.816795714285714
0.7399999999999999,7.169999999999999,6.27,8.66,233.4,231.80000000000004,233.69999999999996,3.81993
0.74,7.157500000000001,6.27,8.65875,233.2125,231.7,233.7625,3.8105875
0.7399999999999999,7.169999999999999,6.27,8.68,233.69999999999996,232.19999999999996,234.19999999999996,3.82108
0.74,7.1657142857142855,6.274285714285715,8.687142857142856,233.7,232.24285714285716,234.2,3.822382857142857
0.7399999999999999,7.161666666666666,6.261666666666667,8.673333333333334,233.53333333333333,232.03333333333333,234.03333333333333,3.790741666666667
0.74,7.148571428571429,6.2628571428571425,8.68,233.77142857142857,232.25714285714284,234.14285714285714,3.794658571428571
0.7357142857142858,7.158571428571428,6.268571428571429,8.724285714285715,234.67142857142858,233.20000000000002,235.05714285714288,3.8143
0.7299999999999999,7.171428571428572,6.281428571428571,8.732857142857144,234.85714285714286,233.28571428571428,235.27142857142854,3.824942857142857
0.7299999999999999,7.185714285714285,6.295714285714285,8.76142857142857,235.44285714285712,234.07142857142858,235.92857142857142,3.835941428571428
0.73,7.2275,6.33375,8.844999999999999,237.0875,235.8125,237.525,3.8687625
0.7266666666666666,7.286666666666666,6.3566666666666665,8.906666666666666,238.66666666666666,237.23333333333335,239.03333333333333,3.8954866666666668
0.7324999999999999,7.1875,6.28875,8.745,235.125,233.75,235.6,3.82684125
0.7299999999999999,7.178571428571429,6.291428571428571,8.72857142857143,234.77142857142857,233.42857142857142,235.3,3.8199542857142856
0.7371428571428572,7.177142857142856,6.292857142857143,8.734285714285715,235.0285714285714,233.5142857142857,235.42857142857142,3.8340614285714283
0.7328571428571429,7.201428571428571,6.301428571428572,8.775714285714285,235.54285714285714,234.0142857142857,236.0,3.847122857142857
0.7357142857142858,7.195714285714287,6.3028571428571425,8.775714285714285,235.32857142857145,233.91428571428574,235.9,3.838857142857143
0.7342857142857142,7.204285714285715,6.297142857142857,8.78,235.12857142857143,233.68571428571428,235.75714285714284,3.8451342857142854
0.7342857142857142,7.22,6.3,8.8,235.5142857142857,233.95714285714286,236.1142857142857,3.8498271428571433
0.7299999999999999,7.207142857142857,6.301428571428572,8.801428571428572,235.6,234.21428571428572,236.42857142857142,3.855
0.7366666666666667,7.206666666666667,6.303333333333334,8.79,235.63333333333333,234.13333333333333,236.20000000000002,3.8557133333333335
0.7299999999999999,7.222857142857143,6.31,8.79,235.78571428571428,234.18571428571428,236.2,3.864687142857143
0.7299999999999999,7.214285714285714,6.301428571428572,8.804285714285715,235.67142857142858,234.21428571428572,236.31428571428572,3.850087142857143
0.7299999999999999,7.22,6.308571428571428,8.815714285714286,235.92857142857142,234.47142857142856,236.52857142857144,3.856895714285714
0.7299999999999999,7.231428571428571,6.33,8.838571428571429,236.37142857142857,234.81428571428572,236.9,3.870272857142857
0.7299999999999999,7.2542857142857144,6.327142857142857,8.857142857142858,236.6142857142857,235.17142857142858,237.28571428571428,3.8714857142857144
0.7299999999999999,7.25,6.335714285714286,8.857142857142858,236.6,235.1,237.25714285714284,3.8705685714285716
0.7299999999999999,7.257142857142857,6.332857142857143,8.868571428571428,236.77142857142857,235.21428571428572,237.37142857142857,3.878567142857143
0.7299999999999999,7.265714285714286,6.36,8.901428571428571,237.28571428571428,235.85714285714286,238.0,3.886107142857143
0.7299999999999999,7.305714285714286,6.351428571428571,8.901428571428571,237.5,236.0,238.0,3.9036614285714286
0.7299999999999999,7.26,6.345714285714286,8.881428571428572,237.12857142857143,235.70000000000002,237.87142857142857,3.885777142857143
0.7299999999999999,7.285714285714286,6.359999999999999,8.91,237.75714285714284,236.15714285714284,238.2,3.89687
0.7299999999999999,7.295714285714285,6.371428571428572,8.915714285714285,237.9857142857143,236.5,238.55714285714288,3.90802
0.7299999999999999,7.3028571428571425,6.372857142857143,8.937142857142856,238.17142857142858,236.64285714285714,238.71428571428572,3.910297142857143
0.7299999999999999,7.317142857142857,6.3914285714285715,8.942857142857141,238.4,236.91428571428574,238.84285714285716,3.9174785714285716
0.7299999999999999,7.32,6.4,8.94,238.4,237.0,238.9,3.91871
0.7299999999999999,7.277142857142857,6.361428571428571,8.867142857142856,237.02857142857144,235.62857142857143,237.4857142857143,3.8873942857142856
0.7299999999999999,7.224285714285714,6.322857142857144,8.777142857142858,235.47142857142856,233.90000000000003,235.71428571428572,3.8477471428571426
0.7299999999999999,7.255714285714285,6.3342857142857145,8.814285714285715,236.04285714285714,234.57142857142858,236.4,3.862704285714286
0.7299999999999999,7.26,6.345714285714286,8.81,236.54285714285714,234.92857142857142,236.7,3.869272857142857
0.7299999999999999,7.255714285714285,6.338571428571428,8.825714285714286,236.24285714285716,234.85714285714286,236.71428571428572,3.864887142857143
0.7299999999999999,7.258571428571429,6.331428571428572,8.822857142857144,236.27142857142857,234.81428571428572,236.70000000000002,3.871165714285714
0.73,7.2612499999999995,6.3475,8.83125,236.6375,235.15,236.91250000000002,3.8751349999999998
0.73,7.29,6.353333333333333,8.86,237.13333333333333,235.66666666666666,237.53333333333333,3.8896433333333333
0.73,7.287777777777778,6.366666666666667,8.893333333333334,237.7111111111111,236.22222222222223,238.11111111111111,3.9070887499999998
0.73,7.277142857142857,6.345714285714286,8.860000000000001,236.94285714285712,235.35714285714286,237.34285714285716,3.886655
0.73,7.2675,6.3475,8.85125,236.7625,235.2,237.175,3.87835125
0.73,7.28,6.35,8.87,237.0,235.55,237.5,3.88728
0.73,7.28,6.349999999999999,8.87,237.0,235.54999999999998,237.54999999999998,3.879455
0.7299999999999999,7.284285714285715,6.354285714285714,8.875714285714285,237.14285714285714,235.65714285714284,237.64285714285714,3.8801
0.73,7.316666666666666,6.373333333333333,8.91,237.79999999999998,236.33333333333334,238.29999999999998,3.904526666666667
0.7299999999999999,7.331428571428572,6.39,8.94,238.5,236.94285714285712,238.8857142857143,3.92407
0.7299999999999999,7.327142857142857,6.391428571428571,8.937142857142856,238.44285714285712,236.9857142857143,238.92857142857142,3.910884285714286
0.7299999999999999,7.317142857142857,6.3914285714285715,8.944285714285714,238.47142857142856,237.17142857142858,239.07142857142858,3.925794285714286
0.73,7.32625,6.39625,8.9325,238.4125,237.0375,238.825,3.914165
0.72125,7.325,6.39625,8.95,238.4,237.05,238.925,3.9175075
0.7257142857142858,7.325714285714286,6.398571428571429,8.948571428571428,238.44285714285712,237.22857142857143,238.9857142857143,3.9205785714285715
0.7375,7.255000000000001,6.33375,8.79,235.775,234.3625,236.3125,3.8653325
0.74,7.214285714285714,6.305714285714286,8.741428571428571,234.6142857142857,233.27142857142857,235.17142857142858,3.8587957142857143
0.74,7.221428571428571,6.31,8.74,234.84285714285716,233.35714285714286,235.18571428571428,3.8448385714285713
0.74,7.218571428571429,6.305714285714286,8.732857142857144,234.47142857142856,233.04285714285714,235.0142857142857,3.841405714285714
0.74,7.215714285714285,6.301428571428572,8.721428571428572,234.47142857142856,233.08571428571432,234.98571428571427,3.8443671428571426
0.74,7.198571428571428,6.2942857142857145,8.707142857142857,234.27142857142857,232.71428571428572,234.57142857142858,3.8438828571428574
0.74,7.215714285714285,6.3,8.724285714285715,234.44285714285712,233.0,234.91428571428574,3.8407114285714283
0.74,7.192857142857143,6.271428571428571,8.68,233.62857142857143,232.04285714285714,233.92857142857142,3.8408385714285713
0.74,7.202500000000001,6.285,8.665,233.55,232.075,233.95,3.833185
0.74,7.194285714285714,6.282857142857144,8.674285714285714,233.6,232.17142857142855,234.07142857142858,3.83229
0.74,7.195714285714287,6.285714285714286,8.652857142857142,233.28571428571428,231.94285714285712,233.67142857142858,3.8307957142857143
0.7442857142857143,7.172857142857143,6.268571428571429,8.610000000000001,232.3857142857143,230.92857142857142,232.67142857142858,3.800804285714286
0.7457142857142857,7.175714285714286,6.271428571428571,8.631428571428572,232.70000000000002,231.21428571428572,233.12857142857143,3.807527142857143
0.74,7.2175,6.31,8.705,234.45,232.95,234.6375,3.83625875
0.7399999999999999,7.203333333333333,6.296666666666667,8.676666666666668,233.9,232.4666666666667,234.23333333333335,3.83332
0.74,7.175714285714286,6.284285714285715,8.655714285714286,233.28571428571428,231.77142857142857,233.62857142857143,3.824932857142857
0.74,7.160000000000001,6.2700000000000005,8.620000000000001,232.4,231.15714285714287,232.92857142857142,3.81528
0.7485714285714286,7.141428571428571,6.268571428571428,8.608571428571429,231.95714285714286,230.62857142857143,232.5142857142857,3.8070957142857145
0.75,7.145714285714286,6.258571428571429,8.598571428571429,232.0,230.54285714285714,232.3857142857143,3.7999571428571426
0.75,7.1425,6.24625,8.57,231.5125,229.8125,231.725,3.80039125
0.7428571428571429,7.2057142857142855,6.297142857142857,8.688571428571429,233.8142857142857,232.29999999999998,234.17142857142858,3.837007142857143
0.74,7.235714285714287,6.31,8.725714285714286,234.5142857142857,233.0142857142857,234.87142857142857,3.85641
0.74,7.264285714285713,6.301428571428572,8.72,234.4857142857143,233.15714285714284,234.95714285714286,3.8618357142857143
0.7457142857142857,8.087142857142856,6.2942857142857145,8.708571428571428,234.21428571428572,232.97142857142856,234.77142857142857,4.012974285714286
0.7114285714285714,5.895714285714285,6.295714285714285,8.7,234.32857142857142,232.64285714285714,234.54285714285714,3.4931314285714286
0.7200000000000001,6.345,6.305,8.709999999999999,234.5,232.95000000000002,234.9,3.60098
0.7142857142857143,4.867142857142857,6.292857142857143,9.598571428571429,234.29999999999998,232.4,234.1142857142857,3.4745142857142857
0.7114285714285714,5.9399999999999995,6.282857142857144,8.70142857142857,234.22857142857143,232.55714285714285,234.3857142857143,3.503647142857143
0.7233333333333333,6.773333333333333,6.286666666666666,8.726666666666667,234.8166666666667,233.33333333333334,235.29999999999998,3.6990466666666664
0.7114285714285714,6.077142857142857,6.288571428571429,8.712857142857143,234.3,232.74285714285716,234.71428571428572,3.5254614285714285
0.7042857142857143,5.404285714285714,6.292857142857143,8.702857142857143,234.52857142857144,232.72857142857146,234.75714285714284,3.374794285714286
0.6971428571428572,4.865714285714286,6.295714285714285,8.72,234.87142857142857,233.14285714285714,235.07142857142858,3.249372857142857
0.7114285714285714,5.888571428571429,6.3,8.717142857142857,234.8857142857143,233.17142857142858,235.25714285714284,3.5005985714285717
0.7185714285714285,6.6014285714285705,6.285714285714286,8.684285714285716,234.1142857142857,232.62857142857143,234.57142857142858,3.640481428571429
0.715,6.19,6.27,8.674999999999999,233.95000000000002,232.1,234.10000000000002,3.54795
0.72,6.380000000000001,6.275,8.684999999999999,233.89999999999998,232.2,234.2,3.5864849999999997
0.71,5.675,6.263333333333333,8.674999999999999,233.91666666666666,232.16666666666666,234.11666666666667,3.41457
0.7071428571428571,5.454285714285715,6.261428571428572,8.642857142857142,233.55,231.625,233.65,3.358851428571428
0.6900000000000001,4.268571428571429,6.265714285714286,8.632857142857143,233.70000000000002,231.6,233.5,3.081174285714286
0.6900000000000001,4.271428571428571,6.251428571428571,8.65,233.81428571428572,231.78571428571428,233.6,3.074905714285715
0.6971428571428572,4.817142857142857,6.2371428571428575,8.644285714285715,233.72857142857143,231.62857142857143,233.57142857142858,3.200875714285714
0.70875,5.6899999999999995,6.245,8.6525,233.55,231.45,233.5375,3.4282925
0.69,6.695,6.243333333333333,8.646666666666667,233.13333333333333,231.54999999999998,233.51666666666665,3.0757849999999998
0.7185714285714285,6.525714285714286,6.247142857142857,8.644285714285713,233.17142857142858,231.70000000000002,233.62857142857143,3.6102600000000002
0.70875,5.66625,6.2387500000000005,8.637500000000001,233.375,231.5875,233.4875,3.40654
0.6971428571428572,4.26,6.204285714285715,8.622857142857143,233.2,231.4,233.3,3.185821428571429
0.6900000000000001,4.251428571428571,6.204285714285715,8.602857142857143,232.98571428571427,230.92857142857142,232.91428571428574,3.06128
0.72,6.25,6.225,8.605,232.45,230.85,232.8,3.536735
0.7157142857142856,6.015714285714286,6.22,8.608571428571429,232.65714285714284,230.9,232.9,3.473607142857143
0.6900000000000001,4.25,6.22,8.6,233.0,230.9,232.9,3.06157
0.6900000000000001,4.765714285714286,6.221428571428572,8.60142857142857,232.84285714285716,230.9,232.95714285714286,3.1901499999999996
0.7157142857142856,5.284285714285715,6.217142857142858,8.60142857142857,232.94285714285712,231.1285714285714,233.07142857142858,3.3176585714285713
0.69,4.25,6.22,8.605,233.275,231.17499999999998,232.975,3.06478
0.6900000000000001,4.25,6.22,8.605714285714285,233.21428571428572,231.07142857142858,233.0,3.06612
0.71,5.493333333333333,6.223333333333334,8.616666666666667,233.03333333333333,231.16666666666666,233.20000000000002,3.3612566666666663
0.7424999999999999,7.5200000000000005,6.233750000000001,8.65375,233.1,231.7875,233.7,3.84671625
0.6971428571428572,4.868571428571428,6.258571428571429,8.684285714285714,234.44285714285712,232.44285714285712,234.47142857142856,3.2214385714285716
0.7042857142857143,5.444285714285714,6.25,8.688571428571429,234.88571428571427,232.84285714285716,234.75714285714284,3.37243
0.6900000000000001,4.307142857142857,6.252857142857143,8.685714285714285,235.08571428571426,232.78571428571428,234.7,3.0991442857142855
0.715,6.12,6.25125,8.705,234.2375,232.3125,234.55,3.53217875
0.69,4.3,6.25,8.7,234.6,232.4,234.5,3.09512
0.6962499999999999,4.7775,6.2575,8.71625,234.8,232.6,234.85,3.20949125
0.7042857142857143,5.405714285714287,6.2628571428571425,8.735714285714286,235.17142857142858,232.9857142857143,235.15714285714284,3.3679157142857146
0.6814285714285715,5.7,6.285714285714286,8.772857142857143,235.91428571428574,233.58571428571426,235.78571428571428,3.1144585714285715
0.71,6.608333333333333,6.294999999999999,8.781666666666666,235.6833333333333,233.78333333333333,236.03333333333333,3.5896383333333333
0.6900000000000001,4.965,6.285,8.775,235.86666666666667,233.75,236.0666666666667,3.2692199999999993
0.71,6.283333333333334,6.294999999999999,8.796666666666667,236.01666666666665,234.15,236.45000000000002,3.593545
0.6971428571428572,5.547142857142857,6.308571428571428,8.80857142857143,236.3857142857143,234.4,236.55714285714288,3.4059157142857144
0.71,6.273333333333333,6.32,8.82,236.5666666666667,234.6833333333333,236.86666666666667,3.596
0.7025,5.9825,6.32,8.8425,236.675,234.7125,237.0375,3.514055
0.68,4.366666666666667,6.3116666666666665,8.799999999999999,236.53333333333333,234.23333333333335,236.4666666666667,3.1301883333333334
0.68,4.37875,6.31,8.82375,236.925,234.7,236.9,3.1370662499999997
0.68,4.4,6.325,8.854999999999999,237.4,235.25,237.4,3.14538
0.7000000000000001,5.711111111111111,6.314444444444444,8.847777777777777,236.9777777777778,234.82222222222222,237.0888888888889,3.46151
0.68,4.396666666666667,6.32,8.85,237.30000000000004,235.1,237.30000000000004,3.1350766666666665
0.68,4.405714285714287,6.325714285714286,8.861428571428572,237.55714285714288,235.35714285714286,237.58571428571432,3.137242857142857
0.6942857142857143,5.49,6.3428571428571425,8.895714285714286,238.05714285714285,236.0142857142857,238.18571428571428,3.4175671428571426
0.7042857142857143,6.098571428571428,6.335714285714286,8.875714285714285,237.64285714285714,235.6,237.92857142857142,3.5619842857142854
0.7142857142857143,6.718571428571429,6.331428571428572,8.865714285714285,237.4,235.5,237.81428571428572,3.701662857142857
0.7325,7.70875,6.3375,8.895,237.4,235.8,238.0,3.95252875
0.6971428571428572,5.501428571428571,6.347142857142857,8.892857142857142,238.1142857142857,236.08571428571426,238.28571428571428,3.4210914285714287
0.68,4.4375,6.35375,8.89375,238.5875,236.275,238.4375,3.167475
0.68625,4.37125,6.30875,8.790000000000001,236.7375,234.3375,236.4625,3.14339625
0.705,5.7775,6.28625,8.745000000000001,235.35,233.32500000000002,235.4125,3.4665825000000003
0.6842857142857143,4.331428571428572,6.281428571428571,8.751428571428571,235.34285714285716,233.08571428571432,235.37142857142857,3.112821428571429
0.70875,5.813750000000001,6.28125,8.74375,235.275,233.2125,235.425,3.472
0.70875,5.70125,6.28125,8.73625,234.975,232.9875,235.2375,3.4471149999999997
0.71,5.970000000000001,6.29,8.766,235.2,233.34,235.48000000000002,3.507022
0.7000000000000001,5.6755555555555555,6.29111111111111,8.768888888888888,235.4888888888889,233.44444444444446,235.63333333333333,3.4380266666666666
0.725,7.2299999999999995,6.305,8.785,235.75,234.0,236.05,3.8215325
0.6875,4.893750000000001,6.33875,8.84125,237.0,234.975,237.08749999999998,3.2600137499999997
0.725,7.3774999999999995,6.3475,8.8275,236.7,235.17499999999998,236.975,3.86258
0.7314285714285714,7.597142857142858,6.339999999999999,8.845714285714285,236.82857142857145,235.44285714285712,237.32857142857142,3.9144971428571433
0.71,6.275,6.35,8.844999999999999,237.25,235.55,237.35000000000002,3.598465
0.69875,5.85625,6.37125,8.873750000000001,237.9625,236.125,237.9375,3.5031687500000004
0.6971428571428572,6.292857142857143,6.388571428571429,8.901428571428571,238.45714285714283,236.68571428571428,238.4,3.6027899999999997
0.68,4.45,6.39,8.9,238.3,236.5,238.2,3.16463
0.6811111111111112,4.4366666666666665,6.386666666666667,8.871111111111112,238.4111111111111,236.43333333333334,238.19999999999996,3.1713444444444443
0.7114285714285714,5.988571428571428,6.305714285714286,8.718571428571428,235.42857142857142,233.68571428571428,235.45714285714283,3.5235157142857143
0.6900000000000001,4.33,6.31,8.71,235.6,233.6,235.5,3.13514
0.6900000000000001,4.33,6.31,8.71,235.6,233.6,235.5,3.13514
0.7024999999999999,5.29,6.31375,8.72,235.4625,233.5625,235.35,3.3538575
0.7257142857142858,7.072857142857143,6.312857142857142,8.741428571428571,235.1,233.6,235.47142857142856,3.779367142857143
0.70875,5.70125,6.30125,8.715,234.98749999999998,233.25,235.125,3.4501425
0.6900000000000001,4.314285714285714,6.301428571428572,8.698571428571428,235.08571428571426,233.02857142857144,234.77142857142857,3.115247142857143
0.6900000000000001,4.312857142857142,6.307142857142857,8.69,235.1142857142857,232.9857142857143,234.71428571428572,3.1152028571428576
0.7042857142857143,5.368571428571428,6.311428571428571,8.712857142857143,235.17142857142858,233.4,235.20000000000002,3.372472857142857
0.74,8.157142857142857,6.315714285714286,8.73,234.70000000000002,233.32857142857142,235.17142857142858,4.034597142857143
0.69,4.32,6.32,8.69,235.0,233.0,234.7,3.10915
0.69,4.327500000000001,6.3125,8.6975,235.375,233.3,234.925,3.1191175
0.6900000000000001,4.317142857142857,6.31,8.687142857142856,234.9857142857143,233.05714285714288,234.78571428571428,3.121467142857143
0.7114285714285714,6.042857142857143,6.308571428571428,8.694285714285714,234.52857142857144,232.97142857142856,234.58571428571426,3.5140299999999995
0.70875,5.72125,6.3,8.67125,234.0625,232.45,234.1,3.4383524999999997
0.6900000000000001,4.297142857142857,6.297142857142857,8.657142857142857,234.1,232.24285714285716,233.8,3.10235
0.6900000000000001,4.281428571428572,6.281428571428571,8.624285714285714,233.58571428571426,231.58571428571426,233.28571428571428,3.086718571428571
0.7024999999999999,4.73125,6.285,8.63375,233.4,231.6,233.3,3.2027975
0.7157142857142856,5.88,6.278571428571429,8.62,232.97142857142856,231.35714285714286,233.05714285714288,3.4735728571428575
0.7357142857142858,7.085714285714286,6.267142857142857,8.61142857142857,232.6,231.1,232.77142857142857,3.75447
0.7214285714285714,5.437142857142858,6.26,8.581428571428571,232.08571428571426,230.29999999999998,231.94285714285712,3.3721042857142858
0.75,7.051666666666667,6.253333333333333,8.558333333333334,231.1833333333333,229.79999999999998,231.53333333333333,3.7547333333333337
0.7414285714285713,7.164285714285714,6.308571428571429,8.678571428571429,233.94285714285712,232.42857142857142,234.05714285714288,3.8177328571428575
0.74,7.201428571428571,6.307142857142857,8.69142857142857,234.05714285714288,232.77142857142857,234.3714285714286,3.8420314285714285
0.74,7.202857142857143,6.298571428571428,8.668571428571429,233.78571428571428,232.27142857142857,234.07142857142858,3.835295714285714
0.74,7.221428571428571,6.305714285714286,8.677142857142856,233.97142857142856,232.58571428571426,234.21428571428572,3.8429371428571426
0.74,7.251428571428571,6.305714285714286,8.684285714285714,234.05714285714288,232.67142857142858,234.37142857142857,3.8571514285714286
0.74,7.29,6.31,8.677142857142856,233.8857142857143,232.58571428571426,234.25714285714284,3.8645728571428575
0.74,7.29,6.31,8.67,234.1,232.8,234.4,3.85183
0.7328571428571429,7.874285714285714,6.305714285714286,8.704285714285714,234.32857142857142,233.05714285714288,234.84285714285716,3.9733585714285717
0.6900000000000001,5.3428571428571425,6.297142857142857,8.685714285714285,234.57142857142858,232.91428571428574,234.68571428571428,3.367095714285714
0.69,4.3,6.3,8.67625,234.4375,232.525,234.325,3.10711
0.6900000000000001,4.29,6.29,8.66,234.05714285714288,232.15714285714284,233.9,3.1029799999999996
0.6900000000000001,4.3,6.28,8.664285714285715,234.2,232.42857142857142,234.18571428571428,3.0927657142857146
0.7114285714285714,6.018571428571428,6.28,8.654285714285715,233.74285714285716,232.15714285714284,233.77142857142857,3.496097142857143
0.70875,6.34,6.2775,8.65,233.375,231.875,233.57500000000002,3.5683949999999998
0.69,4.261666666666667,6.2749999999999995,8.623333333333333,233.36666666666667,231.33333333333334,233.20000000000002,3.086305
0.69,4.26,6.2612499999999995,8.61125,233.11249999999998,231.11249999999998,232.75,3.0716875000000003
0.6900000000000001,4.26,6.258571428571429,8.63,233.12857142857143,231.2571428571429,233.07142857142858,3.0759614285714285
0.7171428571428571,6.094285714285715,6.248571428571429,8.611428571428572,232.62857142857143,230.74285714285716,232.70000000000002,3.493995714285714
0.7142857142857143,5.3100000000000005,6.241428571428571,8.592857142857143,232.51428571428573,230.5142857142857,232.48571428571427,3.337075714285714
0.75,8.07,6.235714285714287,8.608571428571429,232.0,230.45714285714283,232.3857142857143,3.9788642857142853
0.7062499999999999,4.755,6.245,8.62125,233.15,231.1375,233.1875,3.2000025
0.6985714285714285,4.2542857142857144,6.234285714285714,8.605714285714285,232.9857142857143,230.81428571428572,232.79999999999998,3.0702685714285716
0.6975,4.2425,6.237500000000001,8.5975,232.975,230.925,232.825,3.0771425
0.6928571428571428,6.921428571428572,6.2299999999999995,8.605714285714285,232.12857142857143,230.41428571428574,232.5142857142857,3.69892
0.7,4.215714285714285,6.225714285714285,8.565714285714286,232.12857142857143,229.8857142857143,231.95714285714286,3.0581257142857146
0.695,4.23,6.23,8.585,232.4,230.25,232.25,3.062615
0.7257142857142858,6.382857142857143,6.227142857142858,8.587142857142856,231.94285714285712,230.17142857142858,232.27142857142854,3.56852
0.7285714285714285,6.4,6.201428571428572,8.577142857142857,231.72857142857143,230.0,232.09999999999997,3.569857142857143
0.6985714285714285,4.202857142857143,6.191428571428572,8.544285714285714,231.75714285714284,229.67142857142858,231.77142857142854,3.0466928571428573
0.7185714285714285,5.968571428571429,6.1971428571428575,8.562857142857142,231.74285714285716,229.82857142857142,231.85714285714286,3.45072
0.6962499999999999,4.205,6.1975,8.54875,231.9,229.6375,231.675,3.0445125
0.69,4.22,6.217499999999999,8.5775,232.375,230.35,232.275,3.0624175
0.6928571428571428,4.217142857142857,6.207142857142857,8.561428571428571,232.1,230.0,232.0285714285714,3.052347142857143
0.7214285714285714,5.838571428571429,6.208571428571429,8.582857142857142,232.02857142857144,230.14285714285714,232.15714285714284,3.440161428571429
0.7285714285714285,6.438571428571429,6.214285714285714,8.574285714285715,231.57142857142858,229.79999999999998,231.75714285714284,3.575345714285714
0.7,4.21875,6.20875,8.57875,231.9875,229.88750000000002,231.95,3.055565
0.6942857142857142,4.767142857142858,6.247142857142857,8.671428571428573,233.82857142857142,231.8857142857143,233.85714285714286,3.0907528571428573
0.70875,6.67375,6.28625,8.75125,235.125,233.45000000000002,235.625,3.4686725000000003
0.7185714285714285,6.691428571428571,6.281428571428571,8.745714285714286,234.79999999999998,233.08571428571426,235.15714285714284,3.66541
0.7185714285714285,6.717142857142856,6.275714285714286,8.732857142857144,234.52857142857144,232.79999999999998,234.97142857142856,3.668712857142857
0.6900000000000001,7.75,6.26,8.69,233.5,232.0,234.3,3.10137
0.6928571428571428,6.411428571428571,6.28,8.742857142857142,234.81428571428572,233.0142857142857,235.24285714285716,3.253844285714286
0.7042857142857143,5.542857142857143,6.28,8.745714285714286,235.18571428571428,233.08571428571426,235.4,3.399247142857143
0.7114285714285714,5.9471428571428575,6.2871428571428565,8.751428571428571,235.1,233.04285714285717,235.21428571428572,3.505945714285714
0.7328571428571429,7.841428571428572,6.281428571428571,8.767142857142856,235.02857142857144,233.31428571428572,235.59999999999997,3.9400500000000003
0.6928571428571428,4.932857142857143,6.292857142857143,8.791428571428572,235.85714285714286,233.74285714285716,236.04285714285714,3.26209
0.68,4.37125,6.311249999999999,8.82875,236.725,234.575,236.78750000000002,3.1295225
0.722857142857143,7.315714285714286,6.327142857142857,8.848571428571429,236.4,234.75714285714284,236.98571428571427,3.8316814285714287
0.6885714285714286,5.001428571428571,6.338571428571428,8.877142857142857,237.57142857142858,235.5,237.6142857142857,3.2767071428571435
0.68,4.42,6.339999999999999,8.88,237.8,235.6,237.7,3.13757
0.68,4.418571428571428,6.339999999999999,8.887142857142857,238.02857142857144,235.82857142857142,238.1285714285714,3.1659928571428573
0.68,4.41,6.326666666666667,8.863333333333332,237.6,235.20000000000002,237.4333333333333,3.162596666666667
0.7050000000000001,6.32,6.355,8.91,237.85,236.0,238.19999999999996,3.625105
0.6885714285714286,5.047142857142857,6.344285714285713,8.89,237.85714285714286,235.81428571428572,238.05714285714288,3.308651428571429
0.7057142857142857,6.28,6.344285714285713,8.88,237.44285714285712,235.5,237.72857142857146,3.5993542857142855
0.7175,7.239999999999999,6.355,8.8725,237.025,235.425,237.60000000000002,3.8527375
0.7299999999999999,8.19,6.36,8.88,237.0,235.6,237.8,4.08711
0.71,6.697999999999999,6.368,8.904,237.84,236.11999999999998,238.28000000000003,3.7180500000000003
0.71,5.835,6.31,8.799999999999999,236.225,234.2,236.4375,3.4847675000000002
0.7114285714285714,6.148571428571429,6.308571428571428,8.774285714285714,235.72857142857143,233.77142857142857,235.84285714285716,3.5503242857142854
0.70625,5.768750000000001,6.30875,8.7875,235.82500000000002,233.8375,236.01250000000002,3.47145375
0.7314285714285714,7.798571428571428,6.328571428571428,8.81857142857143,236.07142857142858,234.4857142857143,236.58571428571426,3.953961428571428
0.7142857142857143,6.65142857142857,6.33,8.807142857142857,236.12857142857143,234.32857142857142,236.42857142857142,3.67996
0.71,6.28,6.325,8.805,236.10000000000002,234.35,236.44999999999996,3.5982849999999993
0.71,6.358750000000001,6.32125,8.80125,236.32500000000002,234.5375,236.57500000000002,3.6075437499999996
0.7142857142857143,6.134285714285714,6.339999999999999,8.818571428571428,236.52857142857144,234.58571428571426,236.70000000000002,3.554154285714286
0.7057142857142857,4.395714285714286,6.347142857142857,8.838571428571429,237.31428571428572,235.14285714285714,237.25714285714284,3.594325714285714
0.6925,5.362500000000001,6.3575,8.84625,237.45000000000002,235.425,237.4125,3.38275375
0.7050000000000001,6.425000000000001,6.37625,8.89875,238.075,236.3,238.2875,3.64560125
0.7028571428571428,6.325714285714286,6.368571428571428,8.882857142857143,237.8857142857143,236.04285714285714,238.08571428571426,3.61206
0.6971428571428572,5.412857142857143,6.295714285714285,8.735714285714286,235.29999999999998,233.35714285714286,235.34285714285716,3.2512742857142856
0.7024999999999999,5.272500000000001,6.307499999999999,8.7225,235.125,233.2,235.15,3.3453725000000003
0.69,4.33,6.3125,8.72625,235.6625,233.4125,235.38750000000002,3.1236575
0.705,5.811249999999999,6.31125,8.7475,235.4,233.5,235.45,3.46998375
0.69,4.35,6.32,8.76,236.1,233.9,236.0,3.13218
0.68875,4.842499999999999,6.33,8.78125,236.225,234.2875,236.275,3.2447025
0.74,8.239999999999998,6.339999999999999,8.812857142857144,235.94285714285712,234.62857142857143,236.44285714285712,4.06111
0.6971428571428572,5.554285714285714,6.331428571428572,8.807142857142857,236.5142857142857,234.6142857142857,236.57142857142858,3.412417142857143
0.68,4.372857142857143,6.339999999999999,8.775714285714285,236.27142857142854,234.34285714285716,236.27142857142854,3.129235714285714
0.68,4.37,6.34,8.77,236.2,234.3,236.2,3.1277
0.7057142857142857,6.075714285714286,6.314285714285715,8.752857142857142,235.1142857142857,233.47142857142856,235.41428571428568,3.5310557142857144
0.7233333333333333,7.04,6.296666666666667,8.72,234.46666666666667,232.79999999999998,234.86666666666667,3.747206666666667
0.69,4.3100000000000005,6.2875,8.70875,234.6875,232.5625,234.5875,3.1117387499999998
0.7114285714285714,5.9314285714285715,6.292857142857143,8.715714285714286,234.29999999999998,232.45714285714286,234.32857142857142,3.489692857142857
0.6900000000000001,4.29,6.28,8.69,234.0,231.9,233.9,3.09965
0.7257142857142858,7.325714285714285,6.272857142857142,8.675714285714285,233.14285714285714,231.54285714285714,233.6142857142857,3.7912642857142864
0.7142857142857143,6.478571428571428,6.257142857142857,8.639999999999999,232.92857142857142,231.1,233.20000000000002,3.6083057142857142
0.7242857142857143,6.457142857142857,6.2457142857142856,8.598571428571429,232.22857142857143,230.44285714285712,232.42857142857142,3.5924742857142857
0.7200000000000001,6.445,6.275000000000001,8.665000000000001,233.30000000000004,231.6,233.65,3.587795
0.7185714285714285,6.795714285714285,6.311428571428571,8.735714285714286,234.62857142857143,233.02857142857144,234.94285714285712,3.684872857142857
0.69,4.305,6.29,8.674999999999999,234.25,232.25,234.0,3.100785
0.6900000000000001,4.2785714285714285,6.268571428571428,8.629999999999999,233.28571428571428,231.18571428571428,233.1,3.08874
0.7157142857142856,5.972857142857143,6.274285714285715,8.665714285714285,233.27142857142857,231.57142857142858,233.51428571428573,3.477912857142857
0.6900000000000001,4.335714285714285,6.3,8.724285714285715,234.82857142857142,232.82857142857142,234.72857142857146,3.1118785714285715
0.6900000000000001,4.295714285714285,6.285714285714286,8.668571428571429,234.04285714285714,232.04285714285714,233.94285714285715,3.099312857142857
0.6971428571428572,4.265714285714286,6.272857142857142,8.62142857142857,233.5,231.3714285714286,233.21428571428572,3.090474285714286
0.7285714285714285,6.090000000000001,6.26,8.614285714285714,232.42857142857142,230.65714285714284,232.67142857142858,3.503005714285714
0.7083333333333334,4.735,6.25,8.59,232.35,230.33333333333334,232.33333333333334,3.235523333333333
0.7142857142857143,5.061428571428571,6.244285714285715,8.554285714285713,231.62857142857143,229.58571428571432,231.58571428571432,3.3553114285714285
0.6999999999999998,4.233333333333333,6.25,8.576666666666666,232.1,229.86666666666667,231.83333333333334,3.0699233333333336
0.6983333333333333,4.239999999999999,6.255,8.591666666666667,232.4333333333333,230.36666666666667,232.35,3.0747733333333334
0.69,4.34,6.31,8.75,235.5,233.30000000000004,235.30000000000004,3.1197700000000004
0.6900000000000001,4.337142857142857,6.308571428571428,8.742857142857144,235.42857142857142,233.21428571428572,235.20000000000002,3.118512857142857
0.6900000000000001,4.325714285714286,6.304285714285713,8.715714285714286,235.04285714285714,232.78571428571428,234.72857142857143,3.121895714285714
0.6900000000000001,4.3585714285714285,6.321428571428571,8.748571428571429,235.87142857142857,233.71428571428572,235.6142857142857,3.1346485714285715
0.6900000000000001,4.364285714285715,6.324285714285714,8.76142857142857,236.0285714285714,233.8857142857143,235.81428571428572,3.1327271428571426
0.69,4.348333333333334,6.316666666666666,8.763333333333334,235.85,233.79999999999998,235.79999999999998,3.131415
0.6900000000000001,4.36,6.33,8.79,236.3,234.2,236.2,3.14141
0.687142857142857,4.362857142857143,6.332857142857143,8.787142857142856,236.35714285714286,234.25714285714284,236.25714285714284,3.143647142857143
0.68,4.37,6.339999999999999,8.78,236.5,234.4,236.4,3.14924
0.68,4.378333333333333,6.348333333333333,8.796666666666667,236.41666666666666,234.4,236.4,3.135165
0.68,4.38,6.35,8.8,236.4,234.4,236.4,3.13235
0.68,4.38,6.349999999999999,8.8,236.4,234.4,236.4,3.13235
0.6885714285714286,5.001428571428572,6.358571428571429,8.821428571428571,237.04285714285714,235.14285714285714,237.02857142857144,3.2884657142857145
0.704,6.0840000000000005,6.356,8.824000000000002,237.06,235.34,237.14000000000001,3.546248
0.7057142857142857,6.04,6.35,8.794285714285715,236.5142857142857,234.7,236.54285714285714,3.5341585714285713
0.68,4.927142857142856,6.334285714285714,8.794285714285715,236.41428571428568,234.37142857142857,236.32857142857142,3.269274285714286
0.7314285714285714,7.634285714285714,6.301428571428572,8.757142857142856,235.15714285714284,233.3857142857143,235.3714285714286,3.915777142857143
0.7085714285714285,6.064285714285715,6.3185714285714285,8.77,235.82857142857142,234.0142857142857,235.91428571428574,3.529188571428571
0.6983333333333333,4.993333333333333,6.31,8.736666666666666,235.45000000000002,233.38333333333333,235.26666666666668,3.2774350000000005
0.70875,5.79125,6.31,8.70125,234.775,232.775,234.6625,3.45020375
0.69,4.335,6.31,8.723333333333334,235.54999999999998,233.51666666666665,235.3166666666667,3.1167583333333333
0.6900000000000001,4.332857142857143,6.31,8.722857142857142,235.47142857142856,233.44285714285712,235.20000000000002,3.113561428571429
0.6900000000000001,4.355714285714286,6.31,8.737142857142858,235.67142857142855,233.65714285714284,235.45714285714286,3.116967142857143
0.6900000000000001,4.347142857142857,6.305714285714286,8.727142857142857,235.57142857142858,233.52857142857144,235.32857142857142,3.1172085714285713
0.6900000000000001,4.33,6.3,8.715714285714286,235.22857142857143,233.24285714285716,235.04285714285714,3.119951428571429
0.70875,5.85625,6.29375,8.6975,234.625,232.8125,234.6,3.4680925
0.6900000000000001,4.292857142857143,6.275714285714286,8.63857142857143,234.1142857142857,231.74285714285716,233.57142857142858,3.098184285714286
0.7114285714285714,6.102857142857142,6.2871428571428565,8.69,234.34285714285713,232.62857142857143,234.42857142857142,3.509867142857143
0.7066666666666666,5.631111111111111,6.295555555555556,8.698888888888888,234.7888888888889,232.92222222222225,234.64444444444447,3.4112955555555557
0.6971428571428572,5.437142857142858,6.308571428571428,8.742857142857144,235.4857142857143,233.62857142857143,235.4714285714286,3.3765214285714285
0.7142857142857143,6.617142857142857,6.327142857142857,8.787142857142857,236.0,234.47142857142856,236.22857142857143,3.6561371428571428
0.7385714285714285,8.43857142857143,6.351428571428571,8.797142857142857,235.84285714285713,234.71428571428572,236.5,4.095868571428572
0.7075,7.125,6.3675,8.85875,237.4125,235.85,237.5875,3.7746575
0.67,4.458571428571429,6.397142857142858,8.907142857142857,238.85714285714286,236.94285714285712,238.65714285714284,3.166302857142857
0.70875,6.28625,6.34375,8.79125,236.4375,234.825,236.5875,3.5913325
0.7328571428571429,8.365714285714287,6.354285714285715,8.82,236.6,235.3857142857143,236.8714285714286,4.0887014285714285
0.74,6.93125,6.3325,8.79375,236.1,234.6875,236.3875,3.73624
0.68,4.357142857142857,6.324285714285715,8.76142857142857,236.24285714285716,234.04285714285714,235.8857142857143,3.126432857142857
0.67,4.0842857142857145,6.33,8.8,236.5,234.55714285714288,236.5,3.026664285714286
0.67,4.064285714285714,6.305714285714286,8.765714285714285,236.0,233.8,235.91428571428574,3.0141999999999998
0.685,4.965,6.3,8.7475,235.2,233.2,235.275,3.23368125
0.6871428571428572,5.090000000000001,6.3,8.74,235.1,233.05714285714288,235.1285714285714,3.2728485714285713
0.67,4.038571428571428,6.3,8.757142857142856,235.64285714285714,233.34285714285716,235.52857142857144,3.0146542857142857
0.6957142857142857,5.844285714285713,6.314285714285715,8.748571428571429,235.18571428571428,233.3857142857143,235.34285714285716,3.4393085714285716
0.6925,5.63125,6.32,8.76625,235.5875,233.625,235.7125,3.3855375
0.67,4.148571428571429,6.317142857142857,8.767142857142856,235.94285714285712,233.67142857142855,235.8714285714286,3.0110314285714286
0.68,4.946666666666666,6.3116666666666665,8.768333333333333,235.75,233.66666666666666,235.86666666666667,3.159288333333333
0.73,7.8825,6.327500000000001,8.80625,235.65,234.1875,236.2375,3.951425
0.7,6.6587499999999995,6.32625,8.844999999999999,236.55,234.5875,236.925,3.6521275
0.73,8.253333333333332,6.330000000000001,8.866666666666665,236.6,234.9,237.20000000000002,4.033866666666667
0.6637500000000001,4.14375,6.3549999999999995,8.90625,238.2625,235.8875,238.225,3.054405
0.66,4.135714285714285,6.352857142857142,8.88857142857143,238.04285714285714,235.65714285714284,238.04285714285714,3.051437142857143
0.68375,5.57375,6.365,8.925,238.3375,236.2,238.5125,3.41183375
0.67,4.13,6.35,8.88,238.1,235.7,238.0,3.0519399999999997
0.7225,7.44375,6.375,8.9325,238.4625,236.6,238.72500000000002,3.9753625
0.66,4.185714285714286,6.381428571428572,8.947142857142858,239.31428571428572,237.12857142857143,239.22857142857143,3.0730114285714287
0.7125,6.8975,6.33,8.825,236.25,234.6,236.70000000000002,3.7248525
0.7299999999999999,7.8,6.31,8.78,235.2,233.7,235.8,3.94045
0.7299999999999999,7.942857142857143,6.3342857142857145,8.847142857142858,236.3142857142857,234.71428571428572,237.0142857142857,4.015074285714286
0.7125,6.0600000000000005,6.3575,8.887500000000001,237.2,235.45,237.7,3.8197550000000002
0.6685714285714287,4.101428571428571,6.328571428571428,8.832857142857142,236.94285714285712,234.6142857142857,236.71428571428572,3.0365557142857145
0.6775,4.5625,6.31625,8.79625,236.225,233.9375,236.0625,3.1456675
0.7075,6.02125,6.325,8.8125,236.225,234.275,236.3375,3.6169875
0.7042857142857143,6.3100000000000005,6.335714285714286,8.84,236.55714285714288,234.78571428571428,236.82857142857142,3.573965714285714
0.6775,4.5975,6.335,8.8425,237.1,234.875,237.1625,3.1556475
0.67,4.12625,6.3549999999999995,8.8525,237.7125,235.4,237.4,3.0479775
0.69125,5.54375,6.37,8.87625,237.95000000000002,235.975,237.9875,3.4080512499999998
0.68625,5.6,6.3725000000000005,8.9,238.15,236.25,238.2375,3.4195375
0.68625,5.68,6.38375,8.9125,238.3875,236.4875,238.5375,3.43388875
0.6900000000000001,5.972857142857142,6.398571428571429,8.924285714285714,238.67142857142858,236.84285714285716,238.78571428571428,3.4986771428571433
0.66,4.182857142857143,6.397142857142858,8.927142857142856,239.17142857142855,236.97142857142856,238.94285714285712,3.072705714285714
0.68625,5.5225,6.36625,8.85875,237.5875,235.7125,237.675,3.3981325
0.67,4.04,6.315714285714286,8.73,235.58571428571426,233.42857142857142,235.3,3.0155157142857143
0.6785714285714286,4.644285714285714,6.315714285714286,8.75,235.75714285714284,233.81428571428572,235.61428571428573,3.163554285714286
0.685,5.105,6.32,8.765,235.76250000000002,233.8625,235.7375,3.26648375
0.67,4.08,6.32,8.77,235.9,233.9,235.9,3.0192
0.7042857142857143,6.234285714285714,6.33,8.772857142857143,235.81428571428572,234.0142857142857,235.97142857142856,3.5548957142857143
0.6957142857142857,5.747142857142856,6.33,8.765714285714285,235.81428571428572,233.97142857142856,235.91428571428574,3.4213171428571427
0.67,4.065714285714285,6.322857142857144,8.762857142857142,236.1285714285714,233.95714285714286,235.92857142857142,3.0233585714285716
0.67,4.06,6.317142857142857,8.757142857142856,235.98571428571427,233.78571428571428,235.78571428571428,3.0227671428571425
0.67,4.06,6.31,8.75,235.7,233.5,235.5,3.00946
0.7214285714285714,7.205714285714286,6.301428571428572,8.741428571428571,234.84285714285713,233.2428571428571,235.2428571428571,3.7834085714285712
0.7128571428571429,6.17,6.295714285714285,8.70142857142857,234.35714285714286,232.6,234.42857142857142,3.5195157142857143
0.7314285714285714,7.301428571428572,6.281428571428571,8.68142857142857,233.4857142857143,231.90000000000003,233.8714285714286,3.7868228571428566
0.68,3.9914285714285715,6.265714285714286,8.657142857142857,233.68571428571428,231.44285714285712,233.44285714285712,2.9852442857142854
0.71,5.906666666666666,6.251666666666666,8.633333333333333,232.76666666666665,230.88333333333333,232.88333333333333,3.43178
0.7025,5.515000000000001,6.25375,8.6275,232.92499999999998,230.975,233.0875,3.33781
0.68,3.98,6.26,8.63,233.4,231.3,233.3,2.98787
0.68,3.96,6.26,8.61,233.1,230.7,232.6,2.98229
0.685,3.94,6.253333333333333,8.57,232.4333333333333,230.23333333333335,232.0666666666667,2.9734633333333336
0.73,7.87,6.31,8.73,234.4,233.0,234.9,3.94261
0.8633333333333333,2.7566666666666664,2.21,3.1033333333333335,236.53333333333333,235.13333333333333,237.29999999999998,1.4089880000000001
0.9028571428571429,1.2671428571428573,1.0342857142857143,1.4785714285714284,236.74285714285716,235.37142857142857,237.57142857142858,0.6725817142857142
0.7000000000000001,5.228333333333333,6.308333333333334,8.661666666666667,233.5,231.6,233.25,3.293366666666666
0.6728571428571428,4.014285714285714,6.33,8.701428571428572,234.95714285714286,233.0,234.5285714285714,3.005605714285714
0.6766666666666667,4.0,6.31,8.683333333333334,234.70000000000002,232.79999999999998,234.29999999999998,3.00386
0.68,3.955714285714286,6.285714285714286,8.62142857142857,233.5142857142857,231.4,233.04285714285714,2.9790157142857145
0.68,3.942857142857143,6.274285714285715,8.6,233.02857142857144,230.82857142857142,232.55714285714288,2.9833257142857144
0.685,3.9466666666666668,6.260000000000001,8.578333333333333,232.61666666666667,230.5666666666667,232.3166666666667,2.976986666666667
0.685,3.953333333333333,6.260000000000001,8.583333333333334,232.7166666666667,230.65,232.35,2.9796816666666666
0.68625,3.93375,6.25375,8.561250000000001,232.1125,230.125,231.8625,2.97062375
0.69,3.93,6.25,8.55,232.0,229.9,231.6,2.96081
0.6757142857142858,4.03,6.3100000000000005,8.684285714285716,234.85714285714286,232.77142857142857,234.48571428571427,3.00417
0.7042857142857143,4.057142857142857,6.322857142857143,8.724285714285715,235.70000000000002,233.58571428571426,235.35714285714286,3.4605314285714286
0.7000000000000001,5.8500000000000005,6.3185714285714285,8.714285714285714,235.05714285714288,233.21428571428572,235.15714285714284,3.437814285714286
0.68,4.03,6.32,8.68,235.19999999999996,232.9,234.6,3.00386
0.7057142857142857,5.92,6.307142857142857,8.709999999999999,235.15714285714284,233.45714285714286,235.24285714285716,3.44576
0.67,4.03,6.3,8.7,235.0,232.8,234.9,3.0135
0.6828571428571429,4.638571428571429,6.304285714285713,8.694285714285714,235.07142857142858,232.94285714285712,234.84285714285716,3.156612857142857
0.6871428571428572,5.255714285714285,6.308571428571428,8.712857142857144,235.09999999999997,233.28571428571428,235.18571428571428,3.303738571428571
0.6957142857142857,5.871428571428572,6.321428571428571,8.734285714285715,235.44285714285712,233.64285714285714,235.47142857142856,3.448045714285714
0.67,4.04,6.31,8.71375,235.275,233.2,235.0375,3.0029825
0.67,4.06,6.325714285714286,8.74,235.8,233.81428571428572,235.4857142857143,3.014437142857143
0.67,4.0442857142857145,6.305714285714286,8.714285714285715,235.35714285714286,233.24285714285716,235.1,3.008167142857143
0.67,4.04,6.295,8.7025,235.025,232.9,234.79999999999998,2.9967125
0.67,4.035714285714286,6.29,8.687142857142856,234.81428571428572,232.75714285714284,234.57142857142858,2.994378571428572
0.7042857142857143,6.218571428571429,6.28,8.687142857142856,234.25714285714284,232.57142857142858,234.41428571428574,3.52009
0.67,4.024285714285714,6.274285714285715,8.67,234.6,232.44285714285712,234.3,2.9823242857142853
0.67,4.0424999999999995,6.28625,8.69625,235.125,233.0125,234.7375,2.99358375
0.67,4.058571428571428,6.281428571428571,8.7,235.28571428571428,233.02857142857144,234.82857142857145,3.0042085714285713
0.6957142857142857,5.89,6.297142857142857,8.712857142857143,235.34285714285716,233.47142857142856,235.22857142857146,3.436205714285714
0.67,4.04,6.29,8.68,234.7,232.6,234.6,2.98848
0.67,4.04,6.29,8.68,234.7,232.6,234.6,2.98848
0.67,4.04,6.28,8.69,235.69999999999996,233.30000000000004,234.80000000000004,2.9916
0.67,4.04,6.28,8.69,235.7,233.3,234.8,2.9916000000000005
0.67,4.0442857142857145,6.278571428571429,8.697142857142858,235.54285714285714,233.35714285714286,235.01428571428573,2.989474285714286
0.6871428571428572,5.2871428571428565,6.2700000000000005,8.684285714285714,235.1142857142857,233.22857142857143,234.91428571428574,3.2696471428571425
0.73,8.42,6.27,8.71,234.9,233.4,235.2,4.00207
0.73,8.42,6.27,8.71,234.9,233.4,235.19999999999996,4.00207
0.71,5.96125,6.3025,8.7325,235.2,233.5625,235.2625,3.4935625
0.7214285714285714,7.1899999999999995,6.324285714285715,8.77142857142857,235.9,234.44285714285715,236.05714285714288,3.7825542857142858
0.7071428571428571,6.595714285714286,6.337142857142857,8.801428571428572,236.67142857142858,235.0,236.77142857142857,3.655785714285714
0.665,4.36125,6.359999999999999,8.84125,237.725,235.875,237.5875,3.0917425
0.6614285714285714,4.148571428571429,6.381428571428572,8.870000000000001,238.24285714285716,236.31428571428572,238.07142857142858,3.033858571428571
0.6799999999999999,4.3185714285714285,6.327142857142857,9.012857142857143,236.25714285714284,234.27142857142857,235.9857142857143,3.1455757142857146
0.74875,7.4825,6.35125,10.61875,236.125,234.6625,236.175,4.32965125
0.7371428571428572,5.8028571428571425,6.3428571428571425,10.574285714285713,236.1142857142857,234.4,235.9857142857143,3.9420800000000003
0.74,6.228571428571429,6.345714285714286,10.59142857142857,236.5,234.78571428571428,236.25714285714284,3.952997142857143
0.74625,7.42625,6.34375,10.62375,236.5875,235.0875,236.7625,4.303935
0.7314285714285714,5.818571428571429,6.338571428571428,10.618571428571428,236.84285714285716,235.04285714285714,236.72857142857146,3.950577142857143
0.7625,8.8925,6.3375,10.61,235.75,234.55,236.225,4.6539325
0.7571428571428571,8.27,6.324285714285715,10.607142857142858,235.55714285714288,234.32857142857142,235.97142857142856,4.498832857142857
0.74,5.79,6.32,10.594285714285714,236.04285714285714,234.2,236.0142857142857,3.933734285714286
0.7324999999999999,5.797499999999999,6.32,10.614999999999998,236.275,234.5,236.375,3.9435375
0.76625,9.33375,6.32875,10.608749999999999,235.5875,234.4625,236.0,4.7616000000000005
0.7485714285714286,7.535714285714286,6.33,10.617142857142856,236.0,234.5,236.17142857142858,4.3454114285714285
0.7328571428571429,5.815714285714286,6.3428571428571425,10.629999999999999,236.72857142857146,234.79999999999998,236.54285714285714,3.9502057142857145
0.76,8.7775,6.3475,10.68,236.525,235.375,237.1,4.65256
0.77,9.95,6.36,10.68,236.8,235.7,237.5,4.92464
0.7700000000000001,9.95,6.36,10.679999999999998,236.8,235.7,237.5,4.924640000000001
0.7344444444444443,6.293333333333333,6.363333333333333,10.658888888888889,237.32222222222222,235.43333333333334,237.11111111111111,4.086286666666666
0.7299999999999999,5.848571428571428,6.368571428571428,10.685714285714285,237.67142857142855,235.82857142857142,237.52857142857144,3.9714757142857144
0.745,7.33125,6.36625,10.70125,237.625,235.825,237.6375,4.328145
0.7642857142857142,9.282857142857143,6.381428571428572,10.718571428571428,237.82857142857142,236.24285714285716,238.0,4.79862
0.7566666666666667,8.626666666666667,6.396666666666667,10.743333333333334,238.4,237.13333333333335,238.76666666666665,4.6406366666666665
0.76,9.0475,6.4025,10.76375,238.55,237.32500000000002,239.0,4.73705
0.7328571428571429,5.864285714285714,6.375714285714286,10.682857142857143,237.8857142857143,235.9857142857143,237.62857142857143,3.9797642857142854
0.74,5.79,6.33,10.58,236.04285714285714,234.1,235.8,3.9492114285714286
0.74,5.81,6.339999999999999,10.6,236.3,234.5,236.1,3.96353
0.74,5.81,6.34,10.6,236.2,234.3,235.9,3.94118
0.7371428571428572,5.821428571428571,6.348571428571428,10.608571428571429,236.5142857142857,234.58571428571432,236.1,3.9474142857142858
0.7471428571428572,7.694285714285714,6.372857142857143,10.665714285714285,237.25714285714284,235.74285714285716,237.17142857142858,4.397307142857143
0.7585714285714287,8.84142857142857,6.38,10.687142857142858,237.34285714285716,235.94285714285712,237.52857142857144,4.670995714285715
0.7471428571428572,7.590000000000001,6.387142857142857,10.682857142857143,237.6142857142857,236.1142857142857,237.67142857142858,4.3821642857142855
0.7471428571428572,7.602857142857142,6.395714285714286,10.698571428571428,237.97142857142856,236.4857142857143,237.94285714285712,4.387658571428571
0.7471428571428572,7.65142857142857,6.401428571428572,10.700000000000001,238.02857142857144,236.58571428571426,238.14285714285714,4.4071685714285715
0.7299999999999999,5.89,6.401428571428572,10.694285714285714,238.32857142857142,236.54285714285717,238.14285714285714,3.992107142857143
0.73,5.90125,6.4025,10.70625,238.6875,236.8375,238.325,4.003335
0.7299999999999999,5.914285714285714,6.410000000000001,10.718571428571428,238.8,237.08571428571426,238.4857142857143,4.000088571428572
0.7485714285714286,7.587142857142857,6.3999999999999995,10.70142857142857,238.05714285714288,236.6142857142857,238.05714285714288,4.396472857142857
0.7685714285714286,8.685714285714285,6.338571428571428,10.565714285714284,235.47142857142856,234.18571428571428,235.74285714285716,4.621534285714286
0.78,10.004285714285714,6.35,10.594285714285714,235.64285714285714,234.57142857142858,236.07142857142858,4.9248457142857145
0.7666666666666666,6.491666666666667,6.328333333333333,10.538333333333332,235.11666666666667,233.46666666666667,234.98333333333335,4.601901666666667
0.74,5.7700000000000005,6.322857142857144,10.52,235.0,233.3,234.6285714285714,3.926535714285714
0.7514285714285714,6.898571428571429,6.328571428571428,10.54857142857143,234.97142857142856,233.55714285714288,234.94285714285712,4.190538571428571
0.75,6.7625,6.33,10.5475,235.325,233.75,235.22500000000002,4.165365
0.74,5.79,6.33,10.53,235.5,233.8,235.3,3.9378285714285717
0.7628571428571428,8.178571428571429,6.337142857142857,10.54857142857143,235.15714285714284,233.85714285714286,235.25714285714284,4.486942857142857
0.7742857142857142,9.374285714285715,6.347142857142857,10.56857142857143,235.29999999999998,234.2,235.6142857142857,4.769642857142857
0.7399999999999999,5.8,6.330000000000001,10.56,235.9,234.19999999999996,235.69999999999996,3.9446600000000003
0.7514285714285714,6.951428571428571,6.3342857142857145,10.549999999999999,235.44285714285712,233.94285714285712,235.34285714285716,4.211224285714286
0.7628571428571428,8.145714285714286,6.325714285714286,10.534285714285714,234.94285714285715,233.5,234.85714285714286,4.4773185714285715
0.7457142857142857,6.367142857142857,6.321428571428571,10.52,234.65714285714284,233.05714285714288,234.5142857142857,4.055211428571428
0.745,6.23875,6.30125,10.49375,234.1625,232.57500000000002,234.05,4.0161575
0.7799999999999999,9.65,6.3,10.5,233.30000000000004,232.19999999999996,233.69999999999996,4.80818
0.7585714285714287,6.832857142857143,6.28,10.452857142857143,232.95714285714286,231.37142857142857,233.0,4.1446128571428575
0.75,5.69,6.28,10.41,232.5,230.8,232.4,3.87241
0.7728571428571429,7.895714285714286,6.265714285714286,10.392857142857142,231.58571428571426,230.28571428571428,231.85714285714286,4.383941428571428
0.775,8.316666666666666,6.273333333333333,10.408333333333333,231.71666666666667,230.4333333333333,231.96666666666667,4.475715
0.7600000000000001,7.805,6.325,10.495,233.98333333333335,232.70000000000002,234.08333333333334,4.3804050000000005
0.74,5.75,6.3,10.47,234.0,232.5,233.7,3.90756
0.7466666666666667,5.723333333333334,6.291666666666667,10.415000000000001,233.11666666666667,231.38333333333333,232.64999999999998,3.885376666666667
0.75,5.691428571428572,6.264285714285714,10.367142857142856,232.0142857142857,230.29999999999998,231.6142857142857,3.8715785714285715
0.745,5.72,6.285,10.426666666666668,233.03333333333333,231.20000000000002,232.61666666666667,3.8901833333333333
0.7642857142857142,7.458571428571429,6.295714285714285,10.450000000000001,233.25714285714284,231.72857142857146,233.1,4.289575714285714
0.7675000000000001,7.0600000000000005,6.2775,10.4325,232.65,231.05,232.6,4.21552
0.7771428571428572,8.39,6.284285714285715,10.429999999999998,232.6,231.24285714285716,232.78571428571428,4.532262857142857
0.7771428571428572,7.772857142857142,6.268571428571429,10.415714285714285,231.95714285714286,230.44285714285715,232.1142857142857,4.385482857142857
0.76,6.024285714285713,6.261428571428572,10.392857142857142,231.79999999999998,229.91428571428574,231.68571428571428,3.986865714285714
0.7675000000000001,7.075,6.2675,10.395,231.8,230.15,231.8,4.223482499999999
0.7771428571428572,8.418571428571429,6.26,10.397142857142857,231.4857142857143,230.07142857142858,231.78571428571428,4.5205528571428575
0.7685714285714286,7.864285714285714,6.29,10.452857142857143,232.85714285714286,231.3857142857143,232.92857142857142,4.404585714285714
0.7671428571428571,8.508571428571429,6.324285714285715,10.537142857142857,234.54285714285714,233.1,234.70000000000002,4.589051428571429
0.75,6.114285714285715,6.308571428571428,10.507142857142856,234.47142857142856,232.77142857142857,234.37142857142857,4.029718571428572
0.75,6.11,6.301428571428572,10.52,234.6,232.87142857142857,234.4857142857143,4.024444285714286
0.7628571428571428,7.977142857142858,6.321428571428571,10.537142857142857,234.52857142857144,233.08571428571426,234.72857142857143,4.457012857142858
0.7614285714285715,7.394285714285714,6.3100000000000005,10.502857142857142,234.1142857142857,232.57142857142858,234.14285714285714,4.310007142857144
0.7557142857142857,6.761428571428572,6.308571428571428,10.52,234.71428571428572,232.95714285714286,234.55714285714288,4.164717142857143
0.76125,7.836250000000001,6.31,10.526250000000001,234.3125,232.8875,234.4375,4.4033175
0.7671428571428571,8.624285714285714,6.321428571428571,10.544285714285715,234.4,233.15714285714284,234.71428571428572,4.601378571428571
0.7585714285714287,7.395714285714286,6.337142857142857,10.555714285714286,235.1142857142857,233.57142857142858,235.1,4.31834
0.75,6.14625,6.33125,10.54625,235.4,233.6,235.0625,4.04786375
0.75,6.144285714285714,6.324285714285715,10.549999999999999,235.3714285714286,233.6,235.14285714285714,4.05001
0.75,6.137499999999999,6.32,10.54375,235.5,233.625,235.1875,4.051195
0.76125,7.8975,6.3062499999999995,10.5275,234.625,233.2625,234.8625,4.54886125
0.7557142857142857,6.728571428571429,6.2942857142857145,10.48857142857143,234.32857142857142,232.6142857142857,234.24285714285716,4.1648442857142856
0.7842857142857144,9.851428571428572,6.292857142857143,10.487142857142857,233.79999999999998,232.52857142857144,234.04285714285714,4.859068571428572
0.76125,7.78625,6.29875,10.52625,234.5875,233.0,234.675,4.3980612500000005
0.765,7.72375,6.3,10.51,234.3375,232.76250000000002,234.4125,4.38325375
0.7542857142857143,6.711428571428571,6.291428571428571,10.49,234.0142857142857,232.14285714285714,234.15714285714284,4.160297142857142
0.7575000000000001,7.175000000000001,6.295,10.5,234.45,232.825,234.275,4.264665
0.7628571428571428,7.964285714285714,6.304285714285713,10.51142857142857,234.41428571428568,232.9857142857143,234.6142857142857,4.44093
0.76125,7.657500000000001,6.305,10.51125,234.5125,233.0875,234.5875,4.3669025
0.75,6.114999999999999,6.305,10.514999999999999,234.75,233.0,234.55000000000004,4.02252
0.76,7.44888888888889,6.294444444444444,10.49,234.05555555555554,232.44444444444446,234.0,4.314756666666667
0.75,6.107142857142857,6.295714285714285,10.508571428571429,234.41428571428574,232.71428571428572,234.28571428571428,4.017234285714286
0.75,6.101249999999999,6.295,10.4875,234.3,232.525,234.1625,4.01279375
0.75,6.098571428571428,6.295714285714285,10.491428571428571,234.3857142857143,232.5,233.97142857142856,4.005367142857144
0.75,6.094285714285713,6.284285714285715,10.48857142857143,234.21428571428572,232.44285714285712,234.05714285714288,4.0044257142857145
0.75,6.11125,6.29625,10.52375,234.8375,233.0875,234.7125,4.0122575
0.7671428571428571,7.9399999999999995,6.324285714285715,10.56857142857143,235.5,234.08571428571426,235.78571428571428,4.456424285714286
0.7628571428571428,8.652857142857142,6.340000000000001,10.594285714285714,235.7428571428571,234.45714285714286,236.05714285714288,4.605428571428571
0.7571428571428571,8.115714285714287,6.375714285714286,10.665714285714285,237.07142857142858,235.75714285714284,237.34285714285713,4.511808571428571
0.74,6.23,6.38,10.7075,238.32500000000002,236.625,238.2,4.0933975
0.7485714285714286,6.135714285714286,6.315714285714286,10.581428571428573,235.72857142857143,234.15714285714284,235.79999999999998,4.0450671428571425
0.75,6.124285714285714,6.305714285714286,10.564285714285715,235.51428571428573,233.81428571428572,235.55714285714288,4.030467142857143
0.765,8.1325,6.30375,10.56375,235.25,233.9875,235.6375,4.48471375
0.7671428571428571,8.551428571428572,6.3185714285714285,10.582857142857142,235.57142857142858,234.3857142857143,236.12857142857143,4.5936457142857146
0.7585714285714287,6.764285714285714,6.32,10.612857142857141,236.27142857142854,234.70000000000002,236.52857142857144,4.34204
0.75,6.114285714285715,6.32,10.59142857142857,235.6,233.79999999999998,235.78571428571428,4.04612
0.75375,6.62125,6.30375,10.58125,235.2375,233.525,235.525,4.14839
0.7628571428571428,7.822857142857143,6.304285714285713,10.598571428571429,235.24285714285716,233.68571428571428,235.62857142857143,4.434572857142857
0.76125,7.70875,6.30375,10.612499999999999,235.5,233.9375,235.95,4.4065175
0.76125,7.7675,6.31,10.605,235.3625,233.75,235.775,4.4126275
0.75,6.1312500000000005,6.3062499999999995,10.602500000000001,235.725,233.83749999999998,235.8125,4.04528125
0.7571428571428571,7.838571428571429,6.324285714285715,10.632857142857143,235.8857142857143,234.57142857142858,236.42857142857142,4.450118571428571
0.78,10.09,6.33,10.65,235.6,234.8,236.6,4.97941
0.765,8.77,6.33,10.6625,235.925,234.8,236.82500000000002,4.66480375
0.755,7.858750000000001,6.3462499999999995,10.665,236.55,235.0875,237.025,4.458545
0.74,6.1937500000000005,6.3462499999999995,10.69125,237.2625,235.5375,237.475,4.08920375
0.745,7.19125,6.3675,10.68125,237.2125,235.625,237.3375,4.30803625
0.765,8.69125,6.35625,10.66625,236.35,235.025,236.8125,4.65175
0.74,6.19,6.36,10.67125,237.28750000000002,235.5125,237.125,4.0813637499999995
0.755,7.82125,6.37125,10.695,237.0875,235.75,237.4875,4.4609375
0.74,6.2125,6.37625,10.7025,237.8625,236.075,237.65,4.091525
0.74,6.22,6.38,10.71,238.2,236.3,237.8,4.09703
0.755,8.275,6.415,10.784999999999998,238.9,237.5,239.20000000000002,4.59981
0.76375,8.205,6.34375,10.626249999999999,236.0125,234.625,236.375,4.53575125
0.78,10.41375,6.3462499999999995,10.63,235.4875,234.5875,236.1875,5.03833625
0.75375,6.694999999999999,6.34125,10.6075,235.73749999999998,234.2875,235.8125,4.18192625
0.76125,7.688750000000001,6.3575,10.645,236.4,234.9625,236.525,4.42915875
0.7628571428571428,8.524285714285714,6.378571428571428,10.665714285714285,236.78571428571428,235.57142857142858,237.07142857142858,4.61661
0.76,8.274999999999999,6.36625,10.66,236.525,235.2875,236.9,4.558145
0.7571428571428571,8.07,6.377142857142857,10.667142857142858,236.82857142857142,235.54285714285714,237.05714285714288,4.514312857142857
0.74,6.21,6.38875,10.68,237.4875,235.9875,237.4875,4.093815
0.74,6.224285714285714,6.39,10.7,237.8857142857143,236.27142857142857,237.8857142857143,4.098277142857143
0.75875,8.688749999999999,6.4025,10.71875,237.6125,236.475,237.9375,4.677455
0.7614285714285715,8.55,6.410000000000001,10.721428571428572,237.92857142857142,236.74285714285716,238.20000000000002,4.646878571428571
0.75875,8.39375,6.415,10.73375,238.15,237.10000000000002,238.525,4.60128125
0.77,10.71,6.409999999999999,10.75,237.9,237.2,238.5,5.1285
0.74,6.26,6.425714285714285,10.74,239.05714285714288,237.4,238.8,4.12417
0.74,6.26,6.4275,10.74375,239.0,237.425,238.9,4.1160125
0.755,8.271666666666667,6.428333333333334,10.761666666666665,238.76666666666665,237.58333333333334,239.0,4.588658333333334
0.7625,9.34,6.43,10.76,238.5,237.54999999999998,238.975,4.8333825
0.77,10.37,6.43,10.77,238.4,237.7,239.1,5.07428
0.75,6.14,6.34,10.55,235.5,234.0,235.3,4.05571
0.75,6.146,6.345999999999999,10.58,235.8,234.42,235.71999999999997,4.063684
0.765,8.334999999999999,6.345,10.59,235.45000000000002,234.35,235.79999999999998,4.5467450000000005
0.75,6.145714285714286,6.339999999999999,10.577142857142858,235.75714285714284,234.21428571428572,235.62857142857143,4.050042857142857
0.7671428571428571,8.374285714285715,6.345714285714286,10.565714285714288,235.21428571428572,234.1,235.54285714285714,4.573072857142857
0.76125,7.6587499999999995,6.3475,10.58125,235.6,234.2625,235.6625,4.39599625
0.765,8.208333333333334,6.353333333333334,10.595,235.61666666666667,234.35,235.71666666666667,4.526306666666667
0.76125,7.78,6.34875,10.57375,235.4375,234.0375,235.4625,4.42056875
0.75,6.119999999999999,6.32625,10.53375,235.025,233.3625,234.825,4.03962125
0.765,8.065,6.305,10.508333333333333,233.73333333333335,232.46666666666667,233.91666666666666,4.470218333333333
0.7671428571428571,7.821428571428571,6.285714285714286,10.497142857142858,233.07142857142858,231.74285714285716,233.3857142857143,4.399001428571428
0.7700000000000001,7.92,6.2871428571428565,10.471428571428572,232.81428571428572,231.62857142857143,233.12857142857143,4.415285714285714
0.7600000000000001,6.046666666666667,6.273333333333333,10.436666666666666,232.5,230.9,232.36666666666665,3.982473333333333
0.76,6.035714285714286,6.275714285714286,10.418571428571429,232.12857142857143,230.47142857142856,232.04285714285714,3.9804685714285712
0.76,6.017142857142857,6.2628571428571425,10.368571428571428,231.42857142857142,229.68571428571428,231.21428571428572,3.970147142857143
0.7628571428571428,7.262857142857143,6.3028571428571425,10.485714285714286,233.5142857142857,232.08571428571426,233.5,4.275021428571429
0.7728571428571429,8.517142857142856,6.288571428571429,10.482857142857142,233.29999999999998,231.94285714285715,233.47142857142856,4.549371428571429
0.76375,6.59,6.27625,10.42,232.55,230.9875,232.32500000000002,4.1041675
0.7542857142857143,6.08,6.2871428571428565,10.452857142857143,233.79999999999998,232.05714285714288,233.1142857142857,4.001309999999999
0.7671428571428571,7.785714285714286,6.298571428571428,10.507142857142856,233.77142857142857,232.42857142857142,233.84285714285713,4.403747142857143
0.7614285714285715,7.231428571428571,6.28,10.474285714285715,233.24285714285716,231.67142857142855,233.2,4.267180000000001
0.76375,6.57125,6.27625,10.442499999999999,232.975,231.225,232.825,4.1209925
0.7728571428571429,7.792857142857144,6.257142857142857,10.42,231.8857142857143,230.4,232.04285714285717,4.388112857142857
0.7728571428571429,7.911428571428572,6.2700000000000005,10.422857142857142,232.1,230.74285714285716,232.3857142857143,4.4061
0.7685714285714286,7.278571428571429,6.257142857142857,10.418571428571429,232.08571428571432,230.48571428571427,232.05714285714288,4.267281428571429
0.7685714285714286,7.265714285714286,6.25,10.402857142857144,231.57142857142858,230.0142857142857,231.6142857142857,4.2506571428571425
0.772,7.81,6.252,10.42,231.66,230.28000000000003,231.9,4.36763
0.76,8.06142857142857,6.324285714285714,10.59,235.28571428571428,234.02857142857144,235.52857142857144,4.467834285714286
0.7457142857142857,6.160000000000001,6.33,10.58,236.0,234.3,235.6,4.182275714285714
0.74,6.16,6.33,10.58,236.0,234.30000000000004,235.60000000000002,4.03808
0.74,6.16,6.33,10.58,236.0,234.30000000000004,235.60000000000002,4.03808
0.77,10.812000000000001,6.456,10.922,237.28000000000003,236.9,237.94,5.148878000000001
0.7475,7.245,6.42375,10.80875,238.1875,237.05,238.22500000000002,4.3454675
0.76,8.205,6.3825,10.69125,237.3875,236.3625,237.575,4.5577049999999995
0.7514285714285714,7.341428571428572,6.362857142857143,10.662857142857144,237.18571428571428,235.84285714285716,237.21428571428572,4.341775714285714
0.7514285714285714,7.33,6.345714285714286,10.627142857142857,236.81428571428572,235.4,236.65714285714287,4.333371428571429
0.74,6.19,6.34,10.61,236.9,235.2,236.4,4.06628
0.7457142857142857,6.158571428571428,6.324285714285715,10.574285714285713,235.97142857142856,234.37142857142857,235.68571428571428,4.05121
0.75,6.147142857142858,6.318571428571429,10.564285714285715,235.71428571428572,234.08571428571426,235.5,4.044465714285714
0.7542857142857143,6.741428571428571,6.304285714285713,10.552857142857144,235.24285714285716,233.6,235.1,4.16916
0.765,8.245000000000001,6.305,10.545,235.0,233.55,235.0,4.5204
0.7628571428571428,7.884285714285714,6.304285714285713,10.54857142857143,235.05714285714288,233.68571428571428,235.17142857142858,4.423348571428571
0.75,6.14625,6.30875,10.5425,235.5,233.6875,235.1125,4.03582
0.75,6.141428571428571,6.311428571428571,10.545714285714284,235.58571428571426,233.79999999999998,235.25714285714284,4.0379757142857144
0.75,6.12875,6.295,10.52125,235.20000000000002,233.55,234.975,4.022985
0.75,6.14,6.29,10.534285714285714,235.44285714285712,233.78571428571428,235.21428571428572,4.030178571428571
0.75,6.134285714285714,6.284285714285715,10.52,235.27142857142857,233.55714285714285,235.0,4.021491428571428
0.75,6.1274999999999995,6.285,10.532499999999999,235.025,233.425,234.85,4.0194225
0.7671428571428571,7.897142857142858,6.275714285714286,10.505714285714285,234.5142857142857,233.21428571428572,234.77142857142857,4.537482857142857
0.75,6.115,6.26,10.5,234.95,233.35000000000002,234.95,4.0126675
0.76,7.855714285714286,6.281428571428571,10.525714285714285,235.25714285714284,233.95714285714286,235.5285714285714,4.412257142857142
0.74,6.1425,6.2925,10.535,235.9,234.3125,235.825,4.0263575
0.74,6.175714285714286,6.315714285714286,10.59142857142857,236.8857142857143,235.41428571428568,236.97142857142856,4.052411428571428
0.74,6.211428571428571,6.328571428571428,10.644285714285715,237.91428571428574,236.44285714285712,237.94285714285712,4.061954285714285
0.75125,7.8975,6.3475,10.6775,238.3125,237.075,238.6,4.4671075
0.7528571428571428,6.784285714285714,6.295714285714285,10.558571428571428,236.08571428571426,234.72857142857143,236.31428571428572,4.186784285714285
0.77,9.2925,6.2925,10.58,235.575,234.6,236.225,4.759195
0.7685714285714286,9.321428571428571,6.314285714285715,10.608571428571427,236.02857142857144,235.1,236.72857142857146,4.762305714285715
0.75375,6.68875,6.3025,10.56125,235.4875,234.03750000000002,235.6875,4.156125
0.7442857142857143,6.1414285714285715,6.29,10.577142857142858,235.85714285714286,234.32857142857142,236.02857142857144,4.0329757142857146
0.75,7.1125,6.29,10.575,235.325,233.97500000000002,235.675,4.2473875
0.7671428571428571,8.411428571428571,6.272857142857142,10.570000000000002,234.74285714285716,233.58571428571426,235.41428571428574,4.533344285714286
0.7671428571428571,8.522857142857143,6.274285714285715,10.558571428571428,234.5,233.29999999999998,235.15714285714284,4.570044285714286
0.75,6.1033333333333335,6.273333333333333,10.553333333333335,235.0,233.36666666666667,235.33333333333334,4.023756666666666
0.75,6.1,6.2700000000000005,10.55,234.9,233.3,235.3,4.0215
0.7725,9.2725,6.285,10.565000000000001,234.225,233.225,235.075,4.74207
0.75,6.1125,6.285,10.55875,234.98749999999998,233.25,235.1,4.03094625
0.75,6.14375,6.3075,10.6075,235.875,234.2375,236.075,4.04706875
0.75625,7.68375,6.32,10.6325,235.95,234.55,236.4125,4.40601
0.7424999999999999,6.1475,6.3175,10.63,236.14999999999998,234.45,236.375,4.0562375
0.74875,6.155,6.32125,10.622499999999999,236.075,234.4625,236.2125,4.052005
0.75,7.18625,6.335,10.67625,236.975,235.4125,237.2125,4.30385625
0.775,9.66625,6.351249999999999,10.68125,236.7,235.3625,237.15,4.8737312500000005
0.755,7.87,6.35625,10.705,237.275,235.875,237.625,4.458093750000001
0.74,6.228750000000001,6.351249999999999,10.711250000000001,237.88750000000002,236.1875,238.0875,4.086683750000001
0.7533333333333334,7.569999999999999,6.363333333333333,10.736666666666666,238.0,236.5333333333333,238.39999999999998,4.410216666666667
0.77,10.38,6.35,10.74,237.6,236.2,238.1,5.06583
0.755,7.2,6.30125,10.63125,236.1375,234.55,236.4125,4.298445
0.75375,6.651249999999999,6.3075,10.6025,235.8125,234.1875,236.05,4.17054
0.765,8.70375,6.31625,10.63625,235.8125,234.575,236.3125,4.64259125
0.7477777777777779,6.15888888888889,6.314444444444444,10.601111111111111,235.89999999999998,234.04444444444445,235.94444444444446,4.044614444444445
0.74,6.1937500000000005,6.33,10.6525,236.8875,235.1625,236.9375,4.0667975
0.7628571428571428,8.451428571428572,6.331428571428572,10.691428571428572,236.92857142857142,235.71428571428572,237.5142857142857,4.590948571428571
0.77,9.2075,6.342499999999999,10.6825,236.825,235.65,237.39999999999998,4.7736575
0.755,7.78875,6.35125,10.707500000000001,237.45,236.125,237.9375,4.45011
0.755,7.85125,6.35375,10.70875,237.5,236.1375,237.975,4.460687500000001
0.74,6.228571428571429,6.367142857142857,10.707142857142857,238.22857142857146,236.52857142857144,238.24285714285716,4.107314285714286
0.74375,6.74625,6.36875,10.71125,238.1125,236.48749999999998,238.15,4.22325875
0.7700000000000001,10.464285714285714,6.39,10.755714285714285,237.75714285714284,236.95714285714286,238.68571428571428,5.079031428571429
0.7614285714285715,9.387142857142859,6.387142857142857,10.75,237.9,236.9,238.64285714285714,4.818591428571429
0.74,6.25625,6.38,10.74375,238.6,237.1875,238.7875,4.09087
0.7399999999999999,6.2749999999999995,6.39,10.770000000000001,238.9,237.4,239.1,4.1037349999999995
0.7571428571428571,7.915714285714286,6.364285714285714,10.685714285714285,237.18571428571428,236.02857142857144,237.67142857142858,4.477682857142857
0.7628571428571428,8.508571428571429,6.32,10.594285714285714,235.34285714285716,234.21428571428572,235.8714285714286,4.5782557142857145
0.7757142857142857,9.861428571428572,6.318571428571429,10.612857142857141,235.34285714285716,234.5142857142857,236.17142857142858,4.888165714285714
0.75,6.15,6.317142857142857,10.584285714285715,235.74285714285716,234.28571428571428,235.82857142857142,4.056651428571429
0.76125,7.6537500000000005,6.33125,10.608749999999999,235.95,234.5125,236.0375,4.404581250000001
0.7628571428571428,7.875714285714286,6.331428571428572,10.61,236.0142857142857,234.77142857142857,236.22857142857143,4.463795714285714
0.7799999999999999,10.34,6.34,10.61,235.69999999999996,234.9,236.5,5.01915
0.7733333333333333,9.628888888888888,6.328888888888889,10.601111111111111,235.4111111111111,234.5,236.16666666666666,4.836494444444444
0.75,9.458571428571428,6.32,10.595714285714285,235.0,234.0,235.6,4.033498571428572
0.765,8.65875,6.3062499999999995,10.56875,234.725,233.625,235.2625,4.4979425
0.7585714285714287,7.318571428571429,6.284285714285715,10.52,234.02857142857144,232.67142857142858,234.34285714285713,4.287904285714285
0.75,6.075714285714286,6.277142857142857,10.48,233.52857142857144,231.97142857142856,233.67142857142855,3.989782857142857
0.7633333333333333,7.365555555555556,6.262222222222222,10.472222222222221,232.8777777777778,231.46666666666664,233.1222222222222,4.29144111111111
0.7557142857142857,6.662857142857143,6.251428571428571,10.45142857142857,232.58571428571426,231.1142857142857,232.7,4.125034285714285
0.7675000000000001,7.095,6.235,10.39,231.3625,229.8375,231.475,4.2060625
0.76,6.0200000000000005,6.24,10.37,231.4,229.8,231.3,3.96325
0.79,10.07,6.32,10.53,233.9,233.1,234.6,4.94042
0.77,8.1975,6.28,10.45375,233.0625,231.8125,233.175,4.48231
0.7714285714285715,7.918571428571428,6.271428571428571,10.435714285714287,232.55714285714288,231.3,232.7,4.405764285714286
0.75,6.11,6.307499999999999,10.4975,234.3,232.72500000000002,234.1,4.014785
0.7614285714285715,7.201428571428572,6.282857142857144,10.472857142857142,233.4,232.0142857142857,233.4,4.261405714285714
0.7771428571428572,8.290000000000001,6.271428571428571,10.448571428571428,232.65714285714284,231.41428571428574,232.85714285714286,4.5042
0.76,6.0337499999999995,6.25125,10.41125,232.1875,230.6125,232.20000000000002,3.9846412499999997
0.77125,7.49,6.24,10.4,231.8,230.3125,231.875,4.3113825
0.76,6.035714285714286,6.24,10.392857142857142,231.9,230.14285714285714,231.67142857142858,3.9782957142857143
0.7514285714285714,6.119999999999999,6.299999999999999,10.531428571428572,234.52857142857144,232.95714285714286,234.37142857142857,4.027671428571429
0.75,6.134285714285714,6.31,10.545714285714284,234.8857142857143,233.3,234.78571428571428,4.031102857142857
0.75,6.10625,6.3,10.52375,234.51250000000002,232.85,234.39999999999998,4.03674
0.75,6.105,6.3,10.522499999999999,234.4,232.9,234.525,4.027945
0.75,6.105714285714286,6.295714285714285,10.525714285714285,234.45714285714286,232.85714285714286,234.5142857142857,4.022134285714286
0.7628571428571428,7.811428571428571,6.288571428571429,10.52,234.29999999999998,233.0,234.6,4.416945714285714
0.6771428571428572,6.011428571428572,6.29,8.715714285714286,235.20000000000002,233.64285714285714,235.6,3.259378571428571
0.7114285714285714,6.034285714285714,6.295714285714285,8.75,235.31428571428572,233.81428571428572,235.71428571428572,3.5280928571428567
0.70875,5.76125,6.29875,8.74,235.35,233.675,235.675,3.458685
0.6900000000000001,4.347142857142857,6.31,8.747142857142858,235.71428571428572,233.8857142857143,235.81428571428572,3.120984285714286
0.69,4.34,6.31,8.74375,235.8,233.9625,235.775,3.1281125000000003
0.6928571428571428,4.911428571428571,6.315714285714286,8.754285714285714,235.71428571428572,234.08571428571426,235.87142857142857,3.258454285714286
0.6950000000000001,5.335,6.305,8.7625,235.725,234.1,235.975,3.36138
0.7142857142857143,6.078571428571428,6.304285714285713,8.772857142857143,235.81428571428572,234.18571428571428,236.18571428571428,3.6697085714285715
0.7057142857142857,6.031428571428571,6.288571428571429,8.77,235.92857142857142,234.05714285714288,236.0,3.5234557142857144
0.68,4.34,6.3,8.73,235.80000000000004,233.80000000000004,235.69999999999996,3.11367
0.68125,4.34875,6.29625,8.7425,235.9,233.975,235.8125,3.11521375
0.71,5.964285714285714,6.298571428571428,8.742857142857144,235.6,233.9857142857143,235.78571428571428,3.499257142857143
0.6950000000000001,5.285,6.2825,8.725000000000001,235.07500000000002,233.55,235.325,3.32594
0.7024999999999999,5.2725,6.26875,8.71,234.75,232.975,234.9125,3.3154624999999998
0.7024999999999999,5.24,6.26,8.682500000000001,234.425,232.5,234.325,3.3086975
0.70875,5.72375,6.255,8.68375,234.2125,232.525,234.2875,3.4204475
0.70875,5.59375,6.255,8.65875,233.9375,232.2125,233.975,3.40603625
0.7124999999999999,5.6537500000000005,6.24,8.64375,233.6375,231.95,233.7125,3.4067525000000005
0.7128571428571429,5.96,6.231428571428572,8.641428571428571,233.22857142857143,231.62857142857143,233.5,3.4733071428571427
0.74125,8.5275,6.2275,8.655000000000001,232.875,231.8,233.67499999999998,4.05699
0.705,5.245,6.2275,8.63,233.375,231.675,233.525,3.30969
0.74125,7.4575,6.23,8.627500000000001,232.85,231.3875,233.1875,3.84672125
0.74,8.1425,6.24,8.645,232.725,231.47500000000002,233.125,3.9915525
0.6914285714285714,4.8028571428571425,6.2700000000000005,8.724285714285715,235.75714285714284,233.84285714285713,235.68571428571428,3.2275242857142854
0.68125,4.70125,6.2875,8.75625,236.6,234.79999999999998,236.525,3.2127262500000002
0.6925,6.635,6.31625,8.8325,237.175,235.75,237.575,3.6890987500000003
0.7075,6.303749999999999,6.327500000000001,8.8625,237.925,236.4625,238.1875,3.5988875
0.7142857142857143,6.601428571428571,6.271428571428571,8.73857142857143,235.34285714285716,233.84285714285716,235.64285714285714,3.6443100000000004
0.68,4.22,6.275714285714286,8.74,235.9,233.94285714285712,235.74285714285716,3.089588571428571
0.68,4.22,6.28,8.74,235.9,233.9,235.7,3.08877
0.68,4.22,6.28,8.74,235.9,233.9,235.7,3.08877
0.6857142857142857,4.2057142857142855,6.2542857142857144,8.74,235.34285714285716,233.41428571428574,235.41428571428574,3.084178571428571
0.69,4.2475,6.22375,8.692499999999999,234.4625,232.3625,234.55,3.08347375
0.69,4.3,6.22,8.7,234.5,232.4,234.7,3.09223
0.69,4.306666666666666,6.22,8.706666666666667,234.63333333333333,232.46666666666667,234.69999999999996,3.0868366666666667
0.70875,5.88875,6.235,8.72875,234.475,232.8,235.0375,3.4637712499999997
0.715,6.43,6.24875,8.75875,234.7375,233.275,235.5875,3.5990824999999997
0.7000000000000001,5.4142857142857155,6.247142857142857,8.752857142857142,234.95714285714286,233.20000000000002,235.5,3.360354285714286
0.72125,6.7925,6.25375,8.76625,235.0,233.4,235.7125,3.68923625
0.68,4.35,6.25,8.77,235.6,233.5,235.8,3.10179
0.7057142857142857,6.162857142857143,6.271428571428571,8.785714285714286,235.68571428571428,233.9857142857143,236.24285714285716,3.5414785714285713
0.68,4.365,6.28625,8.80125,236.45,234.475,236.7,3.1237175
0.71,6.2725,6.29125,8.82875,236.2875,234.6625,236.925,3.59050375
0.7014285714285714,6.090000000000001,6.305714285714286,8.867142857142856,237.25714285714284,235.52857142857144,237.70000000000002,3.5468742857142854
0.7014285714285714,6.175714285714285,6.315714285714286,8.882857142857144,237.21428571428572,235.58571428571432,237.81428571428572,3.5638685714285714
0.68,4.425,6.32,8.8925,237.86249999999998,235.83749999999998,238.1625,3.1515025
0.68,4.42375,6.3225,8.89,237.8875,235.95,238.15,3.15295375
0.71125,6.7975,6.3125,8.90125,237.2,235.6625,237.9375,3.7213525
0.73,8.23,6.32,8.92,237.2,236.0,238.2,4.06672
0.73,8.37,6.33,8.93,237.5,236.2,238.4,4.10545
0.685,5.4375,6.345,8.9225,238.55,236.725,238.85,3.39926125
0.67,4.452500000000001,6.351249999999999,8.91125,238.6,236.5125,238.5375,3.1661325000000002
0.69625,5.9175,6.36,8.92375,238.525,236.7125,238.8,3.5217675
0.70625,6.9575000000000005,6.60125,8.940000000000001,238.6375,236.9375,239.025,3.7824649999999997
0.69,6.43125,6.82125,8.94125,238.5125,236.7625,238.9625,3.65813625
0.6857142857142857,6.22,6.828571428571428,8.961428571428572,238.9,237.12857142857143,239.42857142857142,3.616587142857143
0.6928571428571428,6.788571428571429,6.752857142857144,8.795714285714284,235.9,234.1,236.28571428571428,3.5837728571428573
0.67,4.36,6.745,8.774999999999999,236.0,233.85000000000002,236.1,3.147525
0.6925,5.78625,6.7524999999999995,8.78875,236.025,234.175,236.46249999999998,3.4914275
0.6957142857142857,6.0528571428571425,6.764285714285713,8.814285714285715,236.41428571428574,234.6857142857143,236.81428571428572,3.554248571428571
0.6925,5.93375,6.7775,8.8275,236.9,235.11249999999998,237.275,3.5302825
0.67,4.4071428571428575,6.78,8.82,237.27142857142857,235.1285714285714,237.18571428571428,3.162264285714286
0.66625,4.4325,6.79125,8.8575,237.75,235.775,237.775,3.16956625
0.72,8.3,6.81,8.9,237.6,236.3,238.3,4.11732
0.6975,7.0375000000000005,6.8125,8.89625,237.825,236.3875,238.4125,3.79667125
0.6771428571428572,5.682857142857143,6.82,8.9,238.5,236.71428571428572,238.72857142857146,3.476902857142857
0.66,4.477142857142858,6.837142857142857,8.934285714285714,239.21428571428572,237.4,239.4,3.1974742857142857
0.6642857142857144,5.8428571428571425,6.8185714285714285,8.892857142857142,239.17142857142858,237.02857142857144,238.94285714285712,3.170792857142857
0.73,8.2225,6.76,8.768749999999999,235.25,234.04999999999998,235.975,4.05926875
0.6871428571428572,5.494285714285715,6.76,8.73857142857143,235.32857142857142,233.7,235.65714285714284,3.41022
0.67,4.34,6.76,8.73,235.5,233.7,235.6,3.13652
0.67,4.3549999999999995,6.760000000000001,8.75,235.75,233.89999999999998,235.95000000000002,3.14699
0.685,5.375,6.762499999999999,8.77,235.85,234.15,236.275,3.390695
0.7299999999999999,8.447142857142858,6.764285714285713,8.77,235.31428571428572,234.1857142857143,236.1142857142857,4.104102857142857
0.6787500000000001,4.90375,6.7575,8.774999999999999,236.0625,234.20000000000002,236.025,3.27267125
0.6750000000000002,4.3500000000000005,6.75,8.74,235.45000000000002,233.70000000000002,235.54999999999998,3.124155
0.67,4.344285714285713,6.7457142857142856,8.73857142857143,235.3857142857143,233.54285714285714,235.52857142857144,3.127255714285714
0.67,4.925714285714285,6.741428571428571,8.752857142857142,235.42857142857142,233.62857142857143,235.71428571428572,3.2650657142857145
0.7042857142857143,6.685714285714286,6.742857142857143,8.735714285714286,234.97142857142856,233.44285714285715,235.4714285714286,3.68475
0.6885714285714286,5.5600000000000005,6.735714285714287,8.70857142857143,234.55714285714288,233.05714285714288,234.97142857142856,3.40374
0.68,5.91857142857143,6.741428571428571,8.705714285714285,234.64285714285714,233.15714285714284,234.91428571428574,3.192772857142857
0.68,4.32,6.735714285714287,8.68142857142857,234.55714285714288,232.58571428571426,234.68571428571428,3.1249399999999996
0.7014285714285714,6.09857142857143,6.747142857142857,8.687142857142856,234.52857142857144,232.92857142857142,234.65714285714284,3.5420314285714283
0.68,4.29125,6.7175,8.635,233.725,231.825,233.5625,3.10826375
0.68,4.28,6.71,8.62,233.5,231.6,233.3,3.10175
0.68,4.28,6.71,8.62,233.5,231.6,233.3,3.10175
0.7299999999999999,4.34,6.76,8.71,235.0,233.2,235.0,3.12585
0.7157142857142856,5.918571428571428,6.74,8.69,234.24285714285716,232.7,234.55714285714288,3.5009971428571425
0.7050000000000001,6.2225,6.71625,8.65,233.325,231.9,233.85,3.5665625
0.71,6.2749999999999995,6.71,8.63,233.10000000000002,231.5,233.45000000000002,3.5771349999999997
0.68,4.27,6.7,8.62,233.3,231.3,233.3,3.10858
0.7028571428571428,5.908571428571428,6.7128571428571435,8.651428571428571,233.2571428571429,231.70000000000002,233.6,3.496901428571429
0.6737500000000001,4.335,6.75,8.735,235.2,233.65,235.39999999999998,3.13826625
0.68,4.32,6.7457142857142856,8.705714285714285,235.05714285714288,233.28571428571428,235.05714285714288,3.1277114285714283
0.7157142857142856,7.034285714285714,6.757142857142857,8.717142857142857,234.8142857142857,233.27142857142857,235.17142857142855,3.7788600000000003
0.7157142857142856,7.1014285714285705,6.757142857142857,8.732857142857144,234.8857142857143,233.47142857142856,235.35714285714286,3.7997285714285716
0.72375,7.92625,6.74125,8.72875,234.7625,233.475,235.3,3.96927625
0.7014285714285714,6.085714285714286,6.7457142857142856,8.718571428571428,234.98571428571427,233.3857142857143,235.12857142857143,3.5424714285714285
0.68,4.32,6.75,8.71,235.2,233.3,235.0,3.13382
0.6714285714285715,4.328571428571428,6.74,8.72,235.47142857142856,233.67142857142855,235.65714285714284,3.1441142857142856
0.6785714285714286,4.322857142857143,6.742857142857143,8.721428571428572,235.3714285714286,233.55714285714288,235.44285714285712,3.135391428571429
0.67,4.34375,6.76,8.73375,235.725,233.8625,235.7,3.14059
0.68,4.34,6.76,8.73,235.5,233.7,235.6,3.1316200000000003
0.6957142857142857,5.9957142857142856,6.771428571428571,8.74,235.55714285714288,234.24285714285716,235.8857142857143,3.5436971428571433
0.6957142857142857,6.078571428571428,6.78,8.741428571428571,235.47142857142856,234.15714285714284,235.68571428571428,3.542504285714286
0.67,4.33,6.78,8.72,235.7,233.9,235.4,3.14461
0.67,4.33875,6.7625,8.72,235.35000000000002,233.6375,235.225,3.1299537500000003
0.7042857142857143,6.522857142857142,6.76,8.725714285714286,234.9,233.6,235.31428571428572,3.650757142857143
0.7228571428571428,7.704285714285715,6.752857142857143,8.718571428571428,234.9,233.6142857142857,235.3857142857143,3.9331414285714286
0.7175,7.42,6.7425,8.6975,234.3,233.05,234.85,3.8458875000000003
0.68,4.3,6.734285714285714,8.68,234.4857142857143,232.8857142857143,234.54285714285714,3.119447142857143
0.68,4.298571428571429,6.7371428571428575,8.67,234.2,232.6,234.31428571428572,3.113644285714286
0.7085714285714285,6.525714285714286,6.732857142857143,8.677142857142856,234.08571428571426,232.82857142857142,234.5,3.650614285714286
0.7157142857142856,7.235714285714286,6.722857142857143,8.68,233.95714285714283,232.78571428571428,234.55714285714288,3.80935
0.7299999999999999,8.41,6.72,8.68,233.7,232.7,234.5,4.07829
0.7014285714285714,5.914285714285714,6.715714285714285,8.66,233.79999999999998,232.3857142857143,234.08571428571426,3.4854142857142856
0.71125,6.7975,6.6987499999999995,8.635,233.3375,232.075,233.75,3.69135625
0.7157142857142856,7.252857142857143,6.702857142857143,8.651428571428571,233.4,232.24285714285716,233.97142857142856,3.79333
0.68,4.268571428571428,6.6971428571428575,8.635714285714286,233.4857142857143,231.77142857142857,233.65714285714284,3.092908571428571
0.69875,5.8375,6.69375,8.6325,233.275,231.8625,233.625,3.44743375
0.7157142857142856,7.2700000000000005,6.69,8.64,233.21428571428572,231.97142857142856,233.77142857142857,3.77971
0.6942857142857143,5.477142857142858,6.6971428571428575,8.65,233.68571428571428,232.22857142857143,234.02857142857144,3.374038571428571
0.7050000000000001,6.1850000000000005,6.68625,8.64375,233.63750000000002,232.2,234.1375,3.5502825
0.7299999999999999,8.375714285714286,6.694285714285714,8.664285714285715,233.32857142857145,232.34285714285716,234.2,4.040039999999999
0.6942857142857143,5.49,6.7,8.655714285714286,233.87142857142857,232.32857142857145,234.27142857142857,3.38091
0.69875,5.731249999999999,6.705,8.66375,234.075,232.6875,234.5,3.4491625
0.7000000000000001,6.032857142857142,6.704285714285715,8.662857142857144,233.85714285714286,232.32857142857142,234.04285714285714,3.50942
0.6771428571428572,4.295714285714285,6.7,8.667142857142858,234.34285714285716,232.5,234.29999999999998,3.1095657142857145
0.68,4.297142857142857,6.7057142857142855,8.68,234.32857142857142,232.47142857142856,234.28571428571428,3.102367142857143
0.68,4.295714285714285,6.708571428571429,8.682857142857143,234.21428571428572,232.3857142857143,234.42857142857142,3.1101042857142858
0.6725000000000001,4.31625,6.715,8.717500000000001,234.7375,232.9,234.8375,3.1167350000000003
0.7042857142857143,6.684285714285714,6.72,8.75,234.75714285714284,233.25714285714284,235.3857142857143,3.6821842857142855
0.68,4.33,6.72,8.74,235.1,233.2,235.4,3.1243900000000004
0.68,4.33,6.72,8.74,235.1,233.2,235.4,3.1243900000000004
0.6950000000000001,5.78125,6.73125,8.74375,235.0625,233.4625,235.55,3.47467375
0.67,4.33,6.73,8.75,235.4,233.5,235.6,3.1287
0.67,4.335714285714286,6.738571428571428,8.76142857142857,235.62857142857143,233.75714285714284,235.79999999999998,3.1334685714285713
0.67,4.35,6.7425,8.78125,236.025,234.05,236.0375,3.1393874999999998
0.7075,6.885,6.75625,8.805,236.075,234.6125,236.55,3.74450375
0.7042857142857143,6.677142857142857,6.768571428571429,8.832857142857142,236.3857142857143,234.8857142857143,236.91428571428568,3.700074285714286
0.67,4.397142857142858,6.78,8.867142857142857,237.28571428571428,235.3857142857143,237.67142857142858,3.1639042857142856
0.6914285714285714,6.652857142857143,6.79,8.9,237.41428571428574,235.91428571428568,238.21428571428572,3.7191114285714284
0.67875,5.50125,6.78125,8.891250000000001,237.7125,235.6375,238.025,3.43278
0.72,8.73,6.8,8.91,237.6,236.2,238.4,4.19085
0.675,4.967499999999999,6.79,8.883750000000001,237.825,235.85,237.9375,3.30500625
0.6657142857142857,4.407142857142857,6.768571428571429,8.851428571428572,237.31428571428572,234.97142857142856,237.35714285714286,3.172202857142857
0.67,4.39,6.76,8.83,237.1,234.8,237.1,3.1567699999999994
0.7000000000000001,6.698333333333333,6.786666666666666,8.886666666666667,237.48333333333335,235.70000000000002,238.0,3.7017216666666664
0.67,4.418571428571428,6.792857142857143,8.87142857142857,237.77142857142854,235.5,237.87142857142857,3.179254285714286
0.67,4.42875,6.7825,8.88375,237.89999999999998,235.725,238.0875,3.1782325
0.6985714285714285,6.771428571428571,6.8,8.915714285714285,237.9,236.27142857142857,238.45714285714286,3.7393442857142856
0.6771428571428572,5.104285714285715,6.814285714285715,8.92,238.6142857142857,236.5,238.64285714285714,3.3405142857142858
0.6857142857142857,5.784285714285715,6.835714285714286,8.965714285714286,239.15714285714284,237.22857142857146,239.34285714285716,3.6570285714285715
0.6657142857142857,4.4157142857142855,6.7871428571428565,8.862857142857143,237.45714285714286,235.32857142857142,237.5142857142857,3.172702857142857
0.6757142857142858,4.335714285714286,6.738571428571428,8.748571428571429,235.34285714285716,233.21428571428572,235.3857142857143,3.141375714285714
0.67,4.3462499999999995,6.73,8.75625,235.3625,233.3875,235.5875,3.1339
0.6957142857142857,6.1642857142857155,6.7542857142857144,8.787142857142857,235.64285714285714,233.92857142857142,236.12857142857143,3.5678742857142858
0.67,4.371428571428572,6.751428571428571,8.801428571428572,236.21428571428572,234.21428571428572,236.47142857142856,3.1490942857142854
0.67,4.36,6.739999999999999,8.77,235.65,233.6,235.89999999999998,3.146355
0.67,4.924285714285714,6.757142857142857,8.788571428571428,236.09999999999997,234.31428571428572,236.41428571428574,3.14277
0.6957142857142857,6.05,6.771428571428571,8.817142857142857,236.37142857142857,234.77142857142857,236.91428571428574,3.5565585714285715
0.7128571428571429,7.421428571428572,6.7871428571428565,8.85142857142857,236.8857142857143,235.48571428571427,237.65714285714287,3.8867871428571426
0.7075,7.055000000000001,6.797499999999999,8.86375,237.2125,235.7125,237.875,3.79936375
0.67,4.44,6.81,8.87,238.0,235.9,237.7,3.17132
0.6685714285714287,4.441428571428572,6.81,8.874285714285714,238.04285714285714,235.95714285714286,237.78571428571428,3.172402857142857
0.66,4.45,6.823333333333333,8.9,238.5,236.4333333333333,238.5,3.1796733333333336
0.66,4.465714285714285,6.831428571428572,8.92,238.65714285714284,236.71428571428572,238.71428571428572,3.1852157142857145
0.66,4.4725,6.8375,8.925,238.85,236.875,238.9125,3.187805
0.66,4.48,6.83,8.93142857142857,239.0142857142857,236.91428571428574,238.92857142857142,3.188458571428572
0.66,4.48,6.83,8.93,239.0,236.9,238.9,3.1879200000000005
0.67,4.37,6.75,8.76,235.9,233.9,235.8,3.13977
0.6728571428571428,4.361428571428571,6.75,8.751428571428571,235.70000000000002,233.72857142857146,235.65714285714287,3.1382614285714285
0.6950000000000001,5.8325,6.75,8.7525,235.3125,233.6375,235.7125,3.49409625
0.7042857142857143,6.882857142857142,6.751428571428571,8.757142857142856,235.12857142857143,233.68571428571428,235.65714285714284,3.721745714285714
0.6957142857142857,6.25,6.748571428571429,8.75,235.18571428571428,233.6142857142857,235.5142857142857,3.575932857142857
0.67,4.33,6.74,8.72,235.1,233.1,235.0,3.13231
0.6871428571428572,6.1814285714285715,6.744285714285715,8.741428571428571,235.1,233.44285714285712,235.3857142857143,3.5671942857142858
0.7299999999999999,8.65,6.75,8.77,235.1,233.9,235.9,4.14704
0.67,4.357142857142857,6.75,8.754285714285714,235.84285714285716,233.95714285714286,235.94285714285712,3.1367228571428574
0.6742857142857144,4.345714285714285,6.755714285714285,8.725714285714286,235.6142857142857,233.75714285714284,235.71428571428572,3.135534285714286
0.67,4.3462499999999995,6.76375,8.72625,235.6625,233.8,235.7625,3.13657625
0.67,4.346666666666667,6.766666666666666,8.73,235.70000000000002,233.9,235.73333333333335,3.1382333333333334
0.6775,4.3525,6.76875,8.725000000000001,235.7625,233.8625,235.5625,3.14491125
0.6714285714285715,4.3585714285714285,6.768571428571428,8.727142857142857,235.95714285714286,233.95714285714286,235.64285714285714,3.1456799999999996
0.68,4.347142857142857,6.76,8.71,235.6142857142857,233.67142857142855,235.3,3.142717142857143
0.68,4.331428571428572,6.751428571428571,8.70142857142857,235.05714285714288,233.25714285714284,235.04285714285714,3.1332400000000002
0.68,4.33,6.75,8.7,235.0,233.2,235.0,3.13327
0.68,4.312857142857142,6.738571428571428,8.687142857142858,234.70000000000002,232.84285714285716,234.74285714285716,3.135132857142857
0.68,4.3,6.7299999999999995,8.675714285714285,234.25714285714284,232.45714285714286,234.47142857142856,3.12091
0.68,4.278571428571428,6.722857142857143,8.65857142857143,234.01428571428573,232.14285714285714,234.1,3.1208014285714287
0.68,4.262499999999999,6.7125,8.6275,233.45000000000002,231.625,233.525,3.1151524999999998
0.7057142857142857,6.094285714285713,6.701428571428572,8.615714285714285,232.65714285714287,231.15714285714284,233.0142857142857,3.5273057142857143
0.69,4.23,6.67875,8.5875,232.0125,230.28750000000002,232.2,3.09414875
0.6928571428571428,5.381428571428572,6.738571428571428,8.70142857142857,234.28571428571428,232.55714285714288,234.6,3.379507142857143
0.7299999999999999,8.15,6.7628571428571425,8.762857142857142,234.8857142857143,233.67142857142858,235.64285714285714,4.05074
0.6785714285714286,4.898571428571429,6.761428571428572,8.735714285714286,235.52857142857144,233.75714285714284,235.65714285714284,3.2798071428571425
0.68,4.335,6.7475000000000005,8.731250000000001,235.4125,233.5625,235.4125,3.1452275
0.6737500000000001,4.3462499999999995,6.76,8.74375,235.5625,233.825,235.725,3.145605
0.6787500000000001,4.3375,6.75625,8.7325,235.4375,233.65,235.55,3.1420625
0.7085714285714285,5.981428571428571,6.767142857142857,8.75,235.65714285714284,234.15714285714284,235.9857142857143,3.6710085714285716
0.7042857142857143,6.597142857142856,6.761428571428572,8.748571428571429,235.28571428571428,233.94285714285712,235.82857142857142,3.679954285714286
0.73,8.29,6.77,8.77,235.2,234.2,236.0,4.08879
0.7042857142857143,6.549999999999999,6.757142857142857,8.752857142857142,235.32857142857142,233.87142857142857,235.72857142857143,3.67515
0.685,5.31125,6.74375,8.7325,235.3,233.625,235.425,3.36510125
0.7299999999999999,8.21,6.74,8.74,234.7,233.4,235.2,4.06043
0.7,6.2575,6.70875,8.69625,234.4,232.75,234.55,3.5735462499999997
0.7299999999999999,8.19,6.71,8.69,233.9,232.6,234.4,4.0267
0.7050000000000001,5.75875,6.69125,8.67125,234.15,232.6,234.4,3.4568062499999996
0.68,4.295714285714285,6.68,8.651428571428571,233.94285714285712,231.94285714285712,233.87142857142857,3.0986285714285713
0.69875,5.891249999999999,6.67125,8.63625,233.4125,231.7875,233.7,3.464195
0.71125,6.60375,6.67625,8.6225,233.0625,231.6875,233.4,3.6425037500000004
0.7128571428571429,6.45,6.684285714285714,8.625714285714286,232.79999999999998,231.45714285714286,233.4,3.614458571428571
0.7085714285714285,6.655714285714287,6.675714285714285,8.627142857142857,232.57142857142858,231.22857142857143,233.12857142857143,3.640848571428571
0.68,4.2425,6.66625,8.59125,232.6875,230.8125,232.6375,3.082245
0.71,6.2524999999999995,6.672499999999999,8.6,232.5375,231.125,232.8625,3.5574025
0.74,7.591428571428572,6.668571428571428,8.598571428571429,232.18571428571428,230.95714285714286,232.78571428571428,3.8643428571428573
0.68,4.238571428571428,6.655714285714287,8.587142857142856,232.58571428571426,230.59999999999997,232.59999999999997,3.0723757142857138
0.7266666666666667,7.224444444444444,6.637777777777777,8.57,231.66666666666666,230.07777777777775,232.07777777777775,3.7868199999999996
0.69125,4.71,6.64,8.57875,232.1625,230.3125,232.4,3.19146375
0.67,4.355714285714286,6.727142857142858,8.747142857142858,235.5,233.37142857142857,235.54285714285714,3.1298500000000002
0.67,4.3525,6.73,8.7525,235.575,233.7,235.8,3.1321225
0.6957142857142857,6.102857142857142,6.717142857142858,8.747142857142858,235.20000000000002,233.57142857142858,235.52857142857144,3.5342257142857143
0.67,4.33,6.71,8.73,235.3,233.3,235.2,3.11493
0.67,4.36,6.74,8.75,236.0,234.2,235.9,3.1235
0.67,4.357142857142857,6.74,8.752857142857142,236.02857142857144,234.2,235.92857142857142,3.123422857142857
0.67,4.345714285714285,6.735714285714287,8.751428571428571,235.8857142857143,234.02857142857144,235.91428571428574,3.1279185714285718
0.67,4.3566666666666665,6.73,8.762222222222222,235.82222222222222,234.0777777777778,236.13333333333335,3.1322755555555557
0.67,4.348333333333334,6.726666666666667,8.763333333333334,235.6833333333333,233.8166666666667,235.95000000000002,3.1312416666666665
0.67,4.32,6.72,8.7375,235.2,233.15,235.27499999999998,3.1220274999999997
0.68,4.3,6.7,8.72,234.6,232.6,234.9,3.11281
0.67,4.34,6.7225,8.77,235.4,233.425,235.77499999999998,3.1278925
0.67,4.3475,6.733750000000001,8.78125,235.85,233.875,236.15,3.13228
0.67,4.35375,6.733750000000001,8.79375,235.9125,233.875,236.2125,3.12969875
0.67,4.35,6.733750000000001,8.7975,235.8,233.8375,236.2125,3.1344275
0.6957142857142857,6.214285714285714,6.7371428571428575,8.791428571428572,235.25714285714284,233.74285714285716,236.04285714285714,3.568427142857143
0.67,4.354285714285714,6.731428571428571,8.804285714285715,235.74285714285716,233.79999999999998,236.14285714285714,3.140792857142857
0.67,4.35,6.739999999999999,8.8,235.69999999999996,233.80000000000004,236.1,3.13373
0.7075,6.875,6.74,8.80625,235.6375,234.1125,236.35,3.73187375
0.73,8.39,6.74,8.81,235.6,234.3,236.5,4.09076
0.67,4.4125,6.77875,8.875,237.625,235.4625,237.7625,3.1776287500000002
0.68875,5.901249999999999,6.78125,8.88625,237.4875,235.65,237.9,3.53777875
0.67,4.425714285714285,6.785714285714286,8.884285714285715,237.74285714285716,235.8,238.0,3.1813142857142855
0.67,4.422499999999999,6.79,8.887500000000001,237.8125,235.9125,238.0,3.17959625
0.67,4.43,6.79875,8.89875,238.1125,236.1625,238.35,3.18181375
0.6950000000000001,6.555,6.8125,8.9125,237.775,236.3,238.35,3.6861749999999995
0.6657142857142857,4.457142857142857,6.825714285714286,8.922857142857143,238.68571428571428,236.72857142857143,238.85714285714286,3.1920257142857147
0.665,4.44625,6.81625,8.91375,238.55,236.7,238.8,3.19119375
0.7033333333333333,7.080000000000001,6.81,8.896666666666667,237.5333333333333,236.1,238.20000000000002,3.8137966666666663
0.7033333333333334,7.286666666666666,6.826666666666666,8.933333333333334,238.16666666666666,236.76666666666668,238.86666666666667,3.8673233333333332
0.6942857142857143,6.427142857142857,6.844285714285713,8.968571428571428,239.0,237.42857142857142,239.52857142857144,3.6569485714285714
0.67,4.3637500000000005,6.76,8.78,236.1625,234.3375,236.3875,3.1539125
0.67,4.381428571428571,6.774285714285715,8.801428571428572,236.71428571428572,234.81428571428572,236.84285714285716,3.1622657142857142
0.67,4.4,6.785,8.825,237.0,235.10000000000002,237.15,3.16434
0.67,4.42,6.801428571428572,8.86,237.6,235.78571428571428,237.78571428571428,3.1727142857142856
0.685,5.385,6.81125,8.86,237.4625,235.9125,237.9,3.4105475
0.7042857142857143,6.6257142857142854,6.795714285714285,8.855714285714285,236.94285714285712,235.54285714285714,237.64285714285714,3.7073514285714286
0.67,4.4157142857142855,6.7942857142857145,8.84142857142857,237.31428571428572,235.47142857142856,237.44285714285712,3.17242
0.67,4.425714285714285,6.7871428571428565,8.862857142857143,237.5,235.6,237.58571428571426,3.176522857142857
0.67,4.438571428571429,6.808571428571428,8.892857142857142,238.14285714285714,236.20000000000002,238.4,3.191372857142857
0.67,4.45,6.82,8.904285714285715,238.6,236.6,238.74285714285716,3.1883157142857144
0.67,4.444285714285715,6.82,8.9,238.34285714285716,236.4,238.5142857142857,3.184134285714286
0.6671428571428571,4.448571428571428,6.82,8.911428571428571,238.3857142857143,236.51428571428573,238.68571428571428,3.18739
0.66,4.47,6.822857142857144,8.937142857142856,238.54285714285714,236.74285714285716,238.84285714285716,3.1916257142857143
0.66,4.461666666666667,6.821666666666666,8.913333333333334,238.48333333333335,236.6833333333333,238.69999999999996,3.19229
0.66,4.46,6.82,8.918571428571429,238.41428571428574,236.7,238.7,3.1880585714285714
0.6857142857142857,6.191428571428572,6.832857142857143,8.928571428571429,238.4,236.87142857142857,238.82857142857142,3.6119957142857144
0.66,4.48,6.85,8.934285714285714,239.14285714285714,237.34285714285716,239.3857142857143,3.1995871428571427
0.66,4.48,6.848571428571428,8.937142857142856,239.1285714285714,237.28571428571428,239.32857142857142,3.2057114285714285
0.66,4.467142857142857,6.839999999999999,8.914285714285715,238.78571428571428,237.04285714285714,239.0,3.1912328571428574
0.66,4.47,6.839999999999999,8.927142857142856,238.77142857142857,236.97142857142856,239.0,3.1958414285714283
0.6628571428571429,4.458571428571428,6.8342857142857145,8.91,238.51428571428573,236.68571428571428,238.65714285714284,3.1915642857142856
0.67,4.43,6.8116666666666665,8.86,237.63333333333333,235.73333333333332,237.63333333333333,3.1751166666666664
0.67,4.421428571428572,6.801428571428572,8.855714285714285,237.3857142857143,235.48571428571427,237.3857142857143,3.168342857142857
0.67,4.3999999999999995,6.786666666666666,8.836666666666666,236.9333333333333,235.0666666666667,237.03333333333333,3.159996666666667
0.67,4.38,6.78,8.81,236.6,234.8,236.9,3.16079
0.67,4.357142857142857,6.774285714285715,8.781428571428572,236.02857142857144,234.34285714285716,236.3857142857143,3.152298571428571
0.6714285714285715,4.337142857142857,6.767142857142857,8.752857142857142,235.5142857142857,233.84285714285716,235.82857142857142,3.1445585714285715
0.68,4.32,6.742857142857143,8.71,234.92857142857142,232.97142857142856,234.72857142857143,3.125208571428572
0.68,4.3462499999999995,6.7575,8.73625,235.6,233.70000000000002,235.3125,3.1405087500000004
0.7050000000000001,6.305,6.75,8.715,234.69999999999996,233.20000000000002,234.95000000000002,3.597845
0.68,4.284285714285715,6.734285714285714,8.64,233.9,232.0,233.74285714285716,3.1247728571428572
0.74,8.26,6.7,8.61,232.1,230.9,232.8,4.04156
0.7333333333333334,8.513333333333334,6.713333333333334,8.643333333333333,232.76666666666665,231.63333333333333,233.4666666666667,4.086013333333334
0.68,4.285,6.7275,8.64,233.6,231.9,233.55,3.1198475
0.68,4.267142857142857,6.717142857142856,8.62857142857143,233.24285714285716,231.42857142857142,233.22857142857146,3.113657142857143
0.6883333333333334,4.251666666666666,6.701666666666667,8.591666666666667,232.6833333333333,230.83333333333334,232.71666666666667,3.101858333333333
0.69,4.25125,6.69625,8.585,232.4375,230.6125,232.5125,3.0990525
0.6900000000000001,4.22,6.67,8.538571428571428,231.18571428571428,229.24285714285716,231.08571428571426,3.0835214285714287
0.6842857142857143,4.235714285714286,6.698571428571428,8.592857142857143,232.47142857142856,230.57142857142858,232.37142857142857,3.1033014285714287
0.67,4.39,6.7700000000000005,8.752857142857142,235.94285714285712,234.04285714285714,235.8857142857143,3.155871428571429
0.7300000000000001,5.9557142857142855,6.7871428571428565,10.337142857142856,235.4857142857143,234.0142857142857,235.57142857142858,3.9548185714285715
0.74,6.171428571428572,6.772857142857142,10.554285714285713,235.05714285714288,233.6,235.15714285714284,4.0739
0.7625,9.165,6.775,10.557500000000001,234.5,233.675,235.275,4.759130000000001
0.7700000000000001,10.225714285714286,6.775714285714286,10.561428571428573,234.35714285714286,233.67142857142858,235.27142857142857,4.999692857142857
0.77,10.3,6.77,10.55,234.3,233.5,235.1,5.01087
0.735,6.3225,6.75375,10.4925,234.4375,232.8125,234.375,4.08114375
0.77,9.83,6.74,10.52,233.7,232.8,234.4,4.87983
0.7700000000000001,10.122857142857143,6.761428571428572,10.534285714285714,234.12857142857143,233.22857142857146,234.82857142857142,4.930758571428571
0.735,6.3525,6.76875,10.54625,235.0625,233.58749999999998,235.15,4.0756925
0.7357142857142858,6.437142857142858,6.761428571428572,10.545714285714284,234.95714285714286,233.5,235.12857142857143,4.100861428571428
0.7414285714285713,7.082857142857143,6.767142857142857,10.551428571428572,235.0142857142857,233.62857142857143,235.1142857142857,4.245391428571429
0.7299999999999999,5.791428571428571,6.761428571428572,10.535714285714286,235.0285714285714,233.32857142857142,234.97142857142856,3.951021428571429
0.73,5.795,6.75,10.52625,235.1,233.35,234.9625,3.9506425000000003
0.73,5.7825,6.7524999999999995,10.515,234.725,233.025,234.625,3.9386224999999997
0.7299999999999999,5.775714285714286,6.752857142857143,10.515714285714285,234.58571428571426,232.8857142857143,234.4857142857143,3.9369014285714283
0.73125,5.797499999999999,6.74625,10.504999999999999,234.45,232.75,234.3375,3.9461825
0.74,5.984285714285714,6.722857142857143,10.475714285714286,234.20000000000002,232.4857142857143,233.97142857142856,4.00464
0.74,5.998749999999999,6.7475000000000005,10.5175,234.9125,233.225,234.6625,4.01939625
0.74,6.0200000000000005,6.76,10.53,235.2,233.6,235.1,4.02733
0.7000000000000001,4.9799999999999995,6.748571428571429,9.501428571428573,235.2,233.54285714285714,235.21428571428572,3.5054900000000004
0.67,4.2,6.74,8.73,235.2,233.5,235.3,3.11411
0.67,4.267142857142857,6.75,8.751428571428571,235.62857142857143,233.77142857142857,235.72857142857143,3.124228571428571
0.67,4.35,6.76,8.75,235.7,234.0,235.9,3.13076
0.6925,5.73375,6.75625,8.75,235.475,234.0,235.8625,3.4644762499999997
0.6925,5.8475,6.75625,8.76,235.70000000000002,234.2125,236.01250000000002,3.49426125
0.685,5.3149999999999995,6.7675,8.7525,235.70000000000002,233.975,235.75,3.3627125
0.7000000000000001,6.444285714285714,6.76,8.76,235.6142857142857,234.1142857142857,235.81428571428572,3.625657142857143
0.7112499999999999,7.46875,6.766249999999999,8.77625,235.75,234.375,235.9875,3.8532237499999997
0.65,4.115555555555556,6.81,8.827777777777778,237.7444444444444,235.76666666666668,237.4888888888889,3.05224
0.6771428571428572,5.721428571428571,6.812857142857142,8.870000000000001,237.84285714285716,236.31428571428572,238.12857142857143,3.459272857142857
0.6825,5.925,6.7425,8.73,235.0,233.425,235.275,3.4783025
0.6775,5.5325,6.77875,8.8025,236.4125,234.8125,236.7,3.3888862499999997
0.6514285714285715,4.102857142857143,6.784285714285715,8.827142857142857,237.27142857142857,235.37142857142857,237.35714285714286,3.0483557142857145
0.66,4.06,6.75375,8.7575,235.9375,234.0375,235.975,3.0260325000000003
0.72,7.71,6.77,8.8,235.6,234.4,236.4,3.93351
0.6975,6.52125,6.75875,8.7925,235.67499999999998,234.25,236.325,3.6172612500000003
0.69,6.11375,6.74625,8.78125,235.39999999999998,233.86249999999998,236.0125,3.50466125
0.66,4.03,6.75,8.77,235.3,233.4,235.6,3.02545
0.6825,5.4887500000000005,6.75,8.77375,235.3,233.55,235.75,3.3811825
0.68,5.401111111111111,6.745555555555556,8.774444444444445,235.39999999999998,233.66666666666666,235.83333333333334,3.354033333333333
0.66,4.0375,6.72625,8.7525,235.3375,233.1375,235.4625,3.02442
0.7,6.489999999999999,6.746666666666666,8.79,235.33333333333334,233.73333333333332,235.86666666666667,3.6318466666666662
0.7000000000000001,6.483333333333333,6.75,8.786666666666667,235.29999999999998,233.70000000000002,235.9333333333333,3.63163
0.66,4.03,6.75,8.76,235.5,233.5,235.8,3.02543
0.6933333333333334,6.181111111111111,6.768888888888888,8.835555555555555,236.2555555555556,234.5777777777778,236.73333333333332,3.564231111111111
0.6857142857142857,5.798571428571429,6.785714285714286,8.87,237.18571428571428,235.34285714285716,237.57142857142858,3.4728542857142863
0.6675,5.1275,6.79875,8.877500000000001,237.5625,235.65,237.8125,3.3029025
0.65,4.53375,6.8149999999999995,8.8925,238.1875,236.1125,238.2875,3.07166
0.6675,5.8725000000000005,6.8125,8.915,238.3,236.5,238.65,3.3114999999999997
0.68875,6.53,6.825,8.942499999999999,238.5,236.6375,238.7875,3.6695374999999997
0.7014285714285714,7.488571428571428,6.835714285714286,8.954285714285714,238.5142857142857,236.92857142857142,239.07142857142858,3.904762857142857
0.65,4.18,6.84,8.95,239.2,237.1,239.2,3.08452
0.7122222222222222,7.860000000000001,6.777777777777778,8.816666666666668,236.08888888888885,234.61111111111111,236.79999999999998,3.9475599999999997
0.7028571428571428,6.844285714285715,6.767142857142857,8.79857142857143,235.71428571428572,234.1,236.15714285714284,3.7144914285714283
0.6825,5.4775,6.7725,8.805,236.05,234.32500000000002,236.3125,3.38913375
0.6675,4.5600000000000005,6.771249999999999,8.801250000000001,236.14999999999998,234.3125,236.225,3.1581875
0.6825,5.52625,6.77375,8.81,236.2375,234.4,236.525,3.402965
0.675,5.03,6.79875,8.85375,236.9625,235.1125,237.2,3.2833975
0.6771428571428572,5.168571428571428,6.795714285714285,8.865714285714287,236.91428571428574,235.22857142857143,237.42857142857142,3.3260528571428574
0.68625,5.6425,6.82375,8.89,237.675,236.1125,238.1375,3.4393362499999998
0.65,4.1450000000000005,6.82125,8.88625,238.0875,236.1,238.1,3.07537125
0.65,4.134285714285714,6.814285714285715,8.874285714285714,237.81428571428572,235.79999999999998,237.92857142857142,3.0701071428571427
0.6799999999999999,6.015,6.83,8.905000000000001,237.9,236.35,238.39999999999998,3.55187
0.71,7.89,6.84,8.92,237.80000000000004,236.6,238.6,4.02098
0.6928571428571428,6.827142857142857,6.839999999999999,8.917142857142858,238.05714285714288,236.65714285714284,238.68571428571428,3.75382
0.65,4.17,6.84,8.91,238.6875,236.775,238.8625,3.0840475
0.6928571428571428,6.87,6.854285714285715,8.938571428571427,238.24285714285716,236.8857142857143,238.8857142857143,3.757082857142857
0.6928571428571428,6.867142857142857,6.851428571428571,8.932857142857143,238.15714285714284,236.79999999999998,238.77142857142857,3.7561228571428567
0.71,4.125714285714286,6.812857142857142,8.83,237.44285714285715,235.1,236.91428571428568,3.7579057142857146
0.6587500000000001,4.15875,6.845,8.885,238.05,236.175,237.8875,3.1809225
0.65,4.16,6.85,8.89,238.5,236.7,238.4,3.07291
0.65,4.168571428571428,6.858571428571429,8.907142857142857,238.67142857142855,236.95714285714286,238.74285714285716,3.0872242857142855
0.6966666666666667,7.351111111111111,6.867777777777778,8.94111111111111,238.46666666666664,237.31111111111113,239.03333333333336,3.8578833333333336
0.6928571428571428,7.094285714285713,6.87,8.938571428571427,238.65714285714287,237.3714285714286,239.0142857142857,3.7969157142857144
0.6842857142857143,6.285714285714286,6.867142857142857,8.918571428571429,238.44285714285712,237.0142857142857,238.6,3.6140242857142857
0.65,4.17,6.86,8.9,238.7,236.9,238.5,3.0785000000000005
0.6842857142857143,5.8742857142857146,6.838571428571428,8.88857142857143,237.8857142857143,236.3857142857143,238.22857142857143,3.4908714285714284
0.65,4.15,6.839999999999999,8.88,238.3,236.5,238.2,3.0825300000000007
0.65,4.1414285714285715,6.831428571428572,8.86857142857143,237.95714285714286,236.15714285714284,237.97142857142856,3.0750957142857147
0.6966666666666667,6.646666666666667,6.81,8.833333333333334,236.5,235.16666666666666,237.13333333333333,3.6798033333333335
0.7028571428571428,6.815714285714286,6.807142857142857,8.818571428571428,236.22857142857143,234.95714285714286,236.82857142857142,3.720887142857143
0.66,4.062857142857142,6.782857142857144,8.772857142857143,235.8714285714286,234.17142857142858,236.05714285714288,3.0400228571428576
0.6857142857142857,5.658571428571428,6.788571428571429,8.765714285714285,235.58571428571426,234.1,235.91428571428574,3.4393342857142857
0.7257142857142858,7.864285714285714,6.772857142857142,8.718571428571428,234.34285714285713,233.14285714285714,234.94285714285715,3.9655899999999997
0.7,5.855,6.745,8.655000000000001,233.8,232.3,233.85,3.463655
0.67,3.975,6.7250000000000005,8.610000000000001,233.25,231.35000000000002,233.04999999999998,3.000955
0.6957142857142857,5.5371428571428565,6.701428571428571,8.571428571428571,231.82857142857142,230.25714285714284,231.95714285714286,3.372738571428571
0.6614285714285714,4.024285714285715,6.757142857142857,8.685714285714287,234.3857142857143,232.55714285714288,234.2571428571429,3.0218499999999997
0.6642857142857144,4.0285714285714285,6.758571428571429,8.681428571428572,234.55714285714288,232.75714285714284,234.4,3.0230285714285716
0.7014285714285714,5.695714285714287,6.731428571428572,8.629999999999999,233.1,231.55714285714288,233.21428571428572,3.4454385714285714
0.7071428571428572,5.827142857142857,6.72,8.60142857142857,232.3857142857143,230.9857142857143,232.68571428571428,3.486852857142857
0.7042857142857143,5.285714285714286,6.711428571428571,8.585714285714285,232.22857142857143,230.55714285714288,232.22857142857143,3.3544085714285714
0.7042857142857143,4.727142857142857,6.722857142857143,8.592857142857143,232.6,230.8857142857143,232.54285714285714,3.228328571428571
0.6900000000000001,4.1085714285714285,6.7057142857142855,8.564285714285715,232.17142857142858,230.32857142857142,232.0142857142857,3.0873142857142857
0.69,4.11,6.7,8.57,232.0,230.2,232.0,3.09037
0.6900000000000001,4.1,6.704285714285715,8.56857142857143,232.07142857142858,230.27142857142857,232.02857142857144,3.0916071428571428
0.6900000000000001,4.087142857142857,6.6971428571428575,8.544285714285715,231.62857142857143,229.79999999999998,231.57142857142858,3.079334285714286
0.6900000000000001,4.08,6.69,8.547142857142857,231.2,229.3857142857143,231.17142857142855,3.0854185714285713
0.69125,4.7125,6.745,8.66125,234.1375,232.5375,234.225,3.2432612499999998
0.7128571428571429,7.3114285714285705,6.8,8.777142857142858,235.67142857142858,234.5,235.82857142857145,3.8579885714285713
0.6737500000000001,4.2325,6.788749999999999,8.754999999999999,235.875,234.125,235.675,3.13407875
0.6814285714285715,4.762857142857143,6.79,8.76,235.67142857142858,233.9857142857143,235.74285714285716,3.262018571428572
0.6771428571428572,5.184285714285714,6.785714285714286,8.758571428571429,235.67142857142858,234.17142857142858,235.79999999999998,3.3177257142857144
0.66,4.07,6.8,8.77,236.1,234.4,236.2,3.0462
0.66,4.07375,6.795,8.77375,236.35,234.525,236.2375,3.0487699999999998
0.72,7.88,6.81,8.82,236.0,235.1,236.9,3.97713
0.72,7.91,6.8175,8.82,236.22500000000002,235.325,236.975,3.994485
0.6942857142857143,6.3,6.82,8.828571428571427,236.72857142857143,235.44285714285712,237.17142857142858,3.5972714285714287
0.6675,4.626250000000001,6.811249999999999,8.81375,237.0125,235.4125,237.1,3.16644625
0.6771428571428572,5.282857142857142,6.812857142857142,8.811428571428573,236.82857142857142,235.28571428571428,237.02857142857144,3.341685714285714
0.66,4.1225,6.795,8.78125,236.625,234.825,236.51250000000002,3.04777625
0.66,4.08,6.798571428571428,8.77,236.6,234.8,236.34285714285716,3.0403214285714286
0.6637500000000001,5.4725,6.7775,8.76125,235.8625,234.325,235.85,3.38332625
0.69,5.976249999999999,6.78375,8.754999999999999,235.65,234.2875,235.8,3.4955137499999998
0.66,4.05125,6.78,8.7425,235.8375,234.0375,235.5625,3.0223862500000003
0.6771428571428572,5.242857142857142,6.782857142857144,8.76,235.84285714285713,234.27142857142857,235.91428571428574,3.3105657142857146
0.7125,7.682499999999999,6.78875,8.75875,235.2875,234.1875,235.71249999999998,3.9001949999999996
0.66,4.06,6.785714285714286,8.755714285714285,235.9,234.21428571428572,235.91428571428574,3.032182857142857
0.66,4.06,6.785,8.754999999999999,235.8,234.22500000000002,235.875,3.0280025
0.66,4.05,6.771249999999999,8.72625,235.55,233.8375,235.475,3.01974125
0.66,4.03375,6.76125,8.7075,235.225,233.4625,235.4125,3.01857875
0.66,4.03,6.75,8.7,235.0,233.2,235.3,3.01463
0.66,4.03,6.75,8.7,235.0,233.19999999999996,235.30000000000004,3.01463
0.7000000000000001,6.713333333333334,6.79,8.776666666666666,235.9333333333333,234.66666666666666,236.33333333333334,3.6757866666666668
0.6857142857142857,5.815714285714286,6.814285714285715,8.802857142857142,236.6,235.22857142857146,236.85714285714286,3.4681685714285715
0.6575,4.585,6.83375,8.84,237.5125,235.98749999999998,237.5125,3.1696125
0.6875,6.53875,6.86125,8.897499999999999,238.15,236.9,238.4125,3.66752375
0.6857142857142857,5.764285714285714,6.79,8.755714285714285,235.74285714285716,234.28571428571428,235.82857142857142,3.444197142857143
0.6825,4.0825,6.8062499999999995,8.78875,236.63750000000002,234.9125,236.5125,3.03824
0.66,4.09,6.81,8.8,236.9,235.1,236.7,3.04241
0.66,4.09,6.81,8.8,236.9,235.1,236.69999999999996,3.04241
0.685,6.005,6.805,8.84,236.6,235.25,237.14999999999998,3.5120199999999997
0.72,8.074444444444445,6.795555555555556,8.837777777777777,235.83333333333334,234.93333333333334,236.95555555555555,4.014356666666667
0.6942857142857143,6.438571428571429,6.78,8.812857142857142,235.72857142857143,234.48571428571427,236.54285714285714,3.6047071428571433
0.6733333333333333,4.86,6.77,8.792222222222222,235.69999999999996,234.0222222222222,236.14444444444447,3.2383988888888893
0.72,7.78125,6.7875,8.844999999999999,236.14999999999998,235.1,237.14999999999998,3.96526375
0.6575,4.1,6.807499999999999,8.8525,237.17499999999998,235.475,237.5,3.0670100000000002
0.655,4.1,6.8,8.85,237.4,235.4375,237.3125,3.05435875
0.6799999999999999,5.637142857142857,6.812857142857142,8.85142857142857,236.87142857142857,235.27142857142857,237.28571428571428,3.4498414285714287
0.65,4.09,6.8,8.86,237.3,235.4,237.5,3.05733
0.7112499999999999,7.04625,6.80875,8.85125,236.6125,235.32500000000002,237.27499999999998,3.78064625
0.69375,4.1075,6.81375,8.865,237.425,235.5875,237.6875,3.06557125
0.6633333333333333,7.357777777777778,6.826666666666666,8.907777777777778,237.26666666666668,236.2111111111111,238.2888888888889,3.295852222222222
0.6799999999999999,6.0175,6.82375,8.915,237.6375,236.03750000000002,238.125,3.5385925
0.6799999999999999,5.64625,6.84375,8.928749999999999,238.3,236.6875,238.6875,3.444665
0.6725,5.7025,6.85125,8.93625,238.45,237.025,238.95000000000002,3.46202
0.655,4.16,6.84,8.915,239.25,237.5,239.4,3.064375
0.6825,5.97875,6.77125,8.7675,235.6375,234.0875,235.975,3.50058375
0.68,5.373333333333333,6.76,8.753333333333334,235.26666666666668,233.43333333333334,235.39999999999998,3.3489899999999997
0.66,4.07,6.788571428571429,8.79,236.31428571428572,234.41428571428574,236.21428571428572,3.0454557142857146
0.6637500000000001,4.5562499999999995,6.80125,8.835,236.9125,235.0,236.8625,3.16765125
0.72,7.82875,6.82125,8.85875,236.7,235.4375,237.3,3.98634375
0.69,6.066249999999999,6.80125,8.81875,236.5,234.8375,236.6875,3.5345999999999997
0.66,4.1,6.81,8.83625,236.8125,234.9375,236.775,3.05757
0.65,4.13,6.83,8.87,237.6,235.9,237.8,3.07073
0.6900000000000001,6.244285714285715,6.835714285714286,8.892857142857142,237.4857142857143,236.18571428571428,238.08571428571432,3.5997871428571426
0.69,5.925000000000001,6.83,8.84,237.10000000000002,235.6,237.39999999999998,3.524915
0.7000000000000001,6.708571428571429,6.837142857142857,8.86,237.21428571428572,235.8142857142857,237.6,3.7158085714285716
0.6799999999999999,6.332857142857143,6.835714285714286,8.868571428571428,237.45714285714283,236.07142857142858,237.8,3.4802014285714287
0.6799999999999999,5.888571428571429,6.8428571428571425,8.887142857142857,237.70000000000002,236.29999999999998,238.1142857142857,3.4982814285714285
0.65,4.155714285714287,6.845714285714286,8.891428571428571,238.12857142857143,236.42857142857142,238.22857142857143,3.074072857142857
0.6842857142857143,6.234285714285714,6.838571428571428,8.89,238.12857142857143,236.77142857142857,238.41428571428574,3.590074285714286
0.7157142857142856,7.882857142857143,6.844285714285713,8.911428571428571,237.85714285714286,236.75714285714284,238.5,4.008682857142857
0.7000000000000001,6.851428571428571,6.855714285714285,8.917142857142858,238.08571428571432,236.75714285714284,238.55714285714288,3.7536028571428566
0.7014285714285714,4.18,6.861428571428571,8.927142857142856,238.97142857142856,237.07142857142858,238.78571428571428,3.9384928571428577
0.71,4.18,6.86,8.93,239.0,237.1,238.8,4.08049
0.66,4.06,6.7700000000000005,8.75,235.6,233.8,235.6,3.04289
0.6942857142857143,6.265714285714286,6.764285714285713,8.767142857142856,235.37142857142857,233.85714285714286,235.71428571428572,3.577055714285714
0.72,8.198571428571428,6.774285714285715,8.794285714285715,235.48571428571427,234.25714285714284,236.15714285714287,4.029865714285714
0.72,8.135714285714286,6.782857142857144,8.8,235.68571428571428,234.4857142857143,236.3857142857143,4.0229
0.72,7.764285714285714,6.79,8.795714285714286,235.9,234.65714285714284,236.5142857142857,3.962604285714286
0.66,4.07,6.78,8.77,236.0,234.1,236.0,3.04079
0.66,4.062857142857142,6.775714285714286,8.762857142857142,235.71428571428572,233.82857142857142,235.78571428571428,3.037552857142857
0.66,4.05,6.75,8.75,235.19999999999996,233.4,235.4,3.03379
0.6685714285714285,4.585714285714286,6.75,8.745714285714286,235.0142857142857,233.28571428571428,235.27142857142857,3.1631514285714286
0.6842857142857143,5.085714285714286,6.735714285714287,8.684285714285714,233.9,232.02857142857144,234.0,3.278998571428571
0.67,4.0,6.7299999999999995,8.67,233.9,231.8,233.8,3.0148699999999997
0.67,4.0,6.73,8.67,233.9,231.80000000000004,233.80000000000004,3.01487
0.7000000000000001,5.825,6.715,8.61,232.45000000000002,230.79999999999998,232.9,3.444445
0.7042857142857143,6.114285714285714,6.7057142857142855,8.584285714285715,231.8,230.31428571428572,232.20000000000002,3.5116657142857144
0.67,3.9499999999999997,6.715,8.61,232.64999999999998,230.70000000000002,232.69999999999996,2.9914799999999997
0.66,5.4314285714285715,6.764285714285713,8.71,234.5142857142857,233.0142857142857,234.81428571428572,3.02813
0.7000000000000001,7.557142857142857,6.741428571428571,8.675714285714287,233.4857142857143,232.1,233.9,3.537638571428571
0.73,7.75,6.72,8.65,233.1,231.5,233.30000000000004,3.92508
0.6685714285714287,3.9585714285714286,6.714285714285714,8.59,232.6142857142857,230.52857142857144,232.27142857142857,2.987705714285714
0.6771428571428572,4.578571428571428,6.742857142857143,8.671428571428573,234.12857142857143,232.1285714285714,233.97142857142856,3.1571371428571426
0.7000000000000001,5.373333333333332,6.7316666666666665,8.655,233.20000000000002,231.53333333333333,233.3166666666667,3.3944849999999995
0.7071428571428572,5.777142857142858,6.714285714285714,8.61,232.15714285714287,230.64285714285714,232.4857142857143,3.472458571428571
0.7014285714285714,5.272857142857142,6.7299999999999995,8.622857142857143,232.78571428571428,231.14285714285714,232.91428571428574,3.3568485714285714
0.6942857142857143,5.387142857142857,6.777142857142857,8.748571428571429,235.3714285714286,233.72857142857146,235.57142857142858,3.4082814285714282
0.68,4.218571428571428,6.7871428571428565,8.758571428571429,235.8857142857143,234.0142857142857,235.85714285714286,3.141772857142857
0.7014285714285714,6.041428571428571,6.785714285714286,8.751428571428571,235.32857142857142,233.82857142857142,235.6,3.5640642857142857
0.7014285714285714,6.024285714285715,6.774285714285715,8.717142857142857,234.87142857142857,233.37142857142857,235.02857142857144,3.552195714285715
0.6957142857142857,6.091428571428572,6.814285714285715,8.794285714285715,236.1142857142857,234.65714285714284,236.35714285714286,3.589247142857143
0.7128571428571429,7.218571428571429,6.81,8.818571428571428,236.28571428571428,234.98571428571427,236.75714285714284,3.856512857142857
0.7042857142857143,6.691428571428572,6.795714285714285,8.811428571428573,236.18571428571428,234.79999999999998,236.67142857142858,3.722114285714286
0.7157142857142856,7.384285714285714,6.7871428571428565,8.795714285714286,235.87142857142857,234.5,236.44285714285712,3.87799
0.7175,7.076249999999999,6.7875,8.75875,235.35,234.0375,235.85,3.8211412499999997
0.7157142857142856,7.195714285714287,6.7871428571428565,8.77142857142857,235.21428571428572,233.8857142857143,235.74285714285716,3.835572857142857
0.6942857142857143,5.397142857142858,6.782857142857144,8.751428571428571,235.24285714285716,233.64285714285714,235.44285714285715,3.4085428571428573
0.68,4.2225,6.79,8.754999999999999,235.7625,233.9375,235.65,3.14335375
0.6742857142857144,4.23,6.8,8.77,236.24285714285716,234.4857142857143,236.24285714285716,3.1442142857142854
0.67,4.233750000000001,6.80375,8.77375,236.3125,234.55,236.35,3.1484775
0.6957142857142857,4.244285714285715,6.814285714285715,8.778571428571428,236.72857142857143,234.87142857142857,236.51428571428573,3.1520442857142856
0.6785714285714286,4.881428571428572,6.81,8.792857142857143,236.6142857142857,235.0142857142857,236.67142857142858,3.2988185714285714
0.6957142857142857,6.152857142857143,6.814285714285715,8.811428571428571,236.79999999999998,235.29999999999998,237.0,3.5846799999999996
0.6925,5.7837499999999995,6.81,8.79,236.4625,235.0,236.5875,3.5158825
0.6957142857142857,6.091428571428572,6.795714285714285,8.77,236.04285714285714,234.41428571428574,236.08571428571432,3.565817142857143
0.67,4.37,6.8,8.78,236.5,234.6,236.3,3.16897
0.7014285714285714,6.001428571428572,6.768571428571429,8.735714285714286,235.3857142857143,233.71428571428572,235.4,3.541912857142857
0.68,4.3225,6.762499999999999,8.715,235.175,233.175,234.875,3.1346325
0.675,4.32125,6.766249999999999,8.70875,235.05,233.225,234.8375,3.12736625
0.6828571428571429,4.86,6.761428571428572,8.718571428571428,235.02857142857144,233.31428571428572,234.97142857142856,3.2515
0.69875,5.2575,6.77,8.72,234.975,233.35000000000002,235.0,3.362585
0.6825,4.84875,6.771249999999999,8.72625,235.15,233.4625,235.2125,3.26289625
0.6942857142857143,5.525714285714286,6.768571428571429,8.724285714285715,235.29999999999998,233.54285714285714,235.20000000000002,3.4155885714285716
0.67625,4.3075,6.78375,8.75375,235.8625,233.9625,235.6,3.1356125
0.67,4.22,6.79,8.76,235.8,233.9,235.6,3.1247
0.6871428571428572,5.377142857142857,6.784285714285714,8.762857142857143,235.65714285714284,234.0,235.71428571428572,3.3999228571428572
0.685,5.2475000000000005,6.7925,8.785,236.04999999999998,234.4375,236.15,3.376125
0.7225,7.890000000000001,6.8025,8.78375,235.9625,234.77499999999998,236.4875,3.9948862500000004
0.6957142857142857,6.085714285714286,6.831428571428572,8.835714285714285,237.08571428571426,235.58571428571426,237.35714285714286,3.5813671428571427
0.67,4.40875,6.83875,8.84,237.9375,236.1375,237.75,3.17667125
0.66625,4.4225,6.845,8.8625,238.1125,236.325,237.8125,3.1831775
0.685,5.53625,6.78875,8.76125,235.975,234.3,236.05,3.40895
0.66,4.086666666666667,6.8,8.796666666666667,237.1,235.26666666666665,237.03333333333333,3.048296666666667
0.66,4.093333333333333,6.8133333333333335,8.816666666666668,237.03333333333336,235.20000000000002,237.03333333333336,3.0532833333333333
0.66,5.46875,6.8149999999999995,8.8375,237.08749999999998,235.35,237.3,3.050475
0.6928571428571428,6.224285714285714,6.82,8.862857142857143,237.37142857142857,235.74285714285716,237.57142857142858,3.583474285714286
0.68,5.5249999999999995,6.80875,8.865,237.2875,235.54999999999998,237.5,3.41477625
0.6942857142857143,6.318571428571429,6.804285714285713,8.84142857142857,236.5,235.04285714285714,237.0142857142857,3.6007314285714287
0.68,5.426666666666666,6.786666666666666,8.833333333333334,236.60000000000002,234.83333333333334,236.93333333333334,3.3750066666666663
0.65625,4.09375,6.79875,8.8425,237.05,235.0125,237.0625,3.05724375
0.6685714285714285,4.617142857142857,6.804285714285713,8.85,236.90000000000003,235.02857142857144,237.22857142857143,3.1918414285714283
0.6675,5.032500000000001,6.8025,8.8675,237.02499999999998,235.25,237.375,3.2886725
0.6522222222222223,4.11,6.802222222222222,8.86,237.2444444444444,235.19999999999996,237.30000000000004,3.0620244444444444
0.6557142857142857,4.122857142857143,6.814285714285715,8.881428571428572,237.70000000000002,235.6285714285714,237.72857142857146,3.06963
0.65,4.141249999999999,6.827500000000001,8.91125,238.1375,236.17499999999998,238.35000000000002,3.07849375
0.6725,5.53,6.8475,8.94625,238.5125,236.8125,238.9625,3.43337125
0.68125,6.016249999999999,6.8412500000000005,8.94125,238.2375,236.5875,238.8125,3.55553
0.72,7.9,6.84,8.94,237.7,236.4,238.6,4.03358
0.6587500000000001,4.6275,6.84,8.938749999999999,238.625,236.72500000000002,238.8375,3.197215
0.65,4.16,6.84,8.93,238.5,236.55,238.7,3.0811325
0.65,4.171111111111111,6.851111111111112,8.952222222222224,238.94444444444446,236.89999999999998,239.14444444444447,3.0949166666666668
0.65,4.18,6.86,8.97,239.3,237.3,239.5,3.10577
0.6642857142857144,4.6899999999999995,6.8100000000000005,8.858571428571429,237.29999999999998,235.25714285714284,237.29999999999998,3.214628571428572
0.72,8.14,6.78,8.79,235.2,233.8,235.8,4.02234
0.6675,5.04375,6.78875,8.815,236.1875,234.325,236.4375,3.291525
0.6975,6.44125,6.81125,8.8575,236.8375,235.25,237.1875,3.64474
0.72,7.93,6.8,8.85,236.8,235.4,237.3,3.99985
0.685,6.04125,6.8237499999999995,8.8725,237.60000000000002,235.8125,237.675,3.54016625
0.65,4.142857142857143,6.8342857142857145,8.89,238.07142857142858,236.0,237.92857142857142,3.075382857142857
0.65,4.13,6.82875,8.87875,237.875,235.78750000000002,237.78750000000002,3.0819075
0.65,4.13,6.830000000000001,8.88,237.9,235.80000000000004,237.80000000000004,3.0842499999999995
0.6799999999999999,5.827142857142857,6.83,8.878571428571428,237.35714285714286,235.8,237.8,3.4928228571428575
0.6900000000000001,6.522857142857143,6.824285714285715,8.88857142857143,237.37142857142857,235.64285714285714,237.70000000000002,3.6661042857142863
0.6675,5.192500000000001,6.8375,8.8975,238.05,236.15,238.15,3.3391325
0.6733333333333333,5.383333333333333,6.838333333333334,8.903333333333334,237.89999999999998,236.11666666666665,238.06666666666663,3.384911666666667
0.72,7.83,6.83,8.89,237.2,235.7,237.6,3.99677
0.72,7.83,6.83,8.89,237.2,235.7,237.6,3.99677
0.65,4.184285714285714,6.874285714285714,8.934285714285714,239.14285714285714,237.18571428571428,238.97142857142856,3.087357142857143
0.65,4.18,6.87,8.93,239.1,237.1,238.8,3.08521
0.6585714285714286,4.085714285714286,6.792857142857144,8.784285714285714,236.18571428571428,234.27142857142857,236.22857142857146,3.05287
0.66,4.062857142857142,6.781428571428571,8.762857142857142,235.77142857142854,233.8714285714286,235.67142857142858,3.046458571428571
0.66,4.08,6.79,8.78,236.2,234.3,236.1,3.04939
0.6771428571428572,5.118571428571428,6.79,8.78,236.1,234.42857142857142,236.1142857142857,3.3082014285714285
0.6685714285714285,4.601428571428571,6.798571428571428,8.792857142857143,236.1285714285714,234.42857142857142,236.21428571428572,3.176442857142857
0.6857142857142857,5.79,6.795714285714285,8.785714285714286,235.85714285714286,234.31428571428572,236.15714285714284,3.4568342857142857
0.66,4.075714285714286,6.79,8.775714285714285,236.27142857142857,234.31428571428572,236.05714285714288,3.046762857142857
0.66,4.08,6.79,8.78,236.4,234.4,236.1,3.04888
0.66,4.08,6.790000000000001,8.78,236.4,234.4,236.1,3.04888
0.66,4.08,6.790000000000001,8.78,236.4,234.4,236.1,3.04888
0.66,4.03,6.74,8.71,234.5,232.7,234.6,3.01956
0.6928571428571428,5.574285714285715,6.744285714285715,8.691428571428572,234.0,232.35714285714286,234.27142857142857,3.4027914285714287
0.6957142857142857,5.614285714285714,6.718571428571429,8.66,233.32857142857142,231.62857142857143,233.6,3.3992628571428574
0.7000000000000001,6.051666666666667,6.72,8.646666666666667,233.0,231.4,233.38333333333333,3.494476666666667
0.6900000000000001,5.166666666666667,6.713333333333334,8.63,232.83333333333334,231.0666666666667,233.03333333333333,3.3020899999999997
0.7000000000000001,5.778333333333333,6.718333333333334,8.615,232.32857142857142,230.68571428571428,232.58571428571426,3.4410183333333335
0.7000000000000001,5.604285714285715,6.744285714285715,8.647142857142857,233.83333333333334,232.0666666666667,233.9,3.5153214285714287
0.6657142857142857,4.022857142857143,6.758571428571429,8.692857142857143,234.6,232.54285714285714,234.4,3.021115714285714
0.67,4.01,6.75,8.68,234.30000000000004,232.19999999999996,234.1,3.0169200000000003
0.6957142857142857,5.572857142857143,6.744285714285715,8.634285714285713,233.4,231.68571428571428,233.4714285714286,3.3994714285714283
0.7000000000000001,5.8,6.7250000000000005,8.6,232.65,231.0,232.70000000000002,3.4377599999999995
0.6742857142857144,4.505714285714285,6.727142857142858,8.634285714285715,233.18571428571428,231.3857142857143,233.25714285714284,3.124247142857143
0.6714285714285715,4.09,6.758571428571429,8.695714285714287,234.6285714285714,232.82857142857142,234.67142857142858,3.0625142857142857
0.68,4.117142857142857,6.758571428571429,8.684285714285714,234.21428571428572,232.32857142857142,234.1285714285714,3.0994257142857142
0.68,4.093333333333333,6.743333333333333,8.643333333333333,233.63333333333333,231.83333333333334,233.5666666666667,3.094086666666667
0.68,4.09,6.74,8.64,233.6,231.8,233.5,3.0947300000000006
0.68,4.104285714285714,6.74,8.637142857142859,233.54285714285714,231.74285714285716,233.41428571428574,3.0948242857142856
0.6828571428571429,4.122857142857143,6.731428571428572,8.604285714285714,232.91428571428574,231.0,232.68571428571428,3.0916400000000004
0.6900000000000001,4.097142857142857,6.71,8.565714285714284,232.1285714285714,230.0142857142857,231.95714285714286,3.0884557142857143
0.6900000000000001,4.12,6.727142857142858,8.59142857142857,232.7,230.87142857142857,232.6142857142857,3.0962185714285715
0.6962499999999999,4.5649999999999995,6.71375,8.57375,232.1375,230.26250000000002,231.9375,3.1955075
0.7014285714285714,5.178571428571429,6.721428571428572,8.602857142857143,232.4,230.59999999999997,232.42857142857142,3.339177142857143
0.7157142857142856,6.878571428571428,6.782857142857144,8.74,234.71428571428572,233.3857142857143,235.28571428571428,3.7714257142857144
0.6871428571428572,4.744285714285715,6.788571428571429,8.74,235.42857142857142,233.47142857142856,235.28571428571428,3.2621714285714285
0.68625,4.715,6.785,8.74125,235.425,233.5,235.35000000000002,3.25568625
0.7299999999999999,8.28,6.78,8.75,234.8,233.5,235.4,4.0968
0.7216666666666667,7.599999999999999,6.78,8.748333333333333,234.9,233.5,235.38333333333333,3.9386016666666666
0.6942857142857143,5.345714285714286,6.782857142857144,8.752857142857142,235.62857142857143,233.84285714285716,235.64285714285714,3.4263842857142857
0.73,8.18,6.79,8.77,235.3,233.8,235.6,4.12056
0.7050000000000001,6.2,6.794999999999999,8.761666666666667,235.5666666666667,234.01666666666665,235.85,3.6201483333333333
0.6866666666666666,4.873333333333333,6.785,8.748333333333333,235.96666666666667,234.20000000000002,235.41666666666666,3.3022799999999997
0.7060000000000001,6.542,6.794,8.788,235.95999999999998,234.64000000000001,236.44,3.7009159999999994
0.68,4.22,6.794999999999999,8.775,236.15,234.25,236.15,3.1452450000000005
0.7050000000000001,6.128333333333333,6.786666666666666,8.778333333333334,235.73333333333335,234.08333333333334,235.9,3.598356666666666
0.68,4.18375,6.76,8.6875,234.9,232.9,234.875,3.1137775
0.68,4.265714285714286,6.765714285714286,8.702857142857143,234.97142857142856,232.97142857142856,234.85714285714286,3.1229185714285714
0.68625,5.35375,6.76375,8.71875,234.9,233.075,234.8625,3.25910375
0.6942857142857143,5.497142857142857,6.764285714285713,8.72,234.84285714285716,233.07142857142858,234.82857142857145,3.4125285714285716
0.68,4.3100000000000005,6.755,8.695,234.75,232.85,234.55,3.136625
0.7014285714285714,6.042857142857143,6.741428571428571,8.702857142857143,234.24285714285716,232.64285714285714,234.3857142857143,3.5325057142857146
0.6871428571428572,4.848571428571428,6.728571428571429,8.645714285714286,233.55714285714288,231.72857142857143,233.47142857142856,3.2393457142857143
0.6942857142857143,5.434285714285714,6.732857142857143,8.665714285714285,233.6,231.92857142857142,233.72857142857143,3.3849771428571427
0.71125,6.7299999999999995,6.73,8.6725,233.425,231.9375,233.67499999999998,3.69084125
0.68,4.275,6.73,8.6525,233.70000000000002,231.85,233.625,3.1097675
0.72375,7.628749999999999,6.7212499999999995,8.665,233.05,231.875,233.6625,3.8998199999999996
0.7142857142857143,6.451428571428571,6.715714285714285,8.651428571428571,233.07142857142858,231.45714285714286,233.41428571428568,3.630068571428571
0.74,8.38,6.72,8.66,232.9,231.8,233.5,4.0611
0.722857142857143,7.165714285714286,6.722857142857143,8.648571428571428,233.07142857142858,231.6857142857143,233.3857142857143,3.7816628571428574
0.71,5.58375,6.725,8.65,233.3125,231.7,233.57500000000002,3.5436437499999998
0.7299999999999999,8.191428571428572,6.741428571428571,8.702857142857143,233.67142857142858,232.47142857142856,234.35714285714286,4.0444385714285715
0.69875,5.7387500000000005,6.75625,8.72375,234.5375,232.9125,234.6375,3.4737562499999997
0.6757142857142858,4.202857142857143,6.772857142857142,8.737142857142858,235.1,233.14285714285714,234.81428571428572,3.122845714285714
0.6687500000000001,4.56125,6.81,8.80875,236.8875,235.025,236.875,3.17677875
0.6785714285714286,5.704285714285715,6.845714285714286,8.884285714285713,238.05714285714288,236.31428571428572,238.11428571428573,3.46836
0.665,5.0875,6.8525,8.9225,238.575,236.85000000000002,238.725,3.3126700000000002
0.6766666666666666,6.002222222222223,6.85,8.932222222222222,238.39999999999998,236.73333333333332,238.68888888888887,3.5256244444444444
0.6725,5.7437499999999995,6.8575,8.95375,238.7875,237.1875,239.1125,3.46741375
0.65,4.18,6.86,8.95,238.9,237.1,239.0,3.0833
0.65,6.4174999999999995,6.8375,8.95125,238.2125,236.5875,238.85,3.6504925
0.6928571428571428,7.838571428571428,6.83,8.932857142857143,237.65714285714284,236.18571428571428,238.4857142857143,4.0049528571428565
0.71,7.87,6.83,8.93,237.6,236.1,238.4,4.01117
0.71,8.33,6.84,8.95,237.9,236.6,238.8,4.10522
0.665,5.195,6.83625,8.938749999999999,238.525,236.4375,238.8125,3.336995
0.6875,6.46,6.8462499999999995,8.96125,238.575,236.925,238.9875,3.664785
0.77,3.76,4.4425,5.845,238.61249999999998,237.11249999999998,239.775,2.2217505
0.895,0.6837500000000001,0.8475,1.375,240.01250000000002,239.0,241.5125,0.483211
0.65,4.081428571428572,5.660000000000001,8.9,238.1142857142857,236.25714285714284,238.27142857142857,2.8586300000000002
0.689,6.443,5.646,8.897,237.51999999999998,236.0,237.92999999999998,3.43934
0.6933333333333334,6.826666666666666,5.663333333333333,8.933333333333334,238.16666666666666,236.63333333333333,238.66666666666666,3.5327633333333335
0.6433333333333333,4.121111111111111,5.674444444444444,8.950000000000001,239.0,236.93333333333334,238.95555555555555,2.87692
0.6711111111111111,5.775555555555555,5.692222222222223,8.97777777777778,239.29999999999998,237.4888888888889,239.35555555555553,3.2987866666666665
0.6633333333333333,5.424444444444444,5.69,8.95,239.07777777777775,237.18888888888887,239.0888888888889,3.2032877777777777
0.6814285714285714,6.424285714285714,5.677142857142856,8.921428571428573,238.82857142857142,236.9857142857143,239.02857142857144,3.4378185714285716
0.65,4.12625,5.68,8.942499999999999,239.4,237.15,239.2875,2.8872325
0.6842857142857143,6.125714285714286,5.640000000000001,8.85,237.22857142857143,235.24285714285716,237.32857142857142,3.375832857142857
0.6842857142857143,5.6085714285714285,5.617142857142857,8.788571428571428,236.21428571428572,234.21428571428572,236.32857142857142,3.235467142857143
0.6799999999999999,6.234285714285714,5.644285714285715,8.84,236.85714285714286,235.08571428571426,237.22857142857146,3.257315714285714
0.65,4.08,5.65,8.86,237.4,235.2,237.4,2.85475
0.65,4.07,5.65,8.84,237.4,235.0,237.3,2.85116
0.65,4.08,5.660000000000001,8.85,237.9,235.6,237.5,2.86409
0.6900000000000001,6.257142857142857,5.654285714285714,8.855714285714285,237.27142857142857,235.42857142857142,237.5,3.40241
0.7083333333333334,7.253333333333333,5.650000000000001,8.858333333333333,236.93333333333337,235.3166666666667,237.46666666666667,3.646516666666667
0.65,4.075714285714286,5.65,8.857142857142858,237.6142857142857,235.47142857142856,237.47142857142856,2.85766
0.6616666666666667,4.698333333333333,5.658333333333334,8.865,237.78333333333333,235.71666666666667,237.7833333333333,3.019011666666667
0.685,5.326666666666667,5.669999999999999,8.876666666666667,238.20000000000002,236.19999999999996,238.0,3.1788833333333333
0.71,7.887142857142857,5.671428571428572,8.882857142857144,237.40000000000003,236.08571428571426,237.97142857142856,3.802195714285714
0.6671428571428571,5.235714285714287,5.68,8.892857142857142,238.64285714285714,236.67142857142855,238.47142857142856,3.1520485714285718
0.65,4.11,5.672857142857143,8.882857142857144,238.4,236.27142857142854,238.21428571428572,2.870015714285714
0.65,4.11,5.67,8.88,238.2,236.1,238.1,2.86799
0.6842857142857143,6.285714285714286,5.697142857142857,8.912857142857144,238.64285714285714,236.81428571428572,238.72857142857143,3.4227957142857144
0.6757142857142858,5.807142857142857,5.711428571428571,8.925714285714285,238.95714285714283,237.2428571428571,239.1142857142857,3.301504285714286
0.6683333333333333,5.468333333333334,5.698333333333333,8.918333333333333,238.71666666666667,236.73333333333335,238.6833333333333,3.2171016666666667
0.645,4.1049999999999995,5.6875,8.88375,238.475,236.45,238.2875,2.86919875
0.66,4.0042857142857144,5.624285714285714,8.73857142857143,236.17142857142858,234.02857142857144,235.78571428571428,2.8377057142857143
0.6857142857142857,5.582857142857143,5.625714285714286,8.754285714285714,235.97142857142856,234.15714285714284,236.02857142857144,3.2295285714285713
0.6857142857142857,5.655714285714285,5.63,8.752857142857142,235.94285714285712,234.08571428571426,235.84285714285716,3.2385828571428568
0.6857142857142857,5.744285714285715,5.63,8.77142857142857,236.25714285714284,234.3,236.07142857142858,3.2620457142857147
0.66,4.03,5.63,8.78,236.6,234.30000000000004,236.19999999999996,2.8464000000000005
0.6942857142857143,6.107142857142857,5.625714285714286,8.757142857142856,235.81428571428572,234.1142857142857,235.97142857142856,3.3548185714285714
0.7200000000000001,7.786666666666666,5.63,8.77,235.6,234.19999999999996,236.03333333333333,3.768796666666667
0.6942857142857143,6.3028571428571425,5.61,8.73,234.81428571428572,233.1142857142857,235.01428571428573,3.3763957142857146
0.7200000000000001,8.03,5.61,8.73,234.30000000000004,232.9,234.80000000000004,3.7852100000000006
0.66,3.968571428571429,5.5842857142857145,8.692857142857143,234.51428571428573,232.41428571428568,234.25714285714284,2.8048685714285715
0.6716666666666667,4.618333333333333,5.576666666666667,8.674999999999999,234.01666666666668,232.04999999999998,233.9,2.961745
0.6957142857142857,5.618571428571428,5.56,8.621428571428572,232.82857142857142,230.95714285714286,232.94285714285712,3.1991057142857144
0.67,3.902857142857143,5.562857142857142,8.605714285714285,233.02857142857144,230.75714285714284,232.68571428571428,2.7937471428571428
0.6925,5.81625,5.561249999999999,8.598749999999999,232.475,230.67499999999998,232.5,3.13707
0.6742857142857144,4.531428571428571,5.590000000000001,8.657142857142857,233.75714285714284,231.9,233.77142857142857,2.9538471428571427
0.68625,5.50875,5.5975,8.68875,234.4375,232.4875,234.3625,3.19596875
0.6685714285714287,3.934285714285714,5.598571428571428,8.635714285714286,233.8857142857143,231.78571428571428,233.5,2.8143585714285715
0.6957142857142857,5.648571428571429,5.567142857142857,8.602857142857143,232.82857142857142,230.9857142857143,232.74285714285716,3.194005714285715
0.66,4.531428571428571,5.622857142857143,8.702857142857143,235.14285714285714,233.24285714285716,234.92857142857142,2.956392857142857
0.68625,5.415,5.6075,8.682500000000001,234.525,232.7125,234.375,3.16773625
0.7000000000000001,6.2057142857142855,5.597142857142857,8.66,233.64285714285714,232.1,233.77142857142857,3.349174285714285
0.6857142857142857,5.057142857142857,5.5842857142857145,8.628571428571428,233.42857142857142,231.6,233.22857142857143,3.0661285714285715
0.7075,6.359999999999999,5.58,8.6175,232.8625,231.2375,232.92499999999998,3.3836425
0.6925,5.385,5.5675,8.59125,232.7875,230.9,232.625,3.15252625
0.7042857142857143,5.58,5.56,8.575714285714286,232.29999999999998,230.4714285714286,232.14285714285714,3.1852985714285715
0.7,5.80875,5.555,8.56875,232.05,230.2125,231.9375,3.247245
0.6771428571428572,4.451428571428571,5.562857142857142,8.572857142857142,232.22857142857143,230.22857142857143,232.1,2.9282271428571427
0.675,4.97,5.6325,8.7325,235.55,233.55,235.325,3.072945
0.66,4.02,5.63,8.72857142857143,235.64285714285714,233.52857142857144,235.32857142857142,2.842257142857143
0.66,4.02,5.63,8.734285714285715,235.5,233.4857142857143,235.35714285714286,2.8411885714285714
0.66,4.01,5.62,8.7125,235.225,233.1,235.025,2.8360075
0.6857142857142857,5.784285714285714,5.637142857142857,8.758571428571429,235.81428571428572,234.04285714285714,235.70000000000002,3.2601571428571425
0.69,6.08,5.645,8.76,235.95,234.2,235.85,3.333345
0.66,4.04,5.65,8.74,236.3,234.1,235.7,2.84127
0.6525000000000001,4.05125,5.657500000000001,8.78125,236.8125,234.7,236.4375,2.85453375
0.67625,5.49125,5.66625,8.805,236.625,234.97500000000002,236.7125,3.209685
0.65,4.075714285714286,5.675714285714286,8.828571428571427,237.5,235.67142857142858,237.37142857142857,2.8650685714285715
0.6799999999999999,5.68,5.6814285714285715,8.84142857142857,237.65714285714284,235.97142857142856,237.67142857142858,3.2643171428571427
0.65,4.1,5.69,8.83,238.0,236.0,237.5,2.86485
0.65,4.102857142857142,5.682857142857143,8.844285714285714,238.08571428571426,236.04285714285714,237.64285714285714,2.8662342857142855
0.65,4.1025,5.67625,8.83875,237.8125,235.8125,237.55,2.8652775
0.6799999999999999,5.945714285714286,5.68,8.834285714285715,237.25714285714284,235.6,237.28571428571428,3.295734285714286
0.67625,5.577500000000001,5.67125,8.825,237.075,235.4,237.0875,3.223055
0.6799999999999999,5.702857142857143,5.642857142857143,8.767142857142856,236.22857142857143,234.5,236.21428571428572,3.2447985714285714
0.69875,6.45125,5.62875,8.7475,235.75,234.025,235.675,3.42739875
0.7075,6.4887500000000005,5.62,8.7425,235.225,233.7375,235.375,3.4716325
0.7214285714285714,7.351428571428571,5.62,8.73857142857143,234.92857142857142,233.64285714285714,235.2571428571429,3.66849
0.67,4.1125,5.6125,8.7125,235.15,233.325,235.0125,2.90185125
0.67,4.1125,5.61625,8.70875,235.1875,233.2125,234.975,2.89531875
0.7042857142857143,6.332857142857143,5.615714285714286,8.717142857142857,234.97142857142856,233.32857142857142,235.0142857142857,3.4243342857142856
0.67,4.144285714285714,5.618571428571428,8.711428571428572,235.6,233.58571428571426,235.22857142857143,2.911982857142857
0.67,4.29375,5.61,8.70875,235.2625,233.275,235.1,2.92706
0.6925,5.696249999999999,5.615,8.7325,235.1625,233.4375,235.225,3.2594012500000002
0.685,5.3175,5.6275,8.75,235.725,233.925,235.70000000000002,3.173845
0.7225,7.8687499999999995,5.6525,8.811250000000001,236.525,235.25,236.95000000000002,3.79354
0.6637500000000001,5.3125,5.6825,8.85,237.85,236.1,237.72500000000002,2.976175
0.6825,6.29625,5.705,8.9,238.4,236.89999999999998,238.425,3.3274850000000002
0.68875,5.835,5.66,8.817499999999999,236.8875,235.325,237.0875,3.3168625
0.67,4.32,5.63,8.75,236.04285714285714,234.17142857142855,235.97142857142856,2.939635714285714
0.67,4.32875,5.62625,8.76625,236.2,234.3125,236.2,2.9467600000000003
0.6925,5.74,5.63125,8.78375,236.25,234.525,236.3875,3.293215
0.71,6.948333333333333,5.6433333333333335,8.821666666666667,236.5,234.83333333333334,236.73333333333335,3.578935
0.6925,5.8637500000000005,5.62875,8.8225,236.4375,234.725,236.625,3.31654375
0.6925,5.93125,5.608750000000001,8.7975,235.725,233.9875,236.04999999999998,3.31567625
0.67,4.32625,5.6125,8.795,235.875,233.9375,235.975,2.949245
0.67,4.33,5.62,8.8,236.0375,234.1375,236.1875,2.946145
0.6925,5.7775,5.62625,8.807500000000001,236.0375,234.3,236.275,3.3020925
0.67,4.342499999999999,5.625,8.80875,236.5625,234.3375,236.45,2.95654125
0.6825,5.2775,5.641249999999999,8.815000000000001,236.625,234.675,236.75,3.188525
0.72,8.132857142857143,5.6571428571428575,8.865714285714287,236.78571428571428,235.58571428571426,237.58571428571426,3.884602857142857
0.6975,6.83875,5.65125,8.86125,237.0,235.45,237.4,3.55418875
0.6825,5.9437500000000005,5.66,8.87875,237.5125,235.75,237.85,3.3444525
0.66,4.382857142857143,5.6657142857142855,8.865714285714287,237.84285714285713,235.74285714285716,237.78571428571428,2.978414285714286
0.66,6.1,5.66625,8.885000000000002,237.625,235.9125,237.82500000000002,2.9794725
0.6975,6.79375,5.672499999999999,8.8825,237.5875,235.95,237.7875,3.5546125
0.6975,6.8475,5.66625,8.89875,237.6,235.9625,237.88750000000002,3.56679
0.6857142857142857,6.22,5.67,8.914285714285715,238.0,236.3,238.3,3.4049514285714286
0.66,4.4157142857142855,5.67,8.911428571428571,238.32857142857145,236.35714285714286,238.3714285714286,2.9877828571428573
0.69,6.3,5.675,8.940000000000001,238.575,236.675,238.825,3.4580525
0.66,4.42,5.67,8.92,238.8,236.5,238.6,2.99302
0.6942857142857143,6.752857142857144,5.674285714285714,8.96,238.84285714285716,236.95714285714286,239.07142857142858,3.551145714285714
0.66,4.44875,5.68625,8.971250000000001,239.4375,237.275,239.57500000000002,3.01062875
0.66,4.4575,5.692500000000001,8.967500000000001,239.6,237.3,239.6,3.0098875
0.6685714285714287,4.361428571428571,5.625714285714286,8.82857142857143,237.07142857142858,234.77142857142857,236.9857142857143,2.96642
0.7,6.285,5.63125,8.8575,237.0625,235.125,237.3625,3.43572125
0.7271428571428571,8.36,5.642857142857143,8.88142857142857,236.8857142857143,235.41428571428574,237.54285714285714,3.9283314285714286
0.6685714285714285,5.002857142857144,5.65,8.901428571428571,237.95714285714286,235.87142857142857,238.07142857142858,3.1269957142857145
0.6637500000000001,4.39875,5.65125,8.89375,238.05,235.8875,238.0875,2.9847625
0.6685714285714285,4.96,5.660000000000001,8.90857142857143,238.21428571428572,236.17142857142858,238.3,3.1145385714285716
0.6975,6.865,5.675,8.93375,238.3375,236.6375,238.7125,3.58527125
0.72,8.39,5.68,8.96,238.1,236.7,238.8,3.95344
0.685,5.905,5.67,8.91,238.125,236.2,238.275,3.347115
0.6871428571428572,5.412857142857143,5.61,8.77142857142857,235.9,233.85714285714286,235.91428571428574,3.2095385714285714
0.7042857142857143,6.577142857142857,5.61,8.778571428571428,235.74285714285716,234.04285714285714,236.07142857142858,3.4843228571428573
0.7225,7.815,5.61,8.79,235.67499999999998,234.17499999999998,236.1875,3.78029125
0.6871428571428572,5.412857142857143,5.612857142857143,8.798571428571428,236.14285714285714,234.17142857142858,236.21428571428572,3.2088500000000004
0.7042857142857143,6.5442857142857145,5.628571428571428,8.815714285714286,236.42857142857142,234.72857142857143,236.67142857142858,3.485087142857143
0.73,8.32,5.645,8.825,236.4,234.95,236.95,3.910015
0.6871428571428572,5.534285714285715,5.65,8.827142857142857,237.1142857142857,235.21428571428572,237.21428571428572,3.2416942857142854
0.67,4.38,5.65,8.83,237.4,235.3,237.3,2.969
0.67,4.38,5.65,8.83,237.4,235.3,237.3,2.969
0.67,4.38,5.65,8.83,237.4,235.3,237.3,2.969
0.67,4.38,5.65,8.83,237.4,235.3,237.3,2.969
0.67,4.38,5.65,8.83,237.4,235.3,237.3,2.969
0.73,8.41,5.65,8.85,236.8,235.5,237.5,3.93888
0.7000000000000001,6.46,5.648333333333333,8.834999999999999,236.9,235.23333333333335,237.15,3.45636
0.6871428571428572,5.568571428571429,5.63,8.798571428571428,236.32857142857142,234.41428571428574,236.3857142857143,3.2348
0.67,4.3566666666666665,5.633333333333333,8.793333333333333,236.46666666666667,234.33333333333334,236.33333333333334,2.94889
0.67,4.35,5.64,8.8,236.4,234.4,236.4,2.94727
0.7000000000000001,6.346666666666667,5.626666666666666,8.811666666666666,236.1833333333333,234.54999999999998,236.53333333333333,3.4255383333333334
0.7200000000000001,7.906666666666666,5.613333333333333,8.773333333333333,235.58333333333334,233.98333333333335,235.91666666666666,3.7842733333333336
0.6900000000000001,6.368333333333333,5.618333333333333,8.748333333333333,235.5,233.70000000000002,235.5666666666667,3.2827516666666665
0.6871428571428572,8.041428571428572,5.624285714285714,8.757142857142856,235.31428571428572,233.8714285714286,235.57142857142858,3.222501428571429
0.73,8.12,5.61,8.75,235.1,233.80000000000004,235.5,3.86438
0.7042857142857143,6.5842857142857145,5.6000000000000005,8.72857142857143,234.94285714285712,233.34285714285716,235.15714285714284,3.476692857142857
0.6942857142857143,5.465714285714286,5.572857142857143,8.672857142857143,233.87142857142857,232.04285714285714,233.94285714285712,3.1945457142857143
0.6875,4.7175,5.557499999999999,8.62625,233.1125,231.08749999999998,233.0625,3.0158525
0.74,7.99,5.54,8.6,231.8,230.3,232.1,3.78559
0.6875,5.22625,5.6,8.70125,234.4625,232.475,234.35,3.15434125
0.6742857142857144,4.285714285714286,5.595714285714286,8.69,234.5,232.45714285714286,234.4,2.9220814285714285
0.68,4.27375,5.58375,8.6775,234.125,231.9,234.15,2.9265012500000003
0.68,4.27,5.58,8.67,233.9,231.6,234.0,2.92784
0.68,4.241428571428571,5.562857142857142,8.629999999999999,233.15714285714284,231.02857142857144,233.20000000000002,2.9188685714285714
0.6985714285714285,5.355714285714286,5.565714285714286,8.625714285714286,232.9,231.05714285714285,233.04285714285714,3.1809057142857142
0.685,5.300000000000001,5.612500000000001,8.7425,235.52499999999998,233.475,235.35000000000002,3.17956
0.67,4.3,5.6,8.73375,235.2625,233.225,235.1625,2.937285
0.67,4.307142857142857,5.607142857142857,8.744285714285715,235.15714285714284,233.22857142857143,235.27142857142857,2.9356114285714283
0.6957142857142857,6.0457142857142845,5.61,8.75,234.79999999999998,233.28571428571428,235.25714285714284,3.3465228571428574
0.6775,4.79875,5.601249999999999,8.72375,234.9,232.9,234.9,3.06312375
0.6925,5.7075,5.6,8.735,234.975,233.2375,235.1625,3.2830425
0.7299999999999999,8.07,5.6,8.75,234.8,233.5,235.4,3.84499
0.7042857142857143,6.728571428571429,5.605714285714286,8.742857142857144,235.21428571428572,233.5142857142857,235.41428571428574,3.5107242857142857
0.6925,5.3625,5.6025,8.73,234.85000000000002,232.85,234.97500000000002,3.31279875
0.6957142857142857,5.971428571428571,5.608571428571429,8.737142857142858,235.35714285714286,233.45714285714286,235.35714285714286,3.3414257142857147
0.6957142857142857,6.668571428571428,5.605714285714286,8.757142857142856,235.72857142857143,234.07142857142858,236.0142857142857,3.364022857142857
0.67,4.305714285714285,5.597142857142857,8.717142857142857,235.52857142857144,233.28571428571428,235.21428571428572,2.9457885714285714
0.6785714285714286,4.845714285714286,5.61,8.732857142857144,235.54285714285714,233.44285714285712,235.27142857142857,3.071227142857143
0.6871428571428572,5.381428571428572,5.595714285714286,8.72857142857143,235.1,233.17142857142855,234.95714285714286,3.1856757142857144
0.67,4.284285714285715,5.589999999999999,8.72,234.95714285714286,232.85714285714286,234.81428571428572,2.9316814285714288
0.67125,4.28,5.57875,8.70875,234.6875,232.5,234.5875,2.9304625
0.68,4.28,5.57,8.7,234.6,232.5,234.5,2.91367
0.68625,4.7162500000000005,5.55875,8.66,233.625,231.525,233.5875,3.008095
0.7050000000000001,6.158333333333334,5.5616666666666665,8.666666666666666,233.61666666666667,231.83333333333334,233.73333333333335,3.363488333333333
0.71125,6.2875,5.5675,8.6775,233.85,232.025,233.975,3.4996475
0.6828571428571429,4.841428571428572,5.548571428571429,8.64857142857143,233.6,231.47142857142856,233.3857142857143,3.0416042857142855
0.68,4.238333333333333,5.55,8.638333333333334,233.41666666666666,231.3166666666667,233.4,2.899335
0.68,4.224285714285714,5.55,8.624285714285714,233.5,231.4,232.71428571428572,2.902045714285714
0.68,4.22,5.55,8.62,233.5,231.4,232.2,2.89566
0.6971428571428572,5.981428571428572,5.61,8.748571428571427,235.72857142857146,233.8857142857143,235.67142857142858,3.341262857142857
0.6957142857142857,6.675714285714285,5.618571428571428,8.77,236.05714285714288,234.15714285714284,236.05714285714288,3.364662857142857
0.67,4.35,5.62,8.7775,236.55,234.35,236.22500000000002,2.95695
0.6871428571428572,5.404285714285714,5.625714285714286,8.784285714285714,236.28571428571428,234.37142857142857,236.31428571428572,3.201592857142857
0.6775,4.811249999999999,5.62125,8.772499999999999,236.3375,234.25,236.15,3.06239625
0.7075,6.8999999999999995,5.6362499999999995,8.817499999999999,236.4375,234.775,236.7375,3.55516875
0.7299999999999999,8.627142857142857,5.648571428571429,8.831428571428571,236.57142857142858,235.17142857142855,237.17142857142855,3.959558571428571
0.6737500000000001,4.91125,5.65,8.81625,237.3,235.21249999999998,237.1125,3.08587375
0.7042857142857143,7.051428571428572,5.642857142857143,8.81857142857143,236.98571428571427,235.1,237.04285714285714,3.62172
0.73,8.213333333333333,5.653333333333333,8.83,236.9,235.29999999999998,237.1,3.898566666666666
0.73,8.26,5.66,8.84,237.0,235.5,237.2,3.90718
0.6785714285714286,4.917142857142857,5.651428571428572,8.797142857142857,237.17142857142855,235.07142857142858,236.77142857142854,3.097711428571429
0.7042857142857143,6.497142857142856,5.644285714285714,8.795714285714286,236.5142857142857,234.77142857142857,236.52857142857144,3.474554285714286
0.6957142857142857,6.0,5.631428571428572,8.777142857142858,236.4,234.52857142857144,236.29999999999998,3.343645714285714
0.7,6.3575,5.637499999999999,8.78,236.075,234.45,236.35,3.4318075
0.7200000000000001,7.72,5.638333333333333,8.791666666666666,236.08333333333334,234.65,236.46666666666667,3.7583033333333336
0.6900000000000001,5.69,5.633333333333333,8.773333333333333,236.29999999999998,234.5,236.29999999999998,3.27401
0.67,4.342499999999999,5.6450000000000005,8.774999999999999,236.32500000000002,234.35000000000002,236.3,2.9430575
0.6957142857142857,5.972857142857143,5.637142857142857,8.76142857142857,236.08571428571426,234.25714285714284,235.95714285714286,3.3397728571428575
0.6957142857142857,6.029999999999999,5.64,8.741428571428571,236.07142857142858,234.12857142857143,235.74285714285716,3.352854285714286
0.6957142857142857,6.16857142857143,5.632857142857143,8.744285714285715,235.64285714285714,234.0142857142857,235.6285714285714,3.3757814285714285
0.6785714285714286,4.8428571428571425,5.627142857142857,8.725714285714286,235.45714285714286,233.57142857142858,235.31428571428572,3.0654599999999994
0.7042857142857143,6.445714285714287,5.622857142857143,8.72,234.95714285714286,233.29999999999998,234.92857142857142,3.4467299999999996
0.7299999999999999,8.128571428571428,5.62,8.72,234.6,233.22857142857143,234.92857142857142,3.8396699999999995
0.7042857142857143,6.557142857142857,5.615714285714286,8.707142857142857,234.72857142857143,233.12857142857143,234.87142857142857,3.4619542857142855
0.6742857142857144,4.2871428571428565,5.601428571428571,8.672857142857143,234.6,232.5142857142857,234.27142857142854,2.92759
0.7057142857142857,5.85,5.574285714285715,8.64857142857143,233.44285714285712,231.65714285714284,233.5,3.2968942857142856
0.68,4.251428571428571,5.567142857142857,8.625714285714286,233.5285714285714,231.47142857142856,233.24285714285716,2.9170042857142855
0.6771428571428572,4.257142857142857,5.571428571428571,8.631428571428572,233.70000000000002,231.57142857142858,233.37142857142857,2.913772857142857
0.7225,7.56875,5.62125,8.75,235.225,233.82500000000002,235.5125,3.72729125
0.7214285714285714,7.582857142857144,5.598571428571428,8.722857142857142,234.75714285714284,233.2571428571429,235.04285714285714,3.7219714285714285
0.67,4.30375,5.59375,8.6875,235.2125,233.15,234.8125,2.929305
0.70375,6.25625,5.6,8.69375,234.5625,232.8,234.625,3.3887425
0.692857142857143,5.452857142857143,5.6,8.695714285714285,234.75714285714284,233.02857142857144,234.78571428571428,3.20391
0.67,4.28625,5.585,8.69,234.8625,232.7,234.5875,2.93384375
0.6775,4.8100000000000005,5.57625,8.696250000000001,234.9125,232.76250000000002,234.6875,3.04796375
0.6925,5.853750000000001,5.58625,8.70375,234.75,232.75,234.725,3.291415
0.6742857142857144,4.285714285714286,5.594285714285713,8.7,234.84285714285716,232.74285714285716,234.74285714285716,2.933748571428571
0.72375,8.03,5.59125,8.711250000000001,234.4375,233.0125,235.0,3.8333675
0.7075,6.80875,5.592499999999999,8.705,234.625,232.8,234.625,3.51683375
0.6785714285714286,4.877142857142857,5.589999999999999,8.71,234.68571428571428,232.67142857142858,234.67142857142855,3.0597700000000003
0.6775,4.73625,5.58375,8.68625,234.2875,232.1875,234.225,3.0224625
0.6957142857142857,5.8585714285714285,5.564285714285715,8.667142857142858,233.70000000000002,231.84285714285716,233.77142857142857,3.2861157142857143
0.7299999999999999,8.09,5.57,8.67,233.3,231.9,233.6,3.80615
0.6871428571428572,4.79,5.5528571428571425,8.644285714285715,233.3857142857143,231.21428571428572,233.25714285714284,3.0313014285714286
0.68,4.235714285714286,5.55,8.64,233.31428571428572,231.05714285714288,233.07142857142858,2.9019371428571428
0.68,4.23,5.55,8.64,233.2,231.0,232.9,2.90164
0.68,4.2266666666666675,5.546666666666667,8.635,233.1,230.9,232.85,2.9011983333333333
0.68,4.206666666666667,5.531666666666666,8.603333333333333,232.58333333333334,230.38333333333333,232.5666666666667,2.8976916666666668
0.7025,5.5925,5.53625,8.598749999999999,232.6,230.70000000000002,232.775,3.22631625
0.68,4.225,5.545,8.620000000000001,233.14999999999998,230.95,232.95,2.9060050000000004
0.68,4.23,5.548571428571428,8.627142857142857,233.08571428571426,230.9,232.8857142857143,2.9042485714285715
0.68,4.222857142857142,5.534285714285715,8.61,232.82857142857142,230.77142857142857,232.67142857142858,2.89182
0.7057142857142857,5.797142857142857,5.524285714285715,8.594285714285714,232.58571428571426,230.44285714285715,232.4,3.263582857142857
0.68,4.217142857142857,5.527142857142857,8.6,233.05714285714285,230.84285714285716,232.7,2.8887742857142853
0.7057142857142857,5.924285714285715,5.524285714285715,8.604285714285714,232.31428571428572,230.44285714285712,232.57142857142858,3.28316
0.68,4.204285714285715,5.502857142857143,8.564285714285715,232.29999999999998,229.68571428571428,231.70000000000002,2.8827485714285714
0.68,4.2128571428571435,5.521428571428571,8.575714285714286,232.7428571428571,230.27142857142854,232.17142857142858,2.8789685714285715
0.7025,5.665,5.53,8.6025,232.525,230.5125,232.475,3.22747
0.7057142857142857,5.954285714285715,5.53,8.60142857142857,232.42857142857142,230.44285714285712,232.4857142857143,3.28963
0.68,4.215714285714285,5.521428571428571,8.582857142857142,232.6,230.29999999999998,232.35714285714286,2.8840185714285718
0.7025,5.6325,5.51875,8.594999999999999,232.15,230.2,232.2625,3.2087825
0.7200000000000001,6.8566666666666665,5.526666666666666,8.596666666666666,232.0666666666667,230.26666666666665,232.30000000000004,3.4992533333333333
0.74,8.18,5.53,8.6,231.9,230.3,232.3,3.80785
0.74,8.065,5.525,8.61,232.10000000000002,230.5,232.55,3.7905800000000003
0.7314285714285714,7.418571428571428,5.521428571428571,8.618571428571428,232.5,230.7,232.8,3.6475185714285714
0.7025,5.782500000000001,5.51875,8.6175,232.625,230.5125,232.725,3.24717125
0.67,4.31,5.589999999999999,8.764285714285714,235.82857142857142,233.44285714285712,235.5,2.936665714285714
0.67,4.307142857142857,5.585714285714286,8.765714285714285,235.85714285714286,233.4,235.44285714285712,2.9326842857142856
0.715,7.2975,5.575,8.7625,234.85000000000002,233.175,235.325,3.64188
0.7042857142857143,6.585714285714286,5.575714285714286,8.77,235.1,233.21428571428572,235.44285714285712,3.4732114285714286
0.67,4.29125,5.5675,8.7525,235.175,232.825,235.1,2.9292149999999997
0.67,4.3,5.577142857142857,8.757142857142856,235.17142857142855,232.84285714285716,235.24285714285716,2.9229228571428574
0.7042857142857143,6.481428571428571,5.561428571428571,8.758571428571429,234.67142857142858,232.64285714285714,235.02857142857144,3.4420214285714286
0.6925,5.7975,5.57375,8.76125,234.9875,232.775,235.11249999999998,3.2815587500000003
0.6925,5.9225,5.575,8.768749999999999,235.0375,232.9125,235.2625,3.2998875
0.67,4.3185714285714285,5.578571428571428,8.778571428571428,235.72857142857143,233.22857142857143,235.55714285714288,2.9311857142857143
0.67,4.3185714285714285,5.575714285714286,8.778571428571428,235.77142857142854,233.27142857142854,235.71428571428572,2.9381185714285714
0.715,7.2875,5.605,8.83,235.9,234.0,236.375,3.65417
0.7128571428571429,7.215714285714285,5.615714285714286,8.848571428571429,236.74285714285716,234.75714285714284,237.04285714285714,3.6360128571428567
0.6875,5.84875,5.625,8.86625,237.225,235.01250000000002,237.3125,3.31639125
0.6685714285714285,4.988571428571428,5.624285714285714,8.87,237.4,235.1,237.55714285714288,3.1116300000000003
0.6825,6.001250000000001,5.62875,8.8975,237.75,235.6125,238.0,3.36059875
0.66,4.404285714285715,5.638571428571429,8.897142857142857,238.29999999999998,235.8,238.07142857142858,2.979641428571429
0.66,4.421428571428572,5.658571428571428,8.921428571428573,238.78571428571428,236.31428571428572,238.6142857142857,2.9920157142857144
0.69125,6.33875,5.6625,8.9425,238.7,236.725,239.05,3.4534462500000003
0.7299999999999999,8.228571428571428,5.581428571428572,8.8,235.55714285714288,233.84285714285716,236.21428571428572,3.878058571428572
0.685,5.35,5.592499999999999,8.79,236.0125,233.725,235.9,3.1827625
0.67,4.344285714285713,5.595714285714286,8.795714285714286,236.35714285714286,233.8857142857143,236.21428571428572,2.95065
0.67,4.35,5.589999999999999,8.79,236.3,233.7,236.1,2.9555
0.7075,6.81375,5.625,8.83625,236.9,234.9125,236.975,3.5489912500000003
0.7000000000000001,6.741428571428571,5.631428571428572,8.864285714285714,237.21428571428572,235.25714285714284,237.47142857142856,3.528622857142857
0.6687500000000001,4.92875,5.63875,8.86875,237.75,235.625,237.825,3.09671875
0.66,4.41,5.64,8.88,237.9,235.6,237.69999999999996,2.9577499999999994
0.6675,4.89625,5.65625,8.9025,238.375,236.1375,238.2875,3.0898525
0.6857142857142857,6.081428571428572,5.671428571428572,8.935714285714285,238.6,236.62857142857143,238.82857142857142,3.3870914285714284
0.6857142857142857,6.091428571428572,5.661428571428572,8.9,238.29999999999998,236.31428571428572,238.5,3.3925885714285715
0.6771428571428572,5.528571428571429,5.662857142857143,8.912857142857144,238.5285714285714,236.45714285714286,238.55714285714288,3.2501328571428574
0.6771428571428572,5.688571428571429,5.671428571428572,8.924285714285714,238.9,236.74285714285716,238.70000000000002,3.281047142857143
0.6666666666666666,4.931111111111111,5.676666666666666,8.932222222222222,239.1222222222222,236.9777777777778,239.04444444444445,3.108471111111111
0.6771428571428572,5.534285714285715,5.680000000000001,8.934285714285714,239.14285714285714,237.04285714285714,239.1,3.2621742857142855
0.7028571428571428,6.562857142857142,5.612857142857143,8.77142857142857,236.08571428571426,234.05714285714288,236.08571428571426,3.4821157142857144
0.73,8.24,5.61,8.75,235.4,233.6,235.5,3.87306
0.7075,6.706250000000001,5.6175,8.7725,236.0,234.0875,236.0625,3.51757125
0.7225,7.5875,5.62875,8.797500000000001,236.15,234.4625,236.475,3.743815
0.67,4.35,5.62,8.78,236.5,234.19999999999996,236.30000000000004,2.96265
0.67,4.35,5.62,8.78,236.5,234.2,236.3,2.96265
0.67,4.35,5.63,8.8,236.5,234.4,236.4,2.95873
0.7128571428571429,7.142857142857143,5.615714285714286,8.785714285714286,235.85714285714286,234.1142857142857,236.1142857142857,3.613037142857143
0.73,8.26,5.61,8.78,235.6,234.0,236.0,3.87476
0.48666666666666664,5.506666666666667,3.74,5.853333333333333,234.71875,233.00625,234.975,2.5831733333333333
0.7075,6.59875,5.57625,8.68,233.8375,232.0125,233.95,3.4675624999999997
0.7299999999999999,7.982857142857143,5.558571428571428,8.672857142857143,233.14285714285714,231.54285714285714,233.65714285714284,3.796122857142857
0.72,6.998571428571429,5.542857142857143,8.648571428571428,232.68571428571428,230.8714285714286,233.07142857142858,3.537541428571429
0.68,4.225,5.55125,8.60375,232.75,230.4875,232.54999999999998,2.90210875
0.67,4.31,5.6,8.74,235.1,233.0,235.0,2.93656
0.6766666666666667,4.281666666666666,5.586666666666666,8.676666666666668,234.5,232.15,234.15,2.9275
0.68,4.242857142857143,5.574285714285715,8.601428571428572,233.27142857142857,230.9857142857143,232.81428571428572,2.9063214285714287
0.68,4.208571428571429,5.548571428571429,8.565714285714286,232.15714285714287,230.02857142857144,231.94285714285715,2.8987900000000004
0.6728571428571428,4.264285714285714,5.575714285714286,8.645714285714286,234.12857142857143,231.5142857142857,233.37142857142857,2.910945714285714
0.67,4.29,5.589999999999999,8.68,234.5,232.2,234.0,2.9158
0.6980000000000001,5.838,5.578,8.656,233.78000000000003,231.68,233.48000000000002,3.2751599999999996
0.7142857142857143,6.488571428571428,5.5685714285714285,8.624285714285714,233.17142857142858,231.28571428571428,233.04285714285714,3.424842857142857
0.68,4.248571428571429,5.574285714285715,8.618571428571428,233.57142857142858,231.4,233.21428571428572,2.9071
0.71,6.3500000000000005,5.555,8.604999999999999,232.60000000000002,230.70000000000002,232.54999999999998,3.3857649999999997
0.74,8.47,5.56,8.61,232.3,230.8,232.6,3.87761
0.7057142857142857,6.03,5.545714285714285,8.581428571428571,232.17142857142858,230.22857142857146,232.08571428571426,3.3162928571428574
0.68,4.2,5.52,8.56,232.0,229.80000000000004,231.69999999999996,2.89688
0.6742857142857144,4.2628571428571425,5.565714285714285,8.645714285714286,233.77142857142857,231.57142857142858,233.47142857142856,2.9177657142857143
0.67,4.31,5.6,8.71,235.1,232.9,234.8,2.93343
0.67,4.31,5.6,8.71,235.1,232.9,234.8,2.93343
0.67,4.32,5.605714285714286,8.724285714285715,235.65714285714284,233.4,235.34285714285716,2.943872857142857
0.67,4.324,5.61,8.724,235.78000000000003,233.44,235.42,2.942164
0.67,4.33,5.61,8.73,235.9,233.5,235.6,2.9419599999999995
0.67,4.32,5.589999999999999,8.72,235.4,232.7,234.8,2.93817
0.67,4.335,5.605,8.74,235.9,233.35,235.4,2.94473
0.7299999999999999,8.66,5.64,8.77,235.7,234.3,236.1,3.95889
0.73,8.66,5.64,8.77,235.69999999999996,234.30000000000004,236.1,3.95889
0.67,4.3585714285714285,5.65,8.772857142857143,237.02857142857144,234.71428571428572,236.45714285714286,2.9688514285714285
0.67,4.361428571428571,5.65,8.777142857142858,237.0142857142857,234.72857142857143,236.54285714285714,2.960314285714286
0.6900000000000001,5.603333333333334,5.646666666666667,8.776666666666666,236.6,234.5,236.46666666666667,3.25915
0.6900000000000001,5.706666666666666,5.641666666666667,8.768333333333333,236.5,234.38333333333335,236.35,3.27774
0.6871428571428572,5.614285714285715,5.635714285714286,8.785714285714286,236.55714285714285,234.44285714285715,236.4857142857143,3.2383257142857143
0.71,7.001666666666666,5.621666666666667,8.748333333333333,235.8166666666667,233.88333333333335,235.85,3.5801016666666663
0.67,4.33,5.613333333333333,8.743333333333334,235.9333333333333,233.53333333333333,235.63333333333333,2.9445300000000003
0.67,4.316666666666666,5.603333333333333,8.72,235.66666666666666,233.20000000000002,235.29999999999998,2.937193333333333
0.67,4.31,5.61,8.72,235.5,232.9,235.0,2.9369099999999997
0.67,4.308571428571429,5.589999999999999,8.704285714285714,235.28571428571428,232.92857142857142,234.9857142857143,2.9265057142857143
0.67,4.295,5.585,8.694999999999999,235.1,232.80000000000004,234.75,2.923295
0.7042857142857143,6.478571428571428,5.585714285714286,8.695714285714285,234.55714285714288,232.5142857142857,234.67142857142858,3.4402
0.7000000000000001,6.21,5.585,8.7,234.75,232.70000000000002,234.9,3.384855
0.67,4.3,5.580000000000001,8.7,235.19999999999996,232.80000000000004,235.0,2.93744
0.67,4.3,5.580000000000001,8.709999999999999,235.14999999999998,232.75,235.04999999999998,2.93009
0.67,4.3,5.588571428571428,8.72,235.31428571428572,232.95714285714286,235.22857142857143,2.927617142857143
0.67,4.3,5.588571428571428,8.708571428571428,235.37142857142857,233.01428571428573,235.05714285714288,2.92828
0.67,4.305714285714285,5.591428571428572,8.711428571428572,235.34285714285716,232.94285714285712,235.08571428571426,2.9299
0.67,4.31,5.599999999999999,8.72,235.4,233.0,235.19999999999996,2.9344
0.67,4.31,5.6,8.72,235.4,233.0,235.2,2.9344
0.67,4.29,5.58,8.71,235.0,232.7,234.9,2.91587
0.7214285714285714,7.727142857142858,5.571428571428571,8.718571428571428,234.82857142857145,232.95714285714286,235.07142857142858,3.7224157142857144
0.67,4.31,5.58,8.72,235.3,232.9,235.2,2.92008
0.6957142857142857,6.025714285714286,5.614285714285715,8.78,236.20000000000002,234.21428571428572,236.42857142857142,3.3504314285714285
0.6685714285714287,4.327142857142857,5.615714285714286,8.762857142857143,235.8857142857143,233.4,235.70000000000002,2.9416814285714286
0.66,4.3925,5.65,8.870000000000001,238.2,235.875,238.175,2.971615
0.6857142857142857,6.025714285714286,5.678571428571429,8.911428571428571,238.9,236.95714285714286,239.0142857142857,3.378787142857143
0.67,4.3,5.59,8.73,236.0,233.6,235.69999999999996,2.93322
0.67,4.30375,5.59,8.73875,236.025,233.65,235.77499999999998,2.934025
0.67,4.33,5.589999999999999,8.8,236.2,234.0,236.3,2.93966
0.67,4.33,5.589999999999999,8.8,236.2,234.0,236.3,2.93966
0.695,6.205000000000001,5.62,8.84,236.45000000000002,234.6,237.04999999999998,3.39865
0.67,4.34,5.61,8.81,236.5,234.1,236.6,2.93962
0.7042857142857143,6.5600000000000005,5.585714285714286,8.797142857142857,235.5,233.55714285714288,236.07142857142858,3.464694285714286
0.7214285714285714,7.821428571428571,5.582857142857143,8.812857142857142,235.29999999999998,233.55714285714288,236.18571428571428,3.7585971428571425
0.67,4.31,5.58,8.787142857142856,235.84285714285716,233.27142857142857,235.72857142857143,2.9392314285714285
0.6957142857142857,5.921428571428572,5.58,8.788571428571428,235.52857142857144,233.32857142857142,235.92857142857142,3.3225014285714285
0.7299999999999999,8.125714285714285,5.575714285714286,8.8,235.25714285714284,233.5,236.05714285714288,3.8480985714285714
0.7042857142857143,6.091428571428572,5.585714285714286,8.807142857142857,235.71428571428572,233.6142857142857,236.21428571428572,3.4918014285714283
0.67,4.33,5.589999999999999,8.82,236.1,233.64285714285714,236.3,2.9244914285714287
0.6785714285714286,4.857142857142857,5.589999999999999,8.811428571428573,236.12857142857143,233.58571428571426,236.21428571428572,3.0735628571428575
0.70375,6.6925,5.5975,8.83375,236.2875,234.0625,236.625,3.5119249999999997
0.7000000000000001,6.604285714285714,5.6085714285714285,8.857142857142858,236.6142857142857,234.45714285714286,237.1142857142857,3.496102857142857
0.7200000000000001,8.5,5.63,8.895000000000001,237.0,235.20000000000002,237.9,3.9468099999999997
0.6675,4.3975,5.63875,8.9175,238.2625,235.675,238.2875,2.97665375
0.675,5.335000000000001,5.64,8.9225,238.1,235.7,238.35,3.2039725
0.7125,7.70375,5.64625,8.945,238.1375,236.1875,238.73749999999998,3.79123375
0.66,4.39,5.63,8.8825,237.8,235.25,237.82500000000002,2.971785
0.6857142857142857,6.112857142857144,5.634285714285714,8.92,237.97142857142856,235.74285714285716,238.37142857142857,3.390745714285714
0.7162499999999999,7.998749999999999,5.6325,8.92,238.17499999999998,235.75,238.35000000000002,3.840095
0.6685714285714285,4.42,5.65,8.927142857142856,238.6,236.1,238.67142857142855,2.9805314285714286
0.66,4.435,5.666666666666667,8.946666666666667,239.16666666666666,236.53333333333333,239.03333333333333,2.9881783333333334
0.6575,4.45,5.6850000000000005,8.965,239.625,237.05,239.55,2.9985625
0.6885714285714286,6.0042857142857144,5.655714285714287,8.921428571428573,238.27142857142857,236.1142857142857,238.52857142857144,3.3735942857142858
0.7214285714285714,7.590000000000001,5.617142857142857,8.827142857142857,236.08571428571426,234.27142857142857,236.68571428571428,3.7328914285714285
0.73,8.365,5.615,8.8375,236.125,234.425,236.85,3.915395
0.68125,5.421250000000001,5.61875,8.8525,236.9875,234.725,237.2625,3.20748125
0.6637500000000001,4.84375,5.63125,8.86,237.4,234.9625,237.4625,3.0729625
0.675,6.733750000000001,5.64,8.885000000000002,237.6875,235.61249999999998,237.9875,3.427985
0.69,6.345000000000001,5.6525,8.8975,237.8625,235.825,238.2125,3.44385
0.6825,5.9525,5.65625,8.91625,238.3125,236.1875,238.6,3.3484974999999997
0.66,4.421428571428572,5.660000000000001,8.902857142857142,238.5,236.17142857142855,238.42857142857142,2.9840885714285714
0.66,4.42,5.660000000000001,8.9,238.5,236.2,238.4,2.98523
0.66,4.426666666666667,5.663333333333334,8.906666666666666,238.63333333333333,236.33333333333334,238.5666666666667,2.985416666666667
0.66,4.44,5.67,8.92,238.9,236.6,238.9,2.98579
0.66,4.44,5.67,8.92,238.9,236.6,238.9,2.98579
0.66,4.44,5.67,8.92,238.9,236.6,238.9,2.98579
0.66,4.44,5.67,8.92,238.9,236.6,238.9,2.98579
0.66,4.44,5.67,8.92,238.9,236.6,238.9,2.98579
0.66,4.44,5.67,8.92,238.9,236.6,238.9,2.98579
0.66,4.45,5.69,8.94,239.6,237.2,239.4,3.009
0.67,4.315714285714286,5.594285714285713,8.735714285714286,235.8,233.4,235.7,2.93962
0.67,4.32,5.59,8.74,235.8,233.4,235.7,2.94025
0.67,4.32,5.59,8.74,235.80000000000004,233.4,235.69999999999996,2.9402500000000003
0.67,7.06,5.56,8.7,233.8,232.1,234.4,2.91645
0.6785714285714286,6.0,5.562857142857142,8.684285714285714,233.92857142857142,231.84285714285716,234.1,3.042731428571429
0.6942857142857143,5.3100000000000005,5.542857142857143,8.635714285714286,232.97142857142856,230.68571428571428,233.2,3.1558314285714286
0.68,4.23,5.53625,8.635000000000002,232.875,230.575,232.95,2.8972075
0.6885714285714286,4.732857142857143,5.521428571428571,8.581428571428571,232.09999999999997,229.71428571428572,232.1142857142857,3.014265714285714
0.71,5.844285714285713,5.538571428571429,8.585714285714285,232.21428571428572,230.07142857142858,232.42857142857142,3.279787142857143
0.7299999999999999,8.367142857142856,5.589999999999999,8.714285714285714,234.29999999999998,232.67142857142858,234.85714285714286,3.890101428571428
0.6871428571428572,4.874285714285714,5.572857142857144,8.657142857142857,233.8857142857143,231.5,233.9857142857143,3.056617142857143
0.68,4.26,5.57,8.65,233.9,231.4,233.9,2.91394
0.68,4.204285714285715,5.535714285714286,8.564285714285715,232.22857142857143,229.64285714285714,231.92857142857142,2.889172857142857
0.7014285714285714,5.927142857142856,5.588571428571428,8.697142857142858,234.37142857142857,232.27142857142857,234.47142857142856,3.31383
0.68,4.275714285714286,5.571428571428571,8.66,234.1,231.67142857142858,233.90000000000003,2.9213985714285715
0.7025,5.6762500000000005,5.55375,8.62125,232.9875,230.7875,233.0125,3.24247375
0.68,4.23,5.55,8.61,232.85,230.45000000000002,232.75,2.90455
0.7057142857142857,5.832857142857143,5.55,8.582857142857142,232.14285714285714,230.1,232.27142857142857,3.2731500000000002
0.7142857142857143,6.364285714285715,5.5442857142857145,8.575714285714286,232.01428571428573,230.05714285714288,232.21428571428572,3.3969771428571427
0.6885714285714286,4.75,5.53,8.55857142857143,232.31428571428572,229.91428571428574,232.21428571428572,3.0256100000000004
0.7042857142857143,5.251428571428571,5.522857142857142,8.542857142857143,231.62857142857143,229.32857142857145,231.55714285714288,3.142571428571429
0.7014285714285714,5.894285714285714,5.595714285714286,8.717142857142857,234.71428571428572,232.65714285714284,234.8857142857143,3.3200728571428573
0.7,6.195,5.609999999999999,8.765,235.5,233.45,235.7,3.389265
0.7042857142857143,6.445714285714287,5.597142857142857,8.73,234.82857142857142,232.84285714285716,235.08571428571426,3.4504000000000006
0.7299999999999999,8.04,5.61,8.73,234.6,233.1,235.3,3.83326
0.7128571428571429,6.971428571428571,5.607142857142857,8.73,234.77142857142854,233.04285714285714,235.3,3.5783400000000003
0.67,4.3,5.6,8.721428571428572,235.2,232.81428571428572,235.12857142857143,2.9387257142857144
0.6757142857142858,4.3,5.6,8.704285714285714,235.22857142857143,232.81428571428572,234.95714285714286,2.9398757142857144
0.67,7.37,5.58,8.72,234.2,232.4,234.6,2.9257
0.6957142857142857,6.7542857142857144,5.585714285714286,8.724285714285715,234.68571428571428,232.8857142857143,235.1142857142857,3.317367142857143
0.67,4.312857142857143,5.605714285714286,8.731428571428571,235.68571428571428,233.17142857142855,235.47142857142856,2.9463614285714286
0.67,4.315714285714285,5.605714285714285,8.734285714285715,235.57142857142858,233.22857142857143,235.52857142857144,2.9386042857142853
0.67,4.33,5.61,8.768571428571429,236.0,233.6142857142857,236.02857142857144,2.94605
0.6957142857142857,6.207142857142857,5.595714285714286,8.75,235.48571428571427,233.3857142857143,235.70000000000002,3.36635
0.6900000000000001,5.710000000000001,5.6066666666666665,8.741666666666667,235.6,233.36666666666667,235.58333333333334,3.2614266666666665
0.6775,4.8375,5.5975,8.72,235.3625,233.0625,235.325,3.06201
0.67,4.297142857142857,5.588571428571428,8.691428571428572,235.1,232.75714285714284,234.78571428571428,2.9246157142857143
0.71,6.960000000000001,5.586666666666666,8.683333333333332,234.26666666666665,232.36666666666667,234.46666666666667,3.5407100000000002
0.73,8.3,5.59,8.69,234.0,232.3,234.5,3.85306
0.6833333333333335,4.933333333333334,5.566666666666666,8.653333333333334,234.1,231.85,234.04999999999998,3.06932
0.6714285714285715,4.26,5.572857142857143,8.64857142857143,234.17142857142858,231.81428571428572,233.95714285714286,2.9015985714285715
0.67,4.265,5.57,8.65,234.25,231.9,234.1,2.91022
0.67,4.2628571428571425,5.57,8.657142857142857,234.2,232.04285714285714,234.1,2.9087557142857143
0.67,4.267142857142857,5.572857142857144,8.657142857142857,234.57142857142858,232.27142857142857,234.27142857142857,2.907824285714286
0.7000000000000001,6.09,5.571666666666666,8.66,234.01666666666665,231.93333333333337,234.0666666666667,3.3490683333333333
0.6871428571428572,5.378571428571428,5.575714285714286,8.664285714285715,234.27142857142857,232.0,234.07142857142858,3.178431428571429
0.7299999999999999,8.15,5.589999999999999,8.7,234.2,232.5,234.5,3.8351599999999997
0.7042857142857143,6.492857142857143,5.571428571428571,8.675714285714285,234.22857142857143,232.31428571428572,234.35714285714286,3.425775714285714
0.6957142857142857,5.967142857142856,5.58,8.671428571428573,234.14285714285714,232.28571428571428,234.21428571428572,3.3058785714285714
0.685,5.27,5.575,8.68,234.475,232.475,234.5,3.1401624999999997
0.6785714285714286,4.8585714285714285,5.58,8.69142857142857,234.85714285714286,232.68571428571428,234.6142857142857,3.0391871428571426
0.7042857142857143,6.644285714285715,5.604285714285714,8.73857142857143,235.21428571428572,233.55714285714288,235.65714285714284,3.482938571428572
0.67,4.341428571428572,5.622857142857143,8.772857142857143,236.58571428571426,234.52857142857144,236.5,2.9401942857142855
0.6642857142857144,4.36,5.638571428571429,8.805714285714286,237.27142857142854,235.20000000000002,237.08571428571426,2.954267142857143
0.66,4.398571428571429,5.668571428571428,8.857142857142858,238.25714285714284,236.32857142857142,238.18571428571428,2.968958571428572
0.6628571428571429,4.3914285714285715,5.667142857142857,8.857142857142858,238.12857142857143,236.12857142857143,238.1,2.9716
0.718,7.5120000000000005,5.6259999999999994,8.782,235.95999999999998,234.51999999999998,236.42,3.6983400000000004
0.73,8.31,5.63,8.79,235.9,234.6,236.5,3.8857
0.718,7.514,5.622,8.78,235.9,234.35999999999999,236.35999999999999,3.695964
0.7000000000000001,6.218333333333334,5.608333333333333,8.763333333333334,235.88333333333333,234.0,236.16666666666666,3.389125
0.67,4.32,5.61,8.76,236.1,234.0,236.2,2.93924
0.67,4.32,5.61,8.76,236.1,234.0,236.2,2.93924
0.67,4.3260000000000005,5.598000000000001,8.772,236.4,234.24,236.5,2.9380940000000004
0.67,4.33,5.589999999999999,8.78,236.6,234.4,236.7,2.93733
0.67,4.29,5.57,8.73,235.35714285714286,233.15714285714284,235.47142857142856,2.9111000000000002
0.7042857142857143,6.461428571428572,5.575714285714286,8.764285714285714,235.1,233.35714285714286,235.70000000000002,3.438962857142857
0.7214285714285714,7.074285714285714,5.582857142857143,8.777142857142858,235.04285714285714,233.44285714285712,235.72857142857143,3.7170799999999997
0.67,4.31,5.59,8.79,235.5,233.4,235.8,2.9235
0.7200000000000001,8.69,5.62,8.89,236.1,234.9,237.5,3.94946
0.66625,5.4075,5.6075,8.8125,236.2,234.53750000000002,236.85,2.94612625
0.6975,5.75875,5.61125,8.83625,236.725,234.8875,237.1625,3.28357625
0.66,4.36,5.62,8.84,237.1,235.0,237.2,2.93329
0.66,4.35625,5.6049999999999995,8.82875,237.025,234.85,237.2,2.9404037499999998
0.66,7.588750000000001,5.6175,8.8475,237.1,235.425,237.5625,2.95464875
0.8775,2.5075000000000003,1.5250000000000001,2.445,240.7,239.625,242.1,0.93278425
0.71375,5.3225,4.9675,7.88,238.7875,237.2625,239.4,2.9697361250000003
0.6575,4.4125,5.65,8.9475,238.9,236.975,239.1,2.981525
0.66,4.41,5.655,8.93,239.10000000000002,237.05,239.14999999999998,2.98175
0.6771428571428572,5.468571428571429,5.651428571428572,8.917142857142856,238.58571428571432,236.68571428571428,238.6285714285714,3.2361685714285717
0.72,8.09,5.63,8.86,236.8,235.4,237.2,3.86939
0.7200000000000001,8.09,5.63,8.86,236.80000000000004,235.4,237.19999999999996,3.8693900000000006
0.66,4.404285714285715,5.654285714285714,8.92,238.65714285714284,236.75714285714284,238.8,2.982297142857143
0.66,4.424285714285714,5.668571428571428,8.94142857142857,239.1142857142857,237.20000000000002,239.29999999999998,2.990952857142857
0.6657142857142857,4.957142857142857,5.677142857142857,8.952857142857143,239.14285714285714,237.4,239.44285714285712,3.1109
0.685,5.255,5.6,8.7975,236.35,234.55,236.64999999999998,3.172215
0.67,4.3325,5.61,8.8025,236.8125,235.0,237.0,2.96354875
0.7128571428571429,7.307142857142857,5.624285714285714,8.827142857142857,236.4714285714286,235.07142857142858,237.0,3.6561071428571426
0.68125,5.3925,5.63,8.8375,237.1625,235.4,237.29999999999998,3.20705625
0.6857142857142857,6.484285714285714,5.634285714285714,8.85142857142857,236.97142857142856,235.47142857142856,237.45714285714286,3.3456085714285715
0.66,4.3725000000000005,5.635,8.835,237.425,235.625,237.525,2.9603425000000003
0.705,7.215,5.65,8.864999999999998,237.2,235.85000000000002,237.82500000000002,3.6521049999999997
0.72,8.280000000000001,5.65,8.895714285714286,237.42857142857142,236.31428571428572,238.14285714285714,3.9169699999999996
0.6942857142857143,6.637142857142857,5.658571428571428,8.9,238.18571428571428,236.62857142857143,238.31428571428572,3.51736
0.66,4.41,5.67,8.915,238.9,236.975,238.8,2.98937
0.66,4.427142857142857,5.678571428571429,8.925714285714285,238.81428571428572,237.07142857142858,238.97142857142856,2.9723342857142856
0.675,5.4375,5.68,8.934999999999999,238.825,237.27499999999998,239.175,3.23072
0.72,8.512500000000001,5.68,8.94625,238.5875,237.5625,239.4625,3.9797599999999997
0.6825,6.0,5.68625,8.94,239.15,237.625,239.4,3.3664787499999997
0.6825,5.827500000000001,5.68625,8.94375,239.3,237.7,239.475,3.33529
0.6675,4.4312499999999995,5.69125,8.92125,239.3375,237.55,239.3375,2.9917775
0.66,4.43625,5.7,8.92625,239.525,237.825,239.5625,3.00093125
0.7114285714285714,7.901428571428572,5.691428571428572,8.954285714285716,238.8857142857143,237.87142857142857,239.67142857142855,3.8338257142857146
0.6825,5.93625,5.68125,8.916250000000002,238.7125,237.225,238.98749999999998,3.34928125
0.66,4.4071428571428575,5.667142857142857,8.884285714285713,238.48571428571427,236.6142857142857,238.41428571428574,2.96796
0.6857142857142857,5.99,5.668571428571428,8.887142857142857,238.1142857142857,236.65714285714284,238.41428571428568,3.3706014285714287
0.6675,4.88375,5.6575,8.8675,238.02499999999998,236.3,238.08749999999998,3.0899075
0.72,8.41,5.64,8.85,236.8,235.6,237.3,3.92863
0.72,8.41,5.64,8.85,236.8,235.6,237.3,3.9286300000000005
0.685,5.255,5.61,8.74,235.57500000000002,233.975,235.8,3.1634349999999998
0.73,8.12,5.60625,8.72875,234.675,233.6375,235.3125,3.84543625
0.7299999999999999,8.17,5.6,8.71,234.3,233.2,235.0,3.85568
0.7014285714285714,5.9071428571428575,5.577142857142857,8.647142857142857,233.55714285714288,232.0,233.74285714285716,3.3063428571428575
0.7057142857142857,5.952857142857143,5.554285714285713,8.592857142857143,232.57142857142858,231.21428571428572,232.77142857142857,3.300498571428571
0.68,4.2,5.55,8.58,232.7,231.0,232.6,2.89354
0.6971428571428572,6.107142857142857,5.571428571428571,8.635714285714286,233.12857142857143,231.72857142857146,233.32857142857142,3.324601428571429
0.68,4.226666666666667,5.56,8.606666666666667,233.0,231.1,232.83333333333334,2.8962
0.7057142857142857,6.075714285714286,5.551428571428572,8.582857142857142,232.52857142857144,230.84285714285716,232.5142857142857,3.3116685714285716
0.68,4.204285714285715,5.545714285714285,8.575714285714286,232.75714285714284,230.94285714285712,232.5,2.8945385714285714
0.6750000000000002,4.2700000000000005,5.585,8.655,234.25,232.45000000000002,234.04999999999998,2.91249
0.67,4.33,5.62,8.73,235.6,233.7,235.5,2.94182
0.67,4.325,5.625,8.72,235.6,233.75,235.35,2.9420599999999997
0.67,4.324285714285715,5.625714285714286,8.714285714285715,235.68571428571428,233.84285714285716,235.37142857142857,2.934195714285714
0.67,4.33,5.62,8.72,235.80000000000004,233.9,235.6,2.92339
0.67,4.33,5.61,8.715714285714286,235.45714285714286,233.55714285714288,235.21428571428572,2.9401957142857142
0.67,4.32,5.609999999999999,8.705,235.25,233.14999999999998,235.04999999999998,2.93761
0.73,8.67,5.61,8.73,234.6,233.3,234.9,3.9257800000000005
0.6871428571428572,5.55,5.602857142857142,8.698571428571428,234.71428571428572,233.1,234.67142857142858,3.210585714285714
0.67,4.296666666666667,5.593333333333334,8.686666666666666,234.96666666666667,233.1,234.6,2.923386666666667
0.67,4.3028571428571425,5.5928571428571425,8.695714285714285,234.91428571428574,232.97142857142856,234.5142857142857,2.9211957142857146
0.67,4.31,5.6,8.692857142857141,234.9857142857143,233.08571428571426,234.92857142857142,2.9270014285714288
0.67,4.318333333333333,5.616666666666667,8.711666666666668,235.38333333333333,233.53333333333333,235.1833333333333,2.934371666666667
0.67,4.32,5.62,8.71,235.7,233.8,235.4,2.94004
0.67,4.319999999999999,5.625,8.725,236.0,234.04999999999998,235.6,2.95018
0.67,4.333333333333333,5.616666666666667,8.73,235.73333333333335,233.76666666666665,235.4,2.9351066666666665
0.7200000000000001,7.69,5.6433333333333335,8.78,236.04999999999998,234.78333333333333,236.3166666666667,3.7550033333333332
0.7000000000000001,5.703333333333333,5.641666666666667,8.768333333333333,236.33333333333334,234.8166666666667,236.26666666666665,3.4393433333333334
0.6871428571428572,5.53,5.6499999999999995,8.785714285714286,236.4,234.77142857142854,236.3857142857143,3.2338085714285714
0.7000000000000001,6.363333333333333,5.646666666666667,8.790000000000001,236.35,234.83333333333334,236.38333333333333,3.430376666666667
0.68,5.011666666666667,5.614999999999999,8.748333333333333,236.23333333333335,234.25,235.76666666666665,3.1132899999999997
0.7000000000000001,6.31,5.635000000000001,8.775,236.10000000000002,234.75,236.35,3.4197849999999996
0.7000000000000001,6.27,5.625,8.755,235.75,234.35000000000002,236.0,3.40389
0.6785714285714286,4.35,5.64,8.76,236.2,234.4,235.9,2.94217
0.7000000000000001,6.25,5.635000000000001,8.764999999999999,235.79999999999998,234.30000000000004,235.9,3.3998950000000003
0.6900000000000001,5.59,5.62,8.743333333333334,235.5,233.9333333333333,235.53333333333333,3.2411333333333334
0.68,4.971666666666667,5.628333333333333,8.736666666666666,235.83333333333334,234.13333333333333,235.66666666666666,3.0929816666666667
0.67,4.335714285714286,5.621428571428572,8.725714285714286,235.8857142857143,233.94285714285712,235.62857142857143,2.9401414285714287
0.67,4.33,5.61,8.72,235.6,233.6,235.4,2.93469
0.67,4.33,5.61,8.72,235.6,233.6,235.4,2.93469
0.7000000000000001,6.31,5.63,8.745,235.64999999999998,234.25,235.79999999999998,3.4115450000000003
0.6957142857142857,5.975714285714285,5.62,8.737142857142858,235.55714285714288,234.05714285714288,235.6142857142857,3.3278700000000003
0.73,8.17,5.62,8.76,235.5,234.4,235.9,3.85267
0.7299999999999999,8.17,5.62,8.76,235.5,234.4,235.9,3.85267
0.7299999999999999,8.17,5.62,8.76,235.5,234.4,235.9,3.85267
0.67,4.36,5.63,8.75,236.1,234.30000000000004,236.0,2.9366
0.67,4.36,5.63,8.75,236.1,234.3,236.0,2.9366
0.7,6.886,5.648000000000001,8.803999999999998,236.58,235.32,236.84,3.5464700000000002
0.66,4.4,5.66,8.83,237.9,236.19999999999996,237.69999999999996,2.96261
0.66,4.411428571428572,5.677142857142857,8.852857142857143,238.29999999999998,236.6,238.15714285714284,2.9672957142857146
0.66,4.430000000000001,5.68,8.875,238.79999999999998,236.95000000000002,238.0,2.98685
0.67,4.33,5.618571428571428,8.72857142857143,235.8857142857143,234.14285714285714,235.7,2.928574285714286
0.7083333333333334,6.843333333333333,5.645,8.78,236.13333333333333,234.83333333333334,236.41666666666666,3.558801666666667
0.7214285714285714,8.207142857142857,5.65,8.81857142857143,236.42857142857142,235.37142857142857,237.04285714285714,3.8705485714285714
0.73,8.28,5.648333333333333,8.81,236.0666666666667,235.19999999999996,236.71666666666667,3.8901416666666666
0.73,8.43,5.64,8.81,236.4,235.19999999999996,236.80000000000004,3.91255
0.695,6.405,5.64,8.82,236.79999999999998,235.35,237.0,3.4352199999999997
0.6942857142857143,6.482857142857143,5.634285714285714,8.84142857142857,236.75714285714284,235.3,237.2,3.473464285714286
0.6916666666666668,6.253333333333334,5.63,8.821666666666667,236.63333333333333,234.98333333333335,236.73333333333335,3.4101033333333333
0.67,4.34,5.61,8.8,236.2,234.3,236.2,2.94324
0.67,4.34,5.61,8.8,236.19999999999996,234.30000000000004,236.19999999999996,2.94324
0.67,4.361666666666667,5.618333333333333,8.82,236.76666666666665,234.8166666666667,236.78333333333333,2.9595350000000002
0.67,4.343333333333333,5.611666666666667,8.813333333333334,236.53333333333333,234.54999999999998,236.73333333333332,2.9495133333333334
0.6871428571428572,5.467142857142856,5.612857142857143,8.812857142857144,236.24285714285716,234.5142857142857,236.58571428571426,3.2151714285714283
0.7299999999999999,8.34142857142857,5.622857142857143,8.825714285714286,235.95714285714286,234.78571428571428,236.74285714285716,3.8998214285714283
0.71,7.136666666666667,5.63,8.84,236.46666666666667,235.0,237.1,3.613323333333333
0.67,4.363333333333333,5.623333333333334,8.831666666666667,237.08333333333334,235.01666666666665,237.08333333333334,2.9613366666666665
0.6957142857142857,5.9628571428571435,5.628571428571428,8.847142857142858,237.08571428571426,235.27142857142854,237.34285714285716,3.3532014285714284
0.7128571428571429,7.654285714285714,5.648571428571429,8.885714285714286,237.42857142857142,236.04285714285714,238.15714285714284,3.7742528571428573
0.6942857142857143,6.575714285714286,5.658571428571428,8.894285714285715,237.70000000000002,236.18571428571428,238.24285714285716,3.5098885714285717
0.66,4.408571428571428,5.667142857142857,8.89857142857143,238.1,236.27142857142857,238.28571428571428,2.979824285714286
0.6957142857142857,7.014285714285714,5.65,8.904285714285715,237.45714285714283,236.02857142857144,238.05714285714288,3.622992857142857
0.71,8.06,5.65,8.91,237.2,236.0,238.0,3.88121
0.7133333333333333,8.276666666666667,5.653333333333333,8.916666666666666,237.33333333333334,236.13333333333333,238.13333333333333,3.920386666666667
0.6857142857142857,6.257142857142858,5.660000000000001,8.92,238.02857142857144,236.3857142857143,238.4,3.413852857142857
0.66,4.41,5.660000000000001,8.89,238.2,236.3,238.1,2.9816
0.66,4.435714285714286,5.668571428571428,8.928571428571429,238.75714285714284,236.81428571428572,238.74285714285716,2.9873542857142854
0.66,4.47,5.68,8.98,239.5,237.5,239.6,3.0017400000000003
0.73,8.61,5.7,9.0,239.7,238.4,240.3,3.92167
0.6785714285714286,4.958571428571427,5.614285714285714,8.837142857142856,236.87142857142857,234.79999999999998,237.12857142857143,3.094484285714286
0.6925,5.765,5.6137500000000005,8.81,236.2875,234.39999999999998,236.5375,3.3018125
0.6785714285714286,4.354285714285714,5.612857142857143,8.805714285714286,236.55714285714288,234.4,236.58571428571426,2.961232857142857
0.6871428571428572,4.36,5.617142857142857,8.82,236.71428571428572,234.54285714285714,236.7,2.9563585714285714
0.6671428571428571,4.371428571428572,5.625714285714286,8.84,237.0,234.91428571428574,236.9857142857143,2.961958571428571
0.69,6.2575,5.63125,8.8675,236.8875,235.275,237.4375,3.42079375
0.66,4.392857142857143,5.634285714285714,8.862857142857143,237.29999999999998,235.4,237.5,2.9675771428571425
0.6675,4.876250000000001,5.65,8.8925,237.71249999999998,235.88750000000002,237.9625,3.0915075
0.6942857142857143,6.5442857142857145,5.658571428571428,8.915714285714285,238.07142857142858,236.42857142857142,238.42857142857142,3.505911428571429
0.72,8.16,5.6525,8.9225,237.65,236.35000000000002,238.35000000000002,3.8929825
0.6685714285714285,4.975714285714285,5.660000000000001,8.895714285714286,238.22857142857146,236.2428571428571,238.15714285714284,3.100304285714286
0.66,4.43,5.660000000000001,8.89,238.3,236.2,238.1,2.96588
0.66,4.447142857142857,5.671428571428572,8.930000000000001,238.70000000000002,236.65714285714284,238.67142857142858,2.9830342857142855
0.66,4.452857142857143,5.687142857142858,8.938571428571429,239.14285714285714,237.14285714285714,239.1,2.9910428571428573
0.6771428571428572,5.5928571428571425,5.692857142857143,8.941428571428572,239.05714285714285,237.3142857142857,239.18571428571428,3.2665742857142854
0.69,6.5287500000000005,5.705,8.96625,239.25,237.7125,239.63750000000002,3.49701625
0.6625000000000001,4.4475,5.6850000000000005,8.9225,238.95000000000002,237.05,238.925,2.9897725
0.67,4.35,5.61,8.78,236.4,234.5,236.3,2.94982
0.7,6.285,5.61,8.774999999999999,235.75,234.2,236.05,3.41358
0.73,8.24,5.61,8.79,235.6,234.4,236.2,3.88922
0.73,8.24,5.61,8.79,235.6,234.4,236.19999999999996,3.88922
0.67,4.348571428571428,5.608571428571429,8.77,236.07142857142858,234.08571428571426,236.0,2.949637142857143
0.7166666666666667,7.326666666666666,5.6,8.77,235.20000000000002,233.76666666666668,235.68888888888887,3.65091
0.6957142857142857,6.041428571428571,5.588571428571428,8.73857142857143,234.8714285714286,233.31428571428572,235.15714285714284,3.3333857142857144
0.67,4.29875,5.5725,8.715,234.7,232.7625,234.7875,2.9292937500000003
0.67,4.28,5.56,8.69,234.2,232.2,234.1,2.9197
0.6757142857142858,4.2628571428571425,5.554285714285713,8.667142857142858,233.79999999999998,231.79999999999998,233.70000000000002,2.913391428571429
0.68,4.235,5.5425,8.6275,232.89999999999998,231.05,232.95000000000002,2.893945
0.716,6.434,5.536,8.596,232.01999999999998,230.52000000000004,232.44,3.4179079999999997
0.71,6.609999999999999,5.568,8.65,233.56,231.76,233.64000000000001,3.4707299999999996
0.67,4.3,5.59,8.7,235.0,233.0,234.8,2.92633
0.6750000000000002,4.284999999999999,5.580000000000001,8.674999999999999,234.70000000000002,232.6,234.30000000000004,2.924555
0.68,4.258571428571428,5.564285714285715,8.63857142857143,233.77142857142857,231.74285714285716,233.51428571428573,2.917608571428571
0.68,4.25,5.56,8.61,233.2,231.2,233.0,2.90354
0.7071428571428572,6.484285714285714,5.5857142857142845,8.687142857142858,233.97142857142856,232.37142857142857,234.17142857142858,3.439387142857143
0.682,5.104,5.582,8.68,234.44,232.64000000000001,234.35999999999999,3.107596
0.7042857142857143,6.435714285714285,5.604285714285715,8.7,234.87142857142857,233.47142857142856,234.92857142857142,3.432617142857143
0.6871428571428572,5.3757142857142854,5.61,8.72,235.12857142857143,233.6142857142857,235.1,3.179474285714286
0.6785714285714286,4.8428571428571425,5.605714285714286,8.698571428571428,235.25714285714284,233.44285714285712,235.0142857142857,3.054921428571429
0.67,4.3100000000000005,5.605,8.684999999999999,235.35,233.35,234.85,2.929685
0.67,4.32,5.61,8.69,235.6,233.5,235.0,2.9341500000000003
0.6783333333333333,4.933333333333334,5.61,8.693333333333333,235.48333333333335,233.53333333333333,235.01666666666665,3.0801199999999995
0.7228571428571428,8.037142857142857,5.61,8.712857142857144,234.8714285714286,233.67142857142855,235.15714285714284,3.817395714285714
0.73,8.20875,5.6175,8.735,235.025,233.9,235.4875,3.85124125
0.7000000000000001,6.46,5.635000000000001,8.764999999999999,236.15,234.64999999999998,236.19999999999996,3.429585
0.7299999999999999,8.57,5.64,8.77,235.9,234.7,236.2,3.92829
0.6842857142857143,6.021428571428572,5.6571428571428575,8.804285714285713,237.21428571428572,235.67142857142858,237.17142857142858,3.319472857142857
0.6428571428571429,4.131428571428571,5.691428571428572,8.858571428571429,238.77142857142857,236.9,238.4,2.8710814285714283
0.6457142857142858,4.1085714285714285,5.68,8.83,238.14285714285714,236.24285714285716,237.71428571428572,2.8632957142857145
0.6637500000000001,4.505,5.6362499999999995,8.755,236.475,234.6125,236.1,2.95179625
0.72,7.71,5.65,8.81,236.8,235.5,237.0,3.7561
0.72,7.881428571428572,5.65,8.81857142857143,236.75714285714284,235.54285714285714,237.08571428571426,3.785671428571429
0.72,8.059999999999999,5.65125,8.8325,236.725,235.61249999999998,237.21249999999998,3.81617375
0.69,6.3675,5.645,8.8275,236.825,235.3625,237.075,3.416985
0.6585714285714286,4.607142857142857,5.64,8.821428571428571,237.08571428571426,235.21428571428572,236.91428571428574,2.9633385714285714
0.65,4.09,5.64,8.84,237.2,235.3,237.2,2.84772
0.65,4.3,5.628571428571428,8.817142857142857,236.88571428571427,234.9857142857143,236.82857142857142,2.8410871428571425
0.6671428571428571,5.572857142857143,5.63,8.837142857142856,236.91428571428574,234.9857142857143,236.87142857142857,3.1092585714285716
0.71,7.805714285714286,5.631428571428572,8.874285714285714,236.92857142857142,235.31428571428572,237.28571428571428,3.780135714285714
0.6842857142857143,6.368571428571428,5.655714285714287,8.884285714285713,237.7571428571429,236.14285714285714,237.87142857142857,3.4037985714285712
0.6842857142857143,6.395714285714285,5.660000000000001,8.887142857142857,237.8,236.24285714285716,237.92857142857142,3.4168071428571425
0.65,4.1000000000000005,5.6499999999999995,8.85,237.70000000000002,235.75,237.5,2.85703
0.65,4.09,5.64,8.83,237.6,235.6,237.3,2.85087
0.65,4.09,5.64,8.83,237.6,235.6,237.3,2.85087
0.72,8.21,5.65,8.89,237.4,236.1,237.9,3.8635
0.7200000000000001,8.21,5.650000000000001,8.89,237.4,236.1,237.9,3.8635
0.7142857142857143,8.438571428571429,5.718571428571429,8.964285714285714,237.79999999999998,236.78571428571428,238.41428571428574,3.9116485714285716
0.71,8.4225,5.7475,8.9925,237.925,237.025,238.625,3.90834
0.71,7.960000000000001,5.683333333333334,8.92,237.63333333333333,236.46666666666667,238.36666666666667,3.8143100000000003
0.71,8.16,5.69,8.94,238.1,237.0,238.9,3.86277
0.64,4.135,5.70125,8.963750000000001,239.3125,237.575,239.375,2.89116125
0.66,5.2128571428571435,5.71,9.004285714285714,239.98571428571427,238.24285714285716,240.01428571428573,3.158455714285714
0.65,4.7,5.701428571428572,8.997142857142858,239.7,238.17142857142858,239.95714285714286,3.030332857142857
0.6742857142857143,5.761428571428572,5.674285714285714,8.93,238.41428571428568,236.94285714285712,238.78571428571428,3.279492857142857
0.67625,6.06,5.64,8.848749999999999,237.0375,235.4625,237.4,3.34385625
0.65,4.082857142857143,5.642857142857143,8.851428571428572,237.64285714285714,235.62857142857143,237.42857142857142,2.8546685714285713
0.67,5.13,5.655714285714287,8.877142857142857,238.05714285714288,236.22857142857143,238.0,3.1233842857142853
0.7112499999999999,7.295,5.65,8.87125,237.175,235.8125,237.7375,3.66224875
0.6757142857142858,5.761428571428572,5.660000000000001,8.895714285714286,237.82857142857142,236.27142857142857,238.12857142857143,3.2780871428571428
0.65,4.12,5.66,8.9,238.3,236.4,238.3,2.87958
0.65,4.12,5.664285714285714,8.895714285714286,238.42857142857142,236.52857142857144,238.34285714285716,2.8740942857142855
0.65,4.12,5.67,8.9,238.5,236.7,238.5,2.87265
0.6475,4.1275,5.6775,8.91,238.675,236.85,238.675,2.876065
0.67875,6.13125,5.69875,8.9275,238.775,237.2,238.9375,3.3744449999999997
0.6699999999999999,5.9471428571428575,5.695714285714287,8.94142857142857,238.94285714285712,237.32857142857142,239.07142857142858,3.3178585714285718
0.64,4.16,5.7075,8.95,239.575,237.72500000000002,239.425,2.885745
0.7,7.305714285714286,5.727142857142858,8.984285714285715,239.68571428571428,238.4857142857143,240.09999999999997,3.6951442857142855
0.71,7.8925,5.73,8.995000000000001,239.64999999999998,238.625,240.2,3.8394
0.687142857142857,6.337142857142857,5.658571428571428,8.854285714285714,237.32857142857142,235.92857142857142,237.6,3.40971
0.72,8.04,5.63,8.81,236.1,235.0,236.8,3.80358
0.65,4.06,5.64,8.8,237.0,235.30000000000004,236.9,2.84873
0.6799999999999999,5.617142857142857,5.632857142857143,8.802857142857142,236.87142857142857,235.14285714285714,236.81428571428572,3.244772857142857
0.65,4.07,5.63875,8.80875,237.1875,235.2375,236.975,2.8575162499999998
0.6616666666666667,5.420000000000001,5.636666666666667,8.81,236.78333333333333,235.16666666666666,236.86666666666667,3.1857116666666667
0.6655555555555556,4.970000000000001,5.6433333333333335,8.80888888888889,236.9111111111111,235.2555555555556,236.92222222222225,3.073331111111111
0.65,4.07,5.645,8.81,237.26666666666665,235.30000000000004,236.86666666666667,2.854405
0.6966666666666667,6.5,5.63,8.79,236.10000000000002,234.63333333333333,236.16666666666666,3.4488700000000003
0.72,7.8,5.63,8.79,235.9,234.6,236.1,3.76277
0.72,7.8,5.63,8.79,235.9,234.6,236.1,3.7627700000000006
0.72,7.57,5.59,8.72,234.4,233.2,235.0,3.69603
0.6900000000000001,5.531428571428571,5.5842857142857145,8.68,234.04285714285714,232.44285714285712,234.18571428571428,3.1967542857142854
0.7125,6.8975,5.5875,8.6725,233.55,232.25,233.875,3.5107825
0.7225,7.4087499999999995,5.5925,8.68375,233.5875,232.38750000000002,234.0375,3.6404099999999997
0.715,6.99,5.625,8.754999999999999,235.425,234.125,235.75,3.61057
0.7299999999999999,8.155714285714286,5.604285714285714,8.718571428571428,234.91428571428574,233.55714285714288,235.05714285714288,3.863008571428572
0.6875,4.53625,5.5975,8.66,234.3125,232.5125,234.11249999999998,3.00748375
0.6950000000000001,5.00625,5.58375,8.6525,233.975,232.20000000000002,233.72500000000002,3.10961625
0.7050000000000001,5.97625,5.59375,8.66875,234.2375,232.775,234.2,3.3447125
0.68,4.0842857142857145,5.58,8.624285714285715,233.84285714285716,231.94285714285712,233.3714285714286,2.8926614285714285
0.68,4.07,5.58,8.61,233.7,231.8,233.3,2.88904
0.68,4.04,5.5442857142857145,8.578571428571427,232.5142857142857,230.74285714285716,232.42857142857142,2.8709314285714287
0.68,4.034285714285715,5.54,8.564285714285715,232.37142857142857,230.58571428571426,232.24285714285716,2.8728357142857144
0.68,4.078571428571428,5.5600000000000005,8.605714285714287,233.22857142857143,231.44285714285712,233.1142857142857,2.8857442857142854
0.6900000000000001,5.265714285714286,5.61,8.714285714285715,235.25714285714284,233.57142857142858,235.20000000000002,3.1750857142857143
0.6785714285714286,4.6814285714285715,5.61,8.702857142857143,235.1285714285714,233.42857142857142,235.12857142857143,3.0481842857142856
0.7299999999999999,8.1,5.6,8.72,234.5,233.4,235.1,3.84749
0.7042857142857143,6.374285714285714,5.595714285714286,8.714285714285714,234.85714285714286,233.45714285714286,235.22857142857143,3.442118571428572
0.6871428571428572,5.258571428571429,5.614285714285714,8.725714285714286,235.4,233.72857142857143,235.41428571428574,3.1727014285714286
0.67,4.187142857142857,5.62,8.741428571428571,235.74285714285716,233.98571428571427,235.65714285714287,2.91602
0.67,4.21,5.62,8.75,235.8,234.1,235.8,2.92144
0.6785714285714286,4.167142857142857,5.611428571428571,8.698571428571428,235.28571428571428,233.32857142857142,235.1142857142857,2.9248942857142852
0.67,4.18,5.61,8.71,235.5,233.7,235.5,2.9187
0.67,4.18,5.61,8.712857142857144,235.55714285714288,233.75714285714284,235.5,2.919645714285714
0.67,4.18,5.617142857142857,8.72,235.6285714285714,233.82857142857145,235.57142857142858,2.917131428571429
0.67,4.196666666666666,5.614999999999999,8.741666666666667,235.75,234.0666666666667,235.75,2.91973
0.67,4.2,5.62,8.74,235.9,234.3,235.9,2.9255299999999997
0.67,4.18,5.623333333333334,8.731666666666667,235.65,233.93333333333337,235.6833333333333,2.92751
0.6957142857142857,5.985714285714287,5.622857142857143,8.745714285714286,235.6,234.17142857142858,235.94285714285712,3.344315714285714
0.6871428571428572,5.890000000000001,5.611428571428571,8.727142857142857,235.29999999999998,233.72857142857143,235.41428571428574,3.317747142857143
0.6785714285714286,4.761428571428572,5.605714285714286,8.737142857142858,235.5142857142857,233.84285714285716,235.54285714285714,3.0522614285714282
0.67,4.19,5.6,8.73,235.5,233.8,235.4,2.91532
0.67,4.187142857142858,5.6,8.725714285714286,235.41428571428574,233.70000000000002,235.31428571428572,2.9128142857142856
0.67,4.17,5.6,8.692857142857141,235.1142857142857,233.3857142857143,235.08571428571426,2.908215714285714
0.6716666666666667,4.163333333333333,5.595,8.683333333333332,235.0,233.28333333333333,235.0,2.9082466666666664
0.6950000000000001,5.2775,5.57375,8.65375,233.73749999999998,232.2,233.9625,3.2664412499999997
0.67,4.14,5.57,8.67,234.0,232.4,234.19999999999996,2.8964433333333335
0.6737500000000001,4.145,5.55875,8.651250000000001,234.1875,232.3125,234.1125,2.89926125
0.6716666666666667,4.141666666666667,5.551666666666667,8.646666666666667,234.0,232.11666666666667,233.91666666666666,2.89156
0.69625,5.76875,5.56625,8.66125,233.825,232.2625,233.9375,3.26723375
0.6783333333333333,4.136666666666667,5.568333333333334,8.655,234.21666666666667,232.51666666666665,234.15,2.898315
0.68,4.13,5.56,8.64,233.8,232.0,233.8,2.89417
0.68,4.13,5.562857142857142,8.634285714285715,233.77142857142857,231.91428571428574,233.71428571428572,2.8878642857142856
0.68,4.13,5.57,8.64,233.9,232.1,233.9,2.89214
0.6714285714285715,4.138571428571429,5.561428571428571,8.64,234.24285714285716,232.44285714285712,234.15714285714284,2.889928571428571
0.6871428571428572,5.208571428571429,5.5685714285714285,8.662857142857144,234.41428571428574,232.84285714285716,234.5142857142857,3.148825714285714
0.73,7.88,5.59,8.72,234.69999999999996,233.69999999999996,235.30000000000004,3.7969899999999996
0.73,7.88,5.59,8.72,234.7,233.7,235.3,3.79699
0.66,4.24,5.64,8.8,237.2,235.4,236.9,2.93234
0.6771428571428572,5.359999999999999,5.659999999999999,8.842857142857143,237.8857142857143,236.31428571428572,237.78571428571428,3.20364
0.6971428571428572,6.444285714285714,5.6571428571428575,8.85,237.85714285714286,236.4857142857143,238.02857142857144,3.467317142857143
0.7299999999999999,7.99,5.58,8.72,234.8,233.8,235.5,3.8195900000000003
0.6785714285714286,4.724285714285714,5.588571428571428,8.72,235.4,233.97142857142856,235.58571428571426,3.0346785714285716
0.67,4.19,5.589999999999999,8.72,235.84285714285716,234.12857142857143,235.75714285714284,2.91817
0.6957142857142857,5.802857142857143,5.598571428571428,8.764285714285714,235.87142857142857,234.42857142857142,236.28571428571428,3.307477142857143
0.715,7.1175,5.605,8.7975,236.14999999999998,234.9,236.575,3.625595
0.7042857142857143,6.422857142857143,5.601428571428571,8.788571428571428,236.07142857142858,234.62857142857143,236.35714285714286,3.4581014285714287
0.67,4.19,5.6,8.77,235.9,234.1,236.0,2.92258
0.7042857142857143,6.3500000000000005,5.6,8.792857142857143,235.67142857142858,234.32857142857142,236.28571428571428,3.4385114285714287
0.7157142857142856,7.597142857142857,5.619999999999999,8.854285714285714,236.4,235.27142857142854,237.27142857142854,3.7424357142857145
0.67,4.24,5.62,8.84,237.0,235.1,237.1,2.92997
0.6842857142857143,5.297142857142857,5.628571428571428,8.848571428571429,236.91428571428574,235.44285714285712,237.3857142857143,3.2005042857142856
0.72,8.054285714285713,5.638571428571429,8.87,237.05714285714288,235.91428571428568,237.78571428571428,3.867132857142857
0.72,8.18,5.65,8.87,237.4,236.2,237.9,3.89467
0.7014285714285714,6.405714285714285,5.6242857142857146,8.828571428571427,236.4857142857143,234.82857142857142,236.87142857142857,3.4648885714285713
0.6957142857142857,6.431428571428571,5.6414285714285715,8.864285714285714,237.1,235.72857142857146,237.65714285714284,3.4820814285714285
0.6685714285714285,4.828571428571428,5.65,8.88,238.1,236.2,238.22857142857146,3.0997714285714286
0.66,4.275714285714286,5.645714285714286,8.881428571428572,238.14285714285714,236.24285714285716,238.18571428571428,2.9533099999999997
0.66,4.28,5.65,8.89,238.1,236.2,238.1,2.9502199999999994
0.6771428571428572,5.408571428571428,5.652857142857143,8.917142857142858,238.31428571428572,236.45714285714283,238.55714285714288,3.23795
0.6685714285714285,4.857142857142857,5.651428571428572,8.935714285714285,238.74285714285716,236.84285714285716,239.05714285714288,3.109622857142857
0.66,4.3133333333333335,5.665,8.943333333333333,239.20000000000002,237.16666666666666,239.3166666666667,2.9791833333333333
0.66,4.301428571428572,5.632857142857143,8.922857142857143,238.58571428571426,236.3142857142857,238.6,2.9758899999999997
0.66,4.305,5.65,8.940000000000001,238.85,236.75,238.95,2.97789
0.66,4.31,5.67,8.96,239.2,237.3,239.4,2.97883
0.66,4.3,5.665,8.945,239.0,237.05000000000004,239.15,2.9803499999999996
0.6825,5.71,5.67,8.9525,238.9625,237.1875,239.35,3.32239
0.6799999999999999,5.444285714285714,5.661428571428571,8.928571428571429,237.97142857142856,236.4,238.47142857142856,3.2470857142857144
0.7042857142857143,6.502857142857144,5.607142857142857,8.808571428571428,235.87142857142857,234.28571428571428,236.5142857142857,3.480981428571429
0.67,4.20625,5.59,8.78,235.8875,233.85,236.0625,2.92519625
0.6871428571428572,5.327142857142857,5.5928571428571425,8.785714285714286,235.79999999999998,234.0,236.1,3.194222857142857
0.7,6.80375,5.608750000000001,8.80125,235.85,234.3,236.3375,3.4175375
0.67,4.23,5.605714285714286,8.821428571428571,236.5,234.6,236.65714285714284,2.9403785714285715
0.685,5.1725,5.61875,8.83,236.525,234.8375,236.8875,3.1712875
0.6957142857142857,6.465714285714285,5.638571428571429,8.868571428571428,237.15714285714284,235.65714285714284,237.64285714285714,3.473037142857143
0.69125,6.19125,5.645,8.875,237.3375,235.825,237.8625,3.41716125
0.7125,7.701249999999999,5.65625,8.90375,237.5875,236.35,238.38750000000002,3.7868025
0.6857142857142857,5.517142857142857,5.67,8.915714285714285,238.37142857142857,236.81428571428572,238.68571428571428,3.409731428571429
0.66,4.29625,5.66625,8.9,238.5625,236.6625,238.5375,2.9652600000000002
0.66,4.29,5.66,8.9,238.5,236.6,238.6,2.95951
0.66,4.3,5.666666666666667,8.913333333333334,238.73333333333335,236.9,238.9,2.959263333333333
0.66,4.32,5.68,8.94,239.2,237.5,239.5,2.95877
0.66,4.32,5.68,8.92,238.89999999999998,237.0,238.89999999999998,2.96814
0.6685714285714285,4.918571428571428,5.681428571428571,8.924285714285714,238.85714285714286,237.07142857142858,238.95714285714286,3.1116228571428572
0.7200000000000001,8.51,5.69,8.95,238.6,237.5,239.30000000000004,3.97252
0.72,8.51,5.69,8.95,238.6,237.5,239.3,3.97252
0.72,8.17,5.67,8.89,237.6,236.5,238.4,3.90324
0.72,8.312857142857142,5.672857142857143,8.904285714285715,237.74285714285716,236.67142857142858,238.57142857142858,3.9284371428571427
0.6771428571428572,5.645714285714286,5.68,8.918571428571429,238.54285714285714,237.0,238.9,3.273201428571429
0.66,4.438888888888889,5.68,8.918888888888889,238.68888888888887,236.9888888888889,238.9777777777778,2.9933422222222226
0.6825,5.9025,5.66875,8.897499999999999,238.1375,236.7375,238.66250000000002,3.3449037500000003
0.72,8.37,5.67,8.91,237.8,236.9,238.8,3.9432
0.6771428571428572,5.529999999999999,5.661428571428572,8.875714285714285,237.9,236.35714285714286,238.25714285714284,3.2518514285714284
0.66,4.41,5.65,8.87,237.7,235.9,237.8,2.96988
0.6857142857142857,5.461428571428572,5.65,8.832857142857142,237.07142857142858,235.58571428571426,237.45714285714286,3.2262085714285718
0.6687500000000001,4.859999999999999,5.65,8.84,237.4,235.6875,237.4875,3.0795875
0.6833333333333332,6.325,5.645,8.83,236.79999999999998,235.44999999999996,237.20000000000002,3.2739966666666667
0.7042857142857143,6.635714285714286,5.627142857142857,8.788571428571428,235.84285714285716,234.55714285714288,236.34285714285716,3.491027142857143
0.68,5.0,5.595,8.745,235.35,233.6833333333333,235.61666666666667,3.0984616666666667
0.67,4.315714285714286,5.589999999999999,8.715714285714286,235.0,233.15714285714284,234.97142857142856,2.9345185714285713
0.6742857142857144,4.292857142857143,5.577142857142857,8.692857142857143,234.57142857142858,232.71428571428572,234.5,2.92858
0.68,4.264285714285714,5.56,8.647142857142857,233.6,231.79999999999998,233.58571428571426,2.912288571428572
0.68,4.24125,5.55375,8.6175,233.1125,231.375,233.2,2.9077175
0.68,4.217142857142858,5.532857142857142,8.584285714285715,232.35714285714286,230.4857142857143,232.34285714285713,2.898855714285714
0.7042857142857143,6.582857142857143,5.605714285714286,8.77142857142857,235.34285714285716,234.04285714285714,235.87142857142857,3.4872414285714286
0.7,6.35375,5.5962499999999995,8.7525,235.0625,233.63750000000002,235.51250000000002,3.42194
0.6742857142857144,4.291428571428571,5.5928571428571425,8.701428571428572,234.81428571428572,233.07142857142858,234.87142857142857,2.9309657142857146
0.7016666666666667,6.148333333333333,5.583333333333333,8.705,234.25,232.81666666666663,234.73333333333335,3.3653033333333333
0.7025,6.220000000000001,5.58,8.695,234.25,232.75,234.67499999999998,3.383635
0.6957142857142857,6.064285714285714,5.588571428571428,8.717142857142857,234.44285714285712,232.97142857142856,234.82857142857142,3.3463942857142857
0.6742857142857144,4.285714285714286,5.581428571428572,8.70142857142857,234.4857142857143,232.74285714285716,234.64285714285714,2.9236685714285713
0.6957142857142857,6.444285714285714,5.595714285714286,8.72857142857143,234.8857142857143,233.52857142857144,235.42857142857142,3.3231128571428568
0.7042857142857143,6.531428571428571,5.595714285714286,8.76142857142857,235.35714285714286,234.0142857142857,236.0142857142857,3.4751
0.6957142857142857,6.05,5.601428571428571,8.742857142857144,235.41428571428574,233.87142857142857,235.75714285714284,3.3546114285714284
0.67,4.325714285714286,5.615714285714286,8.758571428571429,235.8857142857143,234.14285714285714,235.94285714285712,2.9528142857142856
0.6785714285714286,4.8585714285714285,5.611428571428571,8.767142857142856,235.94285714285712,234.29999999999998,236.31428571428572,3.084832857142857
0.7042857142857143,6.4799999999999995,5.618571428571428,8.784285714285714,236.0285714285714,234.6,236.57142857142858,3.469607142857143
0.7042857142857143,6.554285714285713,5.62,8.791428571428572,236.1,234.6,236.5142857142857,3.482744285714286
0.6957142857142857,6.735714285714286,5.618571428571428,8.791428571428572,236.04285714285714,234.72857142857143,236.54285714285714,3.512717142857143
0.6785714285714286,4.951428571428571,5.612857142857143,8.78,235.8857142857143,234.25714285714284,236.12857142857143,3.086424285714286
0.67,4.325714285714286,5.6,8.75,235.84285714285716,233.9857142857143,235.84285714285716,2.937992857142857
0.67,4.32,5.6,8.75,235.9,234.1,235.9,2.94173
0.67,4.331428571428572,5.605714285714286,8.767142857142856,235.95714285714286,234.21428571428572,236.07142857142858,2.937872857142857
0.67,4.338571428571428,5.615714285714286,8.78,236.14285714285714,234.44285714285712,236.22857142857143,2.9387528571428576
0.67,4.33,5.61,8.78,236.2,234.5,236.4,2.94903
0.6957142857142857,5.982857142857142,5.61,8.774285714285714,235.97142857142856,234.52857142857144,236.27142857142857,3.339847142857143
0.67,4.338571428571428,5.61,8.758571428571429,235.87142857142857,234.05714285714288,235.75714285714284,2.9452914285714287
0.67,4.33,5.61,8.75,235.7,233.8,235.5,2.94425
0.7214285714285714,7.561428571428571,5.61,8.775714285714285,235.27142857142854,234.22857142857146,236.0142857142857,3.716312857142857
0.7075,6.77125,5.60625,8.772499999999999,235.5625,234.125,236.05,3.5188562500000002
0.73,8.25,5.59,8.76,235.2,234.0,235.9,3.88069
0.7128571428571429,7.124285714285714,5.581428571428572,8.748571428571429,235.17142857142855,233.77142857142857,235.70000000000002,3.6091900000000003
0.7214285714285714,7.515714285714286,5.577142857142857,8.737142857142858,235.0142857142857,233.54285714285714,235.6285714285714,3.7062057142857148
0.7042857142857143,6.442857142857143,5.571428571428571,8.731428571428571,235.04285714285714,233.42857142857142,235.48571428571427,3.446087142857143
0.67,4.2942857142857145,5.565714285714286,8.708571428571428,235.1,233.08571428571426,235.02857142857144,2.9244871428571426
0.67,4.29,5.568571428571429,8.70142857142857,235.02857142857144,232.95714285714286,234.8857142857143,2.920532857142857
0.67,4.292857142857143,5.557142857142857,8.707142857142857,234.85714285714286,232.95714285714283,235.0,2.9109899999999995
0.6957142857142857,6.662857142857143,5.5528571428571425,8.72,234.9857142857143,233.45714285714286,235.52857142857144,3.476062857142857
0.67,4.31,5.57,8.725000000000001,235.6,233.55,235.55,2.9236
0.6925,5.735,5.57875,8.76125,235.7375,234.1,236.025,3.2716075
0.7214285714285714,7.691428571428572,5.589999999999999,8.78,235.52857142857144,234.4,236.31428571428572,3.733972857142857
0.7,6.29625,5.59375,8.78,235.95,234.55,236.5125,3.404745
0.67,4.345714285714285,5.589999999999999,8.775714285714285,236.47142857142856,234.64285714285714,236.64285714285714,2.9391242857142856
0.715,7.140000000000001,5.5975,8.81,236.225,234.75,236.67499999999998,3.61433
0.7299999999999999,8.07,5.6,8.82,236.1,234.8,236.7,3.8386400000000003
0.73,8.58,5.59,8.8,235.5,234.4,236.5,3.9345
0.6828571428571429,7.115714285714286,5.605714285714286,8.822857142857144,235.95714285714286,234.65714285714284,236.78571428571428,3.6102342857142857
0.67,4.345,5.605,8.825,236.35,234.5,236.64999999999998,2.9429350000000003
0.7000000000000001,6.3,5.605,8.815,236.1,234.45000000000002,236.6,3.4129850000000004
0.6925,5.882499999999999,5.6,8.821250000000001,236.125,234.4625,236.79999999999998,3.3151375
0.67,4.342499999999999,5.592499999999999,8.8175,236.475,234.475,236.6,2.9483575
0.6942857142857143,5.977142857142857,5.614285714285715,8.872857142857143,236.75714285714284,235.2,237.5,3.3462657142857144
0.7000000000000001,6.642857142857143,5.615714285714286,8.844285714285714,236.54285714285714,235.0,237.22857142857143,3.5027914285714283
0.7299999999999999,8.64,5.62,8.87,236.8,235.6,237.7,3.96969
0.72125,8.14125,5.637499999999999,8.905,237.4125,236.0375,238.1375,3.8838875
0.6942857142857143,6.542857142857144,5.641428571428571,8.904285714285715,237.85714285714286,236.22857142857143,238.35714285714286,3.4992057142857145
0.72,8.47,5.6475,8.9325,237.625,236.4,238.725,3.9502175
0.6675,4.955,5.648750000000001,8.9175,238.35,236.38750000000002,238.6125,3.107105
0.66,4.427142857142857,5.655714285714287,8.921428571428573,238.74285714285716,236.58571428571432,238.72857142857143,2.98688
0.6825,5.88375,5.66375,8.92625,238.6625,236.8,238.8625,3.346085
0.6685714285714285,4.99,5.678571428571429,8.945714285714285,239.04285714285714,237.31428571428572,239.22857142857146,3.1311728571428574
0.66,4.445,5.68625,8.9525,239.1875,237.38750000000002,239.35000000000002,2.9999225000000003
0.66,4.45625,5.69,8.963750000000001,239.4125,237.5,239.6125,3.0004062499999997
0.6942857142857143,6.607142857142857,5.695714285714287,8.985714285714286,239.42857142857142,237.8857142857143,239.82857142857142,3.5264714285714285
0.725,8.21,5.655,8.91,237.45000000000002,236.30000000000004,238.25,3.9021399999999997
0.7299999999999999,8.358571428571429,5.61,8.812857142857144,235.32857142857142,234.17142857142858,236.17142857142858,3.9161642857142858
0.685,5.3775,5.6175,8.79,236.25,234.45,236.4,3.2104825
0.6900000000000001,5.601666666666667,5.626666666666666,8.828333333333333,236.68333333333337,235.04999999999998,237.0666666666667,3.2644249999999997
0.7299999999999999,8.07,5.64,8.84,236.4,235.2,237.1,3.8678
0.7075,6.86625,5.64125,8.8475,236.9125,235.53750000000002,237.45,3.56963625
0.6975,6.54,5.65,8.8525,237.0875,235.6625,237.5375,3.604575
0.6714285714285715,4.878571428571428,5.652857142857143,8.848571428571429,237.35714285714286,235.6142857142857,237.41428571428574,3.1158457142857143
0.6687500000000001,4.405,5.6625,8.8675,237.825,235.9625,237.7625,2.9736475
0.66,4.44,5.681428571428571,8.92,238.75714285714284,237.1142857142857,238.91428571428574,2.9939499999999994
0.705,7.507499999999999,5.69,8.942499999999999,238.5,237.275,239.0,3.72316
0.6900000000000001,5.045714285714285,5.698571428571428,8.94142857142857,238.94285714285712,237.34285714285716,239.1285714285714,3.135464285714286
0.66,4.47,5.7,8.94,239.1,237.4,239.2,2.99258
0.6857142857142857,6.082857142857143,5.707142857142857,8.948571428571428,239.12857142857143,237.68571428571428,239.42857142857142,3.3958771428571426
0.68875,5.82,5.66375,8.8425,237.4625,235.975,237.7125,3.31614
0.6957142857142857,5.84,5.63875,8.785714285714285,236.46249999999998,234.8625,236.525,3.35715
0.67,4.36,5.64,8.79,236.69999999999996,234.80000000000004,236.5,2.9532
0.6925,5.73375,5.63375,8.785,236.3375,234.7375,236.45,3.28917125
0.7128571428571429,7.064285714285715,5.63,8.777142857142858,236.02857142857144,234.6285714285714,236.3,3.6124085714285714
0.73,8.29875,5.63875,8.7625,235.5375,234.5125,236.21249999999998,3.9003375
0.73,8.32,5.64,8.76,235.5,234.5,236.2,3.9036
0.66,4.42,5.66,8.88,238.1,236.30000000000004,238.19999999999996,2.98345
0.66,4.42,5.66,8.88,238.1,236.3,238.2,2.98345
0.6675,4.39,5.6525,8.835,237.42499999999998,235.85,237.525,2.9719075
0.67,4.38,5.65,8.82,237.2,235.7,237.3,2.96806
0.67,4.38,5.65,8.82,237.2,235.7,237.3,2.96806
0.6614285714285714,4.362857142857143,5.631428571428572,8.79142857142857,236.68571428571428,234.90000000000003,236.68571428571428,2.957062857142857
0.67,4.38,5.64,8.8,237.2,235.5,237.2,2.96578
0.67,4.38,5.64,8.8,237.2,235.5,237.2,2.96578
0.6785714285714286,5.007142857142857,5.660000000000001,8.791428571428572,236.82857142857142,235.27142857142857,236.78571428571428,3.111932857142857
0.6900000000000001,6.03625,5.65875,8.795,236.7875,235.325,236.8625,3.348185
0.6614285714285714,4.385714285714285,5.6657142857142855,8.805714285714286,237.34285714285716,235.57142857142858,237.09999999999997,2.9747842857142857
0.67,4.36,5.64,8.78,236.4,234.8,236.5,2.96269
0.7042857142857143,6.605714285714285,5.64,8.764285714285714,235.92857142857142,234.58571428571426,236.28571428571428,3.48965
0.67,4.36,5.64,8.77,236.5,234.7,236.4,2.95337
0.7214285714285714,7.5057142857142845,5.648571428571429,8.787142857142856,235.72857142857143,234.7,236.4,3.725527142857143
0.7042857142857143,6.444285714285714,5.637142857142857,8.768571428571429,235.64285714285714,234.4,236.05714285714288,3.46647
0.67,4.33,5.62,8.74,235.7,234.0,235.6,2.9494700000000003
0.67,4.32,5.6,8.71,235.4,233.7,235.5,2.94232
0.6728571428571428,4.305714285714286,5.594285714285713,8.695714285714287,234.84285714285716,233.14285714285714,234.94285714285712,2.9382885714285716
0.68,4.27,5.58,8.66,234.1,232.4,234.2,2.92821
0.7175,6.58875,5.57375,8.641250000000001,233.5375,232.2125,233.95,3.4776475000000002
0.74,7.9799999999999995,5.57,8.63,233.2,232.1,233.8,3.80731
0.6885714285714286,4.782857142857144,5.565714285714286,8.634285714285715,233.45714285714286,231.8857142857143,233.62857142857143,3.0462357142857144
0.68,4.25,5.57,8.63,233.5,231.7,233.7,2.92597
0.7142857142857143,6.432857142857143,5.57,8.635714285714286,233.04285714285714,231.7,233.58571428571426,3.434764285714286
0.725,7.115,5.5675,8.635,232.89999999999998,231.7,233.475,3.59238
0.7014285714285714,5.698571428571428,5.564285714285715,8.628571428571428,233.20000000000002,231.65714285714284,233.35714285714286,3.244174285714286
0.73,7.63,5.57,8.64,232.80000000000004,231.6,233.30000000000004,3.67582
0.67,4.467142857142857,5.5528571428571425,8.597142857142858,232.97142857142856,231.34285714285716,232.95714285714286,2.9162542857142855
0.66,3.95,5.56,8.61,233.1,231.3,233.1,2.78126
0.6742857142857144,4.502857142857144,5.5528571428571425,8.618571428571428,233.02857142857144,231.32857142857145,233.18571428571428,2.924722857142857
0.7299999999999999,7.82,5.55,8.64,232.6,231.5,233.3,3.71722
0.7128571428571429,6.7057142857142855,5.5442857142857145,8.625714285714286,232.57142857142858,231.27142857142857,233.07142857142858,3.4505085714285713
0.7042857142857143,6.325714285714286,5.601428571428571,8.741428571428571,234.9,233.64285714285714,235.32857142857142,3.4185242857142852
0.7214285714285714,7.468571428571429,5.611428571428571,8.725714285714286,234.58571428571426,233.42857142857142,234.91428571428574,3.688061428571428
0.7299999999999999,8.31,5.61,8.73,234.4,233.5,235.2,3.88419
0.7299999999999999,8.31,5.61,8.73,234.4,233.5,235.2,3.88419
0.7214285714285714,7.5200000000000005,5.582857142857143,8.72857142857143,234.8857142857143,233.42857142857142,235.34285714285716,3.7193528571428573
0.67,4.18,5.5825,8.717500000000001,235.425,233.4,235.325,2.9206600000000003
0.71,6.726666666666667,5.583333333333333,8.73,234.76666666666665,233.33333333333334,235.16666666666666,3.520723333333333
0.7,6.07625,5.58375,8.71375,234.5875,232.98749999999998,234.925,3.3583
0.7042857142857143,6.301428571428572,5.581428571428572,8.718571428571428,234.4,232.8857142857143,234.79999999999998,3.4185257142857144
0.6785714285714286,4.711428571428571,5.581428571428572,8.714285714285715,234.82857142857142,233.14285714285714,234.92857142857142,3.0320442857142855
0.6742857142857144,4.2057142857142855,5.558571428571428,8.675714285714287,234.42857142857142,232.45714285714286,234.17142857142858,2.907382857142857
0.6783333333333333,4.255,5.55,8.653333333333334,234.03333333333333,232.1,234.0666666666667,2.9114299999999997
0.69875,5.67625,5.54875,8.66875,233.8,232.1625,234.25,3.254505
0.7299999999999999,8.04,5.56,8.7,233.6,232.4,234.5,3.8168600000000006
0.7014285714285714,6.574285714285715,5.5442857142857145,8.671428571428573,233.20000000000002,231.81428571428572,233.81428571428572,3.31299
0.68,4.26,5.54,8.64,233.60000000000002,231.80000000000004,233.69999999999996,2.90409
0.7014285714285714,5.838571428571428,5.524285714285715,8.637142857142857,233.0142857142857,231.5142857142857,233.55714285714288,3.2827928571428573
0.68,4.241428571428572,5.531428571428571,8.624285714285714,233.22857142857143,231.17142857142858,233.17142857142858,2.9019057142857143
0.68,4.25,5.54,8.65,233.4,231.6,233.6,2.90128
0.6971428571428572,5.882857142857142,5.54,8.671428571428573,233.82857142857142,232.24285714285716,234.15714285714284,3.285091428571429
0.6785714285714286,4.808571428571428,5.54,8.662857142857144,233.92857142857142,232.21428571428572,234.1,3.0238685714285714
0.67,4.26,5.52,8.63,234.0,231.6,233.8,2.89629
0.6871428571428572,5.339999999999999,5.522857142857142,8.63857142857143,233.62857142857143,231.8857142857143,233.82857142857145,3.145932857142857
0.7042857142857143,6.531428571428571,5.525714285714286,8.66,233.42857142857142,231.82857142857142,233.81428571428572,3.4273571428571428
0.6775,4.7675,5.521249999999999,8.655000000000001,233.9375,231.9375,233.95000000000002,3.0202437499999997
0.67,4.26,5.5200000000000005,8.65,234.0,231.9,233.9,2.90229
0.6783333333333333,4.235,5.503333333333333,8.625,233.08333333333334,231.15,233.4,2.8959316666666663
0.68,4.220000000000001,5.505,8.61,232.7,230.8,233.0,2.88841
0.7085714285714285,6.437142857142858,5.55,8.741428571428573,234.6142857142857,232.95714285714286,235.17142857142855,3.424555714285714
0.6871428571428572,5.472857142857142,5.587142857142857,8.81,236.4,234.57142857142858,236.71428571428572,3.2191014285714283
0.67,4.3575,5.5975,8.8175,236.67499999999998,234.825,236.8,2.954695
0.6775,4.83875,5.6,8.84125,236.7375,234.82500000000002,237.0375,3.0637862499999997
0.7299999999999999,8.12,5.6,8.85,236.3,235.0,237.3,3.87065
0.7299999999999999,8.12,5.6,8.85,236.3,235.0,237.3,3.87065
0.6685714285714285,4.908571428571428,5.625714285714286,8.865714285714285,237.41428571428574,235.4857142857143,237.5142857142857,3.0966014285714287
0.72,8.05,5.63,8.87,236.9,235.4,237.6,3.85489
0.6975,6.984999999999999,5.66125,8.9375,238.3,236.7125,238.875,3.594475
0.675,5.4875,5.6625,8.95,238.8,237.0,239.125,3.238095
0.66,4.452500000000001,5.6625,8.9625,239.075,237.15,239.23749999999998,2.99150375
0.7028571428571428,7.262857142857143,5.68,8.994285714285715,239.1,237.57142857142858,239.71428571428572,3.678028571428572
0.6975,6.921250000000001,5.68375,9.0,239.3125,237.75,239.95,3.593385
0.66,4.49,5.69,9.0,240.0,238.0,240.2,3.00076
0.7028571428571428,6.5128571428571425,5.615714285714286,8.851428571428572,236.88571428571427,235.31428571428572,237.54285714285714,3.482634285714286
0.67,4.35,5.589999999999999,8.8,236.65714285714284,234.5142857142857,236.7,2.9544414285714287
0.6966666666666668,5.696666666666666,5.6,8.825555555555557,236.5,234.7444444444444,236.96666666666664,3.383712222222222
0.67,4.338571428571429,5.595714285714286,8.79857142857143,236.44285714285712,234.32857142857142,236.47142857142856,2.9485557142857144
0.6925,5.74375,5.60375,8.81625,236.575,234.54999999999998,236.65,3.289655
0.69,5.753333333333334,5.613333333333333,8.837777777777777,236.7888888888889,235.0,237.2555555555556,3.29437
0.685,5.29,5.615,8.8475,237.22500000000002,235.25,237.475,3.197765
0.69125,6.265,5.63,8.86125,237.2625,235.4875,237.575,3.42683875
0.72,8.295,5.6362499999999995,8.885,237.15,235.7125,237.9375,3.9057025000000003
0.6933333333333334,6.716666666666666,5.641111111111111,8.886666666666667,237.43333333333334,235.85555555555553,237.9888888888889,3.51947
0.66,4.4437500000000005,5.66125,8.92375,238.825,236.85,238.8625,2.98747625
0.66,4.45,5.66,8.934999999999999,238.9,236.9,238.95,2.9866099999999998
0.6685714285714285,5.057142857142857,5.6814285714285715,8.968571428571428,239.42857142857142,237.6142857142857,239.72857142857143,3.146997142857143
0.72,8.643333333333333,5.696666666666667,9.0,239.23333333333332,238.16666666666666,240.13333333333333,4.007376666666667
0.67,4.3475,5.60625,8.78,236.25,234.375,236.45,2.95319375
0.67,4.355,5.61,8.795,236.4,234.6,236.675,2.9530174999999996
0.7,6.3100000000000005,5.615,8.81,236.35,234.85,236.9,3.423445
0.73,5.3425,5.6274999999999995,8.82,236.8,235.14999999999998,237.075,3.1973374999999997
0.7112499999999999,5.76375,5.6325,8.8325,236.975,235.3,237.2875,3.30736
0.6933333333333334,6.1066666666666665,5.626666666666667,8.835555555555555,236.96666666666664,235.3777777777778,237.32222222222222,3.3782599999999996
0.7000000000000001,6.687142857142858,5.635714285714285,8.844285714285714,237.1,235.58571428571426,237.5142857142857,3.513267142857143
0.73,8.44,5.64,8.84,236.80000000000004,235.5,237.30000000000004,3.9321099999999998
0.73,8.44,5.64,8.84,236.80000000000004,235.5,237.30000000000004,3.93211
0.66,4.39,5.64,8.84,237.3,235.4,237.4,2.96714
0.6666666666666666,4.376666666666667,5.633333333333333,8.826666666666666,236.89999999999998,235.0,236.93333333333334,2.954466666666667
0.67,4.365714285714286,5.635714285714285,8.801428571428572,236.71428571428572,234.8857142857143,236.78571428571428,2.9549
0.685,5.305,5.635,8.805,236.525,234.9,236.775,3.1769
0.6785714285714286,4.895714285714286,5.628571428571428,8.79857142857143,236.47142857142856,234.55714285714288,236.52857142857144,3.08462
0.7,6.275,5.61,8.76,235.35,233.89999999999998,235.7,3.39587
0.7299999999999999,8.437142857142858,5.61,8.762857142857142,235.02857142857144,233.8857142857143,235.72857142857143,3.901907142857143
0.7075,6.21875,5.61875,8.73375,235.05,233.6875,235.4,3.39409875
0.7042857142857143,6.4957142857142856,5.61,8.725714285714286,234.9,233.3857142857143,235.18571428571428,3.454822857142857
0.73,8.12,5.61,8.73,234.6,233.30000000000004,235.1,3.8417499999999998
0.73375,8.112499999999999,5.5912500000000005,8.696250000000001,233.85,232.5875,234.35,3.8325062500000002
0.74,8.1,5.551428571428572,8.614285714285716,232.04285714285714,230.84285714285716,232.62857142857143,3.810182857142857
0.68,4.21,5.541428571428571,8.575714285714286,232.32857142857142,230.42857142857142,232.21428571428572,2.8982685714285714
0.6828571428571429,4.8100000000000005,5.578571428571428,8.667142857142858,234.0285714285714,232.27142857142857,234.02857142857144,3.0525885714285717
0.7299999999999999,8.127142857142857,5.6,8.731428571428571,234.47142857142856,233.5142857142857,235.28571428571428,3.8480785714285717
0.6916666666666668,5.636666666666667,5.595,8.706666666666667,234.58333333333334,233.0666666666667,234.86666666666667,3.243016666666667
0.68,4.286666666666666,5.580000000000001,8.67,234.36666666666667,232.33333333333334,234.23333333333335,2.9368700000000003
0.7085714285714285,5.840000000000001,5.5842857142857145,8.668571428571429,233.95714285714286,232.37142857142857,234.12857142857143,3.430167142857143
0.71,6.12,5.575,8.63,233.1,231.39999999999998,233.20000000000002,3.362655
0.7314285714285714,7.5857142857142845,5.565714285714286,8.644285714285715,232.77142857142857,231.54285714285714,233.34285714285716,3.702247142857143
0.68,4.26,5.57,8.64,233.8,231.8,233.6,2.91773
0.6971428571428572,5.345714285714286,5.572857142857144,8.642857142857142,233.51428571428573,231.77142857142857,233.54285714285714,3.176224285714286
0.7057142857142857,5.922857142857143,5.562857142857142,8.629999999999999,232.8857142857143,231.41428571428574,233.25714285714284,3.3078857142857143
0.6885714285714286,4.811428571428571,5.568571428571429,8.631428571428572,233.24285714285716,231.5,233.3,3.0412614285714286
0.71,6.669999999999999,5.56,8.64,233.03333333333333,231.69999999999996,233.4333333333333,3.4865
0.68,4.25,5.56,8.64,233.5,231.74285714285716,233.58571428571426,2.914042857142857
0.68,4.2542857142857144,5.564285714285715,8.635714285714286,233.67142857142858,231.85714285714286,233.7,2.915441428571428
0.68,4.265,5.555,8.655,233.79999999999998,232.14999999999998,233.95000000000002,2.9169299999999994
0.68,4.26,5.56,8.65,234.0,232.1,233.9,2.91386
0.7057142857142857,5.978571428571428,5.564285714285715,8.641428571428571,233.57142857142858,232.0142857142857,233.77142857142857,3.3150114285714287
0.68,4.24,5.57,8.61,233.6,231.8,233.3,2.91692
0.68,4.25,5.565,8.63,233.6,231.75,233.4,2.9126
0.7057142857142857,5.825714285714286,5.548571428571428,8.624285714285714,232.84285714285716,231.34285714285716,233.1,3.268887142857143
0.74,8.12,5.55,8.64,232.6,231.7,233.5,3.81793
0.6971428571428572,5.334285714285714,5.542857142857143,8.612857142857143,232.67142857142855,230.98571428571427,232.92857142857142,3.1609985714285713
0.68,4.222857142857142,5.5371428571428565,8.607142857142858,232.75714285714284,230.72857142857143,232.72857142857143,2.897612857142857
0.68,4.22,5.53,8.586666666666666,232.70000000000002,230.5666666666667,232.53333333333333,2.89263
0.68,4.198333333333333,5.528333333333333,8.558333333333334,232.2166666666667,230.04999999999998,231.95000000000002,2.8871249999999997
0.6900000000000001,4.805000000000001,5.513333333333333,8.555000000000001,231.83333333333334,229.88333333333333,231.83333333333334,3.0229350000000004
0.7399999999999999,7.849999999999999,5.510000000000001,8.55,231.1,229.69999999999996,231.6,3.74593
0.74,7.85,5.51,8.55,231.1,229.7,231.6,3.74593
0.74,7.85,5.51,8.55,231.1,229.7,231.6,3.74593
0.67,4.31,5.59,8.71,235.19999999999996,233.19999999999996,235.1,2.9175
0.67,4.31,5.59,8.71,235.19999999999996,233.19999999999996,235.1,2.9175
0.67,4.31,5.589999999999999,8.71,235.2,233.2,235.1,2.9175
0.67,4.31,5.589999999999999,8.71,235.2,233.2,235.1,2.9175
0.73,8.17,5.59,8.71,233.9,232.69999999999996,234.5,3.8418499999999995
0.73,8.53,5.55,8.67,233.5,232.0,234.0,3.90511
0.7075,6.64625,5.59,8.70375,234.5,232.925,234.75,3.48744375
0.7214285714285714,7.462857142857142,5.595714285714286,8.72857142857143,234.64285714285714,233.35714285714286,235.24285714285716,3.6883885714285713
0.67,4.3,5.6,8.72,235.2,233.4,235.2,2.9316300000000006
0.6925,5.8225,5.60375,8.75375,235.85,234.175,236.0125,3.29698125
0.67,4.35,5.63,8.78,236.4,234.7,236.4,2.94924
0.67,4.3428571428571425,5.63,8.765714285714285,236.6857142857143,234.6285714285714,236.4,2.947847142857143
0.67,4.34,5.63,8.76,236.8,234.6,236.4,2.94729
0.67,4.34,5.63,8.76,236.8,234.6,236.4,2.94729
0.67,4.36,5.63,8.82,236.9,235.1,237.0,2.95404
0.6642857142857144,4.365714285714286,5.624285714285714,8.825714285714286,237.02857142857144,235.18571428571428,237.20000000000002,2.9610885714285713
0.7214285714285714,7.54,5.587142857142857,8.794285714285714,235.79999999999998,234.15714285714284,236.15714285714284,3.731118571428571
0.6957142857142857,5.932857142857143,5.591428571428572,8.784285714285714,235.82857142857142,234.05714285714288,236.1142857142857,3.3353928571428573
0.67,4.3325,5.6025,8.785,236.125,234.175,236.27499999999998,2.94613
0.67,4.3185714285714285,5.597142857142857,8.778571428571428,235.94285714285712,233.84285714285716,236.1142857142857,2.9484142857142857
0.7214285714285714,7.564285714285714,5.597142857142857,8.767142857142856,235.2,233.6142857142857,235.6,3.7120285714285717
0.7299999999999999,8.3,5.61,8.79,235.1,234.1,236.1,3.88643
0.7299999999999999,8.3,5.61,8.79,235.1,234.1,236.1,3.88643
0.67,4.33,5.6,8.8,236.3,234.2,236.5,2.95582
0.6957142857142857,5.984285714285714,5.611428571428571,8.81,236.04285714285714,234.28571428571428,236.55714285714288,3.3447257142857145
0.67,4.33,5.61,8.79,236.3,234.2,236.4,2.94299
0.67,4.351428571428571,5.62,8.821428571428571,236.72857142857143,234.78571428571428,236.9857142857143,2.967182857142857
0.7128571428571429,7.067142857142857,5.627142857142857,8.858571428571429,236.75714285714284,235.20000000000002,237.32857142857142,3.6256071428571426
0.70375,6.74,5.6375,8.87375,237.1125,235.5125,237.6125,3.54788125
0.66,4.39,5.65,8.88,237.8,235.7,237.8,2.9794000000000005
0.66,4.39,5.650000000000001,8.88,237.80000000000004,235.69999999999996,237.80000000000004,2.9794
0.66,4.41,5.669999999999999,8.9,238.5,236.19999999999996,238.19999999999996,2.98799
0.72,8.67,5.67,8.96,238.3,236.9,239.1,3.99983
0.66,4.435714285714286,5.675714285714285,8.93,238.55714285714288,236.65714285714284,238.65714285714284,2.9853457142857143
0.69,6.341666666666668,5.695,8.953333333333333,238.79999999999998,237.23333333333335,239.25,3.4607116666666666
0.66,4.45,5.71,8.95,239.5,237.5,239.6,3.00921
0.6642857142857144,4.411428571428572,5.671428571428572,8.885714285714286,238.25714285714284,236.21428571428572,238.27142857142857,2.991827142857143
0.67,4.36,5.62,8.8,236.6,234.5,236.5,2.96865
0.7128571428571429,7.102857142857142,5.627142857142857,8.828571428571427,236.24285714285716,234.78571428571428,236.78571428571428,3.624614285714286
0.7042857142857143,6.6657142857142855,5.625714285714286,8.84,236.4857142857143,234.72857142857143,237.02857142857144,3.5119014285714285
0.67,4.375,5.62,8.848749999999999,236.925,234.85,237.21249999999998,2.96602625
0.7028571428571428,6.5200000000000005,5.634285714285714,8.864285714285714,237.22857142857143,235.37142857142857,237.55714285714288,3.4981114285714283
0.6628571428571429,4.402857142857143,5.642857142857143,8.875714285714285,237.75714285714284,235.78571428571428,237.9857142857143,2.9791742857142856
0.71,7.674000000000001,5.65,8.906,237.58,236.08,238.35999999999999,3.764124
0.6825,5.94875,5.65875,8.90875,238.025,236.25,238.475,3.35245875
0.66,4.43,5.661428571428572,8.92,238.4,236.4,238.7,2.989932857142857
0.66,4.43,5.6625,8.92125,238.425,236.4375,238.725,2.9909925
0.66,4.43,5.68,8.93,238.6,236.7,238.9,2.99395
0.66,4.43,5.68,8.93,238.6,236.69999999999996,238.9,2.99395
0.68375,5.8637500000000005,5.6875,8.95625,239.0875,237.2625,239.3125,3.34661
0.6925,5.81125,5.61875,8.7975,236.1375,234.3625,236.45,3.304245
0.7233333333333333,7.986666666666666,5.612222222222223,8.792222222222222,235.5,234.19999999999996,236.19999999999996,3.8154388888888895
0.7299999999999999,8.44,5.61,8.79,235.5,234.2,236.2,3.92274
0.6925,5.80125,5.63375,8.8275,236.9875,235.175,237.1625,3.3114775
0.685,5.771666666666666,5.638333333333333,8.843333333333334,237.15,235.36666666666667,237.33333333333334,3.2946616666666664
0.6988888888888889,6.698888888888889,5.645555555555556,8.855555555555554,237.14444444444447,235.53333333333336,237.53333333333336,3.5180788888888888
0.6675,4.39,5.6525,8.835,237.35000000000002,235.375,237.29999999999998,2.9732825
0.67,4.38,5.61,8.804285714285715,236.7,234.3,236.4,2.9666242857142855
0.67,4.371428571428572,5.635714285714285,8.814285714285715,236.97142857142856,234.91428571428574,236.9,2.9649342857142855
0.67,4.38,5.64,8.81,237.1,235.0,236.9,2.9713499999999997
0.7299999999999999,8.105714285714287,5.611428571428571,8.8,235.54285714285714,234.17142857142855,236.18571428571428,3.859352857142857
0.7299999999999999,8.26,5.62,8.8,235.2,234.0,236.1,3.87635
0.7128571428571429,7.131428571428572,5.614285714285714,8.782857142857143,235.2,233.77142857142857,235.84285714285713,3.606981428571429
0.6775,4.793749999999999,5.595,8.7225,234.875,233.0375,234.9875,3.04943625
0.7050000000000001,6.239999999999999,5.580000000000001,8.69,233.9,232.35000000000002,234.29999999999998,3.3862900000000002
0.74,8.44,5.57,8.66,233.0,231.7,233.7,3.87222
0.74,8.44,5.57,8.66,233.0,231.7,233.7,3.87222
0.7020000000000001,5.888,5.556,8.602,232.7,230.85999999999999,232.84,3.292134
0.7299999999999999,8.37,5.589999999999999,8.7,234.2,232.9,234.8,3.89304
0.7299999999999999,8.37,5.589999999999999,8.7,234.2,232.9,234.8,3.89304
0.68,4.23,5.55,8.6,232.80000000000004,230.69999999999996,232.6,2.9046299999999996
0.68,4.23,5.55,8.6,232.8,230.7,232.6,2.90463
0.68,4.23,5.55,8.6,232.80000000000004,230.69999999999996,232.6,2.9046299999999996
0.71,6.175,5.575,8.645000000000001,233.05000000000004,231.55000000000004,233.39999999999998,3.369005
0.73,8.15375,5.6075,8.735,234.25,233.22500000000002,235.0375,3.84596625
0.7299999999999999,8.18,5.589999999999999,8.7,233.9,232.7,234.6,3.84384
0.7050000000000001,6.205,5.58625,8.68375,234.0125,232.4125,234.3875,3.384535
0.68,4.135,5.5825,8.6525,234.075,232.04999999999998,233.95,2.9031025
0.7057142857142857,5.864285714285714,5.568571428571429,8.642857142857142,233.14285714285714,231.42857142857142,233.41428571428574,3.2996114285714286
0.722857142857143,7.027142857142857,5.567142857142857,8.648571428571428,232.95714285714283,231.42857142857142,233.47142857142856,3.5727257142857143
0.68,4.12,5.56,8.62,233.6,231.5,233.4,2.89939
0.68,4.111666666666667,5.56,8.628333333333334,233.4333333333333,231.41666666666666,233.3166666666667,2.904665
0.68,4.11,5.56,8.63,233.4,231.4,233.3,2.90572
0.68,4.098571428571429,5.56,8.612857142857143,233.1142857142857,231.0,232.9,2.8974685714285715
0.725,7.14625,5.5525,8.618749999999999,232.625,231.05,233.0375,3.59199875
0.68,4.12,5.56,8.63,233.7,231.7,233.7,2.9011299999999998
0.68,4.12,5.5675,8.645,233.7,231.775,233.625,2.9051275
0.68,4.12,5.57,8.65,233.7,231.8,233.6,2.90646
0.68,4.13,5.573333333333333,8.66,233.9,232.03333333333333,233.86666666666667,2.9077366666666666
0.7057142857142857,5.924285714285714,5.5842857142857145,8.684285714285714,233.97142857142856,232.37142857142857,234.35714285714286,3.3204257142857143
0.68,4.135714285714285,5.572857142857144,8.65857142857143,234.1142857142857,232.05714285714288,233.8142857142857,2.8970871428571425
0.68,4.122857142857143,5.562857142857142,8.628571428571428,233.5,231.57142857142858,233.34285714285713,2.88408
0.7142857142857143,6.348571428571428,5.551428571428572,8.61142857142857,232.41428571428574,230.82857142857142,232.77142857142854,3.4037542857142857
0.7057142857142857,5.724285714285714,5.541428571428571,8.61,232.3714285714286,230.67142857142858,232.6142857142857,3.257354285714286
0.68,4.07,5.53,8.56,231.8,229.6,231.8,2.86189
0.7057142857142857,5.7,5.534285714285715,8.594285714285714,232.37142857142857,230.55714285714288,232.5,3.2624400000000002
0.68,4.081428571428572,5.531428571428571,8.588571428571429,232.5142857142857,230.6,232.5,2.8758685714285717
0.7057142857142857,5.844285714285713,5.5371428571428565,8.588571428571429,232.24285714285716,230.48571428571427,232.42857142857142,3.278548571428572
0.68,4.07,5.525,8.57,232.05,229.89999999999998,231.89999999999998,2.8688450000000003
0.68,4.06,5.5200000000000005,8.56,231.7,229.6,231.7,2.86869
0.68,4.06,5.52,8.56,231.7,229.6,231.7,2.86869
0.68,4.06,5.52,8.56,231.7,229.6,231.7,2.86869
0.67,4.23,5.63,8.8,236.6,234.69999999999996,236.69999999999996,2.93088
0.67,4.21,5.61,8.78,236.2,234.3,236.2,2.927
0.67,4.211428571428572,5.611428571428571,8.788571428571428,236.25714285714284,234.35714285714286,236.37142857142857,2.9244885714285713
0.67,4.2225,5.6175,8.81,236.6,234.67499999999998,236.75,2.9264650000000003
0.7214285714285714,7.435714285714285,5.618571428571428,8.827142857142857,236.0,234.5142857142857,236.5142857142857,3.7160928571428573
0.71,6.838333333333334,5.640000000000001,8.853333333333333,237.04999999999998,235.51666666666665,237.54999999999998,3.5754733333333335
0.67,4.26,5.65,8.87,238.0,235.9,238.0,2.9662600000000006
0.6866666666666666,5.513333333333333,5.66,8.893333333333333,238.0666666666667,236.29999999999998,238.36666666666667,3.2703633333333335
0.72,8.02,5.68,8.94,238.2,237.1,239.1,3.87857
0.6833333333333332,5.583333333333333,5.66,8.876666666666667,237.73333333333335,236.0666666666667,237.76666666666665,3.2670133333333333
0.6785714285714286,4.744285714285715,5.591428571428572,8.752857142857142,235.74285714285716,233.77142857142854,235.8714285714286,3.054491428571428
0.67,4.19,5.596666666666667,8.763333333333334,235.9333333333333,233.9,235.9666666666667,2.9225499999999998
0.67,4.21,5.61,8.79,236.2,234.3,236.3,2.92727
0.7299999999999999,7.93,5.63,8.83,236.2,234.9,236.9,3.83112
0.7299999999999999,8.06,5.62,8.85,236.3,235.0,237.2,3.8617200000000005
0.7299999999999999,8.06,5.62,8.85,236.3,235.0,237.2,3.8617200000000005
0.73,8.06,5.62,8.85,236.3,235.0,237.2,3.86172
0.73,8.06,5.62,8.85,236.3,235.0,237.2,3.86172
0.6957142857142857,5.815714285714286,5.58,8.795714285714286,235.72857142857143,234.0,235.82857142857142,3.3199014285714283
0.67,4.19625,5.5725,8.78875,235.7875,233.6625,236.0,2.9273
0.67,4.19,5.564285714285715,8.774285714285714,235.6,233.22857142857143,235.71428571428572,2.9236328571428567
0.7299999999999999,7.944285714285714,5.582857142857143,8.822857142857144,235.08571428571426,233.77142857142854,236.25714285714284,3.8356257142857144
0.73,8.09,5.6,8.84,235.6,234.2,236.6,3.86482
0.7299999999999999,8.09,5.6,8.84,235.6,234.2,236.6,3.8648199999999995
0.7299999999999999,8.09,5.6,8.84,235.6,234.2,236.6,3.8648199999999995
0.6900000000000001,5.795999999999999,5.63,8.906,237.42,235.58,238.01999999999998,3.3247839999999997
0.6942857142857143,6.505714285714285,5.6414285714285715,8.937142857142856,237.84285714285716,236.1,238.54285714285714,3.5014142857142856
0.6675,4.7675,5.64,8.9225,238.1375,236.025,238.4125,3.0765462500000003
0.66,4.2775,5.64375,8.9275,238.4125,236.4375,238.7125,2.9739875
0.6857142857142857,5.928571428571429,5.648571428571429,8.945714285714287,238.42857142857142,236.70000000000002,239.07142857142858,3.377042857142857
0.69,6.2837499999999995,5.65875,8.94375,238.6375,236.825,239.1875,3.4603725
0.6975,7.0337499999999995,5.672499999999999,8.98125,238.875,237.1375,239.55,3.61712375
0.67625,4.87625,5.609999999999999,8.83125,236.7375,234.65,236.925,3.08365375
0.67,4.3549999999999995,5.6025,8.825,236.55,234.425,236.79999999999998,2.9586475
0.7214285714285714,7.627142857142857,5.61,8.848571428571429,236.40000000000003,234.8,237.18571428571428,3.7567857142857144
0.7,6.2749999999999995,5.6125,8.855,236.75,234.9375,237.3875,3.42714875
0.67,4.35,5.6025,8.8325,236.7125,234.5125,236.9,2.9563075000000003
0.6966666666666667,6.211666666666666,5.613333333333333,8.868333333333334,237.0,235.25,237.66666666666666,3.4185016666666663
0.66,4.3975,5.62375,8.883750000000001,237.7125,235.575,238.0375,2.9722975000000003
0.72,8.34,5.64,8.89,237.2,235.7,237.7,3.91404
0.6771428571428572,5.528571428571429,5.642857142857143,8.885714285714286,237.64285714285714,235.82857142857142,237.94285714285712,3.237504285714286
0.66,4.721111111111111,5.661111111111111,8.89,238.22222222222223,236.22222222222223,238.23333333333332,2.97673
0.66,5.21,5.677142857142856,8.918571428571429,238.42857142857142,236.64285714285714,238.71428571428572,2.9812242857142857
0.66,4.43,5.68,8.91,238.60000000000002,236.5,238.60000000000002,2.97825
0.6857142857142857,6.2385714285714275,5.701428571428571,8.961428571428572,239.20000000000002,237.57142857142858,239.62857142857143,3.4264114285714284
0.66,4.47,5.7,8.96,239.4,237.5,239.6,2.99764
0.7075,6.63875,5.61625,8.77125,235.7375,234.1375,236.0375,3.5121075
0.7075,6.65375,5.62375,8.79375,236.1125,234.55,236.45,3.51268125
0.6957142857142857,6.135714285714286,5.624285714285714,8.81857142857143,236.64285714285714,234.9857142857143,236.94285714285712,3.3822385714285716
0.67,4.37,5.62,8.81,236.9,234.9,236.9,2.96328
0.67,4.37,5.62,8.81,236.9,234.9,236.9,2.9632799999999997
0.67,4.37,5.62,8.81,236.9,234.9,236.9,2.9632799999999997
0.66,4.39,5.66,8.84,237.5,235.6,237.5,2.97045
0.66,4.38,5.644285714285714,8.82,237.4,235.4,237.2,2.965741428571428
0.6775,5.345,5.64,8.8275,237.175,235.425,237.225,3.2013875
0.7299999999999999,8.312857142857142,5.64,8.845714285714285,236.28571428571428,235.28571428571428,237.12857142857143,3.9053642857142856
0.6775,4.8575,5.6225000000000005,8.79375,236.1625,234.3375,236.3125,3.06744125
0.6785714285714286,4.868571428571428,5.6085714285714285,8.772857142857143,235.85714285714286,234.05714285714285,236.02857142857144,3.0628114285714285
0.6871428571428572,5.351428571428571,5.585714285714286,8.731428571428571,234.8,233.17142857142858,235.24285714285716,3.17934
0.67,4.293333333333333,5.566666666666666,8.700000000000001,234.66666666666666,232.66666666666666,234.63333333333333,2.918613333333333
0.67,4.29,5.56,8.69,234.6,232.5,234.4,2.91524
0.6775,4.255,5.5625,8.6475,233.575,231.475,233.4,2.9154875000000002
0.7314285714285714,7.307142857142858,5.55,8.637142857142857,232.6142857142857,231.1142857142857,233.2,3.647744285714286
0.68,4.204285714285715,5.534285714285715,8.564285714285715,232.12857142857143,230.14285714285714,232.12857142857143,2.8944557142857144
0.68,4.24,5.56,8.615,233.15,231.20000000000002,233.04999999999998,2.912315
0.68,4.27,5.57,8.68,234.1,232.0,233.9,2.92153
0.6871428571428572,4.802857142857143,5.555714285714286,8.638571428571428,232.74285714285716,230.81428571428572,232.81428571428572,3.0433171428571426
0.7128571428571429,7.092857142857143,5.5928571428571425,8.735714285714286,234.70000000000002,233.24285714285716,235.21428571428572,3.5961714285714286
0.6985714285714286,5.991428571428571,5.5928571428571425,8.707142857142857,234.54285714285714,232.87142857142857,234.79999999999998,3.326368571428571
0.68,4.2542857142857144,5.572857142857144,8.645714285714286,233.84285714285716,231.78571428571428,233.8714285714286,2.915821428571429
0.68,4.2542857142857144,5.565714285714286,8.627142857142857,233.62857142857143,231.4857142857143,233.41428571428574,2.9111985714285713
0.68,4.2457142857142856,5.554285714285713,8.617142857142857,233.29999999999998,231.1142857142857,233.17142857142858,2.907867142857143
0.7057142857142857,5.948571428571428,5.548571428571428,8.6,232.3857142857143,230.65714285714284,232.68571428571428,3.304148571428571
0.68,4.23,5.54,8.6,232.6,230.7,232.6,2.90379
0.7299999999999999,8.38,5.58,8.71,234.3,233.0,234.8,3.87065
0.73,8.27,5.56,8.69,233.8,232.4,234.2,3.85625
0.71,6.946666666666666,5.563333333333333,8.693333333333333,234.16666666666666,232.5,234.33333333333334,3.5436833333333335
0.718,7.475999999999999,5.586,8.724,234.42000000000002,233.01999999999998,234.84,3.673502
0.6785714285714286,4.868571428571428,5.57,8.70142857142857,234.58571428571426,232.52857142857144,234.52857142857144,3.055468571428572
0.6871428571428572,5.4399999999999995,5.57,8.695714285714285,234.47142857142856,232.7,234.77142857142857,3.192752857142857
0.68,4.96,5.57,8.7,234.5,232.58333333333334,234.66666666666666,3.0768683333333335
0.6900000000000001,5.543333333333334,5.57,8.700000000000001,234.36666666666667,232.70000000000002,234.63333333333333,3.2195766666666668
0.7000000000000001,5.925714285714286,5.557142857142857,8.685714285714287,234.17142857142858,232.31428571428572,234.37142857142857,3.3121971428571433
0.67,4.417142857142857,5.561428571428571,8.678571428571429,234.1285714285714,232.17142857142858,234.31428571428572,2.8950171428571427
0.67,6.099999999999999,5.57,8.71,234.1,232.80000000000004,234.80000000000004,2.90128
0.7042857142857143,7.001428571428571,5.577142857142857,8.72857142857143,234.47142857142856,233.12857142857143,235.12857142857143,3.439577142857143
0.6671428571428571,4.148571428571429,5.581428571428572,8.724285714285715,235.17142857142858,233.17142857142858,235.18571428571428,2.888318571428571
0.6799999999999999,5.688571428571429,5.5928571428571425,8.768571428571429,235.57142857142858,233.91428571428574,235.94285714285712,3.223208571428571
0.65,4.0685714285714285,5.615714285714286,8.807142857142855,236.94285714285712,234.91428571428568,236.87142857142857,2.83804
0.65,4.093333333333333,5.633333333333333,8.856666666666667,237.85000000000002,235.7833333333333,237.88333333333335,2.8569583333333335
0.67,5.11,5.6242857142857146,8.855714285714287,237.3857142857143,235.68571428571428,237.78571428571428,3.1023171428571428
0.6900000000000001,6.202857142857143,5.557142857142857,8.764285714285714,235.6142857142857,234.34285714285716,236.47142857142856,3.342524285714286
0.72,8.04,5.58,8.78,234.9,234.5,236.7,3.79389
0.66,4.065714285714286,5.598571428571428,8.801428571428572,236.84285714285716,234.74285714285716,236.94285714285712,2.82741
0.6799999999999999,5.631428571428572,5.62,8.85,237.24285714285716,235.4857142857143,237.68571428571428,3.2323928571428575
0.67625,5.49,5.6025,8.84375,237.025,235.1125,237.3125,3.19526375
0.65,4.062857142857142,5.601428571428571,8.831428571428571,236.97142857142856,234.95714285714286,237.2428571428571,2.83415
0.65,4.047142857142857,5.591428571428572,8.812857142857144,236.42857142857142,234.29999999999998,236.68571428571428,2.827035714285714
0.65,4.0442857142857145,5.58,8.81857142857143,236.34285714285716,234.14285714285714,236.62857142857143,2.8286728571428568
0.72,7.7,5.589999999999999,8.83,235.7,234.3,236.7,3.73206
0.72,7.76,5.56,8.82,235.0,233.5,235.9,3.7527
0.71,7.228571428571429,5.562857142857142,8.81857142857143,235.18571428571428,233.58571428571426,236.0,3.6219471428571426
0.65,4.04375,5.5875,8.81375,236.45,234.25,236.75,2.84030625
0.65,4.062857142857142,5.6,8.832857142857142,236.78571428571428,234.58571428571426,237.08571428571426,2.842164285714286
0.6799999999999999,5.724285714285714,5.604285714285714,8.884285714285715,237.1,235.24285714285716,237.7,3.2459200000000004
0.65,4.098571428571428,5.601428571428571,8.877142857142857,237.44285714285712,235.2,237.7,2.8409914285714284
0.65,4.0975,5.6137500000000005,8.88625,237.7375,235.4625,237.925,2.8584300000000002
0.65,4.085714285714286,5.615714285714286,8.877142857142857,237.42857142857142,235.37142857142857,237.77142857142857,2.8551614285714284
0.6799999999999999,5.692857142857143,5.615714285714286,8.874285714285714,237.3714285714286,235.41428571428574,237.8,3.255887142857143
0.65,4.09,5.6085714285714285,8.858571428571429,237.34285714285716,234.92857142857142,237.34285714285716,2.854025714285714
0.65,4.105,5.615,8.88,237.75,235.39999999999998,237.825,2.865245
0.68,5.8933333333333335,5.633333333333333,8.905,237.8166666666667,235.76666666666665,238.15,3.3174983333333334
0.6725,5.49625,5.637499999999999,8.92,238.125,236.0875,238.55,3.21481875
0.6799999999999999,6.015000000000001,5.645,8.934999999999999,238.45,236.5,238.85000000000002,3.344535
0.66,4.722857142857143,5.655714285714287,8.942857142857141,238.8857142857143,236.79999999999998,239.1,3.0284014285714287
0.7000000000000001,6.488571428571428,5.630000000000001,8.894285714285715,237.55714285714288,235.79999999999998,238.1857142857143,3.500237142857143
0.7042857142857143,5.8500000000000005,5.581428571428572,8.801428571428572,235.67142857142858,233.79999999999998,236.14285714285714,3.467751428571429
0.685,4.1625000000000005,5.592499999999999,8.8025,236.45,234.14999999999998,236.45,3.1760675
0.6957142857142857,5.765714285714286,5.604285714285714,8.83,236.41428571428568,234.4857142857143,236.78571428571428,3.3093642857142855
0.7075,6.62125,5.615,8.84625,236.45,234.675,237.05,3.52464125
0.685,5.210000000000001,5.61,8.8225,236.675,234.675,236.975,3.1744225
0.67,4.2214285714285715,5.61,8.824285714285715,236.71428571428572,234.6,236.9,2.941795714285714
0.67,6.324285714285714,5.62,8.86,237.04285714285714,235.24285714285716,237.42857142857142,3.46209
0.68125,5.2425,5.62625,8.86375,237.0875,235.20000000000002,237.4625,3.1852575
0.7042857142857143,5.382857142857143,5.63,8.85142857142857,237.05714285714288,235.1142857142857,237.35714285714286,3.507581428571428
0.6687500000000001,4.26,5.63,8.868749999999999,237.775,235.67499999999998,237.95,3.09141125
0.6685714285714285,4.7871428571428565,5.632857142857143,8.864285714285714,237.62857142857143,235.58571428571426,237.79999999999998,3.091427142857143
0.6975,6.61625,5.64625,8.8925,237.7125,236.0875,238.2125,3.53805375
0.69,6.237500000000001,5.65,8.891250000000001,237.7875,236.125,238.275,3.433665
0.6975,6.90125,5.64375,8.88875,237.85,235.9375,238.125,3.59804875
0.72,8.48,5.64,8.9,237.7,235.9,238.2,3.97939
0.6975,6.77,5.6937500000000005,8.97375,239.2125,237.6875,239.6625,3.56189375
0.6975,6.76625,5.68625,8.9625,239.025,237.5,239.475,3.5605024999999997
0.66,4.46,5.68,8.95,239.4,237.5,239.6,2.99434
0.66,4.46375,5.69,8.95125,239.625,237.575,239.5875,3.00154125
0.6857142857142857,6.037142857142858,5.69,8.94,239.22857142857143,237.45714285714286,239.35714285714286,3.389982857142857
0.66,4.45,5.6850000000000005,8.925,239.35000000000002,237.3,239.3,2.9791049999999997
0.66,4.4475,5.67375,8.9275,238.9875,236.925,238.9,2.9678275
0.66,4.4225,5.65625,8.90375,238.4,236.38750000000002,238.375,2.9714675
0.6825,5.901249999999999,5.6425,8.89875,237.8125,236.075,238.15,3.327375
0.7000000000000001,6.801428571428572,5.614285714285715,8.828571428571427,236.6142857142857,234.95714285714286,237.1,3.52849
0.73,8.455,5.612500000000001,8.815000000000001,235.925,234.625,236.675,3.924465
0.7075,6.67875,5.60625,8.77375,235.36249999999998,233.975,235.95000000000002,3.5039675
0.6925,5.78,5.58125,8.703750000000001,234.425,232.75,234.7125,3.2759175
0.6728571428571428,4.268571428571429,5.57,8.65,233.97142857142856,232.04285714285717,233.9857142857143,2.910484285714286
0.68,4.22125,5.5425,8.57875,232.5375,230.6125,232.525,2.89350875
0.6733333333333333,4.276666666666667,5.576666666666666,8.656666666666668,234.23333333333332,232.26666666666668,234.03333333333336,2.914006666666667
0.67,4.29375,5.585,8.68125,234.3375,232.5,234.3125,2.9164625
0.67,4.2875,5.58,8.6675,234.3,232.325,234.075,2.9095424999999997
0.6783333333333333,4.265,5.571666666666666,8.636666666666668,233.9,231.98333333333335,233.76666666666665,2.9131516666666664
0.71,6.17,5.5525,8.6025,232.825,231.1875,232.9125,3.36119625
0.7142857142857143,6.5442857142857145,5.555714285714286,8.615714285714285,232.58571428571426,231.2,233.0,3.4312985714285715
0.7142857142857143,6.5528571428571425,5.5528571428571425,8.587142857142856,232.3857142857143,230.58571428571426,232.34285714285716,3.431687142857143
0.74,8.4,5.54,8.57,231.4,230.2,231.7,3.84537
0.6799999999999999,4.9071428571428575,5.612857142857143,8.72,235.29999999999998,233.5,235.21428571428572,3.077588571428571
0.67,4.33,5.618571428571428,8.75,236.02857142857144,234.08571428571426,236.08571428571426,2.9467628571428572
0.67,4.327500000000001,5.61625,8.7425,235.8,233.8,235.73749999999998,2.9351737499999997
0.67,4.32,5.589999999999999,8.72,235.2,232.9,235.1,2.94075
0.6900000000000001,5.566666666666666,5.623333333333334,8.753333333333332,235.73333333333335,234.0,235.78333333333333,3.2396833333333332
0.6775,5.26,5.62,8.75125,235.96249999999998,234.0875,235.95,3.15791125
0.715,7.085,5.61,8.7425,235.325,233.925,235.72500000000002,3.608705
0.67,4.318333333333333,5.618333333333333,8.745,235.95000000000002,233.86666666666667,235.75,2.9493116666666666
0.67,4.32,5.617142857142857,8.745714285714286,235.9857142857143,233.92857142857142,235.8857142857143,2.9454257142857143
0.67,4.633333333333334,5.64,8.774444444444445,236.36666666666667,234.55555555555554,236.42222222222225,2.951892222222222
0.67,5.104285714285714,5.625714285714286,8.785714285714286,236.44285714285712,234.70000000000002,236.55714285714288,2.947645714285714
0.665,4.3675,5.62375,8.8025,236.825,234.8625,236.8875,2.9562125
0.67,4.345,5.6225000000000005,8.78375,236.65,234.625,236.55,2.95124125
0.715,7.4375,5.6225000000000005,8.785,236.125,234.6,236.25,3.6827475
0.7042857142857143,6.695714285714287,5.611428571428571,8.772857142857143,236.02857142857144,234.34285714285716,236.1142857142857,3.498227142857143
0.685,5.33,5.592499999999999,8.745000000000001,235.85,233.875,235.85,3.1633775
0.7075,6.81875,5.577500000000001,8.72625,234.875,233.35,235.2875,3.515435
0.7000000000000001,6.235,5.574999999999999,8.69,234.4,232.65,234.44999999999996,3.3719750000000004
0.6957142857142857,5.937142857142858,5.57,8.692857142857143,234.02857142857144,232.32857142857142,234.37142857142857,3.298974285714286
0.69,5.526666666666667,5.556666666666667,8.666666666666666,234.23333333333332,232.39999999999998,234.33333333333334,3.2152066666666665
0.6957142857142857,6.042857142857143,5.564285714285715,8.684285714285714,234.20000000000002,232.65714285714284,234.5,3.3311457142857144
0.6785714285714286,4.7700000000000005,5.558571428571428,8.657142857142857,234.0285714285714,231.94285714285712,234.02857142857144,3.02204
0.6925,5.63125,5.5575,8.655000000000001,233.875,232.0,233.9,3.22645
0.67,4.282857142857143,5.562857142857142,8.674285714285714,234.67142857142858,232.57142857142858,234.45714285714286,2.897135714285714
0.6925,5.70125,5.55375,8.66875,234.1375,232.45,234.35,3.24138
0.67,4.262499999999999,5.547499999999999,8.6625,234.55,232.3,234.175,2.9016349999999997
0.67,4.268571428571429,5.535714285714286,8.65857142857143,234.62857142857143,232.47142857142856,234.32857142857142,2.89819
0.73,8.067499999999999,5.54125,8.69125,233.975,232.7625,234.67499999999998,3.79746375
0.7128571428571429,7.228571428571429,5.55,8.7,234.78571428571428,233.25714285714284,235.25714285714284,3.58706
0.6928571428571428,5.88,5.5600000000000005,8.741428571428571,235.58571428571426,233.8714285714286,235.81428571428572,3.291517142857143
0.6857142857142857,5.998571428571429,5.574285714285715,8.778571428571428,236.32857142857142,234.72857142857146,236.65714285714284,3.315444285714286
0.6825,4.375,5.62125,8.83625,237.7625,235.86249999999998,237.7625,3.3301575
0.6633333333333334,4.376666666666667,5.626666666666667,8.83,237.70000000000002,235.79999999999998,237.73333333333332,2.9397966666666666
0.7277777777777777,8.106666666666667,5.598888888888889,8.785555555555554,236.3777777777778,235.1222222222222,236.9777777777778,3.8469022222222216
0.6685714285714285,4.909999999999999,5.604285714285714,8.814285714285715,236.91428571428574,235.21428571428572,237.17142857142858,3.0788900000000003
0.66,4.352222222222222,5.602222222222222,8.812222222222223,236.94444444444446,235.16666666666666,237.16666666666666,2.9466733333333335
0.685,6.050000000000001,5.6225000000000005,8.8625,237.29999999999998,235.775,237.9125,3.3486024999999997
0.675,5.622,5.615,8.856,237.13000000000002,235.35999999999999,237.53000000000003,3.21422
0.67625,5.5675,5.5975,8.82875,236.525,234.7625,236.9625,3.1940825
0.65,4.07375,5.59875,8.8325,236.9125,234.8125,237.0125,2.83109125
0.685,6.3675,5.6075,8.8525,236.6,235.0,237.275,3.41100125
0.6655555555555556,4.905555555555556,5.607777777777778,8.844444444444443,236.84444444444443,235.0,237.04444444444445,3.033476666666667
0.65,4.077777777777778,5.61,8.855555555555554,237.15555555555557,235.16666666666666,237.35555555555553,2.8338622222222223
0.6799999999999999,5.907500000000001,5.61125,8.8725,237.1375,235.3125,237.63750000000002,3.3007275
0.66875,5.52125,5.62375,8.90625,237.375,235.6375,237.8875,3.20359125
0.6711111111111111,5.8999999999999995,5.632222222222222,8.918888888888889,237.7555555555556,235.9888888888889,238.27777777777777,3.295657777777778
0.64,4.14375,5.6525,8.9525,238.8125,236.6625,238.8875,2.86781125
0.68375,6.3975,5.65,8.94,238.2375,236.675,238.975,3.4380375
0.6788888888888889,6.267777777777778,5.654444444444445,8.943333333333333,238.38888888888889,236.7444444444444,238.9777777777778,3.402541111111111
0.66625,5.7275,5.66375,8.97875,238.85,237.1125,239.41250000000002,3.2598237500000002
0.64,4.1475,5.66,8.96,239.17499999999998,237.0875,239.45,2.8839025
0.64,4.19,5.68,9.01,240.1,238.0,240.2,2.89463
0.68,5.34,5.607777777777778,8.834444444444445,236.8777777777778,234.8777777777778,237.16666666666666,3.156111111111111
0.6675,4.06125,5.60125,8.81625,236.7875,234.675,236.9125,2.8430625
0.68375,5.915,5.625,8.85375,237.1625,235.35,237.55,3.3058549999999998
0.69125,6.584999999999999,5.62625,8.8675,237.275,235.575,237.75,3.461455
0.72,8.2,5.62,8.85,236.4,235.1,237.3,3.83885
0.69125,6.57125,5.62375,8.87125,237.325,235.5,237.8,3.46596625
0.6799999999999999,6.298571428571429,5.652857142857143,8.912857142857144,238.08571428571426,236.3857142857143,238.65714285714284,3.409721428571429
0.6585714285714286,4.682857142857143,5.651428571428572,8.901428571428571,238.29999999999998,236.28571428571428,238.4857142857143,3.0043414285714287
0.66875,4.1425,5.6675,8.9075,238.8125,236.7125,238.725,2.86931
0.64625,4.6187499999999995,5.6850000000000005,8.96625,239.4125,237.475,239.61249999999998,2.9972262499999998
0.6900000000000001,7.72,5.69,8.97,238.8,237.3,239.3,3.79054
0.7,7.91,5.695,8.995000000000001,239.0,237.7,239.75,3.8262549999999997
0.6714285714285715,5.967142857142856,5.691428571428572,8.971428571428572,239.14285714285714,237.52857142857144,239.6142857142857,3.3178014285714283
0.65,4.051428571428572,5.607142857142857,8.767142857142856,236.31428571428572,234.29999999999998,236.31428571428572,2.831712857142857
0.65,4.0375,5.5975,8.7575,235.875,233.775,235.95,2.82816
0.685,6.00875,5.605,8.7875,236.175,234.525,236.5,3.31474875
0.67,5.177142857142856,5.602857142857142,8.785714285714286,236.28571428571428,234.44285714285715,236.4857142857143,3.1138185714285713
0.65,4.0675,5.6075,8.8025,236.775,234.675,236.70000000000002,2.8419749999999997
0.6900000000000001,6.321428571428571,5.615714285714286,8.798571428571428,236.15714285714284,234.51428571428573,236.62857142857143,3.3897642857142856
0.72,8.01,5.62,8.79,235.6,234.3,236.5,3.80052
0.6900000000000001,6.188571428571429,5.628571428571428,8.815714285714286,236.54285714285714,235.02857142857144,236.97142857142856,3.367572857142857
0.65,4.06375,5.63,8.79375,236.9375,234.85000000000002,236.85000000000002,2.8421525
0.7000000000000001,7.0042857142857144,5.63,8.827142857142857,236.70000000000002,235.27142857142857,237.27142857142857,3.5458585714285715
0.6799999999999999,5.672857142857143,5.627142857142857,8.807142857142859,236.72857142857143,235.0142857142857,236.9857142857143,3.238995714285714
0.685,5.895,5.61875,8.79625,236.28750000000002,234.625,236.6375,3.29031625
0.65,4.04,5.61,8.76,236.0,234.0,236.2,2.83033
0.65,4.04,5.6025,8.76,235.925,233.925,236.0875,2.8284175
0.6825,5.8525,5.57875,8.7325,234.875,233.11249999999998,235.14999999999998,3.149145
0.7028571428571428,6.771428571428571,5.574285714285714,8.704285714285716,234.12857142857143,232.65714285714284,234.65714285714284,3.468762857142857
0.6675,5.76375,5.55875,8.66,233.4375,231.6625,233.675,2.91349
0.7000000000000001,6.018571428571429,5.548571428571428,8.602857142857143,232.57142857142858,230.91428571428574,232.81428571428572,3.2906885714285714
0.66,3.91,5.51,8.56,232.1,230.1,232.0,2.76927
0.66,3.9699999999999998,5.54,8.615714285714287,233.21428571428572,231.17142857142858,233.07142857142858,2.7877842857142854
0.66,3.97,5.55,8.61,233.8,231.7,233.4,2.77973
0.6725,4.88875,5.53875,8.58125,232.85,230.95,232.85,2.89387625
0.675,4.9375,5.585,8.68,234.64999999999998,232.675,234.425,3.045485
0.6900000000000001,5.7457142857142856,5.552857142857143,8.641428571428571,233.3857142857143,231.52857142857144,233.52857142857144,3.2161728571428574
0.66,3.9475000000000002,5.545,8.605,233.375,231.375,233.125,2.789015
0.6799999999999999,5.011428571428572,5.532857142857144,8.595714285714285,232.77142857142857,230.94285714285712,232.81428571428572,3.0411528571428574
0.69125,5.1125,5.53375,8.81375,232.35,230.4625,232.32500000000002,3.1275537499999997
0.7571428571428571,7.397142857142858,5.548571428571428,10.432857142857143,232.0285714285714,230.3714285714286,232.0142857142857,4.093388571428571
0.72875,5.72625,5.53625,9.70375,231.975,230.2125,232.0625,3.5281275
0.71,5.038571428571429,5.534285714285715,9.415714285714285,231.95714285714286,230.12857142857143,231.82857142857142,3.283622857142857
0.74,5.68375,5.53625,10.35,231.4,229.7125,231.275,3.68689
0.75,7.405714285714285,5.6000000000000005,10.48142857142857,233.97142857142856,232.54285714285714,233.94285714285712,4.114958571428572
0.7414285714285713,7.0042857142857144,5.6414285714285715,10.569999999999999,235.68571428571428,234.27142857142857,235.62857142857143,4.051852857142857
0.74375,6.547499999999999,5.64,10.56375,235.675,234.13750000000002,235.4125,3.9737725
0.7625,9.17,5.6475,10.5825,235.175,234.1,235.525,4.5660075
0.74,6.17,5.64,10.56,235.7,234.1,235.6,3.87201
0.74,6.152857142857143,5.64,10.542857142857143,235.35714285714286,233.75714285714284,235.25714285714284,3.8818071428571423
0.73,6.205,5.65,10.605,236.6,234.95,236.6,3.88983
0.7299999999999999,6.204285714285715,5.660000000000001,10.61,236.68571428571428,235.12857142857143,236.5142857142857,3.888198571428571
0.73,6.20125,5.6537500000000005,10.59375,236.65,235.1125,236.5375,3.88314125
0.7528571428571428,8.684285714285714,5.661428571428572,10.615714285714287,236.3857142857143,235.31428571428572,236.64285714285714,4.449324285714286
0.73,6.202500000000001,5.657500000000001,10.5975,236.875,235.3125,236.6125,3.8777150000000002
0.73,6.2175,5.64875,10.58875,236.9375,235.375,236.775,3.8820225
0.7299999999999999,6.204285714285715,5.644285714285714,10.6,236.92857142857142,235.35714285714286,236.75714285714284,3.8825614285714285
0.73,6.2125,5.66125,10.6025,237.23749999999998,235.73749999999998,237.125,3.89004875
0.7528571428571428,8.715714285714286,5.6657142857142855,10.631428571428572,237.14285714285714,236.0,237.31428571428572,4.466102857142857
0.7414285714285713,7.307142857142857,5.654285714285714,10.615714285714287,236.82857142857145,235.55714285714288,236.91428571428574,4.147891428571429
0.755,8.129999999999999,5.655,10.614999999999998,236.60000000000002,235.2,236.6,4.338705
0.7299999999999999,6.2,5.644285714285714,10.587142857142856,236.45714285714286,234.9,236.32857142857142,3.8764028571428573
0.73,6.2,5.6425,10.575,236.27499999999998,234.7,236.05,3.8735675
0.75,8.205,5.655,10.598749999999999,236.2875,235.1625,236.5375,4.35029125
0.7471428571428572,7.91857142857143,5.654285714285714,10.59142857142857,236.32857142857142,235.02857142857144,236.44285714285712,4.284047142857143
0.7414285714285713,7.295714285714285,5.6571428571428575,10.61,236.79999999999998,235.45714285714286,236.91428571428574,4.140311428571429
0.74,7.155,5.6525,10.60125,236.6875,235.275,236.70000000000002,4.10900125
0.73,6.202500000000001,5.6525,10.594999999999999,236.825,235.2875,236.625,3.88105125
0.7471428571428572,7.977142857142858,5.660000000000001,10.620000000000001,237.08571428571426,235.81428571428572,237.18571428571428,4.290207142857143
0.765,8.16375,5.66,10.63875,237.3125,235.88750000000002,237.375,4.78299875
0.7242857142857143,6.261428571428572,5.701428571428572,10.687142857142858,238.42857142857142,237.07142857142858,238.28571428571428,3.900247142857143
0.72,6.27,5.71,10.7,238.6,237.2,238.5,3.89918
0.75,7.859999999999999,5.6499999999999995,10.58,236.07142857142858,234.8857142857143,236.27142857142857,4.2667142857142855
0.7299999999999999,6.2,5.65,10.58,236.8,235.3,236.6,3.8749500000000006
0.754,8.626000000000001,5.656000000000001,10.58,235.76,234.8,236.21999999999997,4.44527
0.73,6.203333333333333,5.669999999999999,10.613333333333335,236.76666666666665,235.26666666666665,236.86666666666667,3.8935999999999997
0.73,6.21,5.68,10.63,237.0666666666667,235.5666666666667,237.03333333333333,3.8919433333333333
0.73,6.205,5.67,10.620000000000001,236.95,235.39999999999998,236.85,3.887365
0.73,6.206666666666667,5.666666666666667,10.63,237.0666666666667,235.6,237.1,3.8888800000000003
0.73,6.21,5.669999999999999,10.64,237.19999999999996,235.80000000000004,237.30000000000004,3.89134
0.76,9.2625,5.6850000000000005,10.6775,237.2,236.325,237.75,4.6160274999999995
0.74,6.24,5.68,10.67,237.8,236.4,237.8,3.90563
0.73,6.239999999999999,5.68,10.67,237.80000000000004,236.4,237.80000000000004,3.90563
0.77,10.29,5.68,10.68,236.80000000000004,236.1,237.69999999999996,4.84903
0.73,6.22,5.66,10.67,237.0,235.4,237.1,3.90993
0.77,10.29,5.65,10.68,236.6,235.6,237.5,4.85664
0.75,8.245,5.645,10.655000000000001,236.75,235.39999999999998,237.1,4.37181
0.73,6.2,5.64,10.63,236.9,235.2,236.7,3.88698
0.73,6.19,5.64,10.63,236.6,235.0,236.6,3.87306
0.73,6.19,5.64,10.63,236.6,235.0,236.6,3.87306
0.73,6.192,5.642,10.634,236.61999999999998,235.06,236.7,3.875144
0.7433333333333333,7.496666666666667,5.653333333333333,10.653333333333334,236.5666666666667,235.30000000000004,237.03333333333333,4.18892
0.75,8.145,5.66,10.66,236.65,235.4,237.0,4.34235
0.73,6.2,5.66,10.66,237.0,235.5,237.1,3.8849
0.73,6.2,5.655,10.66,237.05,235.55,237.25,3.8903499999999998
0.7566666666666667,9.139999999999999,5.656666666666666,10.68,236.76666666666665,235.66666666666666,237.4,4.565133333333333
0.74,7.31,5.675,10.6675,237.2,235.7,237.25,4.1524625
0.73,6.21,5.68,10.66,237.4,235.69999999999996,237.19999999999996,3.90335
0.76,10.03,5.68,10.71,237.1,236.2,237.8,4.80229
0.77,10.03,5.68,10.71,237.1,236.2,237.8,4.80229
0.762,9.366,5.6739999999999995,10.722,237.34,236.38000000000002,238.18,4.644648
0.73,6.260000000000001,5.68,10.71,238.0,236.5,238.19999999999996,3.89987
0.73,6.26,5.68,10.715,238.1,236.6,238.27499999999998,3.90751
0.7433333333333333,7.289999999999999,5.68,10.736666666666666,238.16666666666666,236.9,238.5666666666667,4.2678
0.7566666666666667,8.323333333333332,5.683333333333334,10.75,238.0666666666667,236.96666666666667,238.76666666666665,4.60239
0.73,6.27,5.69,10.75,238.8,237.1,238.9,3.92209
0.745,9.157499999999999,5.6975,10.78,238.65,237.625,239.425,4.6079425
0.7600000000000001,10.12,5.7,10.79,238.6,237.80000000000004,239.6,4.83656
0.76,10.247499999999999,5.715,10.82,238.75,237.95,239.67499999999998,4.875425
0.7600000000000001,10.29,5.72,10.83,238.80000000000004,238.0,239.69999999999996,4.88838
0.76,10.29,5.72,10.83,238.8,238.0,239.7,4.88838
0.7525,9.2625,5.695,10.7775,238.20000000000002,237.175,238.875,4.638977499999999
0.73,6.18,5.62,10.62,236.4,234.69999999999996,236.4,3.89077
0.73,6.18,5.62,10.62,236.4,234.7,236.4,3.89077
0.73,6.18,5.62,10.62,236.4,234.7,236.4,3.89077
0.73,6.1875,5.635,10.627500000000001,236.4,234.7,236.4,3.8815749999999998
0.77,10.23,5.61,10.64,235.80000000000004,234.4,236.4,4.83359
0.73,7.26,5.635,10.637500000000001,236.15,234.675,236.35000000000002,3.88624
0.76,9.385,5.65,10.66,235.975,234.975,236.65,4.6111325
0.73,6.22,5.650000000000001,10.663333333333334,236.9,235.23333333333335,237.0666666666667,3.889863333333333
0.73,6.22,5.65,10.67,237.1,235.3,237.0,3.89019
0.73,6.22,5.657500000000001,10.6775,237.17499999999998,235.675,237.375,3.903045
0.76,9.122499999999999,5.66,10.695,236.975,235.95,237.72500000000002,4.5898224999999995
0.74,7.2075,5.6625,10.684999999999999,237.14999999999998,235.79999999999998,237.475,4.1300475
0.754,8.606,5.6739999999999995,10.712,237.71999999999997,236.4,238.0,4.4674059999999995
0.76,9.3575,5.68,10.73,237.525,236.375,238.05,4.6395925
0.74,7.345,5.6825,10.735,238.075,236.575,238.45,4.166987499999999
0.77,10.57,5.69,10.72,237.1,236.2,238.0,4.90678
0.7566666666666667,9.136666666666667,5.69,10.723333333333334,237.53333333333333,236.36666666666665,238.13333333333333,4.582036666666667
0.754,8.55,5.69,10.742,238.16,236.88000000000002,238.51999999999998,4.472682000000001
0.74,7.262499999999999,5.692500000000001,10.7425,238.32500000000002,236.89999999999998,238.7,4.154645
0.7575000000000001,9.255,5.702500000000001,10.78,238.625,237.55,239.35000000000002,4.6304324999999995
0.745,8.325,5.705,10.77,238.7,237.45,239.25,4.415725
0.74,7.289999999999999,5.692500000000001,10.7225,238.4,236.9,238.55,4.1716175
0.73,6.27,5.69,10.71,238.5,236.8,238.4,3.93202
0.73,6.29,5.7,10.74,238.9,237.30000000000004,239.1,3.9337199999999997
0.73,6.305,5.72,10.754999999999999,239.35,237.85,239.3,3.9511700000000003
0.7275,6.325,5.7225,10.75,239.375,237.85,239.175,3.9432725
0.72,6.34,5.73,10.78,239.9,238.3,239.7,3.95099
0.7266666666666666,6.32,5.73,10.766666666666666,239.5,237.9666666666667,239.5,3.9525966666666665
0.745,9.2875,5.73,10.7675,238.925,237.95,239.475,4.6517550000000005
0.7399999999999999,7.633333333333333,5.73,10.776666666666666,239.33333333333334,238.0666666666667,239.5,4.255606666666666
0.73,6.31,5.73,10.78,239.6,238.1,239.5,3.94114
0.73,6.31,5.73,10.78,239.6,238.1,239.5,3.9411399999999994
0.73,6.2975,5.7175,10.79,238.95000000000002,237.525,239.05,3.95516
0.7375,6.2,5.6475,10.594999999999999,236.35,234.85,236.425,3.8706625
0.73,6.2,5.64,10.58,236.19999999999996,234.69999999999996,236.19999999999996,3.8795799999999994
0.73,6.2,5.64,10.585,236.35,234.8,236.2,3.882265
0.73,6.2,5.64,10.59,236.5,234.9,236.19999999999996,3.88495
0.73,6.2,5.645,10.594999999999999,236.45,234.9,236.35,3.88108
0.76,9.4475,5.657500000000001,10.63,236.175,235.20000000000002,236.8,4.6248024999999995
0.77,10.53,5.66,10.64,236.1,235.30000000000004,236.9,4.874
0.74,6.23,5.67,10.64,237.4,236.0,237.2,3.89658
0.73,10.01,5.669999999999999,10.64,236.5,235.80000000000004,237.19999999999996,4.28347
0.73,10.01,5.67,10.64,236.5,235.8,237.2,4.28347
0.73,8.756666666666666,5.676666666666667,10.643333333333333,236.9,235.9,237.29999999999998,4.158293333333334
0.74,7.26,5.6875,10.6575,237.5,236.1,237.55,4.1431875
0.7566666666666667,8.94,5.676666666666667,10.676666666666668,237.0666666666667,236.0,237.66666666666666,4.534503333333333
0.74,7.28,5.645,10.6275,236.675,235.3,237.025,4.13009
0.7324999999999999,6.11,5.575,10.4825,234.85,233.325,234.925,3.8214724999999996
0.7399999999999999,6.11,5.59,10.49,234.69999999999996,233.1,234.69999999999996,3.8330299999999995
0.74,6.12,5.5875,10.48,234.4,232.875,234.45,3.82337
0.7399999999999999,6.12,5.580000000000001,10.48,234.4,232.80000000000004,234.30000000000004,3.83114
0.74,6.12,5.58,10.48,234.4,232.8,234.3,3.83114
0.7399999999999999,6.12,5.580000000000001,10.48,234.4,232.80000000000004,234.30000000000004,3.83114
0.74,6.109999999999999,5.575,10.485,234.45,232.85000000000002,234.4,3.825625
0.7399999999999999,6.099999999999999,5.57,10.483333333333334,234.29999999999998,232.76666666666665,234.4333333333333,3.81979
0.7399999999999999,6.099999999999999,5.57,10.48,234.19999999999996,232.69999999999996,234.4,3.81963
0.74,6.1,5.57,10.48,234.2,232.7,234.4,3.81963
0.7600000000000001,8.686666666666667,5.57,10.486666666666666,233.9333333333333,232.9,234.46666666666667,4.4115899999999995
0.75,7.38,5.5566666666666675,10.463333333333333,233.80000000000004,232.6,234.16666666666666,4.10689
0.7399999999999999,6.080000000000001,5.55,10.45,233.80000000000004,232.4,234.0,3.80655
0.7399999999999999,6.086666666666666,5.5633333333333335,10.456666666666667,233.86666666666667,232.4,234.0,3.810283333333333
0.74,6.09,5.57,10.46,233.9,232.4,234.0,3.81215
0.7399999999999999,6.083333333333333,5.576666666666667,10.453333333333333,233.9,232.46666666666667,234.0666666666667,3.818716666666667
0.74,6.08,5.58,10.45,233.9,232.5,234.1,3.822
0.7799999999999999,9.9,5.56,10.49,233.30000000000004,232.30000000000004,234.30000000000004,4.71396
0.74,6.08,5.57,10.47,234.2,232.7,234.3,3.82122
0.7399999999999999,6.080000000000001,5.57,10.47,234.19999999999996,232.69999999999996,234.30000000000004,3.82122
0.74,6.095,5.57,10.4925,234.2,232.925,234.45,3.8235
0.74,6.0975,5.5725,10.4925,234.25,232.95,234.475,3.82492
0.75,7.4799999999999995,5.586666666666666,10.49,234.4,233.0666666666667,234.66666666666666,4.14375
0.77,10.26,5.599999999999999,10.53,234.4,233.6,235.19999999999996,4.77745
0.77,10.26,5.599999999999999,10.53,234.4,233.6,235.19999999999996,4.77745
0.77,10.26,5.6,10.53,234.4,233.6,235.2,4.77745
0.77,10.26,5.6,10.53,234.4,233.6,235.2,4.77745
0.77,10.26,5.6,10.53,234.4,233.6,235.2,4.77745
0.74,6.13,5.59,10.53,234.9,233.4,235.0,3.84063
0.74,6.13,5.59,10.53,234.9,233.4,235.0,3.84063
0.73,6.1525,5.6025,10.557500000000001,235.625,234.2,235.75,3.8433225
0.73,6.16,5.61,10.58,236.0,234.5,236.19999999999996,3.84195
0.76,9.08,5.6274999999999995,10.614999999999998,235.825,234.875,236.4,4.541145
0.7433333333333333,7.506666666666667,5.62,10.603333333333333,236.0,234.76666666666665,236.36666666666667,4.167903333333333
0.75,8.175,5.625,10.605,235.89999999999998,234.7,236.3,4.324565
0.7433333333333333,7.580000000000001,5.633333333333333,10.616666666666667,236.13333333333333,234.9,236.53333333333333,4.183773333333334
0.77,10.4,5.64,10.65,236.0,235.3,237.0,4.82692
0.7433333333333333,7.580000000000001,5.626666666666666,10.636666666666668,236.0666666666667,234.83333333333334,236.6,4.1909133333333335
0.73,6.1625,5.612500000000001,10.6075,235.875,234.29999999999998,236.025,3.86727
0.73,6.16,5.61,10.6,235.80000000000004,234.19999999999996,235.9,3.86539
0.76,9.055,5.625,10.6075,235.65,234.65,236.35,4.5436825
0.73,6.169999999999999,5.63,10.64,236.4,235.0,236.80000000000004,3.8774600000000006
0.77,10.17,5.64,10.66,236.0,235.4,237.2,4.8051
0.73,6.169999999999999,5.61,10.61,236.1,234.5,236.30000000000004,3.86407
0.73,6.17,5.61,10.61,236.1,234.5,236.3,3.86407
0.73,6.18,5.63,10.62,236.30000000000004,234.69999999999996,236.5,3.86656
0.754,9.292,5.638,10.644,236.06,235.1,236.82,4.59088
0.73,6.169999999999999,5.62,10.62,236.1,234.5,236.5,3.86776
0.77,10.24,5.63,10.65,235.8,235.0,236.8,4.82009
0.77,8.215,5.63,10.645,236.3,235.1,236.85000000000002,4.852975000000001
0.77,6.19,5.63,10.64,236.8,235.2,236.9,4.88586
0.74,6.19,5.6225000000000005,10.6475,236.725,235.125,237.05,4.132845
0.76,9.05,5.64,10.665,236.25,235.25,237.025,4.547734999999999
0.73,6.2,5.64,10.65,237.0,235.4,237.1,3.88568
0.73,6.2,5.64,10.65,237.0,235.4,237.1,3.88568
0.76,9.3125,5.64,10.6725,236.47500000000002,235.475,237.25,4.6025375
0.73,6.19,5.64,10.65,236.80000000000004,235.19999999999996,237.0,3.8739399999999997
0.73,6.19,5.64,10.65,236.8,235.2,237.0,3.87394
0.73,6.248,5.672,10.726,238.24,236.56,238.34,3.9157699999999998
0.73,6.26,5.6675,10.735,238.45,236.8,238.775,3.9168875
0.73,6.24,5.67,10.71,238.4,236.6,238.4,3.90867
0.7575000000000001,9.157499999999999,5.68,10.7425,238.1,237.1,238.725,4.606260000000001
0.745,8.25,5.6850000000000005,10.75,238.39999999999998,237.2,238.9,4.3866700000000005
0.745,8.255,5.69,10.75,238.45,237.3,239.0,4.395865000000001
0.7533333333333333,9.020000000000001,5.69,10.763333333333334,238.4666666666667,237.36666666666667,239.0,4.57009
0.7324999999999999,7.315,5.69,10.7775,238.975,237.475,239.14999999999998,4.1709525
0.76,10.73,5.7,10.8,238.6,237.8,239.5,4.94485
0.72,6.2925,5.692500000000001,10.7875,239.2,237.6,239.5,3.9412725
0.7200000000000001,6.3066666666666675,5.703333333333333,10.806666666666667,239.36666666666665,237.73333333333335,239.5666666666667,3.9403333333333332
0.725,6.25,5.66,10.705,237.85,236.15,237.95,3.91169
0.73,6.18,5.61,10.61,236.0,234.3,236.2,3.87954
0.73,6.165,5.61,10.6025,235.85000000000002,234.075,235.975,3.8766
0.76,9.1575,5.615,10.61,235.5,234.325,236.27499999999998,4.570975
0.74,7.215,5.6274999999999995,10.6175,236.175,234.64999999999998,236.45,4.1182575
0.7566666666666667,8.943333333333333,5.623333333333334,10.64,235.83333333333334,234.5666666666667,236.4,4.509126666666667
0.73,6.19,5.625,10.635000000000002,236.35,234.64999999999998,236.55,3.878795
0.73,6.19,5.63,10.620000000000001,236.35,234.64999999999998,236.4,3.877085
0.73,6.1825,5.625,10.61,236.27499999999998,234.55,236.3,3.87236
0.77,9.96,5.62,10.65,236.0,235.0,236.9,4.74742
0.73,6.19,5.63,10.64,236.5,234.9,236.8,3.8892
0.77,10.12,5.64,10.68,236.4,235.5,237.30000000000004,4.81617
0.74,7.2175,5.625,10.6325,236.475,234.47500000000002,236.45000000000002,4.1206975
0.76,9.23,5.637499999999999,10.64,236.25,234.975,236.85,4.584225
0.73,6.2,5.63,10.64,236.69999999999996,234.9,236.69999999999996,3.88035
0.735,6.115,5.605,10.525,234.64999999999998,233.0,234.6,3.84209
0.74,6.03,5.58,10.41,232.6,231.1,232.5,3.80383
0.7399999999999999,6.036666666666666,5.566666666666666,10.403333333333334,232.79999999999998,231.29999999999998,232.63333333333333,3.7991766666666664
0.77,9.0625,5.5675,10.4075,232.0,231.1,232.475,4.482545
0.7799999999999999,10.07,5.57,10.41,231.69999999999996,231.0,232.4,4.71111
0.7575000000000001,7.04,5.57,10.41,232.45,231.22500000000002,232.55,4.0203675
0.73,6.155,5.65,10.585,235.82500000000002,234.55,235.9,3.8622125
0.73,6.14,5.65,10.57,235.9,234.4,235.9,3.86426
0.7333333333333334,6.13,5.6433333333333335,10.556666666666667,235.70000000000002,234.23333333333335,235.66666666666666,3.8530933333333333
0.755,8.085,5.635,10.545,235.05,234.0,235.3,4.29899
0.75,7.426666666666667,5.633333333333333,10.546666666666667,235.13333333333335,234.03333333333333,235.33333333333334,4.164853333333333
0.755,8.2,5.625,10.54,234.85000000000002,233.9,235.2,4.32887
0.77,10.29,5.62,10.54,234.4,233.80000000000004,235.1,4.79407
0.7475,7.147499999999999,5.62,10.524999999999999,234.85,233.65,235.025,4.077985
0.77,8.945,5.61,10.5175,234.32500000000002,233.5,234.875,4.50794
0.7399999999999999,6.080000000000001,5.61,10.48,234.4,232.9,234.19999999999996,3.8396899999999996
0.7399999999999999,6.080000000000001,5.61,10.48,234.4,232.9,234.19999999999996,3.8396899999999996
0.75,7.1225000000000005,5.61,10.5075,234.5,233.375,234.64999999999998,4.072615
0.77,9.18,5.6075,10.4925,234.0,232.95,234.3,4.5461475
0.74,6.055,5.6,10.465,234.0,232.55,234.0,3.831305
0.7399999999999999,6.05,5.599999999999999,10.46,233.9,232.5,233.9,3.8323300000000002
0.74,6.057499999999999,5.592499999999999,10.475000000000001,234.125,232.72500000000002,234.20000000000002,3.82207
0.77,8.932500000000001,5.5975,10.4875,233.75,233.025,234.375,4.488685
0.7399999999999999,6.07,5.59,10.47,234.30000000000004,232.80000000000004,234.0,3.82994
0.77,9.0275,5.5875,10.4825,233.525,232.70000000000002,233.975,4.495365
0.75,7.1,5.58,10.4625,233.5,232.4,233.65,4.0503575000000005
0.78,10.25,5.58,10.47,233.2,232.4,233.8,4.76045
0.7533333333333333,7.4433333333333325,5.580000000000001,10.450000000000001,233.26666666666665,232.0666666666667,233.53333333333333,4.1241433333333335
0.74,7.805,5.58,10.45,233.15,232.0,233.4,3.8053049999999997
0.7399999999999999,9.57,5.580000000000001,10.46,233.0,232.1,233.4,3.80462
0.74,9.57,5.58,10.46,233.0,232.1,233.4,3.80462
0.74,7.045,5.57,10.445,233.0,231.85,233.275,3.8107
0.7799999999999999,10.09,5.57,10.43,232.1,231.4,232.9,4.71541
0.78,10.09,5.57,10.43,232.1,231.4,232.9,4.71541
0.78,9.915,5.5649999999999995,10.43,232.25,231.5,233.05,4.690205000000001
0.7799999999999999,9.74,5.56,10.43,232.4,231.6,233.19999999999996,4.665
0.7733333333333334,9.966666666666667,5.613333333333333,10.53,234.33333333333334,233.6,235.0666666666667,4.742540000000001
0.75,8.115,5.645,10.59,235.75,234.8,236.2,4.323495
0.7566666666666667,8.863333333333335,5.650000000000001,10.606666666666667,236.0,235.0666666666667,236.46666666666667,4.495439999999999
0.77,10.22,5.650000000000001,10.61,235.9,235.1,236.5,4.81032
0.77,8.450000000000001,5.6275,10.58,235.975,234.79999999999998,236.27499999999998,4.8431625
0.7433333333333333,6.693333333333334,5.613333333333333,10.556666666666667,236.0666666666667,234.63333333333333,236.13333333333333,4.182456666666667
0.73,6.11,5.6175,10.535,236.025,234.525,235.95,3.8435025
0.73,6.11,5.62,10.53,236.0,234.5,235.9,3.84246
0.73,6.11,5.62,10.53,236.0,234.5,235.9,3.84246
0.754,8.440000000000001,5.622,10.574,235.98000000000002,234.85999999999999,236.26,4.383398000000001
0.73,6.12,5.63,10.57,236.19999999999996,234.80000000000004,236.19999999999996,3.8404000000000003
0.73,6.1225000000000005,5.6325,10.575,236.27499999999998,234.875,236.25,3.8451899999999997
0.7433333333333333,7.583333333333333,5.64,10.596666666666666,236.29999999999998,235.16666666666666,236.53333333333333,4.190063333333334
0.75,8.315,5.64,10.6,236.2,235.25,236.7,4.357295
0.73,6.153333333333333,5.646666666666667,10.603333333333333,236.9,235.5333333333333,236.86666666666667,3.8722266666666667
0.73,6.16,5.65,10.61,237.1,235.7,237.0,3.87658
0.73,6.14,5.65,10.6,236.8,235.5,236.9,3.8709
0.75,8.075,5.655,10.620000000000001,236.55,235.65,237.0,4.32489
0.74,7.115,5.645,10.625,236.675,235.5,237.025,4.0963275
0.77,10.11,5.64,10.62,235.9,235.1,236.69999999999996,4.77903
0.77,10.11,5.64,10.62,235.9,235.1,236.69999999999996,4.77903
0.77,10.276666666666666,5.64,10.64,236.16666666666666,235.4333333333333,237.1,4.82131
0.7433333333333333,7.546666666666667,5.626666666666666,10.63,236.5,235.4,237.1,4.185556666666667
0.73,6.1625,5.62,10.612499999999999,236.525,235.075,236.77499999999998,3.8660200000000002
0.73,6.1433333333333335,5.613333333333333,10.596666666666666,236.23333333333335,234.66666666666666,236.4333333333333,3.8581233333333333
0.73,6.1225000000000005,5.61,10.59,236.025,234.5,236.225,3.8520600000000003
0.77,9.99,5.61,10.6,235.1,234.30000000000004,236.0,4.75595
0.77,9.99,5.61,10.6,235.1,234.30000000000004,236.0,4.75595
0.77,10.18,5.63,10.62,235.8,235.0,236.6,4.7933
0.73,6.13,5.63,10.62,236.19999999999996,234.69999999999996,236.4,3.87308
0.76,9.4125,5.64,10.65,236.2,235.425,237.075,4.613637499999999
0.73,6.150000000000001,5.64,10.65,236.80000000000004,235.5,237.0,3.87683
0.73,6.150000000000001,5.64,10.64,237.0,235.5,237.19999999999996,3.88365
0.73,6.16,5.64,10.66,236.975,235.4,237.3,3.8792625000000003
0.7433333333333333,7.436666666666667,5.636666666666667,10.66,236.70000000000002,235.46666666666667,237.30000000000004,4.16856
0.76,9.030000000000001,5.6274999999999995,10.655000000000001,236.35000000000002,235.1,236.85000000000002,4.537865
0.73,6.150000000000001,5.62,10.64,236.4,234.6,236.4,3.87908
0.73,6.15,5.62,10.64,236.4,234.6,236.4,3.87908
0.73,6.150000000000001,5.62,10.64,236.4,234.6,236.4,3.87908
0.73,6.15,5.62,10.64,236.4,234.6,236.4,3.87908
0.73,6.150000000000001,5.64,10.67,237.1,235.6,237.4,3.89184
0.77,9.93,5.64,10.66,236.30000000000004,235.4,237.1,4.772
0.77,9.9725,5.6425,10.6675,236.47500000000002,235.6,237.325,4.7847975
0.77,10.1,5.650000000000001,10.69,237.0,236.19999999999996,238.0,4.82319
0.77,10.1,5.650000000000001,10.69,237.0,236.19999999999996,238.0,4.82319
0.77,10.24,5.65,10.71,237.1,236.3,238.1,4.84388
0.775,10.31,5.635,10.595,235.45,234.60000000000002,236.2,4.824020000000001
0.7666666666666666,8.936666666666667,5.609999999999999,10.47,233.73333333333335,232.6,234.0,4.475006666666666
0.7433333333333333,6.043333333333333,5.586666666666666,10.436666666666666,233.4333333333333,231.79999999999998,233.23333333333335,3.8163766666666668
0.75,6.03,5.58,10.41,233.1,231.4,232.9,3.81573
0.75,6.03,5.580000000000001,10.41,233.1,231.4,232.9,3.81573
0.77,8.91,5.580000000000001,10.43,232.4333333333333,231.33333333333334,232.83333333333334,4.459843333333334
0.765,8.184999999999999,5.57,10.434999999999999,232.5,231.25,232.8,4.29304
0.75,6.02,5.56,10.43,232.9,231.19999999999996,232.80000000000004,3.80418
0.75,6.04,5.57,10.43,232.80000000000004,231.1,232.80000000000004,3.8086700000000007
0.75,6.022857142857142,5.57,10.412857142857144,232.4,230.70000000000002,232.34285714285716,3.8080700000000003
0.7485714285714286,6.695714285714287,5.597142857142857,10.478571428571428,233.71428571428572,232.05714285714288,233.70000000000002,3.973872857142857
0.7433333333333333,7.6066666666666665,5.646666666666667,10.603333333333333,235.86666666666667,234.5333333333333,236.20000000000002,4.209273333333333
0.755,6.315,5.645,10.584999999999999,236.10000000000002,234.44999999999996,236.05000000000004,4.377714999999999
0.74,6.122,5.648000000000001,10.58,235.76,234.21999999999997,235.92,3.876502
0.755,8.213333333333333,5.646666666666667,10.6,235.88333333333333,234.6,236.1833333333333,4.362478333333333
0.7457142857142857,6.717142857142858,5.651428571428572,10.605714285714285,236.24285714285716,234.75714285714284,236.3857142857143,4.018152857142857
0.7514285714285714,7.264285714285714,5.647142857142858,10.581428571428571,235.82857142857142,234.5,235.70000000000002,4.143302857142857
0.74,6.130000000000001,5.647142857142858,10.59,236.21428571428572,234.57142857142858,235.8857142857143,3.8809685714285713
0.74,6.1414285714285715,5.651428571428572,10.588571428571429,236.41428571428574,234.85714285714286,236.41428571428574,3.8790485714285716
0.7485714285714286,7.964285714285714,5.661428571428572,10.615714285714287,236.3857142857143,235.18571428571428,236.64285714285714,4.306702857142857
0.7299999999999999,6.145714285714286,5.660000000000001,10.615714285714287,236.64285714285714,235.04285714285714,236.6,3.8786071428571427
0.77,10.44,5.68,10.65,236.30000000000004,235.5,237.0,4.89689
0.812857142857143,7.435714285714285,4.484285714285714,9.325714285714286,236.25714285714284,235.07142857142858,236.52857142857144,4.023457142857143
0.75,8.115,5.669999999999999,10.63,236.35,235.04999999999998,236.9,4.33756
0.7399999999999999,6.788333333333333,5.653333333333333,10.59,236.33333333333334,234.86666666666667,236.4,4.028978333333334
0.7583333333333333,8.105,5.655,10.615,236.35,235.25,236.6833333333333,4.338128333333334
0.73,5.908333333333334,5.645,10.581666666666667,236.25,234.6,236.15,3.8018983333333334
0.7357142857142858,6.372857142857143,5.642857142857143,10.564285714285715,235.90000000000003,234.24285714285716,235.75714285714284,3.898221428571429
0.765,9.341666666666667,5.636666666666667,10.566666666666668,235.30000000000004,234.20000000000002,235.78333333333333,4.580288333333334
0.7600000000000001,9.053333333333333,5.633333333333333,10.583333333333334,235.36666666666667,234.29999999999998,235.79999999999998,4.5219
0.7399999999999999,6.13,5.63,10.56,235.69999999999996,234.0,235.69999999999996,3.85598
0.7528571428571428,7.911428571428572,5.63,10.558571428571428,235.5,234.15714285714284,235.8,4.276015714285714
0.755,8.12,5.625,10.549999999999999,235.14999999999998,233.9,235.54999999999998,4.31558
0.7399999999999999,6.11,5.623333333333334,10.556666666666667,235.69999999999996,234.0,235.6,3.8647166666666664
0.74,6.095714285714286,5.612857142857143,10.547142857142857,235.32857142857142,233.62857142857143,235.31428571428572,3.854355714285714
0.7600000000000001,9.09,5.608333333333333,10.556666666666667,234.78333333333333,233.56666666666663,235.26666666666665,4.518426666666667
0.745,6.853333333333334,5.618333333333333,10.541666666666666,235.36666666666667,233.75,235.4,4.020921666666666
0.7485714285714286,7.384285714285714,5.627142857142857,10.567142857142857,235.54285714285717,234.21428571428572,235.91428571428574,4.146628571428572
0.74,6.118571428571428,5.624285714285714,10.561428571428573,235.57142857142858,234.1,235.74285714285716,3.853802857142857
0.745,7.466666666666666,5.616666666666667,10.543333333333333,234.88333333333333,233.5,235.08333333333334,4.151113333333334
0.745,7.466666666666666,5.616666666666667,10.543333333333333,234.88333333333333,233.5,235.08333333333334,4.151113333333334
0.745,7.466666666666666,5.616666666666667,10.543333333333333,234.88333333333333,233.5,235.08333333333334,4.151113333333334
0.745,7.466666666666666,5.616666666666667,10.543333333333333,234.88333333333333,233.5,235.08333333333334,4.151113333333334
0.745,7.466666666666666,5.616666666666667,10.543333333333333,234.88333333333333,233.5,235.08333333333334,4.151113333333334
0.745,7.466666666666666,5.616666666666667,10.543333333333333,234.88333333333333,233.5,235.08333333333334,4.151113333333334
0.745,7.466666666666666,5.616666666666667,10.543333333333333,234.88333333333333,233.5,235.08333333333334,4.151113333333334
0.772,9.028,5.628,10.508,234.38000000000002,233.54000000000002,234.94,4.536202
0.7485714285714286,6.988571428571428,5.622857142857143,10.474285714285715,234.55714285714285,233.32857142857145,234.72857142857143,4.062098571428572
0.745,6.543333333333334,5.63,10.501666666666667,234.76666666666665,233.4,234.80000000000004,3.9558816666666665
0.74,5.917142857142857,5.634285714285714,10.504285714285714,235.0,233.55714285714288,234.94285714285712,3.805155714285714
0.7399999999999999,5.921666666666667,5.636666666666667,10.51,235.0666666666667,233.61666666666667,235.01666666666665,3.8122249999999998
0.7466666666666667,6.635000000000001,5.628333333333333,10.505,234.91666666666666,233.5,234.96666666666667,3.9762350000000004
0.7799999999999999,10.22,5.62,10.49,233.80000000000004,233.1,234.6,4.7694
0.755,8.01,5.625,10.51,234.64999999999998,233.5,234.9,4.284505
0.74,5.9157142857142855,5.631428571428572,10.497142857142858,235.20000000000002,233.58571428571432,234.94285714285712,3.8125485714285716
0.735,5.94,5.645,10.535,236.04999999999998,234.4,235.79999999999998,3.8260799999999997
0.7528571428571428,8.165714285714285,5.671428571428572,10.608571428571429,236.74285714285716,235.6,237.0,4.365105714285714
0.746,7.564,5.682,10.623999999999999,237.11999999999998,235.85999999999999,237.21999999999997,4.224366
0.7528571428571428,8.332857142857142,5.704285714285715,10.668571428571429,237.72857142857143,236.65714285714284,238.04285714285714,4.41213
0.7528571428571428,8.425714285714285,5.714285714285714,10.697142857142856,238.31428571428572,237.14285714285714,238.54285714285714,4.4356985714285715
0.7342857142857142,5.93,5.644285714285714,10.554285714285715,235.97142857142856,234.47142857142856,235.91428571428568,3.8341428571428575
0.73,5.94,5.66,10.56,236.0,234.8,236.1,3.83202
0.7414285714285713,7.105714285714286,5.668571428571428,10.6,236.54285714285714,235.37142857142857,236.75714285714284,4.107608571428571
0.7433333333333333,7.28,5.656666666666666,10.586666666666666,236.36666666666667,235.0,236.4666666666667,4.144053333333333
0.73,5.96,5.65,10.57,236.5,234.8,236.3,3.83426
0.73,5.99,5.65,10.64,237.3,235.7,237.4,3.84889
0.73,5.975,5.640000000000001,10.625,237.05,235.39999999999998,237.05,3.836965
0.73,5.953333333333333,5.63,10.59,236.4666666666667,234.9,236.5666666666667,3.8284933333333337
0.73,5.95,5.63,10.586666666666666,236.36666666666667,234.9333333333333,236.63333333333333,3.8294599999999996
0.73,5.95,5.63,10.59,236.4,235.0,236.7,3.82908
0.73,5.95,5.63,10.59,236.4,235.0,236.69999999999996,3.82908
0.73,5.95,5.63,10.59,236.4,235.0,236.69999999999996,3.82908
0.73,5.95,5.63,10.59,236.4,235.0,236.69999999999996,3.82908
0.73,5.95,5.63,10.59,236.4,235.0,236.69999999999996,3.82908
0.77,10.15,5.61,10.59,235.3,234.5,236.1,4.78206
0.7566666666666667,8.74,5.6066666666666665,10.58,235.33333333333334,234.26666666666665,235.96666666666667,4.456486666666667
0.73,5.919999999999999,5.599999999999999,10.56,235.4,233.80000000000004,235.69999999999996,3.8053399999999997
0.77,10.08,5.62,10.6,235.0,234.1,236.0,4.75477
0.77,10.08,5.62,10.6,235.0,234.1,236.0,4.75477
0.77,10.08,5.62,10.6,235.0,234.1,236.0,4.75477
0.77,10.08,5.62,10.6,235.0,234.1,236.0,4.75477
0.73,5.95,5.62,10.6,236.1,234.5,236.30000000000004,3.81387
0.73,5.96,5.62,10.62,236.6,234.9,236.6,3.8216
0.75,7.91,5.62,10.614999999999998,236.14999999999998,234.8,236.5,4.271085
0.77,9.86,5.62,10.61,235.69999999999996,234.69999999999996,236.4,4.72057
0.77,9.933333333333332,5.626666666666666,10.62,235.69999999999996,234.83333333333334,236.53333333333333,4.7410266666666665
0.77,10.08,5.64,10.64,235.69999999999996,235.1,236.80000000000004,4.78194
0.77,10.08,5.64,10.64,235.69999999999996,235.1,236.80000000000004,4.78194
0.77,10.08,5.64,10.64,235.69999999999996,235.1,236.80000000000004,4.78194
0.77,10.08,5.64,10.64,235.69999999999996,235.1,236.80000000000004,4.78194
0.77,10.08,5.64,10.64,235.69999999999996,235.1,236.80000000000004,4.78194
0.77,9.87,5.65,10.65,236.5,235.425,237.225,4.75014
0.73,5.98,5.64,10.64,237.1,235.5,237.30000000000004,3.84887
0.73,5.98,5.64,10.64,237.1,235.5,237.30000000000004,3.84887
0.73,5.98,5.64,10.64,237.1,235.5,237.30000000000004,3.84887
0.73,5.98,5.64,10.64,237.1,235.5,237.3,3.84887
0.73,5.98,5.64,10.64,237.1,235.5,237.3,3.84887
0.73,5.98,5.64,10.64,237.1,235.5,237.3,3.84887
0.76,8.8675,5.635,10.67,236.5,235.125,237.225,4.532195
0.73,6.010000000000001,5.650000000000001,10.699999999999998,237.69999999999996,235.80000000000004,237.9,3.8744
0.73,6.010000000000001,5.650000000000001,10.699999999999998,237.69999999999996,235.80000000000004,237.9,3.8744
0.73,6.01,5.65,10.7,237.7,235.8,237.9,3.8744
0.73,6.010000000000001,5.650000000000001,10.699999999999998,237.76666666666665,235.9,238.0,3.87125
0.73,6.010000000000001,5.650000000000001,10.699999999999998,237.9,236.1,238.19999999999996,3.86495
0.73,7.283333333333334,5.663333333333334,10.729999999999999,238.1,236.53333333333333,238.6,3.877463333333333
0.73,7.945,5.69,10.785,238.85,237.35000000000002,239.4,3.901525
0.73,6.06,5.69,10.78,239.19999999999996,237.30000000000004,239.4,3.90056
0.73,6.046666666666667,5.683333333333334,10.76,238.9,237.0,239.0666666666667,3.893356666666667
0.75,8.03,5.675,10.745000000000001,238.2,236.65,238.7,4.35437
0.7433333333333333,7.373333333333332,5.68,10.75,238.5666666666667,236.83333333333334,238.86666666666667,4.204743333333333
0.73,6.04,5.68,10.74,238.8,236.8,238.8,3.89222
0.73,6.04,5.68,10.74,238.8,236.8,238.8,3.89222
0.73,6.04,5.68,10.74,238.80000000000004,236.80000000000004,238.80000000000004,3.89222
0.73,6.04,5.68,10.74,238.80000000000004,236.80000000000004,238.80000000000004,3.89222
0.73,6.05,5.69,10.76,238.9,237.1,239.19999999999996,3.89419
0.7600000000000001,9.94,5.7,10.79,238.69999999999996,237.6,239.4,4.81992
0.73,6.06,5.7,10.77,239.2,237.3,239.2,3.90083
0.7266666666666666,6.066666666666666,5.7,10.773333333333333,239.33333333333334,237.4333333333333,239.33333333333334,3.901403333333333
0.7200000000000001,6.080000000000001,5.7,10.78,239.6,237.69999999999996,239.6,3.90255
0.7200000000000001,6.080000000000001,5.7,10.78,239.6,237.69999999999996,239.6,3.90255
0.73,5.96,5.63,10.61,236.19999999999996,234.4,236.30000000000004,3.83468
0.73,5.96,5.63,10.61,236.2,234.4,236.3,3.83468
0.73,5.96,5.63,10.61,236.19999999999996,234.4,236.30000000000004,3.83468
0.73,5.96,5.63,10.61,236.2,234.4,236.3,3.83468
0.7399999999999999,5.95,5.62,10.58,235.80000000000004,234.0,235.9,3.83412
0.77,9.77,5.62,10.6,235.1,233.9,235.8,4.71901
0.7433333333333333,7.2299999999999995,5.62,10.606666666666667,235.70000000000002,234.1,235.9333333333333,4.126916666666666
0.73,5.96,5.62,10.61,236.0,234.2,236.0,3.83087
0.73,5.96,5.62,10.61,236.0,234.19999999999996,236.0,3.8308699999999996
0.73,5.96,5.62,10.61,236.0,234.19999999999996,236.0,3.8308699999999996
0.77,10.21,5.63,10.61,235.4,234.2,236.2,4.81262
0.75,7.3500000000000005,5.63,10.563333333333333,235.33333333333334,233.79999999999998,235.5333333333333,4.154066666666666
0.7399999999999999,5.933333333333334,5.63,10.54,235.5666666666667,233.86666666666667,235.46666666666667,3.8252633333333335
0.74,5.94,5.63,10.54,235.7,234.0,235.6,3.8255
0.77,9.82,5.63,10.55,234.80000000000004,233.80000000000004,235.30000000000004,4.72425
0.7399999999999999,5.93,5.61,10.52,235.30000000000004,233.69999999999996,235.30000000000004,3.81624
0.7399999999999999,5.93,5.62,10.53,235.30000000000004,233.69999999999996,235.19999999999996,3.81162
0.7600000000000001,8.496666666666666,5.62,10.53,234.76666666666665,233.69999999999996,235.0666666666667,4.40536
0.755,7.845,5.609999999999999,10.515,234.6,233.39999999999998,234.8,4.256045
0.7399999999999999,5.903333333333333,5.596666666666667,10.493333333333334,234.5666666666667,233.0666666666667,234.5666666666667,3.7999033333333334
0.7399999999999999,5.89,5.59,10.48,234.30000000000004,233.0,234.5,3.77999
0.7399999999999999,5.87,5.59,10.45,233.69999999999996,232.0,233.6,3.7876500000000006
0.74,5.87,5.59,10.45,233.7,232.0,233.6,3.78765
0.7399999999999999,5.8500000000000005,5.583333333333333,10.423333333333334,233.23333333333335,231.6,233.13333333333333,3.7700833333333335
0.7666666666666666,8.393333333333333,5.580000000000001,10.43,232.9333333333333,231.73333333333335,233.16666666666666,4.359166666666667
0.7666666666666666,8.396666666666667,5.583333333333333,10.433333333333332,233.0,231.86666666666667,233.30000000000004,4.366703333333334
0.7399999999999999,5.853333333333333,5.583333333333333,10.423333333333334,233.23333333333335,231.80000000000004,233.30000000000004,3.7787333333333333
0.7399999999999999,5.86,5.57,10.43,233.30000000000004,231.80000000000004,233.30000000000004,3.76838
0.7433333333333333,5.8500000000000005,5.566666666666666,10.42,233.1,231.6,233.1,3.7703233333333337
0.75,5.83,5.56,10.4,232.7,231.2,232.7,3.77421
0.75,5.830000000000001,5.56,10.4,232.69999999999996,231.19999999999996,232.69999999999996,3.77421
0.77,8.39,5.553333333333334,10.38,231.96666666666667,231.0,232.4333333333333,4.347356666666667
0.7600000000000001,7.09,5.536666666666666,10.343333333333334,231.73333333333335,230.36666666666667,231.9,4.031423333333334
0.75,5.8,5.533333333333334,10.33,231.73333333333335,230.03333333333333,231.6,3.7290733333333335
0.75,6.1866666666666665,5.536666666666666,10.34,231.83333333333334,230.16666666666666,231.73333333333335,3.7320933333333333
0.75,6.96,5.53,10.36,232.30000000000004,230.69999999999996,232.4,3.7425200000000003
0.7466666666666667,6.596666666666667,5.55,10.393333333333333,233.0,231.4333333333333,233.0,3.75427
0.7399999999999999,5.87,5.59,10.46,234.70000000000002,233.16666666666666,234.5333333333333,3.77777
0.7399999999999999,5.900000000000001,5.62,10.5,235.30000000000004,233.69999999999996,235.19999999999996,3.80207
0.74,5.9,5.6175,10.495000000000001,235.275,233.67499999999998,235.17499999999998,3.8024575
0.7399999999999999,5.896666666666667,5.61,10.476666666666667,235.1,233.5,235.0,3.8008466666666667
0.7399999999999999,5.8999999999999995,5.616666666666667,10.486666666666666,235.20000000000002,233.6,235.1,3.8003699999999996
0.7399999999999999,5.919999999999999,5.63,10.52,235.80000000000004,234.19999999999996,235.69999999999996,3.8105099999999994
0.73,5.919999999999999,5.599999999999999,10.51,235.80000000000004,234.30000000000004,235.69999999999996,3.79651
0.77,10.09,5.62,10.53,235.19999999999996,234.4,235.9,4.76282
0.73,5.919999999999999,5.62,10.51,235.5,233.9,235.4,3.79888
0.7399999999999999,5.919999999999999,5.63,10.53,235.6,233.9,235.5,3.8086700000000007
0.77,10.27,5.63,10.55,235.0,234.4,235.80000000000004,4.77691
0.7433333333333333,7.37,5.609999999999999,10.516666666666667,235.13333333333333,233.73333333333335,235.33333333333334,4.132643333333333
0.73,5.9125,5.6075,10.4925,235.05,233.25,234.875,3.80355
0.77,9.68,5.63,10.54,235.1,234.3,235.7,4.69049
0.7566666666666667,8.426666666666668,5.63,10.54,235.23333333333335,234.16666666666666,235.63333333333333,4.395123333333333
0.75,7.875,5.62,10.535,235.15,233.95,235.5,4.25158
0.75,7.875,5.615,10.535,235.25,234.05,235.55,4.247085
0.7433333333333333,7.343333333333334,5.62,10.54,235.63333333333333,234.26666666666665,235.79999999999998,4.123259999999999
0.76,9.125,5.6175,10.5375,235.675,234.625,236.14999999999998,4.5350399999999995
0.73,5.9433333333333325,5.62,10.546666666666667,236.5,235.0,236.36666666666667,3.81546
0.73,5.97,5.64,10.58,237.1,235.6,237.1,3.83994
0.73,5.97,5.66,10.61,237.4,235.9,237.5,3.85042
0.73,5.98,5.66,10.61,237.5,236.0,237.6,3.83845
0.73,7.359999999999999,5.66,10.61,237.4333333333333,236.20000000000002,237.73333333333335,3.83845
0.77,10.12,5.669999999999999,10.64,237.30000000000004,236.6,238.0,4.79975
0.7200000000000001,6.010000000000001,5.68,10.68,239.0,237.5,239.1,3.8695800000000005
0.7224999999999999,5.9875,5.654999999999999,10.635,238.2,236.675,238.25,3.8481275
0.73,5.919999999999999,5.580000000000001,10.5,235.80000000000004,234.19999999999996,235.69999999999996,3.78377
0.73,5.919999999999999,5.580000000000001,10.5,235.80000000000004,234.19999999999996,235.69999999999996,3.78377
0.73,5.94,5.63,10.545,236.7,235.15,236.65,3.83096
0.73,5.91,5.599999999999999,10.5,235.80000000000004,234.4,235.9,3.81005
0.73,5.91,5.6,10.5,235.8,234.4,235.9,3.81005
0.73,5.916666666666667,5.6066666666666665,10.506666666666666,235.83333333333334,234.36666666666667,235.9,3.806976666666667
0.73,5.93,5.62,10.52,235.9,234.3,235.9,3.80083
0.73,5.93,5.62,10.52,235.9,234.30000000000004,235.9,3.80083
0.73,5.93,5.62,10.52,235.9,234.3,235.9,3.80083
0.77,9.86,5.63,10.6,236.0,235.0,236.69999999999996,4.75519
0.77,9.86,5.63,10.6,236.0,235.0,236.7,4.75519
0.77,10.1,5.64,10.62,236.1,235.3,237.0,4.77861
0.7566666666666667,8.713333333333333,5.636666666666667,10.613333333333332,236.16666666666666,235.16666666666666,236.9,4.4602233333333325
0.73,5.94,5.63,10.6,236.3,234.9,236.7,3.82345
0.73,5.94,5.63,10.6,236.30000000000004,234.9,236.69999999999996,3.82345
0.754,8.256,5.63,10.606,235.88000000000002,234.84,236.58,4.355428
0.73,5.95,5.62,10.61,236.4,234.69999999999996,236.5,3.83061
0.77,10.01,5.63,10.61,235.8,234.9,236.7,4.77062
0.73,5.94,5.62,10.59,236.4,234.65,236.525,3.8402325
0.73,5.94,5.62,10.594999999999999,236.6,234.8,236.64999999999998,3.83968
0.73,5.94,5.62,10.6,236.5,234.8,236.7,3.83831
0.73,5.94,5.612500000000001,10.6,236.5,234.725,236.625,3.831455
0.73,5.94,5.62,10.61,236.4,234.9,236.69999999999996,3.83667
0.78,10.01,5.62,10.49,234.2,233.2,234.5,4.73436
0.75,6.9125,5.6049999999999995,10.459999999999999,233.825,232.375,233.825,4.019909999999999
