time,result,table,controller,site,digital_input_1_and_2,power_factor_avg,power_factor_l1,power_factor_l2,power_factor_l3,units,current_l1_thd,current_l3_thd,current_unbalance,volts_l1_thd,volts_l2_thd,volts_l3_thd,volts_unbalance,current_avg,current_l1,current_l2,current_l3,freq,volts_l1_l2,volts_l1_n,volts_l2_l3,volts_l2_n,volts_l3_l1,volts_l3_n,volts_l_l_avg,volts_l_n_avg,apparent_power_demand,apparent_power_l1,apparent_power_l2,apparent_power_l3,apparent_power_total,apparent_energy,reactive_power_demand,reactive_energy_export,reactive_energy_import,max_power_demand,power_demand,power_l1,power_l2,power_l3,power_total,energy_export,energy_import,reactive_power_l1,reactive_power_l2,reactive_power_l3,reactive_power_total
2026-01-28 00:00:00+00:00,0.0,5.530612244897959,0.0,0.0,0.0,0.6675,0.6625,0.69,0.65,0.0,4.975,4.824999999999999,38.65,0.7375,0.85,1.95,0.4875,6.35,4.4312499999999995,5.69125,8.92125,50.0875,412.28749999999997,239.3375,413.675,237.55,413.375,239.3375,413.1625,238.75,4.8725000000000005,1.0583525,1.35128125,2.13715875,4.657185,9609.775000000001,2.1487499999999997,117.3,5563.0375,4.93,3.31375,0.673478625,0.931403,1.3864675,2.9917775,182.8,7373.5375,0.8157861249999999,0.978515,1.62558375,3.41855125
2026-01-28 00:15:00+00:00,0.0,5.257142857142857,0.0,0.0,0.0,0.66,0.64,0.69,0.65,0.0,6.0,6.15,40.6,1.225,1.625,1.9249999999999998,0.5,6.35,4.43625,5.7,8.92625,50.1,412.825,239.525,414.1625,237.825,413.8625,239.5625,413.5625,239.025,4.8925,1.05924125,1.35262,2.13854,4.5485662499999995,9611.2125,2.14,117.3,5564.0,4.93,3.3425,0.6762321250000001,0.934736,1.389155,3.00093125,182.8,7374.4625,0.816469875,0.978583,1.6247525,3.4202475000000003
2026-01-28 00:30:00+00:00,0.0,5.458823529411765,0.0,0.0,0.0,0.7114285714285714,0.7942857142857143,0.6900000000000001,0.65,0.0,3.8142857142857145,4.242857142857143,28.171428571428574,3.057142857142857,4.614285714285715,4.057142857142858,0.4142857142857143,7.515714285714286,7.901428571428572,5.691428571428572,8.954285714285716,50.1,412.4428571428571,238.8857142857143,414.1,237.87142857142857,413.54285714285714,239.67142857142855,413.41428571428565,238.81428571428572,4.9,1.88739,1.3539171428571428,2.1450742857142857,5.383104285714286,9612.242857142857,2.14,117.3,5564.842857142857,4.93,3.35,1.5111034285714287,0.9339442857142857,1.3865871428571428,3.8338257142857146,182.8,7375.157142857142,1.1204968571428573,0.9816234285714286,1.633167142857143,3.7336557142857143
2026-01-28 00:45:00+00:00,0.0,5.672897196261682,0.0,0.0,0.0,0.6825,0.7075,0.69,0.65,0.0,6.1625000000000005,3.225,35.1625,2.375,2.7,2.8875,0.4625,6.8412500000000005,5.93625,5.68125,8.916250000000002,50.0375,411.575,238.7125,413.08750000000003,237.225,412.675,238.98749999999998,412.475,238.3125,4.90625,1.415585,1.34556125,2.13138375,4.89234875,9613.4125,2.14,117.3,5565.6625,4.93,3.3625000000000003,1.03795275,0.930252625,1.3813024999999999,3.34928125,182.8,7375.925,0.9440055,0.97436475,1.6213775000000001,3.5382225
2026-01-28 01:00:00+00:00,0.0,5.472527472527473,0.0,0.0,0.0,0.66,0.64,0.6900000000000001,0.65,0.0,4.585714285714286,2.457142857142857,40.6,1.6142857142857143,1.8142857142857143,2.4142857142857146,0.5,6.317142857142857,4.4071428571428575,5.667142857142857,8.884285714285713,50.0,410.7571428571428,238.48571428571427,412.15714285714284,236.6142857142857,411.8285714285715,238.41428571428574,411.62857142857143,237.81428571428572,4.898571428571429,1.0488771428571428,1.338072857142857,2.1205828571428573,4.509504285714286,9614.685714285715,2.1371428571428575,117.3,5566.528571428572,4.93,3.3614285714285717,0.6698837142857144,0.9244215714285715,1.3760714285714286,2.96796,182.8,7376.800000000001,0.8072962857142857,0.9685985714285714,1.6089371428571428,3.3839014285714284
2026-01-28 01:15:00+00:00,0.0,5.404494382022472,0.0,0.0,0.0,0.6857142857142857,0.7171428571428571,0.6942857142857142,0.65,0.0,4.585714285714286,4.6000000000000005,33.91428571428572,1.7285714285714289,1.8,1.9142857142857141,0.4571428571428572,6.8500000000000005,5.99,5.668571428571428,8.887142857142857,50.0,410.5285714285714,238.1142857142857,412.0571428571429,236.65714285714284,411.61428571428576,238.41428571428568,411.4142857142857,237.72857142857143,4.861428571428571,1.4239514285714285,1.3380314285714285,2.1145342857142855,4.8788,9616.128571428571,2.1257142857142854,117.3,5567.614285714286,4.93,3.335714285714286,1.060533857142857,0.927033,1.380492857142857,3.3706014285714287,182.8,7377.771428571429,0.933062,0.9646935714285715,1.6057871428571429,3.5039871428571425
2026-01-28 01:30:00+00:00,0.0,5.423076923076923,0.0,0.0,0.0,0.6675,0.6625,0.7,0.65,0.0,5.425,5.275,38.775,2.6,2.3874999999999997,1.975,0.4875,6.475,4.88375,5.6575,8.8675,50.0,410.1375,238.02499999999998,411.58750000000003,236.3,411.25,238.08749999999998,410.97499999999997,237.475,4.8475,1.1612487500000002,1.3335625,2.1055800000000002,4.607175,9616.6875,2.11875,117.3,5567.95,4.93,3.32875,0.789307625,0.9269695,1.3791574999999998,3.0899075,182.8,7378.1375,0.84313975,0.96024775,1.5978275,3.402305
2026-01-28 01:45:00+00:00,0.0,5.404040404040404,0.0,0.0,0.0,0.72,0.82,0.7,0.65,0.0,1.4,3.7,26.0,1.9,2.3,1.8,0.4,7.63,8.41,5.64,8.85,50.0,408.3,236.8,410.1,235.6,409.5,237.3,409.4,236.6,4.83,1.99144,1.32987,2.1067,5.42768,9618.0,2.11,117.3,5569.0,4.93,3.32,1.6285,0.923907,1.37655,3.92863,182.8,7379.1,1.14418,0.956249,1.59501,3.69697
2026-01-28 02:00:00+00:00,0.0,5.586206896551724,0.0,0.0,0.0,0.72,0.82,0.7,0.65,0.0,1.4,3.7,26.0,1.9,2.3,1.8,0.4,7.63,8.41,5.64,8.85,50.0,408.3,236.8,410.1,235.6,409.5,237.3,409.4,236.6,4.83,1.99144,1.32987,2.1067,5.42768,9618.0,2.11,117.3,5569.0,4.93,3.32,1.6285,0.923907,1.37655,3.9286300000000005,182.8,7379.1,1.14418,0.956249,1.59501,3.69697
2026-01-28 02:15:00+00:00,0.0,5.469387755102041,0.0,0.0,0.0,0.685,0.6950000000000001,0.7,0.66,0.0,4.35,7.4,36.75,2.85,5.725,5.85,0.55,6.535,5.255,5.61,8.74,50.0,406.075,235.57500000000002,407.45000000000005,233.975,407.175,235.8,406.65,235.075,4.72,1.2361375000000001,1.3094625,2.0584875,4.6015375,9621.125,2.08,117.3,5571.200000000001,4.93,3.25,0.8854652500000001,0.9180747499999999,1.35891,3.1634349999999998,182.8,7381.275,0.8449632499999999,0.9327157500000001,1.5505775,3.3295075
2026-01-28 02:30:00+00:00,0.0,5.252336448598131,0.0,0.0,0.0,0.73,0.83,0.70375,0.66,0.0,2.275,5.8500000000000005,24.974999999999998,2.5250000000000004,2.8499999999999996,2.9,0.4,7.483750000000001,8.12,5.60625,8.72875,50.0,405.0625,234.675,406.625,233.6375,405.9,235.3125,405.9,234.5125,4.71,1.90324,1.30722375,2.0527837499999997,5.257735,9621.775,2.075,117.3,5571.675,4.93,3.2475,1.56991375,0.918805625,1.35291375,3.84543625,182.8,7381.675,1.07444375,0.928274625,1.542305,3.5455674999999998
2026-01-28 02:45:00+00:00,0.0,5.511363636363637,0.0,0.0,0.0,0.7299999999999999,0.83,0.71,0.66,0.0,4.6,5.7,25.2,2.0,3.0,2.6,0.4,7.49,8.17,5.6,8.71,50.0,404.5,234.3,406.0,233.2,405.4,235.0,405.4,234.2,4.68,1.9113899999999997,1.30263,2.04589,5.25261,9622.6,2.06,117.3,5572.2,4.93,3.2399999999999998,1.5785700000000003,0.917745,1.35117,3.85568,182.8,7382.2,1.0808,0.924934,1.5365300000000002,3.54033
2026-01-28 03:00:00+00:00,0.0,5.488888888888889,0.0,0.0,0.0,0.7014285714285714,0.7328571428571429,0.71,0.6657142857142857,0.0,5.685714285714285,3.414285714285714,33.885714285714286,2.5714285714285716,2.8857142857142857,2.142857142857143,0.4571428571428572,6.707142857142857,5.9071428571428575,5.577142857142857,8.647142857142857,50.0,402.84285714285716,233.55714285714288,404.1714285714285,232.0,403.62857142857143,233.74285714285716,403.62857142857143,233.17142857142858,4.634285714285714,1.3792974285714286,1.2913557142857142,2.01905,4.684038571428571,9623.628571428571,2.037142857142857,117.3,5573.0,4.93,3.2228571428571433,1.0488402857142858,0.9141992857142858,1.3398385714285712,3.3063428571428575,182.8,7383.0,0.881792,0.9119865714285714,1.5108842857142857,3.3035071428571428
2026-01-28 03:15:00+00:00,0.0,5.533333333333333,0.0,0.0,0.0,0.7057142857142857,0.7385714285714285,0.71,0.6657142857142857,0.0,6.171428571428572,5.142857142857143,34.114285714285714,2.142857142857143,1.9000000000000001,2.2714285714285714,0.4571428571428572,6.701428571428572,5.952857142857143,5.554285714285713,8.592857142857143,50.0,401.1714285714285,232.57142857142858,402.42857142857144,231.21428571428572,401.88571428571424,232.77142857142857,401.8285714285715,232.14285714285714,4.565714285714286,1.3845234285714285,1.286367142857143,2.0052128571428574,4.675855714285715,9625.285714285714,2.0142857142857142,117.3,5574.171428571428,4.93,3.1814285714285715,1.0555022857142857,0.9116839999999999,1.3313685714285712,3.300498571428571,182.8,7384.171428571428,0.879804,0.9044764285714286,1.4944085714285715,3.2808485714285713
2026-01-28 03:30:00+00:00,0.0,5.46,0.0,0.0,0.0,0.68,0.67,0.71,0.67,0.0,6.9,7.5,40.5,2.4,1.3,1.5,0.5,6.11,4.2,5.55,8.58,50.0,401.0,232.7,402.3,231.0,401.8,232.6,401.7,232.1,4.54,0.980606,1.28428,2.00217,4.26813,9625.5,2.01,117.3,5574.3,4.93,3.16,0.652319,0.910094,1.32977,2.89354,182.8,7384.3,0.730377,0.901521,1.48978,3.12304
2026-01-28 03:45:00+00:00,0.0,5.370786516853933,0.0,0.0,0.0,0.6971428571428572,0.7300000000000001,0.71,0.6614285714285714,0.0,6.428571428571429,4.542857142857143,34.457142857142856,1.7571428571428573,1.942857142857143,2.142857142857143,0.4571428571428572,6.7700000000000005,6.107142857142857,5.571428571428571,8.635714285714286,49.957142857142856,402.2,233.12857142857143,403.4142857142857,231.72857142857146,403.0857142857143,233.32857142857142,402.9428571428571,232.74285714285716,4.458571428571429,1.4190564285714284,1.2901857142857143,2.0167242857142855,4.727168571428571,9627.342857142856,2.0185714285714282,117.3,5575.714285714285,4.93,3.0700000000000003,1.0788937142857142,0.911612,1.333237142857143,3.324601428571429,182.8,7385.585714285714,0.9078561428571429,0.9118517142857143,1.5085557142857142,3.329007142857143
2026-01-28 04:00:00+00:00,0.0,5.4935064935064934,0.0,0.0,0.0,0.68,0.66,0.71,0.6633333333333334,0.0,7.699999999999999,4.8,38.0,2.6333333333333333,3.1166666666666667,3.25,0.48333333333333334,6.13,4.226666666666667,5.56,8.606666666666667,50.0,401.56666666666666,233.0,402.6000000000001,231.1,402.26666666666665,232.83333333333334,402.1333333333334,232.33333333333334,4.6000000000000005,0.9835826666666666,1.28327,2.0033499999999997,4.268293333333333,9628.566666666666,2.03,117.3,5576.566666666667,4.93,3.1933333333333334,0.6516413333333333,0.9074873333333334,1.3369866666666665,2.8962,182.80000000000004,7386.5,0.7340939999999999,0.904043,1.4926333333333333,3.1320600000000005
2026-01-28 04:15:00+00:00,0.0,5.533333333333333,0.0,0.0,0.0,0.7057142857142857,0.7371428571428572,0.71,0.6657142857142857,0.0,5.7,4.3999999999999995,34.357142857142854,2.642857142857143,2.5285714285714285,2.6714285714285713,0.4571428571428572,6.738571428571428,6.075714285714286,5.551428571428572,8.582857142857142,49.957142857142856,400.7714285714286,232.52857142857144,401.9142857142857,230.84285714285716,401.4142857142857,232.5142857142857,401.38571428571424,231.92857142857142,4.534285714285714,1.4037127142857142,1.28062,1.9957757142857144,4.680255714285714,9629.457142857142,2.005714285714286,117.3,5577.128571428571,4.93,3.1585714285714284,1.072328857142857,0.9108454285714286,1.329807142857143,3.3116685714285716,182.8,7387.128571428571,0.8933814285714285,0.9009039999999999,1.4859442857142857,3.2779728571428572
2026-01-28 04:30:00+00:00,0.0,5.384615384615385,0.0,0.0,0.0,0.68,0.67,0.71,0.67,0.0,6.857142857142857,4.814285714285714,40.4,2.5857142857142854,2.3714285714285714,2.5285714285714285,0.5,6.11,4.204285714285715,5.545714285714285,8.575714285714286,50.0,400.9142857142857,232.75714285714284,402.0285714285714,230.94285714285712,401.5285714285714,232.5,401.5857142857143,232.04285714285714,4.41,0.9758684285714285,1.2799528571428571,1.9917728571428572,4.246862857142857,9630.185714285715,1.9957142857142858,117.3,5577.7,4.93,3.0485714285714285,0.6508422857142857,0.9112229999999999,1.3300142857142858,2.8945385714285714,182.8,7387.614285714285,0.7258220000000001,0.8986041428571429,1.4816585714285715,3.1065785714285714
2026-01-28 04:45:00+00:00,0.0,5.467532467532467,0.0,0.0,0.0,0.6750000000000002,0.665,0.705,0.665,0.0,7.5,4.1000000000000005,40.300000000000004,1.95,2.2,1.5499999999999998,0.5,6.170000000000001,4.2700000000000005,5.585,8.655,50.0,403.59999999999997,234.25,404.75,232.45000000000002,404.25,234.04999999999998,404.3,233.6,4.29,0.9930254999999999,1.288655,2.01733,4.31069,9631.25,1.99,117.3,5578.450000000001,4.93,2.94,0.6579045,0.9119805,1.3406500000000001,2.91249,182.80000000000004,7388.25,0.7469145,0.911058,1.505025,3.162575
2026-01-28 05:00:00+00:00,0.0,5.447916666666667,0.0,0.0,0.0,0.67,0.65,0.7,0.66,0.0,8.1,1.6,40.3,4.2,2.2,2.6,0.5,6.2299999999999995,4.33,5.62,8.73,50.0,406.0,235.6,407.2,233.7,406.7,235.5,406.6,235.0,4.55,1.01942,1.31208,2.05476,4.38339,9632.2,2.0,117.3,5579.1,4.93,3.18,0.663323,0.918143,1.3541900000000002,2.94182,182.8,7388.9,0.770684,0.937049,1.54743,3.25522
2026-01-28 05:15:00+00:00,0.0,5.468354430379747,0.0,0.0,0.0,0.67,0.655,0.6999999999999998,0.66,0.0,8.299999999999999,2.6,40.199999999999996,3.35,2.35,2.6,0.5,6.2250000000000005,4.325,5.625,8.72,50.0,405.95,235.6,407.15000000000003,233.75,406.7,235.35,406.65000000000003,234.95000000000002,4.61,1.0187950000000001,1.31338,2.053125,4.384835,9633.0,2.03,117.3,5579.650000000001,4.93,3.2000000000000006,0.6652515,0.9210145000000001,1.35286,2.9420599999999997,182.80000000000004,7389.45,0.770286,0.936829,1.54505,3.2528
2026-01-28 05:30:00+00:00,0.0,5.5,0.0,0.0,0.0,0.67,0.6557142857142857,0.7042857142857143,0.66,0.0,8.2,3.9857142857142853,40.1,2.457142857142857,2.9285714285714284,2.857142857142857,0.5,6.224285714285714,4.324285714285715,5.625714285714286,8.714285714285715,50.0,406.0285714285714,235.68571428571428,407.2285714285714,233.84285714285716,406.7857142857143,235.37142857142857,406.7,234.9857142857143,4.652857142857143,1.0159157142857143,1.3079771428571427,2.0448042857142856,4.368798571428571,9634.22857142857,2.06,117.3,5580.5,4.93,3.2028571428571433,0.6670184285714286,0.9201668571428572,1.3525071428571427,2.934195714285714,182.8,7390.3,0.769231857142857,0.9308777142857142,1.5346899999999999,3.234407142857143
2026-01-28 05:45:00+00:00,0.0,5.4605263157894735,0.0,0.0,0.0,0.67,0.65,0.71,0.66,0.0,7.8,4.5,40.1,2.4,3.5,3.2000000000000006,0.5,6.23,4.33,5.62,8.72,50.0,406.2,235.80000000000004,407.3999999999999,233.9,406.8999999999999,235.6,406.7,235.1,4.63,1.01291,1.29904,2.03589,4.34549,9634.8,2.06,117.3,5580.899999999999,4.93,3.18,0.6668030000000001,0.9152080000000001,1.35381,2.92339,182.80000000000004,7390.7,0.768357,0.9232359999999998,1.52405,3.21311
2026-01-28 06:00:00+00:00,0.0,5.298969072164948,0.0,0.0,0.0,0.67,0.6542857142857142,0.7,0.66,0.0,7.271428571428571,5.757142857142858,40.15714285714286,2.8285714285714287,0.9285714285714286,2.642857142857143,0.5,6.22,4.33,5.61,8.715714285714286,50.0,405.64285714285717,235.45714285714286,406.7857142857143,233.55714285714288,406.24285714285713,235.21428571428572,406.1857142857143,234.7,4.527142857142857,1.0156557142857143,1.3089014285714284,2.04806,4.371917142857143,9636.471428571429,2.0542857142857143,117.3,5582.171428571428,4.93,3.082857142857143,0.6670752857142856,0.9214215714285714,1.3544414285714286,2.9401957142857142,182.8,7391.785714285715,0.7678215714285714,0.9315967142857143,1.5406285714285715,3.2417785714285716
2026-01-28 06:15:00+00:00,0.0,5.32051282051282,0.0,0.0,0.0,0.67,0.65,0.6999999999999998,0.66,0.0,6.6499999999999995,5.95,40.25,1.5,2.1,2.45,0.5,6.21,4.32,5.609999999999999,8.705,50.0,405.7,235.25,406.95000000000005,233.14999999999998,406.5,235.04999999999998,406.45000000000005,234.79999999999998,4.66,1.01584,1.3095,2.049805,4.373015,9637.55,2.055,117.3,5582.950000000001,4.93,3.215,0.664633,0.9203855000000001,1.3548799999999999,2.93761,182.80000000000004,7392.599999999999,0.7688185000000001,0.931254,1.5395200000000002,3.240015
2026-01-28 06:30:00+00:00,0.0,5.4375,0.0,0.0,0.0,0.73,0.82,0.7,0.66,0.0,4.26,7.92,29.24,1.7,2.1,1.64,0.42000000000000004,7.67,8.67,5.61,8.73,50.0,404.9,234.6,406.4,233.3,405.6,234.9,405.6,234.4,4.65,2.02034,1.30971,2.05665,5.39265,9638.2,2.05,117.3,5583.5,4.93,3.21,1.6636700000000002,0.919128,1.35664,3.9257800000000005,182.8,7393.0199999999995,1.1516,0.9290839999999999,1.53791,3.6169799999999994
2026-01-28 06:45:00+00:00,0.0,5.206521739130435,0.0,0.0,0.0,0.6871428571428572,0.7014285714285714,0.7,0.66,0.0,5.385714285714286,5.628571428571428,36.32857142857143,1.942857142857143,2.0571428571428574,1.9428571428571428,0.4714285714285714,6.617142857142857,5.55,5.602857142857142,8.698571428571428,50.0,404.57142857142856,234.71428571428572,405.92857142857144,233.1,405.35714285714283,234.67142857142858,405.3,234.20000000000002,4.567142857142858,1.2971457142857141,1.3044142857142857,2.041468571428571,4.646844285714286,9639.085714285715,2.0471428571428567,117.3,5584.142857142857,4.93,3.1342857142857143,0.9470197142857143,0.9165287142857143,1.3488328571428574,3.210585714285714,182.8,7393.642857142857,0.8729685714285714,0.9261974285714285,1.531962857142857,3.328368571428572
2026-01-28 07:00:00+00:00,0.0,5.455696202531645,0.0,0.0,0.0,0.67,0.66,0.7066666666666667,0.66,0.0,6.866666666666667,5.833333333333333,40.266666666666666,2.3666666666666667,1.3333333333333333,2.1,0.5,6.19,4.296666666666667,5.593333333333334,8.686666666666666,50.0,404.6666666666667,234.96666666666667,405.8333333333333,233.1,405.3666666666666,234.6,405.3333333333333,234.20000000000002,4.36,1.0070866666666667,1.3037233333333333,2.038653333333333,4.34899,9640.1,2.04,117.3,5584.866666666666,4.93,2.93,0.6598786666666666,0.91518,1.3447466666666668,2.923386666666667,182.80000000000004,7394.433333333334,0.7602176666666667,0.9254023333333333,1.5315900000000002,3.2183566666666668
2026-01-28 07:15:00+00:00,0.0,5.573033707865169,0.0,0.0,0.0,0.67,0.6557142857142857,0.7028571428571428,0.66,0.0,7.128571428571428,5.142857142857143,40.25714285714286,1.3285714285714287,1.6428571428571428,2.157142857142857,0.5,6.192857142857143,4.3028571428571425,5.5928571428571425,8.695714285714285,50.0,404.59999999999997,234.91428571428574,405.7714285714286,232.97142857142856,405.3285714285715,234.5142857142857,405.15714285714284,234.18571428571428,4.56,1.0093085714285714,1.3051714285714286,2.0401142857142855,4.35609,9641.085714285715,2.04,117.3,5585.614285714286,4.93,3.13,0.6612478571428572,0.9162202857142858,1.3466585714285715,2.9211957142857146,182.8,7395.042857142857,0.7623627142857143,0.9261467142857143,1.5306457142857144,3.220427142857143
2026-01-28 07:30:00+00:00,0.0,5.367816091954023,0.0,0.0,0.0,0.67,0.66,0.7,0.66,0.0,7.4,6.171428571428571,40.228571428571435,1.3142857142857143,2.8000000000000003,2.185714285714286,0.5,6.2,4.31,5.6,8.692857142857141,50.0,404.7714285714286,234.9857142857143,405.9714285714286,233.08571428571426,405.57142857142856,234.92857142857142,405.45714285714286,234.28571428571428,4.64,1.0077485714285714,1.3030157142857142,2.039297142857143,4.350427142857143,9642.128571428571,2.04,117.3,5586.314285714286,4.93,3.217142857142857,0.663203,0.9180562857142858,1.3473028571428571,2.9270014285714288,182.8,7395.685714285714,0.7609794285714286,0.9247455714285714,1.5274585714285713,3.2128085714285715
2026-01-28 07:45:00+00:00,0.0,5.45945945945946,0.0,0.0,0.0,0.67,0.655,0.6999999999999998,0.66,0.0,8.133333333333333,3.8166666666666664,40.25,3.216666666666667,2.066666666666667,1.8166666666666667,0.45,6.213333333333334,4.318333333333333,5.616666666666667,8.711666666666668,50.03333333333333,405.45,235.38333333333333,406.7,233.53333333333333,406.1666666666667,235.1833333333333,406.1166666666666,234.73333333333335,4.615,1.01348,1.31042,2.0494683333333334,4.37084,9643.266666666666,2.0483333333333333,117.3,5587.166666666667,4.93,3.186666666666667,0.6621914999999999,0.9208536666666666,1.3523066666666665,2.934371666666667,182.80000000000004,7396.483333333334,0.7655276666666667,0.931453,1.5376083333333332,3.2321383333333333
2026-01-28 08:00:00+00:00,0.0,5.4603174603174605,0.0,0.0,0.0,0.67,0.66,0.7,0.66,0.0,8.8,4.0,40.2,3.2,1.4,1.7,0.5,6.21,4.32,5.62,8.71,50.1,406.0,235.7,407.2,233.8,406.7,235.4,406.6,235.0,4.61,1.01521,1.31311,2.05011,4.37756,9643.7,2.05,117.3,5587.5,4.93,3.18,0.664665,0.922691,1.35614,2.94004,182.8,7396.8,0.766618,0.933423,1.5394,3.23604
2026-01-28 08:15:00+00:00,0.0,5.3580246913580245,0.0,0.0,0.0,0.67,0.65,0.705,0.66,0.0,7.55,3.6,40.1,2.4499999999999997,2.5,2.65,0.5,6.2250000000000005,4.319999999999999,5.625,8.725,50.1,406.45000000000005,236.0,407.65000000000003,234.04999999999998,407.09999999999997,235.6,407.04999999999995,235.20000000000002,4.4,1.01948,1.3141,2.052265,4.385065,9645.0,2.05,117.3,5588.450000000001,4.93,2.97,0.666991,0.924012,1.3592199999999999,2.95018,182.80000000000004,7397.75,0.7709775,0.935299,1.5433700000000001,3.2475849999999995
2026-01-28 08:30:00+00:00,0.0,5.411764705882353,0.0,0.0,0.0,0.67,0.65,0.6999999999999998,0.66,0.0,7.1000000000000005,3.4666666666666663,40.1,1.0666666666666667,1.6333333333333335,1.5999999999999999,0.5,6.23,4.333333333333333,5.616666666666667,8.73,50.0,406.06666666666666,235.73333333333335,407.2,233.76666666666665,406.6666666666667,235.4,406.73333333333335,234.9333333333333,4.67,1.0210933333333334,1.3162200000000002,2.05664,4.39044,9645.866666666667,2.06,117.3,5589.033333333333,4.93,3.23,0.6640566666666667,0.9211053333333333,1.35232,2.9351066666666665,182.80000000000004,7398.400000000001,0.7734713333333333,0.940375,1.5495066666666666,3.26249
2026-01-28 08:45:00+00:00,0.0,5.538461538461538,0.0,0.0,0.0,0.7200000000000001,0.7916666666666666,0.6999999999999998,0.66,0.0,4.833333333333333,4.883333333333333,28.099999999999998,2.533333333333333,3.033333333333333,2.5833333333333335,0.4166666666666667,7.371666666666666,7.69,5.6433333333333335,8.78,50.0,407.2166666666667,236.04999999999998,408.5833333333333,234.78333333333333,408.01666666666665,236.3166666666667,408.0,235.71666666666667,4.636666666666667,1.81262,1.3251083333333333,2.0785750000000003,5.212653333333333,9646.699999999999,2.06,117.3,5589.633333333334,4.93,3.1799999999999997,1.4602013333333332,0.925322,1.3654616666666666,3.7550033333333332,182.80000000000004,7398.933333333333,1.0649533333333334,0.9464291666666665,1.5680066666666665,3.582038333333333
2026-01-28 09:00:00+00:00,0.0,5.308641975308642,0.0,0.0,0.0,0.7000000000000001,0.735,0.6999999999999998,0.66,0.0,6.25,4.983333333333333,32.983333333333334,2.4,3.1,2.716666666666667,0.45,6.93,5.703333333333333,5.641666666666667,8.768333333333333,50.0,407.43333333333334,236.33333333333334,408.7833333333333,234.8166666666667,408.2166666666667,236.26666666666665,408.2,235.78333333333333,4.676666666666667,1.5015483333333333,1.324755,2.073575,4.897623333333333,9647.55,2.0666666666666664,117.3,5590.233333333334,4.93,3.216666666666667,1.1463061666666665,0.9256711666666666,1.3627616666666666,3.4393433333333334,182.80000000000004,7399.516666666666,0.9522473333333333,0.9461915,1.5637316666666667,3.4621316666666666
2026-01-28 09:15:00+00:00,0.0,5.258064516129032,0.0,0.0,0.0,0.6871428571428572,0.6985714285714285,0.7,0.66,0.0,6.1571428571428575,4.671428571428572,36.114285714285714,1.3000000000000003,2.6142857142857143,2.985714285714286,0.4714285714285714,6.6571428571428575,5.53,5.6499999999999995,8.785714285714286,50.0,407.5857142857143,236.4,408.87142857142857,234.77142857142854,408.3857142857143,236.3857142857143,408.2857142857143,235.85714285714286,4.7,1.3056999999999999,1.3254842857142857,2.074397142857143,4.706528571428572,9648.842857142856,2.07,117.3,5591.128571428571,4.93,3.2399999999999998,0.9448171428571428,0.9250478571428572,1.3623014285714288,3.2338085714285714,182.8,7400.371428571429,0.8834242857142858,0.9474845714285715,1.5651457142857144,3.3957071428571433
2026-01-28 09:30:00+00:00,0.0,5.466666666666667,0.0,0.0,0.0,0.7000000000000001,0.735,0.6999999999999998,0.6533333333333333,0.0,4.866666666666667,4.166666666666667,32.88333333333333,1.8833333333333335,0.7333333333333334,1.5,0.45,6.933333333333334,6.363333333333333,5.646666666666667,8.790000000000001,50.0,407.5,236.35,408.75,234.83333333333334,408.2,236.38333333333333,408.1333333333334,235.85,4.695,1.4978816666666666,1.3242216666666666,2.0749216666666666,4.898606666666667,9649.683333333332,2.0716666666666668,117.3,5591.833333333333,4.93,3.231666666666667,1.1428093333333333,0.923638,1.3619133333333335,3.430376666666667,182.80000000000004,7401.016666666666,0.9535771666666667,0.9498211666666667,1.5690600000000001,3.47142
2026-01-28 09:45:00+00:00,0.0,5.565789473684211,0.0,0.0,0.0,0.68,0.6783333333333333,0.6999999999999998,0.6516666666666667,0.0,8.066666666666668,5.183333333333333,37.65,0.8166666666666668,1.75,2.0166666666666666,0.48333333333333334,6.461666666666667,5.011666666666667,5.614999999999999,8.748333333333333,50.01666666666667,406.5333333333333,236.23333333333335,407.55,234.25,407.18333333333334,235.76666666666665,406.9166666666667,235.38333333333335,4.635,1.1820249999999999,1.3252333333333333,2.0740933333333333,4.581588333333333,9650.55,2.0783333333333336,117.3,5592.416666666667,4.93,3.1566666666666667,0.822635,0.9236836666666667,1.3606233333333335,3.1132899999999997,182.80000000000004,7401.516666666666,0.8374475,0.9485183333333334,1.5647116666666667,3.3497749999999997
2026-01-28 10:00:00+00:00,0.0,5.3924050632911396,0.0,0.0,0.0,0.7000000000000001,0.735,0.6999999999999998,0.66,0.0,6.95,5.1000000000000005,32.800000000000004,1.6500000000000001,2.6,2.25,0.45,6.91,6.31,5.635000000000001,8.775,50.050000000000004,407.15000000000003,236.10000000000002,408.34999999999997,234.75,407.75,236.35,407.8,235.70000000000002,4.46,1.4855849999999997,1.320505,2.0702000000000003,4.878025,9651.55,2.07,117.3,5593.2,4.93,2.99,1.135704,0.9249234999999999,1.3607500000000001,3.4197849999999996,182.80000000000004,7402.3,0.9430445,0.9442284999999999,1.5604250000000002,3.448995
2026-01-28 10:15:00+00:00,0.0,5.487179487179487,0.0,0.0,0.0,0.7000000000000001,0.735,0.6999999999999998,0.655,0.0,4.7,5.3999999999999995,32.75,3.35,3.4,2.3000000000000003,0.45,6.885000000000001,6.27,5.625,8.755,50.0,406.65000000000003,235.75,407.2,234.35000000000002,406.5,236.0,406.45,235.39999999999998,4.69,1.4762200000000003,1.31799,2.067755,4.861115000000001,9652.6,2.07,117.3,5593.900000000001,4.93,3.23,1.127686,0.920763,1.35724,3.40389,182.80000000000004,7402.95,0.937522,0.94186,1.559465,3.43891
2026-01-28 10:30:00+00:00,0.0,5.482758620689655,0.0,0.0,0.0,0.6785714285714286,0.65,0.7,0.6585714285714286,0.0,6.771428571428571,3.757142857142857,37.98571428571428,2.142857142857143,2.157142857142857,2.0285714285714285,0.4,6.25,4.35,5.64,8.76,50.0,407.1,236.2,408.4,234.4,407.8,235.9,407.7,235.6,4.69,1.02739,1.31877,2.06931,4.41731,9653.314285714285,2.07,117.3,5594.357142857143,4.93,3.23,0.666572,0.921979,1.35595,2.94217,182.8,7403.457142857143,0.780913,0.943715,1.56178,3.28557
2026-01-28 10:45:00+00:00,0.0,5.333333333333333,0.0,0.0,0.0,0.7000000000000001,0.735,0.6999999999999998,0.66,0.0,3.75,3.9499999999999997,32.699999999999996,1.3,1.8999999999999997,1.6500000000000001,0.45,6.88,6.25,5.635000000000001,8.764999999999999,50.0,406.5,235.79999999999998,407.8999999999999,234.30000000000004,406.84999999999997,235.9,407.05,235.29999999999998,4.680000000000001,1.474115,1.320865,2.070195,4.863545,9654.6,2.06,117.3,5595.3,4.93,3.225,1.1222275,0.9217270000000001,1.3584100000000001,3.3998950000000003,182.80000000000004,7404.3,0.935318,0.9418915,1.561335,3.43991
2026-01-28 11:00:00+00:00,0.0,5.3924050632911396,0.0,0.0,0.0,0.6900000000000001,0.7066666666666667,0.6999999999999998,0.66,0.0,5.333333333333333,5.8999999999999995,35.06666666666667,0.8833333333333333,1.883333333333333,2.1666666666666665,0.4666666666666666,6.650000000000001,5.59,5.62,8.743333333333334,49.96666666666667,406.09999999999997,235.5,407.40000000000003,233.9333333333333,406.76666666666665,235.53333333333333,406.76666666666665,235.0,4.596666666666667,1.3162633333333333,1.3140816666666666,2.0606716666666665,4.689188333333333,9655.4,2.06,117.3,5595.933333333333,4.93,3.143333333333333,0.9641526666666668,0.9198123333333333,1.3545533333333335,3.2411333333333334,182.80000000000004,7404.883333333334,0.87794,0.9387403333333332,1.5532316666666668,3.3705316666666665
2026-01-28 11:15:00+00:00,0.0,5.481927710843373,0.0,0.0,0.0,0.68,0.6783333333333333,0.6999999999999998,0.66,0.0,6.816666666666667,5.133333333333334,37.61666666666667,1.0,2.1999999999999997,2.283333333333333,0.48333333333333334,6.443333333333334,4.971666666666667,5.628333333333333,8.736666666666666,49.98333333333333,406.34999999999997,235.83333333333334,407.7166666666667,234.13333333333333,407.05,235.66666666666666,407.05,235.23333333333335,4.54,1.1680949999999999,1.314185,2.05816,4.541596666666666,9656.466666666665,2.06,117.3,5596.733333333334,4.93,3.08,0.8182234999999999,0.9209655,1.3555599999999999,3.0929816666666667,182.80000000000004,7405.599999999999,0.8235853333333334,0.9380766666666666,1.550131666666667,3.312913333333333
2026-01-28 11:30:00+00:00,0.0,5.573033707865169,0.0,0.0,0.0,0.67,0.65,0.7,0.66,0.0,7.985714285714286,4.8428571428571425,40.24285714285714,0.9285714285714286,1.7714285714285716,1.9857142857142858,0.5,6.225714285714285,4.335714285714286,5.621428571428572,8.725714285714286,50.0,406.25714285714287,235.8857142857143,407.5571428571429,233.94285714285712,406.9428571428571,235.62857142857143,406.8142857142857,235.18571428571428,4.63,1.017447142857143,1.3115371428571427,2.0541757142857144,4.385334285714285,9657.22857142857,2.06,117.3,5597.3,4.93,3.1699999999999995,0.6670628571428571,0.9218021428571428,1.3552185714285714,2.9401414285714287,182.8,7406.099999999999,0.7701568571428572,0.9354237142857142,1.5465385714285715,3.25292
2026-01-28 11:45:00+00:00,0.0,5.253164556962025,0.0,0.0,0.0,0.67,0.65,0.6999999999999998,0.66,0.0,6.099999999999999,5.3,40.3,1.1,2.0,1.3,0.5,6.22,4.33,5.61,8.72,50.0,405.8,235.6,407.1000000000001,233.6,406.6000000000001,235.4,406.3,234.9,4.63,1.01567,1.31,2.05057,4.37398,9657.8,2.06,117.3,5597.7,4.93,3.17,0.666404,0.9224609999999999,1.35111,2.93469,182.80000000000004,7406.5,0.76951,0.934094,1.54535,3.24912
2026-01-28 12:00:00+00:00,0.0,5.65,0.0,0.0,0.0,0.67,0.65,0.6999999999999998,0.66,0.0,6.099999999999999,5.3,40.3,1.1,2.0,1.3,0.5,6.22,4.33,5.61,8.72,50.0,405.8,235.6,407.1000000000001,233.6,406.6000000000001,235.4,406.3,234.9,4.63,1.01567,1.31,2.05057,4.37398,9657.8,2.06,117.3,5597.7,4.93,3.17,0.666404,0.9224609999999999,1.35111,2.93469,182.80000000000004,7406.5,0.76951,0.934094,1.54535,3.24912
2026-01-28 12:15:00+00:00,0.0,5.346666666666667,0.0,0.0,0.0,0.7000000000000001,0.735,0.6999999999999998,0.655,0.0,6.0,3.15,32.75,1.4500000000000002,3.1500000000000004,3.0500000000000003,0.39999999999999997,6.895,6.31,5.63,8.745,50.0,406.45,235.64999999999998,407.84999999999997,234.25,407.04999999999995,235.79999999999998,407.09999999999997,235.25,4.43,1.483225,1.3163150000000001,2.0605350000000002,4.859565000000001,9660.550000000001,2.07,117.3,5599.599999999999,4.93,2.97,1.1329375,0.921423,1.355455,3.4115450000000003,182.80000000000004,7408.450000000001,0.9408854999999999,0.9407169999999999,1.557055,3.4373799999999997
2026-01-28 12:30:00+00:00,0.0,5.695652173913044,0.0,0.0,0.0,0.6957142857142857,0.7228571428571428,0.7,0.66,0.0,3.1000000000000005,2.7714285714285714,33.728571428571435,2.6285714285714286,1.9714285714285715,1.3142857142857143,0.4571428571428572,6.777142857142857,5.975714285714285,5.62,8.737142857142858,50.0,406.2142857142857,235.55714285714288,407.5571428571429,234.05714285714288,406.9142857142857,235.6142857142857,406.9142857142857,235.12857142857143,4.52,1.403617142857143,1.3129728571428572,2.0584942857142856,4.778128571428572,9661.328571428572,2.0657142857142854,117.3,5600.185714285714,4.93,3.06,1.0555185714285715,0.9183974285714286,1.3551214285714284,3.3278700000000003,182.8,7408.900000000001,0.908902,0.9381120000000001,1.553687142857143,3.3982657142857144
2026-01-28 12:45:00+00:00,0.0,5.313253012048193,0.0,0.0,0.0,0.73,0.82,0.6999999999999998,0.66,0.0,0.6999999999999998,3.7999999999999994,25.100000000000005,4.0,1.8,0.8000000000000002,0.4000000000000001,7.52,8.17,5.62,8.76,50.0,406.5,235.5,407.8999999999999,234.4,407.2,235.9,407.2,235.30000000000004,4.64,1.9187199999999998,1.31503,2.06526,5.30526,9661.9,2.06,117.3,5600.7,4.93,3.18,1.58071,0.918206,1.35855,3.85267,182.80000000000004,7409.3,1.09065,0.94034,1.55891,3.58986
2026-01-28 13:00:00+00:00,0.0,5.454545454545454,0.0,0.0,0.0,0.7299999999999999,0.82,0.7,0.66,0.0,0.7,3.8,25.1,4.0,1.8,0.8,0.4,7.5200000000000005,8.17,5.62,8.76,50.0,406.5,235.5,407.9,234.4,407.2,235.9,407.2,235.3,4.64,1.91872,1.31503,2.06526,5.30526,9661.9,2.06,117.3,5600.7,4.93,3.18,1.58071,0.918206,1.35855,3.85267,182.8,7409.3,1.09065,0.94034,1.5589099999999998,3.5898599999999994
2026-01-28 13:15:00+00:00,0.0,5.454545454545454,0.0,0.0,0.0,0.7299999999999999,0.82,0.7,0.66,0.0,0.7,3.8,25.1,4.0,1.8,0.8,0.4,7.5200000000000005,8.17,5.62,8.76,50.0,406.5,235.5,407.9,234.4,407.2,235.9,407.2,235.3,4.64,1.91872,1.31503,2.06526,5.30526,9661.9,2.06,117.3,5600.7,4.93,3.18,1.58071,0.918206,1.35855,3.85267,182.8,7409.3,1.09065,0.94034,1.5589099999999998,3.5898599999999994
2026-01-28 13:30:00+00:00,0.0,5.302631578947368,0.0,0.0,0.0,0.67,0.65,0.6999999999999998,0.65,0.0,7.099999999999999,6.3,40.0,1.3999999999999997,3.7000000000000006,3.7000000000000006,0.5,6.25,4.36,5.63,8.75,50.0,407.5,236.1,408.7,234.30000000000004,408.2,236.0,408.0,235.80000000000004,4.41,1.031,1.31983,2.06283,4.41075,9665.4,2.07,117.3,5603.2,4.93,2.9500000000000006,0.668626,0.919526,1.35314,2.9366,182.80000000000004,7411.600000000001,0.783051,0.944658,1.55962,3.28524
2026-01-28 13:45:00+00:00,0.0,5.482352941176471,0.0,0.0,0.0,0.67,0.65,0.7,0.65,0.0,7.1,6.3,40.0,1.4,3.7,3.7,0.5,6.25,4.36,5.63,8.75,50.0,407.5,236.1,408.7,234.3,408.2,236.0,408.0,235.8,4.41,1.031,1.31983,2.06283,4.41075,9665.4,2.07,117.3,5603.2,4.93,2.95,0.668626,0.919526,1.35314,2.9366,182.8,7411.6,0.783051,0.9446579999999999,1.55962,3.2852399999999995
2026-01-28 14:00:00+00:00,0.0,5.265625,0.0,0.0,0.0,0.7,0.752,0.694,0.65,0.0,4.46,5.5200000000000005,31.78,1.8800000000000001,3.16,2.68,0.44000000000000006,7.114,6.886,5.648000000000001,8.803999999999998,50.0,408.28000000000003,236.58,409.78000000000003,235.32,408.86,236.84,409.08000000000004,236.34,4.5840000000000005,1.625546,1.326838,2.0817959999999998,5.031054,9666.84,2.0759999999999996,117.3,5604.280000000001,4.93,3.112,1.2623343999999999,0.922343,1.36319,3.5464700000000002,182.8,7412.68,1.0124064000000002,0.9530214000000001,1.577722,3.539658
2026-01-28 14:15:00+00:00,0.0,5.5131578947368425,0.0,0.0,0.0,0.66,0.64,0.69,0.65,0.0,7.3,5.1,40.1,2.0,3.2000000000000006,3.1,0.5,6.3,4.4,5.66,8.83,50.0,410.1000000000001,237.9,411.3,236.19999999999996,410.8,237.69999999999996,410.7,237.30000000000004,4.78,1.04695,1.33851,2.09928,4.48996,9668.3,2.09,117.3,5605.3,4.93,3.2900000000000005,0.6719589999999999,0.927282,1.37314,2.96261,182.80000000000004,7413.7,0.8020200000000001,0.966185,1.5936200000000003,3.36164
2026-01-28 14:30:00+00:00,0.0,5.50561797752809,0.0,0.0,0.0,0.66,0.64,0.6900000000000001,0.65,0.0,7.528571428571429,5.385714285714285,40.15714285714286,1.7714285714285716,2.628571428571429,2.814285714285714,0.5,6.311428571428571,4.411428571428572,5.677142857142857,8.852857142857143,50.0,410.7857142857143,238.29999999999998,411.9857142857143,236.6,411.42857142857144,238.15714285714284,411.38571428571424,237.70000000000002,4.78,1.04907,1.3420185714285715,2.104108571428571,4.495108571428571,9669.214285714286,2.0957142857142856,117.3,5605.928571428572,4.93,3.2842857142857143,0.6723424285714286,0.9269825714285714,1.3744314285714285,2.9672957142857146,182.8,7414.328571428572,0.8045714285714285,0.9686164285714286,1.5985685714285716,3.3708171428571427
2026-01-28 14:45:00+00:00,0.0,5.371794871794871,0.0,0.0,0.0,0.66,0.64,0.69,0.65,0.0,4.8,4.1499999999999995,40.25,0.8000000000000002,1.25,2.1999999999999997,0.45,6.324999999999999,4.430000000000001,5.68,8.875,50.0,410.34999999999997,238.79999999999998,411.59999999999997,236.95000000000002,410.95,238.0,411.79999999999995,237.54999999999998,4.79,1.057825,1.349295,2.12244,4.528515,9670.699999999999,2.105,117.3,5607.0,4.93,3.275,0.6760985,0.9322180000000001,1.3779899999999998,2.98685,182.80000000000004,7415.3,0.8141039999999999,0.9778915,1.61411,3.4042499999999998
2026-01-28 15:00:00+00:00,0.0,5.51063829787234,0.0,0.0,0.0,0.67,0.65,0.7,0.66,0.0,5.271428571428571,3.742857142857143,40.18571428571429,1.4428571428571428,1.7714285714285716,2.457142857142857,0.5,6.224285714285714,4.33,5.618571428571428,8.72857142857143,50.0,406.4857142857143,235.8857142857143,407.7285714285714,234.14285714285714,406.6857142857143,235.7,407.15714285714284,235.24285714285716,4.804285714285713,1.0189214285714285,1.3126171428571427,2.054058571428571,4.3856085714285715,9671.671428571428,2.11,117.3,5607.771428571429,4.93,3.2785714285714285,0.6627514285714285,0.9153881428571429,1.3478171428571428,2.928574285714286,182.8,7416.028571428571,0.7723431428571429,0.9377048571428571,1.5459628571428572,3.2534914285714285
2026-01-28 15:15:00+00:00,0.0,5.493670886075949,0.0,0.0,0.0,0.7083333333333334,0.7633333333333333,0.6999999999999998,0.6566666666666667,0.0,6.433333333333334,6.75,29.966666666666665,5.083333333333333,5.133333333333334,3.1999999999999997,0.4000000000000001,7.09,6.843333333333333,5.645,8.78,50.0,407.3666666666666,236.13333333333333,408.93333333333334,234.83333333333334,408.1333333333334,236.41666666666666,408.2,235.78333333333333,4.765,1.6167216666666666,1.326695,2.081043333333333,5.0226299999999995,9672.833333333334,2.085,117.3,5608.566666666667,4.93,3.275,1.2691626666666667,0.9255486666666667,1.3639433333333333,3.558801666666667,182.80000000000004,7416.849999999999,0.9852620000000001,0.9485986666666667,1.5719649999999998,3.5039683333333334
2026-01-28 15:30:00+00:00,0.0,5.471264367816092,0.0,0.0,0.0,0.7214285714285714,0.82,0.7,0.6585714285714286,0.0,3.5,8.685714285714287,25.12857142857143,1.6714285714285713,2.3428571428571425,2.3285714285714287,0.38571428571428573,7.561428571428571,8.207142857142857,5.65,8.81857142857143,50.0,408.2,236.42857142857142,409.7142857142857,235.37142857142857,408.9428571428572,237.04285714285714,408.88571428571424,236.32857142857142,4.724285714285714,1.9345585714285713,1.3277385714285717,2.0889114285714285,5.34971857142857,9673.642857142857,2.062857142857143,117.3,5609.2,4.93,3.261428571428571,1.588967142857143,0.9241582857142857,1.3648799999999999,3.8705485714285714,182.8,7417.400000000001,1.1029214285714286,0.9509972857142858,1.5804185714285715,3.6332028571428574
2026-01-28 15:45:00+00:00,0.0,5.353658536585366,0.0,0.0,0.0,0.73,0.82,0.6999999999999998,0.65,0.0,4.15,4.65,25.416666666666668,1.5,1.5166666666666666,1.9333333333333333,0.31666666666666665,7.580000000000001,8.28,5.648333333333333,8.81,50.0,407.6333333333334,236.0666666666667,409.23333333333335,235.19999999999996,408.06666666666666,236.71666666666667,408.3,235.9333333333333,4.751666666666666,1.9533333333333334,1.3252383333333333,2.0848566666666666,5.367515,9674.666666666666,2.0816666666666666,117.3,5609.916666666667,4.93,3.27,1.6036866666666667,0.9233373333333333,1.36345,3.8901416666666666,182.80000000000004,7418.116666666666,1.1141083333333333,0.949982,1.5780316666666667,3.64386
2026-01-28 16:00:00+00:00,0.0,5.546666666666667,0.0,0.0,0.0,0.73,0.82,0.6999999999999998,0.65,0.0,1.3999999999999997,5.900000000000001,26.0,1.5,2.1,2.1,0.4000000000000001,7.63,8.43,5.64,8.81,50.0,407.8,236.4,409.3999999999999,235.19999999999996,408.3999999999999,236.80000000000004,408.8,236.1,4.76,1.98785,1.32658,2.08884,5.40374,9675.5,2.09,117.3,5610.5,4.93,3.27,1.6290699999999998,0.923634,1.3632,3.91255,182.80000000000004,7418.7,1.1397,0.950297,1.58054,3.67156
2026-01-28 16:15:00+00:00,0.0,5.5,0.0,0.0,0.0,0.695,0.73,0.6999999999999998,0.65,0.0,3.3000000000000003,5.650000000000001,33.199999999999996,2.0500000000000003,2.0500000000000003,2.35,0.45,6.955000000000001,6.405,5.64,8.82,50.0,408.25,236.79999999999998,409.79999999999995,235.35,409.09999999999997,237.0,409.09999999999997,236.35,4.765,1.513185,1.326165,2.090655,4.9314100000000005,9676.35,2.09,117.3,5611.099999999999,4.93,3.275,1.14736,0.92529,1.3679499999999998,3.4352199999999997,182.80000000000004,7419.2,0.9681455,0.9508209999999999,1.5831600000000001,3.5032149999999995
2026-01-28 16:30:00+00:00,0.0,5.505747126436781,0.0,0.0,0.0,0.6942857142857143,0.7428571428571429,0.7,0.65,0.0,4.3,4.3999999999999995,31.642857142857142,2.2285714285714286,2.357142857142857,2.2285714285714286,0.4428571428571429,6.987142857142857,6.482857142857143,5.634285714285714,8.84142857142857,49.94285714285714,408.2142857142857,236.75714285714284,409.92857142857144,235.3,409.37142857142857,237.2,409.2714285714286,236.42857142857142,4.7700000000000005,1.5320457142857145,1.3252985714285717,2.0981942857142855,4.955040000000001,9677.942857142858,2.09,117.3,5612.228571428571,4.93,3.28,1.1764947142857143,0.9243258571428571,1.3707742857142857,3.473464285714286,182.8,7420.328571428572,0.9651588571428571,0.9527007142857143,1.5911785714285713,3.51001
2026-01-28 16:45:00+00:00,0.0,5.657894736842105,0.0,0.0,0.0,0.6916666666666668,0.73,0.6999999999999998,0.6566666666666667,0.0,4.483333333333333,4.516666666666667,32.85,1.7833333333333332,1.5333333333333332,1.7,0.45,6.8999999999999995,6.253333333333334,5.63,8.821666666666667,49.9,407.5833333333333,236.63333333333333,409.3333333333333,234.98333333333335,408.68333333333334,236.73333333333335,408.48333333333335,236.08333333333334,4.77,1.4728199999999998,1.3218766666666666,2.088438333333333,4.88165,9679.083333333334,2.0966666666666667,117.3,5613.066666666667,4.93,3.28,1.1165631666666667,0.9223418333333333,1.3683433333333335,3.4101033333333333,182.80000000000004,7421.133333333334,0.9436839999999999,0.9463735,1.58007,3.4706283333333334
2026-01-28 17:00:00+00:00,0.0,5.279569892473118,0.0,0.0,0.0,0.67,0.64,0.7,0.66,0.0,2.4,6.9,40.7,1.9,2.7,2.1,0.5,6.25,4.34,5.61,8.8,49.9,406.5,236.2,408.3,234.3,407.8,236.2,407.6,235.5,4.7700000000000005,1.022,1.31476,2.07566,4.41341,9679.7,2.1,117.3,5613.5,4.93,3.28,0.657077,0.922167,1.35914,2.94324,182.8,7421.6,0.7813740000000001,0.936882,1.56757,3.28629
2026-01-28 17:15:00+00:00,0.0,5.376623376623376,0.0,0.0,0.0,0.67,0.64,0.6999999999999998,0.66,0.0,2.4,6.900000000000001,40.7,1.8999999999999997,2.7000000000000006,2.1,0.5,6.25,4.34,5.61,8.8,49.9,406.5,236.19999999999996,408.3,234.30000000000004,407.8,236.19999999999996,407.6000000000001,235.5,4.77,1.022,1.31476,2.07566,4.41341,9679.7,2.1,117.3,5613.5,4.93,3.28,0.657077,0.922167,1.35914,2.94324,182.80000000000004,7421.600000000001,0.781374,0.9368820000000001,1.56757,3.2862899999999997
2026-01-28 17:30:00+00:00,0.0,5.518072289156627,0.0,0.0,0.0,0.67,0.64,0.6999999999999998,0.655,0.0,3.5833333333333335,5.016666666666667,40.733333333333334,2.2666666666666666,2.5833333333333335,2.3333333333333335,0.5333333333333333,6.266666666666666,4.361666666666667,5.618333333333333,8.82,49.98333333333333,407.56666666666666,236.76666666666665,409.3333333333333,234.8166666666667,408.8666666666666,236.78333333333333,408.5,236.1,4.748333333333334,1.0301033333333334,1.3166583333333333,2.0878633333333334,4.434775,9681.95,2.0916666666666663,117.3,5615.133333333334,4.93,3.275,0.6607448333333333,0.9217096666666666,1.3683016666666665,2.9595350000000002,182.80000000000004,7423.033333333333,0.7874071666666667,0.9389043333333333,1.577095,3.3042383333333336
2026-01-28 17:45:00+00:00,0.0,5.2368421052631575,0.0,0.0,0.0,0.67,0.64,0.6999999999999998,0.66,0.0,4.5,5.833333333333333,40.8,1.1333333333333333,2.066666666666667,1.9666666666666668,0.6,6.261666666666667,4.343333333333333,5.611666666666667,8.813333333333334,50.0,407.26666666666665,236.53333333333333,409.05,234.54999999999998,408.65000000000003,236.73333333333332,408.25,235.9333333333333,4.75,1.0280150000000001,1.3163483333333332,2.0868616666666666,4.430476666666666,9683.033333333335,2.09,117.3,5615.900000000001,4.93,3.28,0.6594663333333334,0.9222478333333334,1.3650200000000001,2.9495133333333334,182.80000000000004,7423.833333333333,0.787243,0.9396446666666667,1.5743783333333334,3.299393333333333
2026-01-28 18:00:00+00:00,0.0,5.43956043956044,0.0,0.0,0.0,0.6871428571428572,0.6914285714285714,0.7,0.6557142857142857,0.0,4.3999999999999995,4.857142857142857,36.528571428571425,2.2714285714285714,2.085714285714286,2.6000000000000005,0.5428571428571428,6.63,5.467142857142856,5.612857142857143,8.812857142857144,50.0,407.07142857142856,236.24285714285716,408.88571428571424,234.5142857142857,408.40000000000003,236.58571428571426,408.14285714285717,235.82857142857145,4.75,1.28977,1.315392857142857,2.0870900000000003,4.690784285714286,9684.1,2.087142857142857,117.3,5616.657142857142,4.93,3.28,0.9268361428571428,0.9215204285714285,1.3650542857142856,3.2151714285714283,182.8,7424.4857142857145,0.8809997142857142,0.938744,1.5747014285714285,3.394522857142857
2026-01-28 18:15:00+00:00,0.0,5.376344086021505,0.0,0.0,0.0,0.7299999999999999,0.82,0.7,0.66,0.0,3.0,2.8,25.957142857142856,2.6,2.942857142857143,3.7428571428571433,0.42857142857142855,7.595714285714286,8.34142857142857,5.622857142857143,8.825714285714286,50.0,407.0428571428571,235.95714285714286,409.0428571428571,234.78571428571428,408.5428571428571,236.74285714285716,408.2,235.85714285714286,4.752857142857143,1.960172857142857,1.3157171428571428,2.08908,5.366047142857143,9685.014285714287,2.0828571428571427,117.3,5617.328571428572,4.93,3.282857142857143,1.6088928571428571,0.9238654285714285,1.3676957142857142,3.8998214285714283,182.8,7425.099999999999,1.123727142857143,0.9385552857142857,1.5758285714285714,3.6414885714285714
2026-01-28 18:30:00+00:00,0.0,5.25,0.0,0.0,0.0,0.71,0.7599999999999999,0.6999999999999998,0.66,0.0,3.0,2.8666666666666667,31.26666666666667,1.9666666666666668,3.6,1.7333333333333334,0.5333333333333333,7.2,7.136666666666667,5.63,8.84,50.0,407.6333333333334,236.46666666666667,409.5,235.0,409.43333333333334,237.1,408.8,236.13333333333333,4.76,1.6836533333333332,1.32005,2.09788,5.09991,9686.133333333333,2.09,117.3,5618.166666666667,4.93,3.2900000000000005,1.3140333333333334,0.9226706666666668,1.3746333333333334,3.613323333333333,182.80000000000004,7425.833333333333,1.0345306666666667,0.9415003333333333,1.5826133333333334,3.56054
2026-01-28 18:45:00+00:00,0.0,5.4523809523809526,0.0,0.0,0.0,0.67,0.64,0.6999999999999998,0.66,0.0,6.8500000000000005,5.266666666666667,40.68333333333334,2.183333333333333,3.266666666666667,2.1666666666666665,0.6,6.273333333333333,4.363333333333333,5.623333333333334,8.831666666666667,50.0,408.05,237.08333333333334,409.73333333333335,235.01666666666665,409.43333333333334,237.08333333333334,409.0333333333333,236.41666666666666,4.776666666666666,1.03349,1.3187716666666667,2.09203,4.44085,9687.3,2.09,117.3,5619.016666666666,4.93,3.3066666666666666,0.664343,0.9264255,1.3768833333333335,2.9613366666666665,182.80000000000004,7426.75,0.7918821666666668,0.9423071666666667,1.57718,3.3112383333333333
2026-01-28 19:00:00+00:00,0.0,5.471264367816092,0.0,0.0,0.0,0.6957142857142857,0.7171428571428571,0.7,0.66,0.0,4.814285714285715,4.185714285714286,34.0,1.4000000000000001,1.1428571428571428,2.5285714285714285,0.5571428571428572,6.814285714285715,5.9628571428571435,5.628571428571428,8.847142857142858,50.028571428571425,408.3142857142857,237.08571428571426,410.2142857142857,235.27142857142854,409.7857142857143,237.34285714285716,409.4714285714286,236.58571428571426,4.7942857142857145,1.4106385714285714,1.3246814285714288,2.1018685714285716,4.834542857142857,9688.342857142856,2.09,117.3,5619.8,4.93,3.317142857142857,1.0531885714285714,0.9271977142857144,1.3763528571428572,3.3532014285714284,182.8,7427.442857142857,0.9214522857142857,0.9471522857142858,1.5869414285714285,3.45595
2026-01-28 19:15:00+00:00,0.0,5.336956521739131,0.0,0.0,0.0,0.7128571428571429,0.7942857142857143,0.7,0.6514285714285715,0.0,3.6571428571428575,6.542857142857143,27.599999999999998,1.1857142857142857,0.24285714285714288,0.9142857142857144,0.5142857142857143,7.395714285714286,7.654285714285714,5.648571428571429,8.885714285714286,50.1,409.37142857142857,237.42857142857142,411.3428571428571,236.04285714285714,410.8,238.15714285714284,410.4714285714286,237.18571428571428,4.825714285714286,1.8179814285714286,1.3345114285714286,2.12018,5.266495714285715,9689.314285714285,2.0985714285714288,117.3,5620.457142857143,4.93,3.337142857142857,1.4577795714285713,0.9282095714285715,1.387757142857143,3.7742528571428573,182.8,7428.142857142857,1.0731378571428571,0.9548628571428571,1.60448,3.632415714285714
2026-01-28 19:30:00+00:00,0.0,5.268041237113402,0.0,0.0,0.0,0.6942857142857143,0.7385714285714285,0.7,0.65,0.0,3.585714285714286,5.514285714285714,32.04285714285714,1.342857142857143,1.2714285714285716,1.2857142857142858,0.5428571428571428,7.04,6.575714285714286,5.658571428571428,8.894285714285715,50.05714285714286,409.65714285714284,237.70000000000002,411.6142857142857,236.18571428571428,411.09999999999997,238.24285714285716,410.7142857142857,237.32857142857142,4.8342857142857145,1.5618742857142858,1.334682857142857,2.1228585714285715,5.014985714285714,9690.042857142858,2.1042857142857145,117.3,5620.971428571429,4.93,3.34,1.193512857142857,0.9288894285714286,1.3855914285714286,3.5098885714285717,182.8,7428.628571428571,0.9848494285714285,0.9562012857142858,1.6078542857142857,3.5495071428571427
2026-01-28 19:45:00+00:00,0.0,5.416666666666667,0.0,0.0,0.0,0.66,0.6314285714285715,0.7,0.6514285714285715,0.0,4.957142857142856,4.0285714285714285,40.9,2.2,3.257142857142857,2.2714285714285714,0.6,6.318571428571429,4.408571428571428,5.667142857142857,8.89857142857143,50.0,409.9714285714286,238.1,411.85714285714283,236.27142857142857,411.4714285714286,238.28571428571428,410.9714285714286,237.4857142857143,4.8428571428571425,1.04765,1.3337214285714285,2.1226399999999996,4.500374285714286,9691.114285714286,2.1128571428571425,117.3,5621.757142857144,4.93,3.34,0.6655991428571427,0.9302671428571428,1.3811142857142857,2.979824285714286,182.8,7429.342857142858,0.8060807142857142,0.956815,1.60884,3.3724785714285717
2026-01-28 20:00:00+00:00,0.0,5.395604395604396,0.0,0.0,0.0,0.6957142857142857,0.7685714285714286,0.7,0.6528571428571429,0.0,7.385714285714285,3.7285714285714286,40.82857142857142,2.742857142857143,3.1714285714285713,2.6,0.6,7.188571428571429,7.014285714285714,5.65,8.904285714285715,50.0,409.30000000000007,237.45714285714283,411.3142857142857,236.02857142857144,410.9428571428571,238.05714285714288,410.5142857142857,237.18571428571428,4.852857142857142,1.6644142857142856,1.3347999999999998,2.1216299999999997,5.119127142857143,9692.828571428572,2.1228571428571428,117.3,5622.9857142857145,4.93,3.34,1.3097197142857144,0.9280361428571429,1.3851885714285714,3.622992857142857,182.8,7430.4857142857145,1.0153951428571428,0.9577731428571428,1.60679,3.579534285714286
2026-01-28 20:15:00+00:00,0.0,5.359223300970874,0.0,0.0,0.0,0.71,0.82,0.7,0.65,0.0,6.3,2.1,40.8,2.0,1.8,1.6,0.6,7.54,8.06,5.65,8.91,50.0,409.1,237.2,411.2,236.0,410.8,238.0,410.4,237.1,4.85,1.91244,1.33662,2.12341,5.37125,9693.0,2.12,117.3,5623.1,4.93,3.34,1.56749,0.928581,1.38544,3.88121,182.8,7430.6,1.09994,0.959414,1.60909,3.6692
2026-01-28 20:30:00+00:00,0.0,5.205128205128205,0.0,0.0,0.0,0.7133333333333333,0.8166666666666668,0.6999999999999998,0.65,0.0,5.8,2.1333333333333333,36.166666666666664,2.2666666666666666,1.5666666666666667,1.5,0.5666666666666667,7.613333333333333,8.276666666666667,5.653333333333333,8.916666666666666,50.0,409.3666666666666,237.33333333333334,411.40000000000003,236.13333333333333,411.0,238.13333333333333,410.59999999999997,237.23333333333335,4.85,1.96,1.3361466666666668,2.1238766666666664,5.4193066666666665,9694.0,2.12,117.3,5623.833333333333,4.93,3.3366666666666664,1.6043933333333333,0.9284483333333333,1.3866633333333336,3.920386666666667,182.80000000000004,7431.3,1.1314066666666667,0.9601336666666667,1.6110766666666667,3.7025133333333335
2026-01-28 20:45:00+00:00,0.0,5.538461538461538,0.0,0.0,0.0,0.6857142857142857,0.7128571428571429,0.7,0.65,0.0,6.042857142857143,4.057142857142857,34.77142857142857,2.8428571428571425,1.7,1.6142857142857143,0.5428571428571428,6.941428571428572,6.257142857142858,5.660000000000001,8.92,50.0,410.09999999999997,238.02857142857144,411.9857142857143,236.3857142857143,411.6857142857143,238.4,411.24285714285713,237.58571428571426,4.832857142857143,1.479264285714286,1.33037,2.118665714285714,4.930595714285714,9696.357142857143,2.12,117.3,5625.585714285714,4.93,3.3185714285714285,1.1010494285714285,0.9240238571428572,1.3866242857142856,3.413852857142857,182.8,7432.971428571429,0.9738402857142857,0.9560098571428571,1.6040071428571427,3.5296057142857142
2026-01-28 21:00:00+00:00,0.0,5.545454545454546,0.0,0.0,0.0,0.66,0.64,0.7,0.65,0.0,6.3,5.9,40.6,1.6,1.1,1.1,0.5,6.32,4.41,5.660000000000001,8.89,50.0,410.1,238.2,411.9,236.3,411.6,238.1,411.2,237.5,4.82,1.05179,1.33994,2.12338,4.51018,9697.0,2.12,117.3,5626.1,4.93,3.31,0.668941,0.927869,1.3834700000000002,2.9816,182.8,7433.4,0.808497,0.959792,1.60681,3.37709
2026-01-28 21:15:00+00:00,0.0,5.389473684210526,0.0,0.0,0.0,0.66,0.6371428571428571,0.6971428571428572,0.65,0.0,6.614285714285714,6.585714285714286,40.68571428571429,1.5142857142857145,1.4142857142857144,1.3285714285714287,0.5285714285714286,6.345714285714286,4.435714285714286,5.668571428571428,8.928571428571429,50.0,410.9571428571429,238.75714285714284,412.8,236.81428571428572,412.62857142857143,238.74285714285716,412.14285714285717,238.05714285714288,4.825714285714286,1.0556157142857143,1.3408485714285714,2.13052,4.522462857142857,9697.6,2.125714285714286,117.3,5626.528571428572,4.93,3.31,0.6694437142857143,0.9292790000000001,1.3870328571428572,2.9873542857142854,182.8,7433.8,0.8137552857142857,0.9626905714285714,1.6140785714285715,3.3906585714285713
2026-01-28 21:30:00+00:00,0.0,5.591397849462366,0.0,0.0,0.0,0.66,0.63,0.6900000000000001,0.65,0.0,7.4,8.3,40.9,1.3,2.2,1.9,0.6,6.38,4.47,5.68,8.98,50.0,412.1,239.5,414.0,237.5,414.0,239.6,413.4,238.8,4.839999999999999,1.06518,1.34312,2.14837,4.55317,9699.1,2.14,117.3,5627.6,4.93,3.31,0.670114,0.931159,1.39594,3.0017400000000003,182.8,7434.8,0.826901,0.969937,1.6322500000000002,3.42458
2026-01-28 21:45:00+00:00,0.0,5.654205607476635,0.0,0.0,0.0,0.73,0.82,0.7,0.66,0.0,4.4,7.5,26.4,2.1,0.4,1.3,0.5,7.76,8.61,5.7,9.0,50.1,413.2,239.7,415.2,238.4,414.9,240.3,414.4,239.5,4.88,1.98368,1.29929,2.07396,5.35025,9700.6,2.15,117.3,5628.7,4.93,3.32,1.62682,0.919421,1.37829,3.92167,182.8,7435.9,1.14064,0.932103,1.57195,3.63023
2026-01-28 22:00:00+00:00,0.0,5.388888888888889,0.0,0.0,0.0,0.6785714285714286,0.6657142857142857,0.7,0.66,0.0,6.371428571428572,5.014285714285713,38.91428571428571,1.5857142857142856,2.2857142857142856,1.7285714285714284,0.5857142857142856,6.465714285714285,4.958571428571427,5.614285714285714,8.837142857142856,50.01428571428572,407.62857142857143,236.87142857142857,409.45714285714286,234.79999999999998,409.32857142857137,237.12857142857143,408.82857142857137,236.2428571428571,4.828571428571429,1.1627600000000002,1.3070728571428571,2.0819400000000003,4.5471328571428575,9701.885714285714,2.1242857142857146,117.3,5629.642857142857,4.93,3.3114285714285714,0.796654,0.9223318571428571,1.3747500000000001,3.094484285714286,182.8,7436.757142857142,0.8359317142857143,0.9311147142857144,1.5685214285714284,3.3319871428571433
2026-01-28 22:15:00+00:00,0.0,5.552380952380952,0.0,0.0,0.0,0.6925,0.7075,0.7,0.66,0.0,3.4625,4.825,35.0,1.4000000000000001,2.0,2.0625,0.5625,6.7275,5.765,5.6137500000000005,8.81,50.05,406.9,236.2875,408.6375,234.39999999999998,408.5125,236.5375,408.05,235.7875,4.75,1.359635,1.31317375,2.08428,4.75470375,9703.2625,2.085,117.3,5630.6125,4.93,3.28875,1.003345875,0.92332,1.3745725,3.3018125,182.8,7437.7125,0.9002281249999999,0.9338555000000001,1.5674825,3.40168875
2026-01-28 22:30:00+00:00,0.0,5.5,0.0,0.0,0.0,0.6785714285714286,0.6657142857142857,0.7,0.66,0.0,7.085714285714286,4.814285714285715,38.75714285714286,0.5428571428571428,1.5714285714285714,1.8714285714285714,0.5857142857142856,6.2542857142857144,4.354285714285714,5.612857142857143,8.805714285714286,50.028571428571425,407.0142857142857,236.55714285714288,408.6857142857143,234.4,408.5857142857143,236.58571428571426,408.14285714285717,235.84285714285713,4.741428571428571,1.1749757142857145,1.3130257142857142,2.0834085714285715,4.570595714285714,9704.442857142858,2.08,117.3,5631.385714285714,4.93,3.29,0.6625387142857143,0.9219605714285715,1.3744957142857144,2.961232857142857,182.8,7438.542857142857,0.7869735714285715,0.9345161428571428,1.5685657142857143,3.346961428571429
2026-01-28 22:45:00+00:00,0.0,5.556818181818182,0.0,0.0,0.0,0.6871428571428572,0.6914285714285714,0.7,0.66,0.0,5.028571428571428,4.185714285714286,36.74285714285714,2.3000000000000003,1.1,1.4428571428571428,0.5714285714285714,6.267142857142857,4.36,5.617142857142857,8.82,50.0,407.3142857142857,236.71428571428572,408.9428571428571,234.54285714285714,408.8285714285715,236.7,408.4,235.97142857142856,4.75,1.3236185714285715,1.31596,2.0911342857142854,4.731705714285714,9705.528571428573,2.08,117.3,5632.185714285714,4.93,3.29,0.6618771428571428,0.9213438571428572,1.3726885714285715,2.9563585714285714,182.8,7439.285714285715,0.7897525714285715,0.9382919999999999,1.5752971428571427,3.418065714285714
2026-01-28 23:00:00+00:00,0.0,5.557894736842106,0.0,0.0,0.0,0.6671428571428571,0.64,0.7,0.66,0.0,6.685714285714285,3.757142857142857,40.65714285714286,1.7857142857142858,1.557142857142857,2.0714285714285716,0.6,6.278571428571428,4.371428571428572,5.625714285714286,8.84,50.0,407.9428571428571,237.0,409.65714285714284,234.91428571428574,409.5142857142857,236.9857142857143,408.9714285714286,236.3142857142857,4.755714285714285,1.0358271428571428,1.3204885714285715,2.097114285714286,4.456357142857143,9706.757142857143,2.0914285714285716,117.3,5633.071428571428,4.93,3.2842857142857143,0.6649554285714286,0.9247395714285714,1.3747057142857142,2.961958571428571,182.8,7440.114285714286,0.7949265714285715,0.9433165714285714,1.5804600000000002,3.3190628571428573
2026-01-28 23:15:00+00:00,0.0,5.401869158878505,0.0,0.0,0.0,0.69,0.73,0.7,0.655,0.0,5.15,3.7125,33.0625,0.9375,1.65,2.0875,0.55,6.92125,6.2575,5.63125,8.8675,50.0,408.27500000000003,236.8875,410.0375,235.275,409.8625,237.4375,409.3875,236.5375,4.77375,1.4799975,1.32219125,2.1047975,4.9082662500000005,9707.949999999999,2.1,117.3,5633.9,4.93,3.29,1.1201885,0.924287,1.37939875,3.42079375,182.8,7440.9125,0.951718875,0.947081375,1.5907324999999999,3.49130875
2026-01-28 23:30:00+00:00,0.0,5.449438202247191,0.0,0.0,0.0,0.66,0.64,0.7,0.6557142857142857,0.0,5.457142857142857,5.828571428571428,40.65714285714286,1.4142857142857144,1.1,1.385714285714286,0.6,6.298571428571428,4.392857142857143,5.634285714285714,8.862857142857143,50.0,408.7,237.29999999999998,410.3142857142857,235.4,410.11428571428576,237.5,409.61428571428576,236.74285714285716,4.784285714285715,1.0420142857142858,1.3256457142857143,2.102457142857143,4.470034285714286,9708.871428571429,2.1042857142857145,117.3,5634.585714285714,4.93,3.29,0.6680632857142857,0.9243774285714286,1.3779571428571429,2.9675771428571425,182.8,7441.585714285714,0.7999062857142858,0.9491284285714287,1.58885,3.3395114285714285
2026-01-28 23:45:00+00:00,0.0,5.549019607843137,0.0,0.0,0.0,0.6675,0.6625,0.69875,0.65,0.0,5.25,3.4375,38.675000000000004,1.4,0.9624999999999999,0.65,0.5125,6.4750000000000005,4.876250000000001,5.65,8.8925,50.0,409.5125,237.71249999999998,411.125,235.88750000000002,411.0625,237.9625,410.5125,237.25,4.7925,1.16034625,1.332605,2.11888125,4.61047625,9710.237500000001,2.11125,117.3,5635.55,4.93,3.29125,0.783870625,0.927614625,1.37795,3.0915075,182.8,7442.45,0.846573,0.9578395,1.60585625,3.41101375
2026-01-29 00:00:00+00:00,0.0,5.381443298969073,0.0,0.0,0.0,0.6942857142857143,0.7428571428571429,0.6900000000000001,0.65,0.0,5.285714285714286,3.7,31.814285714285717,1.2571428571428573,1.9142857142857144,1.4142857142857144,0.5428571428571428,7.038571428571429,6.5442857142857145,5.658571428571428,8.915714285714285,50.042857142857144,410.2714285714286,238.07142857142858,411.95714285714286,236.42857142857142,411.9428571428571,238.42857142857142,411.32857142857137,237.65714285714284,4.815714285714286,1.5564671428571428,1.3361414285714286,2.127287142857143,5.018692857142858,9711.614285714286,2.12,117.3,5636.585714285714,4.93,3.3,1.1917141428571427,0.9297880000000001,1.3879957142857144,3.505911428571429,182.8,7443.4571428571435,0.9851614285714285,0.9627081428571429,1.6129971428571428,3.5612371428571428
2026-01-29 00:15:00+00:00,0.0,5.264150943396227,0.0,0.0,0.0,0.72,0.82,0.69,0.65,0.0,3.75,4.7,25.35,1.075,1.6,1.775,0.5,7.58,8.16,5.6525,8.9225,50.0,409.875,237.65,411.775,236.35000000000002,411.375,238.35000000000002,411.0,237.45,4.8225,1.9361925,1.336845,2.1264399999999997,5.3964775000000005,9712.574999999999,2.12,117.3,5637.275000000001,4.93,3.3,1.5833175,0.927774,1.38242,3.8929825,182.8,7444.275000000001,1.1167025,0.9642565,1.6144975000000001,3.6943
2026-01-29 00:30:00+00:00,0.0,5.3,0.0,0.0,0.0,0.6685714285714285,0.6657142857142857,0.6900000000000001,0.65,0.0,5.314285714285715,4.228571428571429,38.357142857142854,1.7285714285714284,2.8857142857142857,1.7,0.5857142857142856,6.512857142857143,4.975714285714285,5.660000000000001,8.895714285714286,50.0,410.1,238.22857142857146,411.74285714285713,236.2428571428571,411.34285714285716,238.15714285714284,411.04285714285714,237.6,4.83,1.1827414285714286,1.338017142857143,2.1215585714285714,4.641532857142857,9713.742857142857,2.12,117.3,5638.142857142857,4.93,3.3,0.803604,0.9263237142857143,1.3797242857142857,3.100304285714286,182.8,7445.057142857143,0.8565062857142857,0.9631694285714286,1.6078128571428572,3.429687142857143
2026-01-29 00:45:00+00:00,0.0,5.166666666666667,0.0,0.0,0.0,0.66,0.64,0.6900000000000001,0.65,0.0,5.7,3.8,40.5,1.8,3.0,1.7,0.6,6.33,4.43,5.660000000000001,8.89,50.0,410.1,238.3,411.7,236.2,411.3,238.1,411.0,237.6,4.83,1.05367,1.33782,2.12035,4.5111,9713.8,2.12,117.3,5638.2,4.93,3.3,0.670848,0.926213,1.37938,2.96588,182.8,7445.1,0.810929,0.962852,1.60624,3.38275
2026-01-29 01:00:00+00:00,0.0,5.630434782608695,0.0,0.0,0.0,0.66,0.6342857142857143,0.6900000000000001,0.65,0.0,6.728571428571429,3.6285714285714286,40.614285714285714,2.3714285714285714,3.057142857142857,2.442857142857143,0.6,6.347142857142857,4.447142857142857,5.671428571428572,8.930000000000001,50.0,411.07142857142856,238.70000000000002,412.61428571428576,236.65714285714284,412.09999999999997,238.67142857142858,411.9714285714286,238.1142857142857,4.835714285714286,1.0609214285714286,1.3358771428571428,2.125127142857143,4.517568571428572,9715.285714285714,2.1257142857142854,117.3,5639.228571428571,4.93,3.3057142857142856,0.6717582857142856,0.9273987142857143,1.3855400000000002,2.9830342857142855,182.8,7446.0142857142855,0.8191215714285714,0.969116,1.6164342857142857,3.4047157142857145
2026-01-29 01:15:00+00:00,0.0,5.32258064516129,0.0,0.0,0.0,0.66,0.63,0.6900000000000001,0.65,0.0,7.214285714285714,4.642857142857143,40.55714285714286,3.871428571428571,2.6714285714285713,2.142857142857143,0.5285714285714286,6.352857142857142,4.452857142857143,5.687142857142858,8.938571428571429,50.0,411.87142857142857,239.14285714285714,413.37142857142857,237.14285714285714,413.0571428571429,239.1,412.7,238.5,4.847142857142857,1.0633742857142856,1.3438985714285714,2.1341742857142854,4.539534285714286,9717.185714285715,2.13,117.3,5640.571428571428,4.93,3.31,0.6706145714285715,0.9308629999999999,1.3895742857142857,2.9910428571428573,182.8,7447.199999999999,0.8224060000000001,0.9737697142857142,1.62348,3.419125714285714
2026-01-29 01:30:00+00:00,0.0,5.444444444444445,0.0,0.0,0.0,0.6771428571428572,0.6814285714285715,0.6900000000000001,0.65,0.0,5.8999999999999995,4.5285714285714285,36.385714285714286,3.3857142857142857,2.2142857142857144,1.885714285714286,0.4714285714285714,6.738571428571428,5.5928571428571425,5.692857142857143,8.941428571428572,50.0,411.9,239.05714285714285,413.4857142857142,237.3142857142857,413.14285714285717,239.18571428571428,412.7571428571428,238.52857142857144,4.867142857142857,1.3325342857142854,1.3477557142857144,2.1398571428571427,4.819845714285714,9717.957142857142,2.132857142857143,117.3,5641.114285714286,4.93,3.3214285714285716,0.9459914285714286,0.9314798571428572,1.38994,3.2665742857142854,182.8,7447.714285714285,0.9205985714285715,0.9746022857142858,1.6275457142857144,3.5224571428571427
2026-01-29 01:45:00+00:00,0.0,5.362745098039215,0.0,0.0,0.0,0.69,0.72,0.69,0.65,0.0,5.2125,3.2375,31.7375,1.9749999999999999,1.6875,2.15,0.475,7.06375,6.5287500000000005,5.705,8.96625,50.0,412.4,239.25,414.0,237.7125,413.7,239.63750000000002,413.3875,238.8625,4.91,1.55757875,1.35272125,2.1500375,5.0596725,9719.862500000001,2.14,117.3,5642.537499999999,4.93,3.3512500000000003,1.1698967500000002,0.932037125,1.39509375,3.49701625,182.8,7449.0125,1.009338375,0.98002175,1.638005,3.625665
2026-01-29 02:00:00+00:00,0.0,5.323529411764706,0.0,0.0,0.0,0.6625000000000001,0.635,0.6924999999999999,0.6525000000000001,0.0,7.575,1.35,40.5,2.9749999999999996,2.9,1.925,0.5,6.3475,4.4475,5.6850000000000005,8.9225,50.0,411.625,238.95000000000002,413.02500000000003,237.05,412.84999999999997,238.925,412.52500000000003,238.29999999999998,4.9075,1.0635000000000001,1.34719,2.131655,4.540455,9720.95,2.1425,117.3,5643.3,4.93,3.3575,0.6739664999999999,0.931044,1.3876925,2.9897725,182.8,7449.775000000001,0.82165025,0.9734112500000001,1.620345,3.4131225
2026-01-29 02:15:00+00:00,0.0,5.430232558139535,0.0,0.0,0.0,0.67,0.65,0.7,0.66,0.0,6.9,1.5,40.5,2.0,2.3,2.3,0.5,6.25,4.35,5.61,8.78,50.0,406.9,236.4,408.3,234.5,408.2,236.3,407.8,235.6,4.87,1.02255,1.31275,2.06729,4.40364,9721.7,2.12,117.3,5643.9,4.93,3.35,0.661563,0.920889,1.3649,2.94982,182.8,7450.3,0.780305,0.9355400000000001,1.5569399999999998,3.27189
2026-01-29 02:30:00+00:00,0.0,5.407407407407407,0.0,0.0,0.0,0.7,0.735,0.7,0.66,0.0,3.6,5.2,33.05,1.95,2.4000000000000004,1.6,0.5,6.890000000000001,6.285,5.61,8.774999999999999,50.0,406.4,235.75,407.9,234.2,407.55,236.05,407.29999999999995,235.35000000000002,4.74,1.47836,1.3121749999999999,2.0715700000000004,4.864265,9723.400000000001,2.07,117.3,5645.1,4.93,3.29,1.1288415,0.9232255,1.363905,3.41358,182.8,7451.5,0.9396475,0.93335,1.5576750000000001,3.4313849999999997
2026-01-29 02:45:00+00:00,0.0,5.448979591836735,0.0,0.0,0.0,0.73,0.82,0.7,0.66,0.0,2.5,5.7,25.5,2.5,2.7,1.4,0.4,7.55,8.24,5.61,8.79,50.0,406.5,235.6,408.2,234.4,407.6,236.2,407.4,235.4,4.74,1.93893,1.31596,2.07805,5.33562,9723.6,2.07,117.3,5645.3,4.93,3.29,1.59568,0.924892,1.36811,3.88922,182.8,7451.7,1.10576,0.938538,1.56363,3.60973
2026-01-29 03:00:00+00:00,0.0,5.166666666666667,0.0,0.0,0.0,0.73,0.82,0.6999999999999998,0.66,0.0,2.5,5.7,25.5,2.5,2.7000000000000006,1.3999999999999997,0.4000000000000001,7.55,8.24,5.61,8.79,50.0,406.5,235.6,408.2,234.4,407.6000000000001,236.19999999999996,407.3999999999999,235.4,4.74,1.93893,1.31596,2.07805,5.33562,9723.6,2.07,117.3,5645.3,4.93,3.2900000000000005,1.59568,0.9248920000000002,1.36811,3.88922,182.80000000000004,7451.7,1.10576,0.938538,1.56363,3.6097300000000003
2026-01-29 03:15:00+00:00,0.0,5.527472527472527,0.0,0.0,0.0,0.67,0.6414285714285715,0.7,0.66,0.0,6.299999999999999,3.3714285714285714,40.41428571428571,0.9142857142857144,1.8857142857142857,1.1,0.6,6.24,4.348571428571428,5.608571428571429,8.77,50.0,406.65714285714284,236.07142857142858,408.14285714285717,234.08571428571426,408.02857142857147,236.0,407.7142857142857,235.47142857142856,4.757142857142857,1.0271985714285716,1.3106614285714286,2.070722857142857,4.361721428571428,9726.842857142858,2.07,117.3,5647.585714285714,4.93,3.2985714285714285,0.6634577142857143,0.9201845714285714,1.3653585714285714,2.949637142857143,182.8,7453.885714285714,0.7834044285714287,0.9360368571428571,1.560372857142857,3.2771628571428573
2026-01-29 03:30:00+00:00,0.0,5.366071428571429,0.0,0.0,0.0,0.7166666666666667,0.7822222222222223,0.7,0.66,0.0,3.922222222222222,3.377777777777778,28.755555555555556,1.9666666666666666,0.5555555555555556,1.6444444444444446,0.4444444444444444,7.235555555555556,7.326666666666666,5.6,8.77,50.0,405.6222222222222,235.20000000000002,407.17777777777775,233.76666666666668,406.7444444444444,235.68888888888887,406.5,234.91111111111115,4.74,1.7202166666666665,1.3093,2.068166666666667,5.095756666666667,9728.08888888889,2.07,117.30000000000001,5648.411111111111,4.93,3.29,1.3751515555555553,0.9170157777777779,1.357798888888889,3.65091,182.8,7454.711111111111,1.0243546666666665,0.9336166666666667,1.5595844444444442,3.5165155555555554
2026-01-29 03:45:00+00:00,0.0,5.425287356321839,0.0,0.0,0.0,0.6957142857142857,0.7228571428571428,0.7014285714285714,0.66,0.0,4.771428571428571,6.014285714285714,34.31428571428571,2.257142857142857,2.8000000000000003,2.257142857142857,0.4714285714285714,6.791428571428571,6.041428571428571,5.588571428571428,8.73857142857143,49.957142857142856,404.85714285714283,234.8714285714286,406.4142857142857,233.31428571428572,405.9857142857143,235.15714285714284,405.7142857142857,234.45714285714283,4.732857142857142,1.4145542857142857,1.3018628571428572,2.052227142857143,4.767608571428572,9729.57142857143,2.064285714285714,117.3,5649.4857142857145,4.93,3.2885714285714287,1.0642364285714285,0.9161965714285714,1.3572971428571428,3.3333857142857144,182.8,7455.771428571429,0.9152492857142857,0.9240090000000001,1.5398957142857144,3.378387142857143
2026-01-29 04:00:00+00:00,0.0,5.46,0.0,0.0,0.0,0.67,0.65,0.71,0.66,0.0,5.5,3.7750000000000004,40.6625,1.8875,1.75,1.7,0.6,6.18875,4.29875,5.5725,8.715,49.9625,404.225,234.7,405.75,232.7625,405.45,234.7875,405.0875,234.0875,4.70875,1.00751375,1.29686625,2.04597,4.34807625,9730.6375,2.05625,117.3,5650.225,4.93,3.27625,0.65509075,0.915467625,1.35525875,2.9292937500000003,182.8,7456.5,0.7632559999999999,0.9172233750000001,1.5340875,3.2149675
2026-01-29 04:15:00+00:00,0.0,5.527472527472527,0.0,0.0,0.0,0.67,0.65,0.71,0.66,0.0,6.5,1.9,40.6,1.7,2.5,2.2,0.6,6.17,4.28,5.56,8.69,49.9,403.1,234.2,404.5,232.2,404.2,234.1,403.9,233.4,4.69,1.00037,1.29041,2.03757,4.32852,9731.2,2.05,117.3,5650.6,4.93,3.27,0.651187,0.912022,1.35054,2.9197,182.8,7457.0,0.756536,0.911289,1.5238,3.19473
2026-01-29 04:30:00+00:00,0.0,5.515789473684211,0.0,0.0,0.0,0.6757142857142858,0.6557142857142857,0.71,0.6657142857142857,0.0,8.157142857142857,4.985714285714286,40.714285714285715,1.6428571428571428,2.9,2.942857142857143,0.6,6.158571428571428,4.2628571428571425,5.554285714285713,8.667142857142858,49.9,402.4142857142857,233.79999999999998,403.64285714285717,231.79999999999998,403.2285714285714,233.70000000000002,403.09999999999997,233.05714285714288,4.655714285714287,0.9919745714285714,1.2821185714285714,2.0225414285714285,4.296068571428571,9732.285714285714,2.0385714285714287,117.3,5651.400000000001,4.93,3.2471428571428573,0.6486235714285714,0.910536857142857,1.3473914285714286,2.913391428571429,182.8,7457.742857142856,0.7481274285714286,0.9034192857142858,1.509777142857143,3.162341428571428
2026-01-29 04:45:00+00:00,0.0,5.4411764705882355,0.0,0.0,0.0,0.68,0.66,0.71,0.6625000000000001,0.0,8.950000000000001,4.075,40.725,2.35,2.525,2.0,0.6,6.135,4.235,5.5425,8.6275,49.975,401.15,232.89999999999998,402.54999999999995,231.05,402.125,232.95000000000002,401.9,232.275,4.6075,0.9830215,1.2760575,2.0079775,4.272615,9733.85,2.0149999999999997,117.3,5652.525,4.93,3.23,0.6473932499999999,0.91035075,1.3403125,2.893945,182.8,7458.825,0.739652,0.894169,1.4962225,3.13049
2026-01-29 05:00:00+00:00,0.0,5.4375,0.0,0.0,0.0,0.716,0.764,0.712,0.668,0.0,6.62,6.840000000000001,31.02,3.28,2.78,2.3,0.48,6.858,6.434,5.536,8.596,50.0,400.06,232.01999999999998,401.58,230.52000000000004,401.08000000000004,232.44,400.82,231.64000000000001,4.601999999999999,1.4900096,1.27432,1.9981540000000002,4.762274,9734.98,2.008,117.3,5653.32,4.93,3.2340000000000004,1.1721848,0.9111674000000001,1.333302,3.4179079999999997,182.8,7459.62,0.9065568,0.8917781999999999,1.486068,3.284344
2026-01-29 05:15:00+00:00,0.0,5.47887323943662,0.0,0.0,0.0,0.71,0.76,0.708,0.664,0.0,4.5,5.7,31.359999999999996,2.34,0.8,1.8399999999999999,0.48,6.944,6.609999999999999,5.568,8.65,50.0,402.46000000000004,233.56,403.88,231.76,403.4,233.64000000000001,403.3,232.98000000000002,4.61,1.5435728000000002,1.2880759999999998,2.020976,4.8486,9735.86,2.0,117.3,5653.9400000000005,4.93,3.25,1.212734,0.9134981999999999,1.341754,3.4707299999999996,182.8,7460.24,0.944206,0.9093308,1.50989,3.362742
2026-01-29 05:30:00+00:00,0.0,5.269230769230769,0.0,0.0,0.0,0.67,0.66,0.71,0.66,0.0,5.625,3.475,36.725,2.0,1.3499999999999999,2.175,0.55,6.19,4.3,5.59,8.7,50.0,404.6,235.0,405.7,233.0,405.4,234.8,405.2,234.2,4.5875,1.0058,1.29676,2.03673,4.34231,9736.5,2.01,117.3,5654.4,4.93,3.22,0.659634,0.91699,1.34769,2.92633,182.8,7460.7,0.760371,0.91961,1.5289,3.2064
2026-01-29 05:45:00+00:00,0.0,5.328947368421052,0.0,0.0,0.0,0.6750000000000002,0.66,0.71,0.66,0.0,6.3999999999999995,2.75,40.449999999999996,1.8499999999999999,2.0,2.6,0.5499999999999999,6.18,4.284999999999999,5.580000000000001,8.674999999999999,50.050000000000004,404.0,234.70000000000002,405.15000000000003,232.6,404.84999999999997,234.30000000000004,404.7,233.85,4.615,1.00318,1.295415,2.03126,4.33408,9737.050000000001,2.02,117.3,5654.799999999999,4.93,3.235,0.65976,0.917074,1.347145,2.924555,182.80000000000004,7461.099999999999,0.7569020000000001,0.917514,1.5213849999999998,3.19369
2026-01-29 06:00:00+00:00,0.0,5.387096774193548,0.0,0.0,0.0,0.68,0.66,0.71,0.6657142857142857,0.0,7.8,6.214285714285714,40.4,2.6285714285714286,2.3714285714285714,2.757142857142857,0.5571428571428572,6.158571428571428,4.258571428571428,5.564285714285715,8.63857142857143,50.042857142857144,402.59999999999997,233.77142857142857,403.85714285714283,231.74285714285716,403.5,233.51428571428573,403.40000000000003,233.04285714285714,4.65,0.9931342857142856,1.28783,2.01435,4.299192857142858,9738.171428571428,2.03,117.3,5655.599999999999,4.93,3.25,0.656951142857143,0.9154688571428571,1.34412,2.917608571428571,182.8,7461.900000000001,0.7464981428571429,0.9081237142857143,1.5041328571428572,3.1571685714285715
2026-01-29 06:15:00+00:00,0.0,5.423913043478261,0.0,0.0,0.0,0.68,0.66,0.71,0.67,0.0,6.7,2.9,40.4,2.8,2.8,3.0,0.6,6.14,4.25,5.56,8.61,50.0,401.6,233.2,402.8,231.2,402.6,233.0,402.3,232.5,4.61,0.98658,1.28177,2.00104,4.27169,9739.0,2.02,117.3,5656.3,4.93,3.23,0.654121,0.911414,1.3375,2.90354,182.8,7462.5,0.73895,0.900955,1.4915,3.12912
2026-01-29 06:30:00+00:00,0.0,5.292134831460674,0.0,0.0,0.0,0.7071428571428572,0.7514285714285714,0.7042857142857143,0.6685714285714287,0.0,6.028571428571428,3.457142857142857,31.714285714285715,2.657142857142857,2.4,2.1714285714285713,0.5285714285714286,6.917142857142857,6.484285714285714,5.5857142857142845,8.687142857142858,50.0,403.35714285714283,233.97142857142856,404.7285714285714,232.37142857142857,404.4142857142857,234.17142857142858,404.1857142857143,233.5,4.605714285714286,1.5087042857142856,1.2854942857142857,2.0231657142857142,4.817218571428571,9740.214285714286,2.0114285714285716,117.3,5657.128571428571,4.93,3.225714285714286,1.1788167142857142,0.9131841428571429,1.3481471428571428,3.439387142857143,182.8,7463.314285714287,0.93435,0.9102852857142858,1.5134528571428572,3.3552242857142858
2026-01-29 06:45:00+00:00,0.0,5.492063492063492,0.0,0.0,0.0,0.682,0.688,0.706,0.66,0.0,3.7399999999999998,2.94,37.44,1.98,1.8,1.52,0.48,6.456,5.104,5.582,8.68,50.0,403.98,234.44,405.24,232.64000000000001,404.88,234.35999999999999,404.66,233.82,4.593999999999999,1.194024,1.298282,2.0370999999999997,4.527362,9752.539999999999,2.04,117.3,5665.9,4.93,3.168,0.8469758000000001,0.913632,1.346898,3.107596,182.8,7471.74,0.8285904000000001,0.9209974000000001,1.526884,3.275278
2026-01-29 07:00:00+00:00,0.0,5.288659793814433,0.0,0.0,0.0,0.7042857142857143,0.7528571428571428,0.7,0.66,0.0,4.614285714285714,5.457142857142857,31.342857142857145,1.7142857142857142,2.2714285714285714,2.042857142857143,0.42857142857142855,6.917142857142857,6.435714285714285,5.604285714285715,8.7,50.0,404.9714285714286,234.87142857142857,406.35714285714283,233.47142857142856,405.6714285714285,234.92857142857142,405.61428571428576,234.40000000000003,4.557142857142857,1.5068242857142857,1.30471,2.0442085714285714,4.855817142857143,9770.42857142857,2.0414285714285714,117.3,5678.671428571428,4.93,3.1257142857142854,1.1707652857142856,0.9175917142857143,1.34643,3.432617142857143,182.8,7484.128571428571,0.932733,0.9296049999999999,1.5382571428571428,3.399781428571429
2026-01-29 07:15:00+00:00,0.0,5.376344086021505,0.0,0.0,0.0,0.6871428571428572,0.7014285714285714,0.7,0.66,0.0,6.471428571428572,5.542857142857143,35.77142857142857,2.542857142857143,2.2714285714285714,1.4714285714285715,0.4,6.574285714285714,5.3757142857142854,5.61,8.72,49.971428571428575,405.34285714285716,235.12857142857143,406.69999999999993,233.6142857142857,406.12857142857143,235.1,406.1,234.65714285714287,4.660000000000001,1.2610471428571428,1.30627,2.0472057142857145,4.614028571428571,9771.257142857143,2.05,117.3,5679.300000000001,4.93,3.22,0.9158721428571429,0.9185319999999999,1.3468699999999998,3.179474285714286,182.8,7484.7,0.8516907142857143,0.9315578571428571,1.5412599999999999,3.3247500000000003
2026-01-29 07:30:00+00:00,0.0,5.482352941176471,0.0,0.0,0.0,0.6785714285714286,0.6757142857142858,0.7,0.66,0.0,7.1000000000000005,4.642857142857143,38.07142857142857,1.657142857142857,1.7142857142857142,1.7428571428571427,0.4857142857142857,6.380000000000001,4.8428571428571425,5.605714285714286,8.698571428571428,49.98571428571428,405.2142857142857,235.25714285714284,406.54285714285714,233.44285714285712,406.0,235.0142857142857,405.9428571428571,234.6,4.634285714285714,1.1385914285714287,1.3070657142857143,2.0471485714285715,4.48992,9772.542857142858,2.05,117.3,5680.314285714286,4.93,3.2028571428571433,0.7892968571428571,0.915894,1.34451,3.054921428571429,182.8,7485.585714285714,0.8087812857142858,0.9308332857142857,1.53851,3.2778114285714284
2026-01-29 07:45:00+00:00,0.0,5.4392523364485985,0.0,0.0,0.0,0.67,0.655,0.7,0.66,0.0,8.15,6.1,40.25,1.4,1.75,2.25,0.5,6.2,4.3100000000000005,5.605,8.684999999999999,50.0,405.15,235.35,406.45000000000005,233.35,406.05,234.85,405.9,234.55,4.525,1.01258,1.30316,2.04014,4.35503,9773.4,2.045,117.3,5680.950000000001,4.93,3.09,0.6619925,0.9163505,1.34444,2.929685,182.8,7486.200000000001,0.7645215000000001,0.9285604999999999,1.532975,3.2258899999999997
2026-01-29 08:00:00+00:00,0.0,5.435897435897436,0.0,0.0,0.0,0.67,0.66,0.6999999999999998,0.66,0.0,7.2,5.400000000000001,40.2,1.3,2.3,2.6,0.5,6.21,4.32,5.61,8.69,50.0,405.5,235.6,406.8,233.5,406.5,235.0,406.3,234.69999999999996,4.42,1.01425,1.30168,2.03906,4.35771,9773.9,2.04,117.3,5681.3,4.93,2.98,0.664204,0.9184990000000001,1.34683,2.9341500000000003,182.80000000000004,7486.600000000001,0.7658,0.928854,1.5332800000000002,3.22632
2026-01-29 08:15:00+00:00,0.0,5.345679012345679,0.0,0.0,0.0,0.6783333333333333,0.6883333333333334,0.6999999999999998,0.66,0.0,7.116666666666667,5.200000000000001,40.18333333333334,1.6000000000000003,2.3833333333333333,2.516666666666667,0.5,6.415,4.933333333333334,5.61,8.693333333333333,50.0,405.45,235.48333333333335,406.8,233.53333333333333,406.3833333333334,235.01666666666665,406.25,234.66666666666666,4.456666666666666,1.1571066666666667,1.3023049999999998,2.039375,4.5004599999999995,9774.316666666666,2.0416666666666665,117.3,5681.583333333333,4.93,3.018333333333333,0.8115083333333333,0.917933,1.3465083333333334,3.0801199999999995,182.80000000000004,7486.883333333334,0.8139716666666666,0.9295771666666667,1.534695,3.2757733333333334
2026-01-29 08:30:00+00:00,0.0,5.559139784946237,0.0,0.0,0.0,0.7228571428571428,0.83,0.7,0.66,0.0,5.928571428571429,5.485714285714286,35.81428571428572,2.9,2.514285714285714,1.8714285714285717,0.4714285714285714,7.454285714285715,8.037142857142857,5.61,8.712857142857144,50.0,405.1714285714285,234.8714285714286,406.7714285714286,233.67142857142855,405.8285714285715,235.15714285714284,405.9714285714286,234.52857142857144,4.654285714285714,1.8812842857142857,1.30651,2.043884285714286,5.228601428571428,9776.685714285715,2.0471428571428567,117.3,5683.2,4.93,3.224285714285714,1.5543614285714287,0.9159055714285714,1.3479914285714287,3.817395714285714,182.8,7488.5,1.0618185714285713,0.933151,1.5436014285714286,3.53564
2026-01-29 08:45:00+00:00,0.0,5.58252427184466,0.0,0.0,0.0,0.73,0.8262499999999999,0.7,0.65625,0.0,4.825,5.5625,25.325,2.3625,2.325,1.7125,0.3625,7.52375,8.20875,5.6175,8.735,49.9625,405.55,235.025,407.15,233.9,406.35,235.4875,406.35,234.825,4.69,1.92586875,1.31311375,2.0576175,5.29746,9777.8125,2.04375,117.3,5684.0,4.93,3.2562499999999996,1.58516375,0.91828925,1.3537625,3.85124125,182.8,7489.2625,1.0935175,0.937015375,1.55362125,3.58864625
2026-01-29 09:00:00+00:00,0.0,5.328947368421052,0.0,0.0,0.0,0.7000000000000001,0.735,0.6999999999999998,0.66,0.0,6.7,5.571428571428571,33.25,2.15,3.3000000000000003,2.65,0.45,6.95,6.46,5.635000000000001,8.764999999999999,50.0,407.25,236.15,408.70000000000005,234.64999999999998,408.05,236.19999999999996,408.09999999999997,235.69999999999996,4.69,1.518555,1.313735,2.062925,4.90313,9779.1,2.06,117.3,5685.0,4.93,3.24,1.162942,0.9159315,1.3549750000000003,3.429585,182.80000000000004,7490.2,0.9662815,0.9400780000000001,1.555275,3.459725
2026-01-29 09:15:00+00:00,0.0,5.34065934065934,0.0,0.0,0.0,0.7299999999999999,0.82,0.7,0.66,0.0,5.1,4.5,26.3,1.2,3.0,2.8,0.4,7.660000000000001,8.57,5.64,8.77,50.0,407.2,235.9,408.8,234.7,408.1,236.2,408.2,235.7,4.69,2.01764,1.32273,2.07327,5.40885,9779.3,2.06,117.3,5685.2,4.93,3.2399999999999998,1.66166,0.920637,1.35643,3.92829,182.8,7490.4,1.1558,0.948284,1.56746,3.67127
2026-01-29 09:30:00+00:00,0.0,5.51685393258427,0.0,0.0,0.0,0.6842857142857143,0.677142857142857,0.6942857142857142,0.6542857142857142,0.0,6.928571428571429,3.4714285714285715,35.44285714285714,1.5999999999999999,2.6,2.8,0.4571428571428572,6.825714285714286,6.021428571428572,5.6571428571428575,8.804285714285713,50.0,408.9714285714286,237.21428571428572,410.40000000000003,235.67142857142858,409.81428571428575,237.17142857142858,409.8,236.72857142857143,4.7128571428571435,1.4210245714285714,1.3291985714285715,2.086407142857143,4.8338785714285715,9780.5,2.077142857142857,117.3,5686.057142857143,4.93,3.2228571428571433,1.0326594285714286,0.9244461428571429,1.36339,3.319472857142857,182.8,7491.142857142857,0.9518314285714286,0.9573748571428571,1.5808657142857143,3.488064285714285
2026-01-29 09:45:00+00:00,0.0,5.428571428571429,0.0,0.0,0.0,0.6428571428571429,0.57,0.6900000000000001,0.65,0.0,7.585714285714286,4.7,42.15714285714286,2.9714285714285715,2.585714285714286,2.4428571428571426,0.5,6.228571428571429,4.131428571428571,5.691428571428572,8.858571428571429,50.0,411.22857142857146,238.77142857142857,412.5285714285714,236.9,411.88571428571424,238.4,411.92857142857144,238.0,4.7299999999999995,0.9844922857142857,1.345457142857143,2.1094242857142858,4.438435714285714,9782.114285714286,2.104285714285714,117.3,5687.199999999999,4.93,3.1814285714285715,0.5643825714285715,0.9305065714285714,1.3746885714285713,2.8710814285714283,182.8,7492.199999999999,0.8075985714285715,0.9728772857142857,1.6048414285714283,3.3853028571428574
2026-01-29 10:00:00+00:00,0.0,5.4361702127659575,0.0,0.0,0.0,0.6457142857142858,0.5728571428571428,0.6928571428571428,0.6528571428571429,0.0,6.1000000000000005,5.042857142857143,42.15714285714286,2.942857142857143,2.2714285714285714,2.0142857142857142,0.5,6.208571428571429,4.1085714285714285,5.68,8.83,50.0,410.14285714285717,238.14285714285714,411.4428571428571,236.24285714285716,410.68571428571425,237.71428571428572,410.81428571428575,237.34285714285713,4.741428571428571,0.9778865714285715,1.3404,2.097867142857143,4.414618571428571,9782.828571428572,2.1128571428571425,117.3,5687.714285714285,4.93,3.1757142857142857,0.5627894285714287,0.9293745714285714,1.3717714285714284,2.8632957142857145,182.8,7492.685714285713,0.7992922857142857,0.9659364285714285,1.5917071428571428,3.3579742857142856
2026-01-29 10:15:00+00:00,0.0,5.401785714285714,0.0,0.0,0.0,0.6637500000000001,0.6074999999999999,0.7,0.655,0.0,3.6,4.625,39.949999999999996,1.5875,1.475,1.25,0.4875,6.29875,4.505,5.6362499999999995,8.755,50.0,407.3375,236.475,408.6625,234.6125,407.8625,236.1,407.95,235.725,4.725,1.062261125,1.3192199999999998,2.06438,4.444325,9784.5,2.1,117.3,5688.9,4.93,3.1799999999999997,0.6692594999999999,0.92392,1.35868625,2.95179625,182.8,7493.7875,0.813533125,0.943264125,1.55465,3.31107
2026-01-29 10:30:00+00:00,0.0,5.372549019607843,0.0,0.0,0.0,0.72,0.8,0.7,0.65,0.0,3.8,4.6,23.5,1.3,1.6,1.5,0.4,7.39,7.71,5.65,8.81,50.0,408.4,236.8,409.9,235.5,408.9,237.0,409.1,236.4,4.68,1.8204,1.33004,2.08534,5.23197,9785.4,2.08,117.3,5689.6,4.93,3.17,1.46121,0.928288,1.36999,3.7561,182.8,7494.4,1.08589,0.9543,1.57878,3.61847
2026-01-29 10:45:00+00:00,0.0,5.302083333333333,0.0,0.0,0.0,0.72,0.8,0.7,0.65,0.0,3.3285714285714287,3.6999999999999997,24.057142857142857,1.4714285714285715,2.3285714285714287,1.9285714285714286,0.4,7.45,7.881428571428572,5.65,8.81857142857143,50.0,408.4857142857143,236.75714285714284,410.0285714285714,235.54285714285714,409.15714285714284,237.08571428571426,409.2714285714286,236.4857142857143,4.68,1.8603385714285714,1.3279657142857142,2.0903542857142856,5.2755342857142855,9786.257142857143,2.08,117.3,5690.2,4.93,3.165714285714286,1.4919171428571427,0.9271381428571429,1.3700542857142857,3.785671428571429,182.8,7495.0,1.11355,0.9546055714285714,1.5827142857142857,3.65021
2026-01-29 11:00:00+00:00,0.0,5.323529411764706,0.0,0.0,0.0,0.72,0.8,0.7,0.65,0.0,2.6875,2.575,24.650000000000002,1.7625,3.0625,2.475,0.4,7.51375,8.059999999999999,5.65125,8.8325,50.0,408.6,236.725,410.2375,235.61249999999998,409.5875,237.21249999999998,409.5375,236.61249999999998,4.6825,1.90214,1.32556625,2.097435,5.32321375,9787.5875,2.08125,117.3,5691.1375,4.93,3.16125,1.52356625,0.9258355,1.36984125,3.81617375,182.8,7495.925,1.1430725000000002,0.9547457500000001,1.5881025,3.68515375
2026-01-29 11:15:00+00:00,0.0,5.394230769230769,0.0,0.0,0.0,0.69,0.71375,0.7,0.65375,0.0,5.15,3.355555555555556,30.837500000000002,2.0125,2.225,2.3,0.4375,6.94625,6.3675,5.645,8.8275,50.0,408.225,236.825,410.05,235.3625,409.4125,237.075,409.125,236.4375,4.692500000000001,1.50560625,1.32562125,2.09451125,4.92502,9789.5,2.09,117.3,5692.55,4.93,3.1625,1.123482,0.92533475,1.36929125,3.416985,182.8,7497.2125,0.9808655,0.949998,1.58510625,3.51862
2026-01-29 11:30:00+00:00,0.0,5.538461538461538,0.0,0.0,0.0,0.6585714285714286,0.6028571428571429,0.7,0.65,0.0,5.671428571428572,3.6571428571428575,40.0,1.2714285714285716,1.9857142857142858,1.7142857142857142,0.4857142857142857,6.355714285714285,4.607142857142857,5.64,8.821428571428571,50.0,408.15714285714284,237.08571428571426,409.88571428571424,235.21428571428572,409.2142857142857,236.91428571428574,409.14285714285717,236.37142857142857,4.69,1.0900382857142856,1.3228971428571428,2.090167142857143,4.504047142857143,9790.414285714285,2.09,117.3,5693.157142857142,4.93,3.1685714285714286,0.6841791428571428,0.9210981428571429,1.3609714285714285,2.9633385714285714,182.8,7497.842857142857,0.8340234285714285,0.9463978571428571,1.5820842857142858,3.3659285714285714
2026-01-29 11:45:00+00:00,0.0,5.456521739130435,0.0,0.0,0.0,0.65,0.57,0.7,0.65,0.0,7.4,2.4,42.9,1.4,2.7,1.8,0.5,6.19,4.09,5.64,8.84,50.0,408.5,237.2,410.1,235.3,409.7,237.2,409.4,236.6,4.69,0.966604,1.32472,2.0937,4.3841,9791.6,2.09,117.3,5694.0,4.93,3.1699999999999995,0.552609,0.924997,1.36459,2.84772,182.8,7498.6,0.792085,0.94862,1.58264,3.32431
2026-01-29 12:00:00+00:00,0.0,5.494623655913978,0.0,0.0,0.0,0.65,0.57,0.7,0.6557142857142857,0.0,5.1000000000000005,4.857142857142857,42.885714285714286,0.9714285714285714,2.1,2.4285714285714284,0.5,6.180000000000001,4.3,5.628571428571428,8.817142857142857,50.0,407.84285714285716,236.88571428571427,409.57142857142856,234.9857142857143,409.0285714285714,236.82857142857142,408.74285714285713,236.24285714285716,4.682857142857143,0.9634388571428572,1.3208485714285714,2.087472857142857,4.37531,9792.6,2.09,117.3,5694.828571428572,4.93,3.162857142857143,0.5523722857142858,0.9242455714285713,1.3658657142857145,2.8410871428571425,182.8,7499.314285714286,0.7894468571428571,0.9437627142857143,1.5791814285714287,3.3133100000000004
2026-01-29 12:15:00+00:00,0.0,5.409090909090909,0.0,0.0,0.0,0.6671428571428571,0.6357142857142858,0.7,0.65,0.0,5.771428571428571,4.15,37.471428571428575,1.9000000000000001,1.657142857142857,2.0142857142857142,0.5428571428571428,6.5442857142857145,5.572857142857143,5.63,8.837142857142856,50.0,407.8857142857143,236.91428571428574,409.61428571428576,234.9857142857143,409.1142857142857,236.87142857142857,409.04285714285714,236.28571428571428,4.672857142857143,1.2134855714285713,1.3221071428571427,2.09309,4.631294285714286,9793.971428571429,2.09,117.3,5695.8,4.93,3.16,0.815249,0.9238557142857143,1.3705228571428572,3.1092585714285716,182.8,7500.228571428571,0.8806178571428571,0.9480714285714286,1.5839728571428573,3.4106028571428575
2026-01-29 12:30:00+00:00,0.0,5.478260869565218,0.0,0.0,0.0,0.71,0.8,0.6971428571428572,0.65,0.0,4.285714285714286,4.714285714285714,24.114285714285717,1.7714285714285716,2.0,2.3857142857142857,0.5,7.432857142857143,7.805714285714286,5.631428571428572,8.874285714285714,50.0,408.11428571428576,236.92857142857142,409.9428571428571,235.31428571428572,409.2714285714286,237.28571428571428,409.5,236.48571428571427,4.681428571428571,1.8472657142857145,1.3301528571428574,2.112622857142857,5.293635714285714,9794.814285714285,2.0957142857142856,117.3,5696.4,4.93,3.162857142857143,1.47756,0.9273891428571428,1.3811585714285715,3.780135714285714,182.8,7500.7,1.11334,0.9568422857142858,1.601917142857143,3.6701514285714287
2026-01-29 12:45:00+00:00,0.0,5.441860465116279,0.0,0.0,0.0,0.6842857142857143,0.7014285714285714,0.6900000000000001,0.65,0.0,4.485714285714286,4.942857142857143,32.5,1.842857142857143,2.2857142857142856,1.5714285714285714,0.5,6.971428571428571,6.368571428571428,5.655714285714287,8.884285714285713,50.0,409.5285714285714,237.7571428571429,411.3,236.14285714285714,410.65714285714284,237.87142857142857,410.4571428571429,237.24285714285716,4.718571428571429,1.5083012857142857,1.3335471428571428,2.113231428571429,4.952898571428571,9796.157142857144,2.11,117.3,5697.414285714286,4.93,3.174285714285714,1.1083212857142857,0.9262845714285713,1.3752342857142856,3.4037985714285712,182.8,7501.671428571428,1.0008165714285713,0.9588004285714286,1.6009685714285715,3.558581428571429
2026-01-29 13:00:00+00:00,0.0,5.315217391304348,0.0,0.0,0.0,0.6842857142857143,0.7014285714285714,0.6942857142857142,0.65,0.0,7.414285714285714,5.757142857142857,32.57142857142857,2.085714285714286,2.3857142857142857,1.8,0.4428571428571429,6.981428571428571,6.395714285714285,5.660000000000001,8.887142857142857,50.0,409.74285714285713,237.8,411.54285714285714,236.24285714285716,410.9142857142857,237.92857142857142,410.7142857142857,237.32857142857142,4.7299999999999995,1.5149108571428571,1.3357757142857143,2.1148585714285715,4.963881428571429,9796.971428571429,2.11,117.3,5698.0,4.93,3.18,1.115232142857143,0.9277634285714286,1.3765842857142856,3.4168071428571425,182.8,7502.2,1.0050982857142858,0.9611361428571429,1.6039700000000001,3.5704214285714286
2026-01-29 13:15:00+00:00,0.0,5.620253164556962,0.0,0.0,0.0,0.65,0.57,0.6999999999999998,0.65,0.0,9.25,5.0,42.79999999999999,2.0,1.9000000000000001,2.4499999999999997,0.5499999999999999,6.2,4.1000000000000005,5.6499999999999995,8.85,50.0,409.1499999999999,237.70000000000002,410.95,235.75,410.40000000000003,237.5,410.20000000000005,236.95000000000002,4.73,0.972211,1.32823,2.1015,4.404800000000001,9798.1,2.11,117.3,5698.799999999999,4.93,3.18,0.5556895000000001,0.926967,1.37274,2.85703,182.80000000000004,7502.950000000001,0.7966755,0.953011,1.59135,3.34164
2026-01-29 13:30:00+00:00,0.0,5.288461538461538,0.0,0.0,0.0,0.65,0.57,0.7,0.65,0.0,8.4,6.3,42.8,2.6,1.7,3.1,0.6,6.19,4.09,5.64,8.83,50.0,408.9,237.6,410.7,235.6,410.0,237.3,409.8,236.8,4.73,0.96891,1.32369,2.09345,4.39081,9798.6,2.11,117.3,5699.2,4.93,3.18,0.553824,0.926506,1.36989,2.85087,182.8,7503.3,0.793175,0.948263,1.58277,3.32223
2026-01-29 13:45:00+00:00,0.0,5.2407407407407405,0.0,0.0,0.0,0.65,0.57,0.7,0.65,0.0,8.4,6.3,42.8,2.6,1.7,3.1,0.6,6.19,4.09,5.64,8.83,50.0,408.9,237.6,410.7,235.6,410.0,237.3,409.8,236.8,4.73,0.96891,1.32369,2.09345,4.39081,9798.6,2.11,117.3,5699.2,4.93,3.18,0.553824,0.926506,1.36989,2.85087,182.8,7503.3,0.793175,0.948263,1.58277,3.32223
2026-01-29 14:00:00+00:00,0.0,5.490566037735849,0.0,0.0,0.0,0.72,0.8,0.7,0.65,0.0,4.1,9.6,25.3,1.8,3.3,2.3,0.5,7.59,8.21,5.65,8.89,50.0,409.3,237.4,411.3,236.1,409.7,237.9,410.1,237.1,4.74,1.94264,1.33065,2.11267,5.38135,9802.0,2.1,117.3,5701.7,4.93,3.21,1.55047,0.926967,1.38194,3.8635,182.8,7505.6,1.17334,0.957067,1.60186,3.72868
2026-01-29 14:15:00+00:00,0.0,5.413333333333333,0.0,0.0,0.0,0.7200000000000001,0.8000000000000002,0.6999999999999998,0.65,0.0,4.1,9.6,25.3,1.8,3.2999999999999994,2.3,0.5,7.59,8.21,5.650000000000001,8.89,50.0,409.3,237.4,411.3,236.1,409.7,237.9,410.1000000000001,237.1,4.74,1.94264,1.33065,2.11267,5.38135,9802.0,2.1,117.3,5701.7,4.93,3.2099999999999995,1.55047,0.926967,1.38194,3.8635,182.80000000000004,7505.600000000001,1.17334,0.957067,1.60186,3.72868
2026-01-29 14:30:00+00:00,0.0,5.315789473684211,0.0,0.0,0.0,0.7142857142857143,0.7942857142857144,0.6942857142857142,0.6442857142857142,0.0,3.357142857142857,7.428571428571429,25.814285714285713,1.5714285714285714,2.6714285714285713,2.5285714285714285,0.4428571428571429,7.71,8.438571428571429,5.718571428571429,8.964285714285714,49.94285714285714,410.2714285714286,237.79999999999998,412.2714285714286,236.78571428571428,411.1857142857143,238.41428571428574,411.2428571428572,237.67142857142858,4.214285714285714,1.9987885714285716,1.349192857142857,2.1378585714285716,5.484395714285715,9802.57142857143,1.8714285714285714,117.3,5702.099999999999,4.93,2.8557142857142854,1.5895157142857141,0.9351955714285713,1.3842657142857142,3.9116485714285716,182.8,7505.942857142857,1.2160257142857145,0.9734761428571428,1.6311342857142856,3.819725714285714
2026-01-29 14:45:00+00:00,0.0,5.475728155339806,0.0,0.0,0.0,0.71,0.7925,0.6924999999999999,0.6425000000000001,0.0,3.3499999999999996,5.775,25.675,1.4749999999999999,2.1750000000000003,2.5,0.4,7.72,8.4225,5.7475,8.9925,49.925,410.625,237.925,412.625,237.025,412.0,238.625,411.75,237.9,4.0475,1.9937550000000002,1.3537725,2.1468325000000004,5.4991175,9803.4,1.805,117.3,5702.724999999999,4.93,2.735,1.5862325,0.937505,1.3847925,3.90834,182.8,7506.475,1.214625,0.9766755,1.6379549999999998,3.82935
2026-01-29 15:00:00+00:00,0.0,5.506666666666667,0.0,0.0,0.0,0.71,0.8000000000000002,0.6999999999999998,0.65,0.0,4.533333333333333,5.833333333333333,24.433333333333337,1.6666666666666667,2.1333333333333333,2.1333333333333333,0.4000000000000001,7.5200000000000005,7.960000000000001,5.683333333333334,8.92,50.0,409.93333333333334,237.63333333333333,411.9666666666667,236.46666666666667,411.4666666666667,238.36666666666667,411.1333333333334,237.53333333333333,4.73,1.8789533333333335,1.3311,2.1220966666666667,5.344106666666666,9804.9,2.12,117.3,5703.900000000001,4.93,3.17,1.5074699999999999,0.9284903333333334,1.3848033333333334,3.8143100000000003,182.80000000000004,7507.533333333333,1.1326633333333334,0.9552360000000001,1.6020466666666666,3.6877333333333335
2026-01-29 15:15:00+00:00,0.0,5.5,0.0,0.0,0.0,0.71,0.8,0.7,0.65,0.0,3.6,6.1,25.1,1.6,2.2,2.6,0.4,7.6,8.16,5.69,8.94,50.0,410.8,238.1,412.9,237.0,412.2,238.9,412.0,238.0,4.7299999999999995,1.9322199999999998,1.34172,2.13213,5.40946,9805.5,2.12,117.3,5704.3,4.93,3.1699999999999995,1.5453500000000002,0.933633,1.39213,3.86277,182.8,7508.0,1.16923,0.967002,1.62104,3.75646
2026-01-29 15:30:00+00:00,0.0,5.383838383838384,0.0,0.0,0.0,0.64,0.56,0.69,0.65,0.0,6.4125,2.7624999999999997,42.9,1.9375,0.9875,1.175,0.5,6.2725,4.135,5.70125,8.963750000000001,50.0,412.1625,239.3125,414.025,237.575,413.46250000000003,239.375,413.25,238.7875,4.805,0.9903157499999999,1.35253875,2.1451512499999996,4.48642875,9807.4375,2.1325,117.3,5705.6875,4.93,3.2325,0.558427875,0.938239,1.39107625,2.89116125,182.8,7509.287499999999,0.816145625,0.9781219999999999,1.6348025,3.42965125
2026-01-29 15:45:00+00:00,0.0,5.376344086021505,0.0,0.0,0.0,0.66,0.6285714285714287,0.6900000000000001,0.65,0.0,5.214285714285714,5.371428571428572,37.471428571428575,1.7142857142857142,1.4857142857142858,1.1142857142857143,0.4714285714285714,6.6414285714285715,5.2128571428571435,5.71,9.004285714285714,49.971428571428575,413.3857142857143,239.98571428571427,415.0142857142857,238.24285714285716,414.7142857142857,240.01428571428573,414.35714285714283,239.45714285714286,4.839999999999999,1.248737142857143,1.3580699999999999,2.15942,4.770009999999999,9808.657142857142,2.15,117.3,5706.528571428572,4.93,3.25,0.8267864285714286,0.9337494285714286,1.3958499999999998,3.158455714285714,182.8,7510.071428571428,0.9149392857142856,0.9857205714285714,1.645395714285714,3.5458457142857145
2026-01-29 16:00:00+00:00,0.0,5.393258426966292,0.0,0.0,0.0,0.65,0.5942857142857143,0.6900000000000001,0.65,0.0,6.357142857142857,5.085714285714286,40.18571428571429,1.2714285714285711,1.2,0.6285714285714287,0.4857142857142857,6.465714285714285,4.7,5.701428571428572,8.997142857142858,49.98571428571428,413.5142857142857,239.7,415.4714285714286,238.17142857142858,415.08571428571435,239.95714285714286,414.75714285714287,239.5142857142857,4.848571428571428,1.1263614285714285,1.36107,2.16107,4.651241428571429,9809.72857142857,2.158571428571429,117.3,5707.442857142857,4.93,3.25,0.6948717142857144,0.934381,1.3975242857142856,3.030332857142857,182.8,7510.842857142857,0.8730388571428571,0.9909632857142857,1.6499714285714286,3.5142785714285716
2026-01-29 16:15:00+00:00,0.0,5.4787234042553195,0.0,0.0,0.0,0.6742857142857143,0.6628571428571429,0.6942857142857142,0.6542857142857142,0.0,5.771428571428571,4.8,34.885714285714286,2.085714285714286,1.6285714285714286,1.2285714285714289,0.4571428571428572,6.7871428571428565,5.761428571428572,5.674285714285714,8.93,50.0,411.1857142857143,238.41428571428568,413.14285714285717,236.94285714285712,412.7,238.78571428571428,412.40000000000003,238.17142857142858,4.845714285714286,1.3690314285714287,1.3463814285714286,2.1334857142857144,4.846905714285714,9810.485714285713,2.164285714285714,117.3,5707.971428571429,4.93,3.2414285714285715,0.9597725714285714,0.9302817142857143,1.3867014285714288,3.279492857142857,182.8,7511.371428571429,0.9500954285714286,0.9727062857142857,1.6210028571428572,3.5430285714285716
2026-01-29 16:30:00+00:00,0.0,5.330188679245283,0.0,0.0,0.0,0.67625,0.685,0.7,0.6587500000000001,0.0,5.0625,5.45,36.2125,1.1125,1.6125,1.5,0.5125,6.85,6.06,5.64,8.848749999999999,50.0,408.5875,237.0375,410.125,235.4625,410.0,237.4,409.575,236.6125,4.74375,1.43090475,1.3264025,2.1032,4.86071,9812.2125,2.1262499999999998,117.3,5709.2,4.93,3.1975000000000002,1.037511875,0.925547,1.37753,3.34385625,182.8,7512.5375,0.9649135,0.9509095,1.58771375,3.5043775
2026-01-29 16:45:00+00:00,0.0,5.276595744680851,0.0,0.0,0.0,0.65,0.57,0.6971428571428572,0.65,0.0,6.985714285714286,2.242857142857143,43.028571428571425,1.7428571428571427,2.442857142857143,1.3285714285714287,0.5714285714285714,6.195714285714287,4.082857142857143,5.642857142857143,8.851428571428572,50.0,409.07142857142856,237.64285714285714,410.58571428571435,235.62857142857143,410.38571428571424,237.42857142857142,410.0,236.92857142857142,4.7,0.9685414285714286,1.3293385714285715,2.101942857142857,4.3987428571428575,9813.214285714286,2.1,117.3,5709.9,4.93,3.18,0.5534585714285714,0.9238321428571429,1.3775514285714288,2.8546685714285713,182.8,7513.2,0.793106,0.9530512857142857,1.5878614285714285,3.333894285714286
2026-01-29 17:00:00+00:00,0.0,5.484210526315789,0.0,0.0,0.0,0.67,0.6357142857142858,0.6985714285714285,0.65,0.0,5.357142857142857,2.814285714285714,37.41428571428571,1.1428571428571428,1.842857142857143,1.457142857142857,0.4714285714285714,6.5528571428571425,5.13,5.655714285714287,8.877142857142857,50.0,410.0285714285714,238.05714285714288,411.65714285714284,236.22857142857143,411.40000000000003,238.0,410.9714285714286,237.47142857142856,4.708571428571429,1.2193955714285714,1.334602857142857,2.1119628571428573,4.665154285714286,9814.514285714287,2.1,117.3,5710.8,4.93,3.18,0.8153432857142857,0.9287219999999999,1.3829928571428571,3.1233842857142853,182.8,7514.071428571428,0.8842488571428572,0.9594954285714286,1.5987071428571429,3.4428771428571427
2026-01-29 17:15:00+00:00,0.0,5.53921568627451,0.0,0.0,0.0,0.7112499999999999,0.77125,0.69875,0.65,0.0,3.3875,4.675,26.2625,1.4375,1.825,1.8125,0.41250000000000003,7.27125,7.295,5.65,8.87125,50.0,409.025,237.175,410.78749999999997,235.8125,410.53749999999997,237.7375,410.15000000000003,236.9625,4.71375,1.728380125,1.3298325,2.1098125,5.16617875,9815.5625,2.105,117.3,5711.6375,4.93,3.185,1.35470025,0.926212625,1.38071875,3.66224875,182.8,7514.7875,1.062073875,0.9537055,1.594775,3.60975875
2026-01-29 17:30:00+00:00,0.0,5.388888888888889,0.0,0.0,0.0,0.6757142857142858,0.6685714285714285,0.6914285714285714,0.65,0.0,5.385714285714286,4.942857142857143,35.07142857142857,2.485714285714286,1.542857142857143,1.4714285714285715,0.4571428571428572,6.774285714285715,5.761428571428572,5.660000000000001,8.895714285714286,50.0,409.8142857142857,237.82857142857142,411.4714285714286,236.27142857142857,411.2857142857143,238.12857142857143,410.8285714285715,237.4,4.711428571428571,1.3676317142857144,1.3330628571428573,2.1155014285714286,4.814528571428572,9816.828571428572,2.11,117.3,5712.599999999999,4.93,3.1885714285714286,0.9660831428571429,0.9284107142857143,1.3857157142857142,3.2780871428571428,182.8,7515.628571428571,0.9452207142857143,0.9596210000000001,1.6033557142857142,3.50779
2026-01-29 17:45:00+00:00,0.0,5.330188679245283,0.0,0.0,0.0,0.65,0.57,0.7,0.65,0.0,7.1,2.8,43.0,1.8,2.1,1.3,0.5,6.23,4.12,5.66,8.9,50.0,410.5,238.3,411.9,236.4,412.1,238.3,411.3,237.7,4.72,0.977189,1.33434,2.11749,4.42923,9817.6,2.11,117.3,5713.2,4.93,3.18,0.560196,0.929147,1.38383,2.87958,182.8,7516.1,0.803592,0.962621,1.60333,3.36778
2026-01-29 18:00:00+00:00,0.0,5.572916666666667,0.0,0.0,0.0,0.65,0.57,0.6957142857142856,0.6542857142857142,0.0,7.271428571428571,4.214285714285714,42.91428571428571,1.7571428571428573,2.442857142857143,1.342857142857143,0.5,6.2299999999999995,4.12,5.664285714285714,8.895714285714286,50.0,410.62857142857143,238.42857142857142,412.0285714285714,236.52857142857144,412.14285714285717,238.34285714285716,411.5142857142857,237.78571428571428,4.724285714285714,0.9791025714285714,1.3380214285714287,2.1202328571428573,4.436237142857142,9818.457142857142,2.1142857142857143,117.3,5713.757142857144,4.93,3.184285714285714,0.5600074285714286,0.9286708571428571,1.3838128571428572,2.8740942857142855,182.8,7516.7,0.8051374285714286,0.9644535714285715,1.6047742857142855,3.372477142857143
2026-01-29 18:15:00+00:00,0.0,5.3052631578947365,0.0,0.0,0.0,0.65,0.57,0.6900000000000001,0.65,0.0,6.7,3.7125,42.8,2.3,2.2,1.7,0.5,6.2299999999999995,4.12,5.67,8.9,50.0,410.8,238.5,412.3,236.7,412.4,238.5,411.8,237.9,4.75,0.98201,1.34318,2.12665,4.45139,9820.0,2.12,117.3,5714.9,4.93,3.19,0.558457,0.927638,1.38714,2.87265,182.8,7517.8,0.8060660000000001,0.967275,1.61058,3.38465
2026-01-29 18:30:00+00:00,0.0,5.415094339622642,0.0,0.0,0.0,0.6475,0.57,0.69,0.65,0.0,6.3,2.75,42.775,2.15,1.85,1.55,0.5,6.237500000000001,4.1275,5.6775,8.91,50.0,411.175,238.675,412.625,236.85,412.67499999999995,238.675,412.125,238.1,4.75,0.9844885000000001,1.3445550000000002,2.1288375000000004,4.4578975,9820.525,2.12,117.3,5715.275,4.93,3.19,0.5594315,0.9287854999999999,1.387885,2.876065,182.8,7518.15,0.8086702499999999,0.97006275,1.6140174999999999,3.39259
2026-01-29 18:45:00+00:00,0.0,5.436893203883495,0.0,0.0,0.0,0.67875,0.685,0.69,0.65,0.0,4.8,3.725,35.925,2.2874999999999996,2.0749999999999997,1.6,0.4625,6.9174999999999995,6.13125,5.69875,8.9275,50.0,411.6375,238.775,413.1375,237.2,412.7125,238.9375,412.45,238.325,4.76,1.458765375,1.34946375,2.1311375,4.9354,9822.8875,2.12875,117.3,5716.9875,4.93,3.19,1.050976875,0.931251125,1.388585,3.3744449999999997,182.8,7519.7,0.9888187500000001,0.975905,1.61965,3.5828587499999998
2026-01-29 19:00:00+00:00,0.0,5.304347826086956,0.0,0.0,0.0,0.6699999999999999,0.6685714285714285,0.6900000000000001,0.65,0.0,5.042857142857143,6.8428571428571425,35.34285714285714,2.142857142857143,1.3714285714285714,1.4285714285714286,0.4571428571428572,6.861428571428571,5.9471428571428575,5.695714285714287,8.94142857142857,50.0,411.88571428571424,238.94285714285712,413.35714285714283,237.32857142857142,412.9857142857143,239.07142857142858,412.7285714285714,238.5,4.7700000000000005,1.4152942857142856,1.351314285714286,2.135617142857143,4.907318571428571,9823.885714285714,2.13,117.3,5717.728571428571,4.93,3.19,0.9961765714285714,0.9324258571428572,1.3877885714285714,3.3178585714285718,182.8,7520.428571428572,0.9808605714285715,0.9788151428571429,1.6253642857142856,3.5844385714285716
2026-01-29 19:15:00+00:00,0.0,5.35,0.0,0.0,0.0,0.64,0.57,0.69,0.65,0.0,4.325,3.35,42.725,1.5750000000000002,2.1,1.675,0.5,6.27,4.16,5.7075,8.95,50.0,412.55,239.575,413.925,237.72500000000002,413.65,239.425,413.34999999999997,238.875,4.785,0.9946495,1.354175,2.143325,4.4966625,9824.925000000001,2.1375,117.3,5718.5,4.93,3.1975000000000002,0.56338725,0.932134,1.3894449999999998,2.885745,182.8,7521.125,0.8196957500000001,0.98341425,1.6317725,3.43497
2026-01-29 19:30:00+00:00,0.0,5.303370786516854,0.0,0.0,0.0,0.7,0.7671428571428571,0.6900000000000001,0.65,0.0,2.1,4.8999999999999995,26.5,1.8714285714285714,1.3857142857142857,1.7,0.4142857142857143,7.341428571428572,7.305714285714286,5.727142857142858,8.984285714285715,50.08571428571429,413.4571428571429,239.68571428571428,415.11428571428576,238.4857142857143,414.64285714285717,240.09999999999997,414.42857142857144,239.41428571428574,4.807142857142857,1.745148,1.3525028571428572,2.1486485714285712,5.241624285714286,9826.142857142857,2.1485714285714286,117.3,5719.3,4.93,3.2085714285714286,1.3634235714285714,0.9392651428571428,1.3940671428571427,3.6951442857142855,182.8,7521.900000000001,1.0900655714285714,0.9904991428571429,1.6453071428571426,3.7245271428571427
2026-01-29 19:45:00+00:00,0.0,5.324074074074074,0.0,0.0,0.0,0.71,0.8,0.6875,0.65,0.0,2.325,5.011111111111111,24.0,1.925,1.45,1.625,0.375,7.5424999999999995,7.8925,5.73,8.995000000000001,50.075,413.6,239.64999999999998,415.275,238.625,414.75,240.2,414.57500000000005,239.475,4.8125,1.885975,1.35615,2.1539375,5.3897375,9826.8,2.1525,117.3,5719.799999999999,4.93,3.21,1.5067975,0.9391977499999999,1.3965475,3.8394,182.8,7522.35,1.1444775,0.992873,1.649625,3.785745
2026-01-29 20:00:00+00:00,0.0,5.351063829787234,0.0,0.0,0.0,0.687142857142857,0.7057142857142857,0.6942857142857142,0.6571428571428573,0.0,4.0,3.9857142857142853,32.34285714285714,1.8714285714285714,2.242857142857143,1.5142857142857142,0.41428571428571426,6.950000000000001,6.337142857142857,5.658571428571428,8.854285714285714,50.0,409.3285714285715,237.32857142857142,410.69999999999993,235.92857142857142,410.3,237.6,410.15714285714284,236.94285714285712,4.805714285714286,1.5012525714285714,1.3305957142857143,2.1017371428571425,4.930974285714285,9828.8,2.1514285714285717,117.3,5721.400000000001,4.93,3.207142857142857,1.1115218571428571,0.9274791428571428,1.3777571428571427,3.40971,182.8,7523.7,0.9913017142857142,0.9571927142857143,1.58859,3.5368728571428574
2026-01-29 20:15:00+00:00,0.0,5.415841584158416,0.0,0.0,0.0,0.72,0.8,0.7,0.66,0.0,2.3,2.5999999999999996,24.7,2.0,1.0,1.8,0.4,7.49,8.04,5.63,8.81,50.0,407.5,236.1,408.9,235.0,408.4,236.8,408.3,235.9,4.77,1.88607,1.30778,2.0736,5.2658,9829.3,2.13,117.3,5721.8,4.93,3.2,1.51961,0.921748,1.36578,3.80358,182.8,7524.0,1.12934,0.937154,1.55916,3.62411
2026-01-29 20:30:00+00:00,0.0,5.5,0.0,0.0,0.0,0.65,0.58,0.6999999999999998,0.66,0.0,7.0,4.7,42.70000000000001,2.1,0.9,1.3999999999999997,0.5,6.169999999999999,4.06,5.64,8.8,50.0,408.3999999999999,237.0,409.6000000000001,235.30000000000004,409.3,236.9,409.1000000000001,236.4,4.7,0.956606,1.31828,2.0835,4.36469,9830.8,2.09,117.3,5722.899999999999,4.93,3.19,0.557388,0.923572,1.36779,2.84873,182.80000000000004,7525.100000000001,0.785063,0.9500449999999999,1.57677,3.29008
2026-01-29 20:45:00+00:00,0.0,5.6,0.0,0.0,0.0,0.6799999999999999,0.6742857142857143,0.7,0.66,0.0,4.5,4.857142857142857,34.471428571428575,1.0,1.5142857142857145,2.1285714285714286,0.4571428571428572,6.682857142857143,5.617142857142857,5.632857142857143,8.802857142857142,50.0,408.15714285714284,236.87142857142857,409.32857142857137,235.14285714285714,409.2714285714286,236.81428571428572,409.1142857142857,236.27142857142857,4.71,1.3287042857142857,1.3287671428571428,2.09319,4.75071,9832.185714285715,2.09,117.3,5723.828571428572,4.93,3.2,0.9440245714285714,0.9264042857142858,1.374107142857143,3.244772857142857,182.8,7525.928571428572,0.9130462857142857,0.9540571428571428,1.5799228571428572,3.4463014285714286
2026-01-29 21:00:00+00:00,0.0,5.271028037383178,0.0,0.0,0.0,0.65,0.58,0.7,0.65375,0.0,7.300000000000001,4.844444444444445,42.7625,1.425,2.575,3.1,0.5,6.172499999999999,4.07,5.63875,8.80875,50.0,408.525,237.1875,409.5875,235.2375,409.6,236.975,409.4,236.475,4.71625,0.962645,1.32585125,2.08970125,4.37927875,9832.9625,2.09,117.3,5724.4375,4.93,3.20625,0.55682425,0.925465875,1.37069625,2.8575162499999998,182.8,7526.475,0.7847828750000001,0.9531025000000001,1.57694625,3.31409875
2026-01-29 21:15:00+00:00,0.0,5.5,0.0,0.0,0.0,0.6616666666666667,0.6533333333333333,0.6999999999999998,0.6583333333333333,0.0,7.383333333333333,4.366666666666666,39.699999999999996,2.5500000000000003,3.1166666666666667,2.8333333333333335,0.48333333333333334,6.623333333333334,5.420000000000001,5.636666666666667,8.81,50.0,408.1166666666666,236.78333333333333,409.51666666666665,235.16666666666666,409.01666666666665,236.86666666666667,409.0333333333333,236.26666666666665,4.72,1.2808495000000002,1.3244233333333333,2.0844366666666665,4.691225,9834.3,2.09,117.3,5725.416666666667,4.93,3.2016666666666667,0.8848716666666666,0.9255385,1.372815,3.1857116666666667,182.80000000000004,7527.349999999999,0.9052506666666668,0.9503526666666667,1.57371,3.4282683333333335
2026-01-29 21:30:00+00:00,0.0,5.3097345132743365,0.0,0.0,0.0,0.6655555555555556,0.6288888888888889,0.7,0.66,0.0,7.433333333333334,4.86,38.76666666666667,1.2777777777777777,2.0999999999999996,1.6111111111111112,0.47777777777777775,6.474444444444444,4.970000000000001,5.6433333333333335,8.80888888888889,50.0,408.3888888888889,236.9111111111111,409.6666666666667,235.2555555555556,409.27777777777777,236.92222222222225,409.08888888888885,236.38888888888889,4.72,1.1745613333333333,1.3258233333333334,2.087877777777778,4.58891,9835.599999999999,2.09,117.30000000000001,5726.322222222222,4.93,3.2,0.7744105555555555,0.9232803333333334,1.3714677777777777,3.073331111111111,182.8,7528.2444444444445,0.8646197777777778,0.9508042222222222,1.5747911111111113,3.38939
2026-01-29 21:45:00+00:00,0.0,5.469879518072289,0.0,0.0,0.0,0.65,0.58,0.695,0.66,0.0,7.650000000000001,3.5,42.70000000000001,1.75,3.0,2.1,0.5,6.175,4.07,5.645,8.81,50.0,408.59999999999997,237.26666666666665,409.79999999999995,235.30000000000004,409.55,236.86666666666667,409.34999999999997,236.4333333333333,4.72,0.964036,1.32623,2.08599,4.377870000000001,9836.65,2.09,117.3,5727.099999999999,4.93,3.2000000000000006,0.5570105,0.9235194999999999,1.3747,2.854405,182.80000000000004,7529.0,0.7858385,0.9519625,1.5754299999999999,3.3128849999999996
2026-01-29 22:00:00+00:00,0.0,5.434426229508197,0.0,0.0,0.0,0.6966666666666667,0.7266666666666667,0.7,0.6566666666666667,0.0,4.466666666666667,4.233333333333333,29.966666666666665,1.5666666666666669,1.4,1.8000000000000003,0.43333333333333335,6.976666666666667,6.5,5.63,8.79,50.0,407.3666666666666,236.10000000000002,408.8333333333333,234.63333333333333,408.26666666666665,236.16666666666666,408.1333333333333,235.79999999999998,4.7,1.5331073333333334,1.3222133333333332,2.078466666666667,4.9361033333333335,9837.933333333332,2.09,117.30000000000001,5728.066666666667,4.93,3.19,1.1597546666666667,0.9215523333333334,1.3662166666666666,3.4488700000000003,182.8,7529.866666666667,0.9820963333333333,0.9467333333333333,1.5683433333333332,3.4970466666666664
2026-01-29 22:15:00+00:00,0.0,5.285714285714286,0.0,0.0,0.0,0.72,0.8,0.7,0.66,0.0,3.7,4.611111111111111,23.8,1.4,1.7,2.2,0.4,7.41,7.8,5.63,8.79,50.0,406.9,235.9,408.3,234.6,407.8,236.1,407.7,235.5,4.7,1.83712,1.31832,2.07151,5.22714,9838.5,2.09,117.3,5728.4,4.93,3.19,1.47561,0.918709,1.36869,3.76277,182.8,7530.2,1.09296,0.944344,1.56279,3.59923
2026-01-29 22:30:00+00:00,0.0,5.265625,0.0,0.0,0.0,0.72,0.8,0.7,0.66,0.0,3.7,4.716666666666667,23.8,1.4,1.7,2.2,0.4,7.409999999999999,7.8,5.63,8.79,50.0,406.9,235.9,408.3,234.6,407.8,236.1,407.7,235.5,4.7,1.83712,1.31832,2.07151,5.22714,9838.5,2.09,117.3,5728.4,4.93,3.19,1.47561,0.918709,1.36869,3.7627700000000006,182.8,7530.2,1.09296,0.9443439999999999,1.56279,3.59923
2026-01-29 22:45:00+00:00,0.0,5.5,0.0,0.0,0.0,0.72,0.81,0.71,0.66,0.0,2.1,1.8,23.4,2.7,3.2,2.9,0.4,7.29,7.57,5.59,8.72,50.0,404.6,234.4,406.2,233.2,405.6,235.0,405.3,234.3,4.6,1.76835,1.30229,2.04667,5.1092,9842.1,2.05,117.3,5731.0,4.93,3.14,1.42891,0.918352,1.35427,3.69603,182.8,7532.7,1.04269,0.91982,1.53183,3.49489
2026-01-29 23:00:00+00:00,0.0,5.378947368421053,0.0,0.0,0.0,0.6900000000000001,0.6842857142857143,0.71,0.6614285714285714,0.0,7.185714285714285,4.9875,34.51428571428571,2.742857142857143,2.728571428571428,2.085714285714286,0.4571428571428572,6.6000000000000005,5.531428571428571,5.5842857142857145,8.68,50.0,403.40000000000003,234.04285714285714,404.7714285714286,232.44285714285712,404.5285714285714,234.18571428571428,404.2857142857143,233.5142857142857,4.582857142857143,1.2898332857142858,1.2926900000000001,2.0275542857142854,4.609699999999999,9842.842857142856,2.044285714285714,117.3,5731.657142857142,4.93,3.1342857142857143,0.9285404285714287,0.9181878571428571,1.3475242857142857,3.1967542857142854,182.8,7533.214285714285,0.8758875714285714,0.915313,1.51914,3.3090914285714286
2026-01-29 23:15:00+00:00,0.0,5.405940594059406,0.0,0.0,0.0,0.7125,0.755,0.71,0.6625000000000001,0.0,5.675,4.1125,31.200000000000003,1.8,0.65,2.075,0.4375,7.05,6.8975,5.5875,8.6725,50.0,402.8,233.55,404.3,232.25,403.65,233.875,403.6,233.225,4.57,1.60641225,1.2947000000000002,2.0255325,4.9312775,9843.925,2.04,117.3,5732.299999999999,4.93,3.13,1.247446,0.9164605,1.3427875,3.5107825,182.8,7533.9,0.997001,0.9154232499999999,1.5161175,3.4282675
2026-01-29 23:30:00+00:00,0.0,5.5049504950495045,0.0,0.0,0.0,0.7225,0.79125,0.70875,0.66,0.0,4.4125,4.3125,26.475,1.6875,0.075,1.875,0.41250000000000003,7.225,7.4087499999999995,5.5925,8.68375,50.0,403.1375,233.5875,404.675,232.38750000000002,403.95,234.0375,403.925,233.375,4.565,1.727288,1.2984962500000001,2.032105,5.061064999999999,9844.325,2.03625,117.3,5732.575,4.93,3.13375,1.37565225,0.916651875,1.34417,3.6404099999999997,182.8,7534.1625,1.0383431250000001,0.919026,1.522175,3.479815
2026-01-29 23:45:00+00:00,0.0,5.474747474747475,0.0,0.0,0.0,0.715,0.7875,0.7,0.66,0.0,5.1,6.7875,30.825000000000003,2.5875,2.1625,2.45,0.375,7.1225000000000005,6.99,5.625,8.754999999999999,50.0,406.5,235.425,407.90000000000003,234.125,407.4,235.75,407.35,235.2,4.54875,1.6459484999999998,1.319475,2.0644424999999997,5.028965,9846.275,2.01625,117.3,5734.1,4.93,3.17875,1.3221745,0.92362375,1.363645,3.61057,182.8,7535.6,0.96977125,0.9408745000000001,1.55545,3.4661
2026-01-30 00:00:00+00:00,0.0,5.351648351648351,0.0,0.0,0.0,0.7299999999999999,0.83,0.7,0.66,0.0,4.542857142857143,5.614285714285714,24.985714285714288,2.2285714285714286,3.6142857142857143,3.3285714285714287,0.38571428571428573,7.492857142857143,8.155714285714286,5.604285714285714,8.718571428571428,50.08571428571429,405.0571428571429,234.91428571428574,406.3,233.55714285714288,405.7857142857143,235.05714285714288,406.4714285714286,234.45714285714286,4.56,1.9128257142857144,1.3160657142857144,2.0580585714285715,5.289565714285715,9847.257142857143,2.02,117.3,5734.8,4.93,3.19,1.5880914285714287,0.9226821428571429,1.3605742857142857,3.863008571428572,182.8,7536.214285714285,1.0731985714285714,0.9362079999999999,1.5461357142857144,3.5543914285714284
2026-01-30 00:15:00+00:00,0.0,5.188679245283019,0.0,0.0,0.0,0.6875,0.68125,0.71,0.66125,0.0,9.924999999999999,5.375,39.487500000000004,1.7875,2.425,2.7,0.4875,6.26375,4.53625,5.5975,8.66,50.0,403.67499999999995,234.3125,404.72499999999997,232.5125,404.47499999999997,234.11249999999998,404.2875,233.675,4.6375,1.05941075,1.29922125,2.02661875,4.38918125,9848.525,2.0575,117.3,5735.6,4.93,3.2212500000000004,0.742928875,0.9196465,1.34816875,3.00748375,182.8,7537.0875,0.7483843749999999,0.919549625,1.51413375,3.1846674999999998
2026-01-30 00:30:00+00:00,0.0,5.44,0.0,0.0,0.0,0.6950000000000001,0.70625,0.71,0.67,0.0,7.3375,5.85,37.237500000000004,2.7375,2.6125,2.775,0.475,6.41375,5.00625,5.58375,8.6525,50.0,403.0375,233.975,404.1375,232.20000000000002,403.7625,233.72500000000002,403.625,233.2875,4.525,1.16313725,1.28528875,2.0095975,4.4585725,9849.9625,2.025,117.3,5736.675,4.93,3.15,0.852007875,0.915483625,1.34448125,3.10961625,182.8,7538.0375,0.782749375,0.909787375,1.50093125,3.18827125
2026-01-30 00:45:00+00:00,0.0,5.411764705882353,0.0,0.0,0.0,0.7050000000000001,0.745,0.71,0.66125,0.0,6.3,6.175,32.925,2.675,1.225,1.9625000000000001,0.41250000000000003,6.744999999999999,5.97625,5.59375,8.66875,50.0,403.8875,234.2375,404.925,232.775,404.54999999999995,234.2,404.375,233.7375,4.55,1.3953986250000001,1.3002212499999999,2.03273125,4.73018375,9851.0625,2.025,117.3,5737.55,4.93,3.17,1.080817375,0.91762175,1.3450275,3.3447125,182.8,7538.8875,0.865363,0.920704875,1.5187,3.30621875
2026-01-30 01:00:00+00:00,0.0,5.444444444444445,0.0,0.0,0.0,0.68,0.66,0.71,0.67,0.0,6.642857142857143,6.699999999999999,41.55714285714286,1.842857142857143,2.6714285714285713,1.4571428571428573,0.5,6.097142857142857,4.0842857142857145,5.58,8.624285714285715,50.0,402.65714285714284,233.84285714285716,403.8142857142857,231.94285714285712,403.4857142857143,233.3714285714286,403.3285714285715,233.04285714285714,4.477142857142857,0.9523745714285715,1.2907042857142856,2.0147057142857143,4.254842857142857,9852.014285714287,2.027142857142857,117.3,5738.2,4.93,3.09,0.6342232857142857,0.9152681428571429,1.342717142857143,2.8926614285714285,182.8,7539.5,0.7107091428571428,0.9101058571428571,1.499012857142857,3.1210899999999997
2026-01-30 01:15:00+00:00,0.0,5.411764705882353,0.0,0.0,0.0,0.68,0.66,0.71,0.67,0.0,6.0,4.6,41.7,1.2,2.1,1.1,0.5,6.09,4.07,5.58,8.61,50.0,402.3,233.7,403.6,231.8,403.2,233.3,402.9,232.9,4.27,0.951596,1.29319,2.01397,4.2535,9852.8,2.02,117.3,5738.7,4.93,2.89,0.631169,0.916256,1.33866,2.88904,182.8,7540.0,0.709122,0.908878,1.49972,3.11929
2026-01-30 01:30:00+00:00,0.0,5.406593406593407,0.0,0.0,0.0,0.68,0.6657142857142857,0.7157142857142856,0.67,0.0,6.771428571428571,4.3999999999999995,41.65714285714286,1.5142857142857142,2.6285714285714286,2.314285714285714,0.5,6.054285714285713,4.04,5.5442857142857145,8.578571428571427,50.0,400.6857142857143,232.5142857142857,401.87142857142857,230.74285714285716,401.4857142857143,232.42857142857142,401.37142857142857,231.84285714285716,4.52,0.9384868571428572,1.2772599999999998,1.99419,4.2118014285714285,9854.42857142857,2.01,117.3,5739.871428571429,4.93,3.1699999999999995,0.6262614285714285,0.9128277142857143,1.3332728571428571,2.8709314285714287,182.8,7541.171428571428,0.6983125714285715,0.8961278571428571,1.4819357142857144,3.0757742857142856
2026-01-30 01:45:00+00:00,0.0,5.315789473684211,0.0,0.0,0.0,0.68,0.67,0.7142857142857143,0.67,0.0,7.828571428571428,6.742857142857142,41.642857142857146,0.8428571428571429,2.6999999999999997,2.8285714285714287,0.5,6.0442857142857145,4.034285714285715,5.54,8.564285714285715,50.05714285714286,400.31428571428575,232.37142857142857,401.5285714285714,230.58571428571426,401.1142857142857,232.24285714285716,400.9142857142857,231.68571428571428,4.502857142857143,0.9342677142857143,1.2750885714285716,1.9886014285714286,4.201362857142857,9855.228571428572,1.9985714285714284,117.3,5740.457142857143,4.93,3.164285714285714,0.6256145714285715,0.9135225714285714,1.334744285714286,2.8728357142857144,182.8,7541.7,0.6942554285714285,0.8927354285714285,1.4766442857142859,3.063805714285714
2026-01-30 02:00:00+00:00,0.0,5.32183908045977,0.0,0.0,0.0,0.68,0.6671428571428571,0.71,0.6671428571428571,0.0,8.714285714285714,6.9375,41.48571428571429,0.8142857142857143,2.1714285714285713,2.642857142857143,0.5,6.077142857142857,4.078571428571428,5.5600000000000005,8.605714285714287,50.1,401.75714285714287,233.22857142857143,403.0285714285714,231.44285714285712,402.5857142857143,233.1142857142857,402.38571428571424,232.57142857142858,4.412857142857143,0.9479727142857143,1.2843242857142858,2.0023500000000003,4.229765714285714,9856.07142857143,1.99,117.3,5741.085714285714,4.93,3.082857142857143,0.6319685714285714,0.915499,1.3400185714285715,2.8857442857142854,182.8,7542.314285714286,0.7058795714285715,0.9018714285714287,1.4932557142857144,3.1011285714285712
2026-01-30 02:15:00+00:00,0.0,5.252747252747253,0.0,0.0,0.0,0.6900000000000001,0.7042857142857143,0.7028571428571428,0.66,0.0,6.185714285714285,7.314285714285714,36.65714285714286,2.2714285714285714,2.4714285714285715,2.6285714285714286,0.4714285714285714,6.527142857142857,5.265714285714286,5.61,8.714285714285715,50.028571428571425,405.41428571428565,235.25714285714284,406.64285714285717,233.57142857142858,406.0285714285714,235.20000000000002,405.9714285714286,234.62857142857143,4.5128571428571425,1.232307,1.3056771428571428,2.044035714285714,4.5780328571428575,9857.457142857142,2.0328571428571425,117.3,5742.128571428571,4.93,3.1114285714285717,0.9026442857142857,0.9187684285714285,1.3551585714285714,3.1750857142857143,182.8,7543.328571428572,0.8249058571428571,0.9281408571428571,1.5376714285714286,3.28945
2026-01-30 02:30:00+00:00,0.0,5.483516483516484,0.0,0.0,0.0,0.6785714285714286,0.6842857142857143,0.7,0.66,0.0,6.242857142857142,4.9125,39.27142857142858,2.342857142857143,2.8714285714285714,2.585714285714286,0.4857142857142857,6.337142857142857,4.6814285714285715,5.61,8.702857142857143,50.0,405.2857142857143,235.1285714285714,406.5,233.42857142857142,406.07142857142856,235.12857142857143,405.9714285714286,234.58571428571426,4.63,1.0999314285714286,1.3055728571428573,2.0481828571428573,4.453777142857143,9858.42857142857,2.05,117.3,5742.757142857144,4.93,3.2,0.7688931428571429,0.9215172857142857,1.3537257142857142,3.0481842857142856,182.8,7543.942857142857,0.7780797142857142,0.9282971428571428,1.5365157142857142,3.2416785714285714
2026-01-30 02:45:00+00:00,0.0,5.705263157894737,0.0,0.0,0.0,0.7299999999999999,0.83,0.7,0.66,0.0,3.3,5.1,25.0,0.2,2.2,1.9,0.4,7.47,8.1,5.6,8.72,50.0,404.8,234.5,406.3,233.4,405.8,235.1,405.6,234.4,4.61,1.8933,1.30466,2.05015,5.25047,9859.5,2.05,117.3,5743.6,4.93,3.2,1.56851,0.917388,1.35373,3.84749,182.8,7544.7,1.06116,0.9240959999999999,1.53722,3.52046
2026-01-30 03:00:00+00:00,0.0,5.428571428571429,0.0,0.0,0.0,0.7042857142857143,0.7571428571428571,0.7,0.66,0.0,4.628571428571428,3.5142857142857147,32.0,2.3428571428571425,2.957142857142857,2.2714285714285714,0.4428571428571429,6.895714285714285,6.374285714285714,5.595714285714286,8.714285714285714,50.042857142857144,405.0571428571429,234.85714285714286,406.5142857142857,233.45714285714286,406.0,235.22857142857143,405.9142857142857,234.48571428571427,4.4628571428571435,1.4950934285714284,1.3100014285714288,2.0481514285714284,4.8518928571428575,9860.685714285715,2.04,117.3,5744.471428571429,4.93,3.0585714285714287,1.1677335714285715,0.9204869999999999,1.3560400000000001,3.442118571428572,182.8,7545.571428571428,0.9163988571428572,0.9278535714285715,1.5367514285714285,3.381001428571429
2026-01-30 03:15:00+00:00,0.0,5.591397849462366,0.0,0.0,0.0,0.6871428571428572,0.7014285714285714,0.7,0.66,0.0,6.628571428571428,4.271428571428571,36.871428571428574,2.357142857142857,2.8714285714285714,2.7857142857142856,0.4714285714285714,6.534285714285715,5.258571428571429,5.614285714285714,8.725714285714286,50.0,405.6857142857143,235.4,406.9714285714286,233.72857142857143,406.4428571428571,235.41428571428574,406.37142857142857,234.84285714285716,4.36,1.234082857142857,1.3103942857142858,2.0506442857142857,4.596615714285714,9861.614285714286,2.04,117.3,5745.1,4.93,2.96,0.9033800000000001,0.9207118571428571,1.352577142857143,3.1727014285714286,182.8,7546.199999999999,0.8265800000000001,0.931159142857143,1.541347142857143,3.298717142857143
2026-01-30 03:30:00+00:00,0.0,5.314606741573034,0.0,0.0,0.0,0.67,0.65,0.7,0.66,0.0,7.957142857142856,5.7,41.48571428571428,2.5,2.628571428571429,2.342857142857143,0.5,6.1814285714285715,4.187142857142857,5.62,8.741428571428571,50.0,406.2285714285714,235.74285714285716,407.42857142857144,233.98571428571427,407.14285714285717,235.65714285714287,406.8285714285715,235.1142857142857,4.502857142857143,0.9849628571428571,1.312447142857143,2.0582814285714286,4.355652857142857,9862.614285714286,2.0471428571428567,117.3,5745.8,4.93,3.0885714285714285,0.6449194285714286,0.9206642857142857,1.354017142857143,2.91602,182.8,7546.900000000001,0.7433157142857143,0.9349981428571429,1.5481485714285714,3.2266814285714283
2026-01-30 03:45:00+00:00,0.0,5.382022471910112,0.0,0.0,0.0,0.67,0.65,0.7,0.66,0.0,8.1,6.7,41.4,2.5,2.6,2.2,0.5,6.19,4.21,5.62,8.75,50.0,406.4,235.8,407.6,234.1,407.4,235.8,407.0,235.2,4.56,0.990772,1.31397,2.06235,4.36587,9862.9,2.05,117.3,5746.0,4.93,3.14,0.647812,0.9208679999999999,1.3558,2.92144,182.8,7547.1,0.747418,0.936735,1.55158,3.23621
2026-01-30 04:00:00+00:00,0.0,5.670329670329671,0.0,0.0,0.0,0.6785714285714286,0.6585714285714286,0.7,0.66,0.0,6.557142857142857,7.214285714285714,41.31428571428571,2.585714285714286,2.942857142857143,2.457142857142857,0.5,6.155714285714287,4.167142857142857,5.611428571428571,8.698571428571428,50.08571428571429,405.2,235.28571428571428,406.57142857142856,233.32857142857142,406.1142857142857,235.1142857142857,405.88571428571424,234.6,4.602857142857142,0.9818242857142857,1.3026814285714285,2.045258571428571,4.3288585714285714,9864.442857142858,2.05,117.3,5747.199999999999,4.93,3.182857142857143,0.6458894285714285,0.9224485714285714,1.3603514285714287,2.9248942857142852,182.8,7548.214285714285,0.7351462857142856,0.9251104285714286,1.5340085714285716,3.198461428571428
2026-01-30 04:15:00+00:00,0.0,5.404494382022472,0.0,0.0,0.0,0.67,0.66,0.7,0.66,0.0,10.2,5.4,41.2,2.3,3.0,2.5,0.5,6.17,4.18,5.61,8.71,50.0,405.9,235.5,407.1,233.7,406.8,235.5,406.5,234.9,4.63,0.9866210000000001,1.31036,2.04883,4.35635,9865.7,2.05,117.3,5748.1,4.93,3.22,0.6505789999999999,0.923928,1.35253,2.9187,182.8,7549.1,0.740438,0.931243,1.54242,3.21649
2026-01-30 04:30:00+00:00,0.0,5.288888888888889,0.0,0.0,0.0,0.67,0.66,0.7,0.66,0.0,10.114285714285714,4.857142857142857,41.2,2.157142857142857,2.857142857142857,2.6142857142857143,0.5,6.17,4.18,5.61,8.712857142857144,50.028571428571425,405.92857142857144,235.55714285714288,407.1857142857143,233.75714285714284,406.8,235.5,406.5857142857143,234.92857142857142,4.604285714285714,0.9860881428571427,1.30982,2.049684285714286,4.354392857142857,9866.27142857143,2.052857142857143,117.3,5748.471428571429,4.93,3.1914285714285713,0.6499561428571428,0.9236165714285713,1.3530814285714285,2.919645714285714,182.8,7549.471428571429,0.7405397142857143,0.9314227142857143,1.5420228571428571,3.2152614285714285
2026-01-30 04:45:00+00:00,0.0,5.43298969072165,0.0,0.0,0.0,0.67,0.66,0.7,0.66,0.0,8.685714285714285,4.571428571428571,41.2,2.085714285714286,1.6428571428571428,2.9714285714285715,0.5,6.17,4.18,5.617142857142857,8.72,50.1,406.0,235.6285714285714,407.3285714285715,233.82857142857145,406.87142857142857,235.57142857142858,406.7285714285714,235.0,4.54,0.9831838571428572,1.3090557142857142,2.0509414285714285,4.343571428571428,9868.057142857144,2.06,117.3,5749.757142857142,4.93,3.12,0.6491925714285715,0.9231372857142858,1.34871,2.917131428571429,182.8,7550.685714285714,0.7377247142857143,0.9310784285714285,1.5375014285714284,3.204882857142857
2026-01-30 05:00:00+00:00,0.0,5.444444444444445,0.0,0.0,0.0,0.67,0.66,0.6999999999999998,0.66,0.0,7.433333333333334,4.7,41.25,0.9166666666666666,1.8166666666666667,2.0,0.5,6.186666666666667,4.196666666666666,5.614999999999999,8.741666666666667,49.96666666666667,406.1666666666667,235.75,407.48333333333335,234.0666666666667,407.0833333333333,235.75,406.9166666666667,235.1,4.623333333333333,0.987984,1.31058,2.05747,4.359385,9869.2,2.06,117.3,5750.533333333333,4.93,3.2033333333333336,0.6489756666666667,0.9184778333333333,1.355005,2.91973,182.80000000000004,7551.433333333333,0.7453183333333334,0.9349776666666667,1.5486783333333332,3.22859
2026-01-30 05:15:00+00:00,0.0,5.652631578947369,0.0,0.0,0.0,0.67,0.66,0.7,0.66,0.0,8.3,4.4,41.2,0.9,2.1,2.4,0.5,6.19,4.2,5.62,8.74,50.0,406.5,235.9,407.7,234.3,407.3,235.9,407.2,235.3,4.64,0.987397,1.31313,2.05608,4.36262,9869.7,2.06,117.3,5750.9,4.93,3.22,0.650202,0.919484,1.35826,2.9255299999999997,182.8,7551.8,0.74419,0.936148,1.54921,3.23019
2026-01-30 05:30:00+00:00,0.0,5.425,0.0,0.0,0.0,0.67,0.66,0.6999999999999998,0.66,0.0,6.266666666666667,6.583333333333333,41.333333333333336,2.783333333333333,2.566666666666667,1.8666666666666665,0.5,6.178333333333334,4.18,5.623333333333334,8.731666666666667,50.03333333333333,406.1333333333334,235.65,407.5,233.93333333333337,406.93333333333334,235.6833333333333,406.8666666666666,235.1,4.656666666666667,0.9848361666666667,1.3143633333333333,2.0579233333333335,4.358736666666666,9871.116666666667,2.06,117.3,5751.95,4.93,3.2283333333333335,0.6475748333333333,0.922038,1.3576733333333333,2.92751,182.80000000000004,7552.733333333334,0.7393966666666666,0.9327873333333333,1.5460866666666666,3.21977
2026-01-30 05:45:00+00:00,0.0,5.456521739130435,0.0,0.0,0.0,0.6957142857142857,0.7328571428571429,0.7,0.66,0.0,5.2,7.871428571428572,34.614285714285714,3.0,3.0142857142857147,2.942857142857143,0.4571428571428572,6.784285714285715,5.985714285714287,5.622857142857143,8.745714285714286,50.028571428571425,406.3,235.6,407.7714285714286,234.17142857142858,407.1857142857143,235.94285714285712,407.11428571428576,235.21428571428572,4.445714285714286,1.4055254285714285,1.3164257142857143,2.060692857142857,4.783627142857143,9872.157142857144,2.06,117.3,5752.771428571429,4.93,3.0157142857142856,1.0660851428571427,0.9225115714285714,1.356377142857143,3.344315714285714,182.8,7553.428571428572,0.89947,0.9364112857142857,1.5530571428571427,3.3878071428571426
2026-01-30 06:00:00+00:00,0.0,5.505376344086022,0.0,0.0,0.0,0.6871428571428572,0.7085714285714285,0.7,0.66,0.0,5.814285714285715,8.042857142857143,36.614285714285714,1.6714285714285713,1.2857142857142858,2.4285714285714284,0.4714285714285714,6.747142857142856,5.890000000000001,5.611428571428571,8.727142857142857,50.0,405.61428571428576,235.29999999999998,406.9857142857143,233.72857142857143,406.4142857142857,235.41428571428574,406.35714285714283,234.82857142857142,4.442857142857143,1.2496625714285714,1.309537142857143,2.053231428571429,4.615854285714286,9873.27142857143,2.06,117.3,5753.471428571429,4.93,3.0100000000000002,1.0485740000000001,0.9189065714285715,1.3489514285714286,3.317747142857143,182.8,7554.171428571429,0.8834827142857142,0.93251,1.5471257142857142,3.365531428571429
2026-01-30 06:15:00+00:00,0.0,5.534883720930233,0.0,0.0,0.0,0.6785714285714286,0.6842857142857143,0.7,0.66,0.0,7.857142857142857,6.385714285714286,39.028571428571425,3.642857142857143,4.171428571428572,3.0142857142857147,0.4857142857142857,6.369999999999999,4.761428571428572,5.605714285714286,8.737142857142858,49.957142857142856,405.87142857142857,235.5142857142857,407.2,233.84285714285716,406.7714285714286,235.54285714285714,406.5857142857143,234.97142857142856,4.6414285714285715,1.1185685714285714,1.3088457142857144,2.0531528571428574,4.479365714285715,9874.342857142858,2.06,117.3,5754.228571428571,4.93,3.205714285714286,0.7806157142857143,0.9178554285714285,1.3539014285714284,3.0522614285714282,182.8,7554.928571428572,0.7920851428571429,0.9334258571428571,1.5485000000000002,3.27162
2026-01-30 06:30:00+00:00,0.0,5.520833333333333,0.0,0.0,0.0,0.67,0.66,0.7,0.66,0.0,7.5,6.1,41.3,5.7,6.4,4.7,0.5,6.18,4.19,5.6,8.73,49.9,405.8,235.5,407.1,233.8,406.7,235.4,406.5,234.9,4.63,0.985028,1.30564,2.04679,4.33122,9874.7,2.06,117.3,5754.5,4.93,3.2,0.6467219999999999,0.915481,1.3537699999999997,2.91532,182.8,7555.2,0.7442529999999999,0.932228,1.5459,3.21948
2026-01-30 06:45:00+00:00,0.0,5.443181818181818,0.0,0.0,0.0,0.67,0.66,0.7,0.66,0.0,7.1571428571428575,5.5,41.3,5.142857142857143,5.8,4.4,0.5,6.177142857142856,4.187142857142858,5.6,8.725714285714286,49.9,405.65714285714284,235.41428571428574,406.9571428571429,233.70000000000002,406.5571428571429,235.31428571428572,406.35714285714283,234.81428571428572,4.587142857142857,0.984522,1.3051528571428572,2.0458028571428573,4.329417142857143,9875.028571428573,2.0571428571428574,117.3,5754.742857142856,4.93,3.1585714285714284,0.6463297142857144,0.9152264285714286,1.3517485714285713,2.9128142857142856,182.8,7555.442857142857,0.7431928571428571,0.9312998571428571,1.5441028571428572,3.2164957142857142
2026-01-30 07:00:00+00:00,0.0,5.404494382022472,0.0,0.0,0.0,0.67,0.66,0.7,0.66,0.0,4.671428571428572,4.114285714285715,41.3,1.8714285714285714,1.2714285714285716,2.5285714285714285,0.5,6.160000000000001,4.17,5.6,8.692857142857141,50.042857142857144,405.15714285714284,235.1142857142857,406.4571428571429,233.3857142857143,406.12857142857143,235.08571428571426,405.85714285714283,234.5142857142857,4.33,0.9797195714285715,1.303622857142857,2.044772857142857,4.325207142857143,9877.357142857143,2.04,117.3,5756.4857142857145,4.93,2.91,0.646701,0.919119,1.3459414285714286,2.908215714285714,182.8,7557.042857142857,0.7351855714285714,0.9242631428571428,1.5338128571428573,3.194825714285714
2026-01-30 07:15:00+00:00,0.0,5.413333333333333,0.0,0.0,0.0,0.6716666666666667,0.66,0.7016666666666667,0.66,0.0,4.6499999999999995,5.0,41.3,2.183333333333333,1.2833333333333334,2.533333333333333,0.5,6.153333333333333,4.163333333333333,5.595,8.683333333333332,50.083333333333336,404.95,235.0,406.2666666666667,233.28333333333333,405.90000000000003,235.0,405.65000000000003,234.4,4.373333333333334,0.9765465,1.301548333333333,2.0432233333333336,4.32038,9877.75,2.0383333333333336,117.3,5756.783333333334,4.93,2.9583333333333335,0.646474,0.920239,1.3463666666666667,2.9082466666666664,182.80000000000004,7557.283333333334,0.7325043333333334,0.9217091666666667,1.5312183333333333,3.1864216666666665
2026-01-30 07:30:00+00:00,0.0,5.362745098039215,0.0,0.0,0.0,0.6950000000000001,0.72375,0.71,0.66,0.0,5.5875,4.775,35.75,1.6875,2.825,2.55,0.4625,6.61125,5.2775,5.57375,8.65375,50.0,402.9375,233.73749999999998,404.45,232.2,403.8625,233.9625,403.7875,233.325,4.5825,1.3441325,1.29226,2.02519875,4.6621325,9879.525,2.03,117.3,5758.075,4.93,3.1925000000000003,1.0141971250000001,0.913694,1.3393825,3.2664412499999997,182.8,7558.5375,0.86889975,0.9137777499999999,1.51877125,3.3032875
2026-01-30 07:45:00+00:00,0.0,5.623376623376624,0.0,0.0,0.0,0.67,0.66,0.71,0.66,0.0,7.3,4.166666666666667,41.4,1.1833333333333333,2.966666666666667,2.6333333333333333,0.5,6.12,4.14,5.57,8.67,50.0,403.3999999999999,234.0,404.8,232.4,404.5,234.19999999999996,404.3,233.6,4.57,0.9675715,1.294885,2.02998,4.293901666666667,9880.416666666666,2.03,117.3,5758.650000000001,4.93,3.18,0.6376571666666667,0.9133041666666667,1.3415583333333334,2.8964433333333335,182.80000000000004,7559.05,0.7265511666666667,0.9157885,1.52264,3.164923333333333
2026-01-30 08:00:00+00:00,0.0,5.388888888888889,0.0,0.0,0.0,0.6737500000000001,0.66,0.705,0.66,0.0,8.1,4.7375,41.45,2.15,2.65,2.125,0.5,6.11875,4.145,5.55875,8.651250000000001,50.0,403.3375,234.1875,404.7,232.3125,404.475,234.1125,404.125,233.5125,4.40375,0.9707125,1.29510875,2.03109125,4.296985,9881.575,2.03,117.3,5759.4125,4.93,3.005,0.641484875,0.914302,1.3441375,2.89926125,182.8,7559.8625,0.72823575,0.917160375,1.524435,3.16905875
2026-01-30 08:15:00+00:00,0.0,5.214285714285714,0.0,0.0,0.0,0.6716666666666667,0.66,0.7016666666666667,0.66,0.0,9.233333333333333,4.414285714285714,41.36666666666667,2.3666666666666667,2.8666666666666667,2.466666666666667,0.5,6.114999999999999,4.141666666666667,5.551666666666667,8.646666666666667,49.949999999999996,403.01666666666665,234.0,404.40000000000003,232.11666666666667,404.1166666666666,233.91666666666666,403.8333333333333,233.3166666666667,4.466666666666666,0.9682599999999999,1.290815,2.025565,4.283991666666666,9882.566666666666,2.0349999999999997,117.3,5760.166666666667,4.93,3.0716666666666668,0.6394978333333333,0.9105483333333333,1.3380766666666666,2.89156,182.80000000000004,7560.616666666668,0.726303,0.9142301666666667,1.5207733333333333,3.160895
2026-01-30 08:30:00+00:00,0.0,5.3431372549019605,0.0,0.0,0.0,0.69625,0.72375,0.71,0.66,0.0,6.0,3.5,35.65,2.5125,2.0875,1.725,0.4625,6.66375,5.76875,5.56625,8.66125,49.9625,403.0625,233.825,404.57500000000005,232.2625,404.0375,233.9375,403.9625,233.3625,4.54,1.344665,1.2928087499999998,2.02412,4.6618525,9883.7,2.03,117.3,5760.95,4.93,3.14,1.013782875,0.912986375,1.342395,3.26723375,182.8,7561.3875,0.8703045,0.91660475,1.5204725,3.30714
2026-01-30 08:45:00+00:00,0.0,5.341463414634147,0.0,0.0,0.0,0.6783333333333333,0.66,0.7083333333333334,0.66,0.0,6.779999999999999,3.6,40.800000000000004,1.8999999999999997,1.2,1.4166666666666667,0.48333333333333334,6.118333333333333,4.136666666666667,5.568333333333334,8.655,50.0,403.4666666666667,234.21666666666667,404.95,232.51666666666665,404.45,234.15,404.36666666666673,233.65,4.556666666666666,0.9682665,1.29575,2.02452,4.28918,9884.783333333333,2.0216666666666665,117.3,5761.716666666667,4.93,3.1649999999999996,0.6398963333333333,0.9122141666666667,1.3407583333333335,2.898315,182.80000000000004,7562.099999999999,0.7241896666666667,0.9161376666666666,1.5193466666666666,3.1601850000000002
2026-01-30 09:00:00+00:00,0.0,5.364583333333333,0.0,0.0,0.0,0.68,0.66,0.7,0.66,0.0,6.779999999999999,8.5,38.0,2.8,2.4,1.3,0.4,6.11,4.13,5.56,8.64,50.0,402.9,233.8,404.4,232.0,403.9,233.8,403.8,233.3,4.56,0.966038,1.2906600000000001,2.01904,4.27551,9885.2,2.02,117.3,5762.1,4.93,3.1699999999999995,0.640434,0.910744,1.33738,2.89417,182.8,7562.4,0.7228520000000002,0.913259,1.5136799999999997,3.14977
2026-01-30 09:15:00+00:00,0.0,5.409090909090909,0.0,0.0,0.0,0.68,0.66,0.7085714285714285,0.66,0.0,9.133333333333333,5.414285714285714,41.0,2.5142857142857147,2.457142857142857,2.3285714285714283,0.4857142857142857,6.11,4.13,5.562857142857142,8.634285714285715,49.94285714285714,402.64285714285717,233.77142857142857,404.0857142857143,231.91428571428574,403.7,233.71428571428572,403.45714285714286,233.12857142857143,4.474285714285714,0.9639357142857143,1.2870428571428572,2.0171657142857145,4.269818571428572,9886.657142857144,2.0285714285714285,117.3,5763.1,4.93,3.084285714285714,0.6391105714285714,0.9099531428571428,1.3374142857142857,2.8878642857142856,182.8,7563.428571428572,0.7212165714285713,0.9113667142857143,1.5130199999999998,3.1455100000000003
2026-01-30 09:30:00+00:00,0.0,5.533333333333333,0.0,0.0,0.0,0.68,0.66,0.71,0.66,0.0,8.4,3.3,41.5,2.4,1.4,1.9,0.5,6.11,4.13,5.57,8.64,50.0,403.0,233.9,404.3,232.1,404.0,233.9,403.8,233.3,4.46,0.965556,1.28552,2.01764,4.26825,9887.3,2.03,117.3,5763.6,4.93,3.07,0.638904,0.910408,1.3401,2.89214,182.8,7563.8,0.723166,0.911834,1.51519,3.15004
2026-01-30 09:45:00+00:00,0.0,5.43956043956044,0.0,0.0,0.0,0.6714285714285715,0.66,0.71,0.66,0.0,6.514285714285714,6.128571428571428,41.41428571428571,2.314285714285714,2.4285714285714284,2.6714285714285713,0.5,6.11,4.138571428571429,5.561428571428571,8.64,50.0,403.5142857142858,234.24285714285716,404.7285714285714,232.44285714285712,404.42857142857144,234.15714285714284,404.14285714285717,233.64285714285714,4.588571428571429,0.9661491428571428,1.29104,2.02484,4.286147142857144,9888.585714285713,2.0214285714285714,117.3,5764.542857142857,4.93,3.198571428571429,0.6403414285714285,0.9128697142857142,1.3428857142857142,2.889928571428571,182.8,7564.742857142856,0.7237231428571429,0.9133065714285714,1.5177185714285717,3.154677142857143
2026-01-30 10:00:00+00:00,0.0,5.359550561797753,0.0,0.0,0.0,0.6871428571428572,0.7085714285714285,0.7071428571428571,0.66,0.0,5.371428571428572,5.887499999999999,36.57142857142857,2.1,2.0,2.2857142857142856,0.4714285714285714,6.478571428571429,5.208571428571429,5.5685714285714285,8.662857142857144,50.0,404.0571428571429,234.41428571428574,405.37142857142857,232.84285714285716,404.9857142857143,234.5142857142857,404.7142857142857,233.95714285714283,4.612857142857143,1.217302857142857,1.2953,2.0335457142857143,4.5503728571428566,9889.285714285714,2.0228571428571427,117.3,5765.0142857142855,4.93,3.22,0.896135,0.9148608571428571,1.3448071428571429,3.148825714285714,182.8,7565.271428571427,0.8119885714285714,0.9180377142857142,1.5251828571428572,3.254904285714286
2026-01-30 10:15:00+00:00,0.0,5.5476190476190474,0.0,0.0,0.0,0.73,0.83,0.6999999999999998,0.66,0.0,3.2999999999999994,5.599999999999999,24.5,1.6000000000000003,0.5,1.0,0.4000000000000001,7.400000000000001,7.88,5.59,8.72,50.0,405.2,234.69999999999996,406.8,233.69999999999996,406.2,235.30000000000004,406.0,234.6,4.62,1.84494,1.30365,2.05231,5.20348,9890.5,2.03,117.3,5765.8,4.93,3.22,1.53502,0.918813,1.34845,3.7969899999999996,182.80000000000004,7566.2,1.03242,0.929252,1.54279,3.5035399999999997
2026-01-30 10:30:00+00:00,0.0,5.524271844660194,0.0,0.0,0.0,0.73,0.83,0.7,0.66,0.0,3.3,5.6,24.5,1.6,0.5,1.0,0.4,7.4,7.88,5.59,8.72,50.0,405.2,234.7,406.8,233.7,406.2,235.3,406.0,234.6,4.62,1.84494,1.30365,2.05231,5.20348,9890.5,2.03,117.3,5765.8,4.93,3.22,1.53502,0.918813,1.34845,3.79699,182.8,7566.2,1.03242,0.929252,1.54279,3.50354
2026-01-30 10:45:00+00:00,0.0,5.490909090909091,0.0,0.0,0.0,0.66,0.65,0.69,0.65,0.0,4.6,3.1,26.5,2.1,0.7,1.1,0.4,6.23,4.24,5.64,8.8,50.0,408.5,237.2,410.0,235.4,409.6,236.9,409.5,236.5,4.72,1.00865,1.33168,2.09687,4.43565,9893.5,2.08,117.3,5768.0,4.93,3.25,0.650977,0.921643,1.36165,2.93234,182.8,7568.3,0.767917,0.95931,1.587,3.31328
2026-01-30 11:00:00+00:00,0.0,5.404255319148936,0.0,0.0,0.0,0.6771428571428572,0.6928571428571428,0.6900000000000001,0.65,0.0,5.6571428571428575,3.185714285714286,34.47142857142857,1.7285714285714284,2.6142857142857143,2.5,0.42857142857142855,6.618571428571428,5.359999999999999,5.659999999999999,8.842857142857143,50.0,409.9857142857143,237.8857142857143,411.45714285714286,236.31428571428572,410.8285714285715,237.78571428571428,410.8142857142857,237.29999999999998,4.722857142857143,1.2730242857142857,1.337645714285714,2.104975714285714,4.713512857142858,9894.357142857143,2.085714285714286,117.3,5768.657142857143,4.93,3.2471428571428573,0.9206647142857143,0.9231047142857144,1.3632842857142857,3.20364,182.8,7568.842857142858,0.8640612857142856,0.9671014285714286,1.6025257142857143,3.4350028571428575
2026-01-30 11:15:00+00:00,0.0,5.382022471910112,0.0,0.0,0.0,0.6971428571428572,0.7457142857142857,0.6928571428571428,0.6528571428571429,0.0,5.357142857142857,5.314285714285715,31.885714285714283,1.2428571428571427,2.7142857142857144,1.7285714285714289,0.41428571428571426,6.984285714285714,6.444285714285714,5.6571428571428575,8.85,50.0,410.15714285714284,237.85714285714286,411.67142857142863,236.4857142857143,410.75714285714287,238.02857142857144,410.7142857142857,237.41428571428568,4.75,1.526752857142857,1.3343942857142856,2.1053828571428572,4.9681,9895.471428571429,2.105714285714286,117.3,5769.5,4.93,3.2485714285714287,1.1788527142857141,0.9243502857142857,1.366642857142857,3.467317142857143,182.8,7569.557142857143,0.95089,0.9636307142857143,1.5999557142857144,3.514617142857143
2026-01-30 11:30:00+00:00,0.0,5.361702127659575,0.0,0.0,0.0,0.7299999999999999,0.83,0.7,0.66,0.0,6.5,6.5,24.7,1.7,3.1,3.2,0.4,7.43,7.99,5.58,8.72,50.0,405.4,234.8,407.1,233.8,406.2,235.5,406.2,234.7,4.8,1.87383,1.3032799999999998,2.04971,5.22383,9896.0,2.12,117.3,5769.9,4.93,3.27,1.55233,0.913951,1.34985,3.8195900000000003,182.8,7570.0,1.04808,0.930593,1.54709,3.53018
2026-01-30 11:45:00+00:00,0.0,5.433333333333334,0.0,0.0,0.0,0.6785714285714286,0.6757142857142858,0.7,0.6514285714285715,0.0,7.528571428571429,4.1000000000000005,39.1,1.8714285714285714,2.0714285714285716,1.657142857142857,0.4,6.341428571428572,4.724285714285714,5.588571428571428,8.72,50.0,405.74285714285713,235.4,407.1857142857143,233.97142857142856,406.7142857142857,235.58571428571426,406.54285714285714,234.95714285714286,4.705714285714286,1.1091617142857142,1.3042485714285714,2.0542357142857144,4.469012857142857,9897.457142857145,2.077142857142857,117.3,5770.842857142858,4.93,3.2357142857142853,0.7725194285714286,0.9156935714285714,1.3485214285714286,3.0346785714285716,182.8,7570.771428571427,0.7862734285714286,0.9302338571428571,1.550304285714286,3.2677142857142853
2026-01-30 12:00:00+00:00,0.0,5.404494382022472,0.0,0.0,0.0,0.67,0.66,0.7,0.66,0.0,10.2,3.5,41.7,2.3,2.4,2.1,0.5,6.160000000000001,4.19,5.589999999999999,8.72,50.0,406.2,235.84285714285716,407.7,234.12857142857143,407.1,235.75714285714284,407.0,235.2,4.65,0.98375,1.3049699999999997,2.05851,4.3512,9898.5,2.05,117.3,5771.6,4.93,3.21,0.646513,0.919086,1.35614,2.91817,182.8,7571.6,0.744211,0.9306980000000001,1.54946,3.22334
2026-01-30 12:15:00+00:00,0.0,5.434782608695652,0.0,0.0,0.0,0.6957142857142857,0.7271428571428571,0.7,0.6557142857142857,0.0,6.028571428571428,2.142857142857143,34.357142857142854,2.4,2.257142857142857,2.357142857142857,0.4571428571428572,6.72,5.802857142857143,5.598571428571428,8.764285714285714,50.0,406.59999999999997,235.87142857142857,408.3142857142857,234.42857142857142,407.62857142857143,236.28571428571428,407.54285714285714,235.5,4.631428571428572,1.3643221428571428,1.3096514285714285,2.0711271428571427,4.746197142857143,9899.857142857143,2.0614285714285714,117.3,5772.585714285714,4.93,3.1900000000000004,1.0297420000000002,0.9178311428571428,1.3618728571428573,3.307477142857143,182.8,7572.528571428572,0.877856857142857,0.9339351428571429,1.5621114285714286,3.3741214285714283
2026-01-30 12:30:00+00:00,0.0,5.4953271028037385,0.0,0.0,0.0,0.715,0.7849999999999999,0.7,0.66,0.0,3.675,3.1625,31.35,2.325,4.4875,5.1875,0.4375,7.17,7.1175,5.605,8.7975,50.075,407.2,236.14999999999998,409.0,234.9,408.55,236.575,408.25,235.875,4.7,1.677541,1.3155549999999998,2.082315,5.0735925,9900.8125,2.07,117.3,5773.4,4.93,3.25,1.3405434999999999,0.91781775,1.367815,3.625595,182.8,7573.225,0.9948305,0.9382335,1.56764,3.5009025
2026-01-30 12:45:00+00:00,0.0,5.430232558139535,0.0,0.0,0.0,0.7042857142857143,0.7528571428571428,0.7,0.66,0.0,4.457142857142857,3.7142857142857144,32.27142857142857,2.142857142857143,4.642857142857143,5.214285714285714,0.4428571428571429,6.934285714285714,6.422857142857143,5.601428571428571,8.788571428571428,50.05714285714286,406.88571428571424,236.07142857142858,408.7,234.62857142857143,408.24285714285713,236.35714285714286,407.9428571428571,235.70000000000002,4.695714285714287,1.5125444285714287,1.3140042857142855,2.0772271428571427,4.902958571428571,9901.685714285715,2.07,117.3,5773.971428571429,4.93,3.2457142857142856,1.1746095714285716,0.9185171428571428,1.3656814285714287,3.4581014285714287,182.8,7573.771428571429,0.9362661428571428,0.9371151428571428,1.5658242857142857,3.4395271428571426
2026-01-30 13:00:00+00:00,0.0,5.461538461538462,0.0,0.0,0.0,0.67,0.65,0.7,0.66,0.0,6.1,8.4,41.8,1.2,1.0,1.6,0.5,6.19,4.19,5.6,8.77,50.0,406.3,235.9,408.2,234.1,407.8,236.0,407.5,235.4,4.67,0.988047,1.30862,2.07025,4.35966,9903.0,2.07,117.3,5774.8,4.93,3.23,0.640916,0.918206,1.3597,2.92258,182.8,7574.7,0.751526,0.933968,1.56537,3.25009
2026-01-30 13:15:00+00:00,0.0,5.042105263157895,0.0,0.0,0.0,0.7042857142857143,0.7471428571428571,0.7,0.66,0.0,2.8999999999999995,4.857142857142857,32.142857142857146,1.9428571428571428,1.6857142857142857,1.4857142857142858,0.4428571428571429,6.915714285714286,6.3500000000000005,5.6,8.792857142857143,50.0,406.4714285714286,235.67142857142858,408.37142857142857,234.32857142857142,407.74285714285713,236.28571428571428,407.5,235.45714285714286,4.675714285714285,1.495403,1.3088485714285714,2.0755185714285718,4.875597142857143,9903.914285714285,2.07,117.3,5775.428571428572,4.93,3.235714285714286,1.1574497142857143,0.9165528571428572,1.3623342857142855,3.4385114285714287,182.8,7575.328571428572,0.9267911428571429,0.933956,1.5687814285714285,3.4285414285714286
2026-01-30 13:30:00+00:00,0.0,5.4526315789473685,0.0,0.0,0.0,0.7157142857142856,0.7942857142857143,0.7,0.6528571428571429,0.0,3.857142857142857,3.6571428571428575,27.614285714285717,1.7571428571428573,2.357142857142857,2.4857142857142853,0.4142857142857143,7.3585714285714285,7.597142857142857,5.619999999999999,8.854285714285714,50.0,407.90000000000003,236.4,409.7714285714286,235.27142857142854,409.14285714285717,237.27142857142854,408.92857142857144,236.31428571428572,4.698571428571428,1.7921672857142856,1.318542857142857,2.0960785714285715,5.203552857142857,9905.342857142856,2.0785714285714287,117.3,5776.528571428571,4.93,3.2428571428571433,1.4489781428571429,0.9203882857142858,1.3709214285714284,3.7424357142857145,182.8,7576.342857142858,1.0453352857142857,0.9440561428571428,1.5867857142857142,3.5745671428571426
2026-01-30 13:45:00+00:00,0.0,5.446808510638298,0.0,0.0,0.0,0.67,0.64,0.7,0.65,0.0,8.8,6.8,41.8,1.3,2.5,3.0,0.5,6.2299999999999995,4.24,5.62,8.84,50.0,408.1,237.0,409.8,235.1,409.4,237.1,409.1,236.4,4.7299999999999995,0.998611,1.31776,2.08765,4.40253,9906.2,2.09,117.3,5777.1,4.93,3.2600000000000002,0.6477069999999999,0.9194000000000001,1.36463,2.92997,182.8,7576.8,0.760707,0.942583,1.57734,3.28061
2026-01-30 14:00:00+00:00,0.0,5.397849462365591,0.0,0.0,0.0,0.6842857142857143,0.6971428571428572,0.7,0.65,0.0,6.514285714285714,6.6571428571428575,36.857142857142854,1.8714285714285717,1.7571428571428573,1.8,0.4714285714285714,6.587142857142857,5.297142857142857,5.628571428571428,8.848571428571429,50.0,408.3285714285715,236.91428571428574,410.0857142857143,235.44285714285712,409.74285714285713,237.3857142857143,409.2714285714286,236.54285714285714,4.7299999999999995,1.2502787142857144,1.3205314285714285,2.09611,4.670675714285714,9907.542857142858,2.0985714285714288,117.3,5778.128571428571,4.93,3.2600000000000002,0.9037501428571427,0.9240297142857142,1.3736128571428572,3.2005042857142856,182.8,7577.8,0.8503118571428571,0.9458409999999999,1.586657142857143,3.378952857142857
2026-01-30 14:15:00+00:00,0.0,5.434782608695652,0.0,0.0,0.0,0.72,0.82,0.7,0.65,0.0,4.714285714285714,5.45,24.914285714285715,1.2,2.0142857142857147,2.3000000000000003,0.4,7.518571428571429,8.054285714285713,5.638571428571429,8.87,50.0,408.92857142857144,237.05714285714288,410.82857142857137,235.91428571428568,410.4142857142857,237.78571428571428,409.8142857142857,236.91428571428568,4.734285714285714,1.902777142857143,1.32894,2.1080071428571427,5.341004285714286,9908.528571428571,2.1,117.3,5778.842857142858,4.93,3.2600000000000002,1.5667085714285716,0.9251021428571429,1.3748714285714283,3.867132857142857,182.8,7578.599999999999,1.08094,0.9521677142857143,1.5986714285714285,3.6307357142857137
2026-01-30 14:30:00+00:00,0.0,5.283018867924528,0.0,0.0,0.0,0.72,0.82,0.7,0.65,0.0,4.6,3.9,25.2,0.8,2.7,2.7,0.4,7.57,8.18,5.65,8.87,50.0,409.5,237.4,411.4,236.2,410.7,237.9,410.5,237.2,4.74,1.93528,1.33214,2.10735,5.36957,9909.1,2.1,117.3,5779.3,4.93,3.26,1.59304,0.925689,1.37282,3.89467,182.8,7579.0,1.10038,0.957234,1.60102,3.65813
2026-01-30 14:45:00+00:00,0.0,5.413043478260869,0.0,0.0,0.0,0.7014285714285714,0.7471428571428571,0.7,0.6571428571428573,0.0,5.5,5.271428571428571,32.1,1.7142857142857142,2.1,2.0285714285714285,0.4857142857142857,6.9557142857142855,6.405714285714285,5.6242857142857146,8.828571428571427,50.0,407.6714285714285,236.4857142857143,409.37142857142857,234.82857142857142,409.40000000000003,236.87142857142857,409.04285714285714,236.14285714285714,4.725714285714285,1.5126647142857144,1.3199557142857141,2.0921742857142855,4.924101428571428,9910.742857142859,2.0928571428571425,117.3,5780.342857142858,4.93,3.2600000000000002,1.172373857142857,0.9216761428571428,1.3698042857142858,3.4648885714285713,182.8,7580.042857142857,0.9392305714285714,0.9444332857142858,1.581777142857143,3.4649214285714285
2026-01-30 15:00:00+00:00,0.0,5.494623655913978,0.0,0.0,0.0,0.6957142857142857,0.7428571428571429,0.6957142857142856,0.6514285714285715,0.0,6.271428571428571,6.375,32.142857142857146,0.4857142857142857,1.4142857142857144,1.4428571428571428,0.4428571428571429,6.9799999999999995,6.431428571428571,5.6414285714285715,8.864285714285714,50.0,408.8142857142857,237.1,410.57142857142856,235.72857142857146,410.11428571428576,237.65714285714284,409.7714285714286,236.82857142857142,4.72,1.5223185714285716,1.3282528571428571,2.104607142857143,4.9575828571428575,9912.300000000001,2.09,117.3,5781.471428571428,4.93,3.2600000000000002,1.1764425714285716,0.9247244285714286,1.3756257142857142,3.4820814285714285,182.8,7581.171428571428,0.9498337142857142,0.9532638571428571,1.5941071428571427,3.496914285714286
2026-01-30 15:15:00+00:00,0.0,5.446808510638298,0.0,0.0,0.0,0.6685714285714285,0.6657142857142857,0.7,0.65,0.0,4.957142857142857,5.528571428571429,39.32857142857143,2.414285714285714,1.0999999999999999,0.8,0.5714285714285714,6.452857142857142,4.828571428571428,5.65,8.88,50.0,410.0142857142857,238.1,411.64285714285717,236.2,411.3,238.22857142857146,411.0,237.41428571428574,4.7542857142857144,1.1450571428571428,1.33086,2.1162285714285716,4.591247142857142,9913.128571428573,2.107142857142857,117.3,5782.042857142857,4.93,3.2685714285714282,0.7853445714285714,0.924925,1.38169,3.0997714285714286,182.8,7581.742857142856,0.8242388571428572,0.957971,1.6043800000000001,3.384992857142857
2026-01-30 15:30:00+00:00,0.0,5.390804597701149,0.0,0.0,0.0,0.66,0.6442857142857142,0.6942857142857142,0.65,0.0,8.071428571428571,4.557142857142857,41.7,2.3000000000000003,2.157142857142857,1.4714285714285715,0.5,6.265714285714286,4.275714285714286,5.645714285714286,8.881428571428572,50.0,409.7,238.14285714285714,411.3,236.24285714285716,410.9142857142857,238.18571428571428,410.61428571428576,237.4857142857143,4.777142857142857,1.0132257142857142,1.33053,2.11328,4.457755714285715,9914.542857142858,2.1157142857142857,117.3,5783.071428571428,4.93,3.275714285714286,0.6528274285714285,0.9250567142857143,1.38067,2.9533099999999997,182.8,7582.671428571428,0.7770351428571428,0.9576864285714286,1.6011199999999999,3.3351671428571428
2026-01-30 15:45:00+00:00,0.0,5.568181818181818,0.0,0.0,0.0,0.66,0.64,0.6900000000000001,0.65,0.0,8.5,4.3,41.7,1.7,2.8,1.3,0.5,6.2700000000000005,4.28,5.65,8.89,50.0,410.0,238.1,411.6,236.2,411.3,238.1,411.0,237.4,4.79,1.01689,1.33275,2.11919,4.46541,9914.8,2.12,117.3,5783.2,4.93,3.28,0.653052,0.922649,1.38316,2.9502199999999994,182.8,7582.8,0.781563,0.961028,1.60685,3.3476
2026-01-30 16:00:00+00:00,0.0,5.586956521739131,0.0,0.0,0.0,0.6771428571428572,0.6914285714285714,0.6900000000000001,0.65,0.0,6.857142857142857,4.6571428571428575,37.10000000000001,1.8142857142857143,2.6714285714285713,1.3571428571428572,0.5,6.6571428571428575,5.408571428571428,5.652857142857143,8.917142857142858,50.0,410.4142857142857,238.31428571428572,412.09999999999997,236.45714285714283,411.95714285714286,238.55714285714288,411.65714285714284,237.74285714285716,4.782857142857144,1.2872585714285714,1.336707142857143,2.1313614285714286,4.7539928571428565,9916.371428571427,2.12,117.3,5784.457142857143,4.93,3.2728571428571427,0.9240202857142857,0.926458,1.388232857142857,3.23795,182.8,7583.885714285714,0.8813785714285715,0.9645885714285714,1.6186042857142857,3.4636514285714286
2026-01-30 16:15:00+00:00,0.0,5.34065934065934,0.0,0.0,0.0,0.6685714285714285,0.6657142857142857,0.6900000000000001,0.65,0.0,6.328571428571428,1.6714285714285713,39.48571428571428,2.742857142857143,2.9285714285714284,1.1142857142857143,0.5857142857142856,6.478571428571429,4.857142857142857,5.651428571428572,8.935714285714285,50.0,411.04285714285714,238.74285714285716,412.9857142857142,236.84285714285716,412.87142857142857,239.05714285714288,412.2714285714286,238.21428571428572,4.814285714285715,1.1584171428571428,1.336952857142857,2.13578,4.631485714285715,9917.72857142857,2.1371428571428575,117.3,5785.542857142857,4.93,3.2871428571428574,0.7902971428571428,0.9286679999999999,1.3921014285714288,3.109622857142857,182.8,7584.842857142857,0.8370042857142856,0.9627324285714286,1.6217828571428572,3.424482857142857
2026-01-30 16:30:00+00:00,0.0,5.2625,0.0,0.0,0.0,0.66,0.64,0.69,0.65,0.0,7.516666666666667,4.314285714285714,41.833333333333336,2.1333333333333333,2.466666666666667,1.7833333333333334,0.6,6.308333333333334,4.3133333333333335,5.665,8.943333333333333,50.050000000000004,411.76666666666665,239.20000000000002,413.4666666666667,237.16666666666666,413.43333333333334,239.3166666666667,412.84999999999997,238.5666666666667,4.82,1.0299616666666667,1.3423883333333333,2.1406133333333335,4.513438333333333,9918.883333333333,2.14,117.3,5786.316666666667,4.93,3.2900000000000005,0.6564655,0.9305375000000001,1.3926483333333335,2.9791833333333333,182.80000000000004,7585.583333333333,0.7931645,0.9682843333333334,1.6248316666666665,3.3858116666666667
2026-01-30 16:45:00+00:00,0.0,5.455555555555556,0.0,0.0,0.0,0.66,0.64,0.6900000000000001,0.65,0.0,6.914285714285714,5.528571428571429,41.9,1.8571428571428572,1.0857142857142859,1.757142857142857,0.6,6.282857142857144,4.301428571428572,5.632857142857143,8.922857142857143,50.0,410.30000000000007,238.58571428571426,411.90000000000003,236.3142857142857,411.9142857142857,238.6,411.5571428571428,237.79999999999998,4.82,1.0259157142857143,1.3366714285714285,2.138855714285714,4.501637142857143,9919.828571428572,2.14,117.3,5787.042857142857,4.93,3.29,0.6531784285714286,0.928767,1.3938114285714287,2.9758899999999997,182.8,7586.328571428571,0.7906148571428572,0.9639864285714285,1.6228985714285713,3.3759200000000003
2026-01-30 17:00:00+00:00,0.0,5.431372549019608,0.0,0.0,0.0,0.66,0.64,0.69,0.65,0.0,6.449999999999999,5.344444444444445,41.849999999999994,1.5,0.9,1.7,0.55,6.295,4.305,5.65,8.940000000000001,50.0,410.95000000000005,238.85,412.7,236.75,412.65,238.95,412.2,238.14999999999998,4.8149999999999995,1.02829,1.34053,2.14228,4.5106649999999995,9920.599999999999,2.14,117.3,5787.65,4.93,3.29,0.653304,0.9295979999999999,1.3944450000000002,2.97789,182.8,7586.85,0.792284,0.9659225,1.6251799999999998,3.38322
2026-01-30 17:15:00+00:00,0.0,5.461538461538462,0.0,0.0,0.0,0.66,0.64,0.69,0.65,0.0,6.1,4.5,41.8,1.1,0.9,1.5,0.5,6.31,4.31,5.67,8.96,50.0,411.8,239.2,413.7,237.3,413.6,239.4,413.0,238.6,4.81,1.03097,1.34511,2.14495,4.5198,9921.3,2.14,117.3,5788.2,4.93,3.29,0.653702,0.930426,1.39439,2.97883,182.8,7587.3,0.794055,0.968197,1.62706,3.39061
2026-01-30 17:30:00+00:00,0.0,5.289156626506024,0.0,0.0,0.0,0.66,0.64,0.69,0.65,0.0,6.6499999999999995,3.5500000000000003,41.8,1.6000000000000003,1.2,1.5,0.5499999999999999,6.305,4.3,5.665,8.945,50.050000000000004,411.40000000000003,239.0,413.34999999999997,237.05000000000004,413.3,239.15,412.7,238.35,4.805,1.0287499999999998,1.3437150000000002,2.141305,4.5130550000000005,9922.55,2.1350000000000002,117.3,5789.049999999999,4.93,3.285,0.6546245,0.930059,1.39093,2.9803499999999996,182.80000000000004,7588.200000000001,0.7916129999999999,0.9669500000000001,1.6229699999999998,3.381555
2026-01-30 17:45:00+00:00,0.0,5.46,0.0,0.0,0.0,0.6825,0.7075,0.69,0.65,0.0,6.0875,4.95,35.425,1.2125,1.9625,2.05,0.5625,6.7775,5.71,5.67,8.9525,50.0,411.6625,238.9625,413.4625,237.1875,413.5625,239.35,412.7625,238.5125,4.8062499999999995,1.3604825,1.3441675,2.14298375,4.84738125,9924.75,2.13625,117.3,5790.55,4.93,3.28625,0.9989525,0.931882375,1.39362625,3.32239,182.8,7589.75,0.9070425,0.970505375,1.62984125,3.5070925
2026-01-30 18:00:00+00:00,0.0,5.43956043956044,0.0,0.0,0.0,0.6799999999999999,0.6857142857142857,0.6928571428571428,0.6528571428571429,0.0,6.871428571428571,4.6000000000000005,37.114285714285714,1.1142857142857143,1.2714285714285716,2.314285714285714,0.5142857142857143,6.68,5.444285714285714,5.661428571428571,8.928571428571429,50.0,410.07142857142856,237.97142857142856,411.95714285714286,236.4,411.75714285714287,238.47142857142856,411.1714285714285,237.58571428571426,4.815714285714286,1.2907885714285714,1.3361271428571428,2.12829,4.750175714285715,9925.985714285713,2.142857142857143,117.3,5791.414285714286,4.93,3.29,0.9254268571428571,0.9317044285714287,1.391322857142857,3.2470857142857144,182.8,7590.528571428571,0.8835077142857143,0.9614952857142857,1.6151114285714285,3.459257142857143
2026-01-30 18:15:00+00:00,0.0,5.222222222222222,0.0,0.0,0.0,0.7042857142857143,0.7471428571428571,0.7,0.66,0.0,5.3,4.457142857142857,31.0,0.7714285714285715,2.185714285714286,2.2714285714285714,0.5,6.972857142857143,6.502857142857144,5.607142857142857,8.808571428571428,50.0,406.54285714285714,235.87142857142857,408.4142857142857,234.28571428571428,408.14285714285717,236.5142857142857,407.59999999999997,235.55714285714288,4.774285714285715,1.5271128571428572,1.3029742857142856,2.0704685714285715,4.8932142857142855,9926.885714285714,2.12,117.3,5792.099999999999,4.93,3.2728571428571427,1.1864708571428573,0.9216585714285713,1.3721128571428574,3.480981428571429,182.8,7591.2,0.9474325714285714,0.9257784285714286,1.5570800000000002,3.4288842857142856
2026-01-30 18:30:00+00:00,0.0,5.47,0.0,0.0,0.0,0.67,0.65,0.7,0.66,0.0,5.7,3.65,39.95,1.475,2.1,2.2,0.55,6.19,4.20625,5.59,8.78,50.0,405.9875,235.8875,407.75,233.85,407.65,236.0625,407.1125,235.225,4.7,0.990185,1.3041125,2.0710175,4.36567875,9928.0875,2.08,117.3,5793.0,4.93,3.2562499999999996,0.64516075,0.9166466249999999,1.3670550000000001,2.92519625,182.8,7592.0375,0.750671625,0.92641425,1.55543375,3.2338674999999997
2026-01-30 18:45:00+00:00,0.0,5.449438202247191,0.0,0.0,0.0,0.6871428571428572,0.6985714285714285,0.7,0.66,0.0,5.014285714285714,4.671428571428572,37.01428571428572,2.0285714285714285,1.4714285714285715,1.7285714285714284,0.5714285714285714,6.567142857142857,5.327142857142857,5.5928571428571425,8.785714285714286,50.0,406.04285714285714,235.79999999999998,407.87142857142857,234.0,407.7142857142857,236.1,407.2428571428572,235.27142857142857,4.694285714285714,1.2525814285714285,1.3057885714285715,2.074048571428571,4.63265,9928.9,2.077142857142857,117.3,5793.614285714286,4.93,3.2571428571428567,0.9129642857142858,0.9174867142857143,1.3690014285714287,3.194222857142857,182.8,7592.585714285714,0.8448921428571428,0.9287815714285715,1.558695714285714,3.331147142857143
2026-01-30 19:00:00+00:00,0.0,5.146788990825688,0.0,0.0,0.0,0.7,0.735,0.7,0.66,0.0,4.275,5.2749999999999995,33.8375,0.9625,1.75,1.7875,0.55,7.0687500000000005,6.80375,5.608750000000001,8.80125,50.0,406.525,235.85,408.3625,234.3,408.0875,236.3375,407.65,235.5125,4.6875,1.47815125,1.31233375,2.0793375,4.87066375,9930.6625,2.07375,117.3,5794.775,4.93,3.25375,1.255680125,0.91936125,1.368375,3.4175375,182.8,7593.7625,0.93526475,0.9358856249999999,1.56770875,3.43806625
2026-01-30 19:15:00+00:00,0.0,5.604651162790698,0.0,0.0,0.0,0.67,0.65,0.7,0.66,0.0,8.8,4.214285714285714,41.75714285714286,6.371428571428572,5.385714285714286,2.542857142857143,0.6,6.225714285714285,4.23,5.605714285714286,8.821428571428571,50.0,407.2,236.5,408.85714285714283,234.6,408.5,236.65714285714284,408.35714285714283,235.9,4.7057142857142855,1.0005404285714286,1.3170214285714283,2.0891,4.405295714285714,9931.785714285714,2.08,117.3,5795.671428571428,4.93,3.2600000000000002,0.6472614285714285,0.9202085714285715,1.3769428571428572,2.9403785714285715,182.8,7594.571428571428,0.761734,0.9387831428571428,1.5736457142857143,3.2747671428571428
2026-01-30 19:30:00+00:00,0.0,5.4326923076923075,0.0,0.0,0.0,0.685,0.6925,0.7,0.6575,0.0,6.875,2.225,37.5125,5.2125,4.7625,2.9375,0.5125,6.545,5.1725,5.61875,8.83,50.0,407.525,236.525,409.1875,234.8375,409.05,236.8875,408.6,236.0625,4.71625,1.222215,1.318565,2.09409875,4.63502625,9932.8125,2.0862499999999997,117.3,5796.3375,4.93,3.26,0.875536,0.922594375,1.3784775,3.1712875,182.8,7595.2625,0.8397785,0.942381375,1.57968,3.36162
2026-01-30 19:45:00+00:00,0.0,5.586956521739131,0.0,0.0,0.0,0.6957142857142857,0.7228571428571428,0.7,0.6585714285714286,0.0,4.042857142857143,6.371428571428572,34.51428571428571,1.2571428571428573,2.3000000000000003,2.442857142857143,0.5142857142857143,6.988571428571428,6.465714285714285,5.638571428571429,8.868571428571428,50.0,408.84285714285716,237.15714285714284,410.54285714285714,235.65714285714284,410.2714285714286,237.64285714285714,409.84285714285716,236.82857142857142,4.725714285714285,1.3956957142857145,1.3244457142857142,2.103944285714286,4.827545714285714,9934.228571428572,2.0928571428571425,117.3,5797.328571428572,4.93,3.262857142857143,1.1821377142857143,0.9206191428571427,1.3765328571428572,3.473037142857143,182.8,7596.214285714285,0.9059345714285715,0.9475988571428572,1.5858500000000002,3.4382485714285713
2026-01-30 20:00:00+00:00,0.0,5.514018691588785,0.0,0.0,0.0,0.69125,0.73,0.6962499999999999,0.65125,0.0,4.65,3.05,33.4125,1.925,1.9125,1.725,0.45,6.90125,6.19125,5.645,8.875,50.0,409.16249999999997,237.3375,410.9,235.825,410.5625,237.8625,410.2,237.07500000000002,4.74375,1.46506875,1.32885375,2.11033375,4.9047675,9935.35,2.10375,117.3,5798.1375,4.93,3.27,1.11772225,0.92525375,1.37796,3.41716125,182.8,7597.0125,0.9320835,0.952261375,1.5950675,3.478335
2026-01-30 20:15:00+00:00,0.0,5.607843137254902,0.0,0.0,0.0,0.7125,0.7975,0.69,0.65,0.0,3.5625,3.625,27.375,1.95,1.9375,1.575,0.41250000000000003,7.41875,7.701249999999999,5.65625,8.90375,50.0,409.875,237.5875,411.7,236.35,411.3125,238.38750000000002,410.96250000000003,237.4625,4.76,1.8247075,1.3337412499999999,2.12166125,5.2789075,9936.412499999999,2.11,117.3,5798.9375,4.93,3.27,1.4789475,0.928188,1.38479,3.7868025,182.8,7597.7,1.0657985,0.96001675,1.60923375,3.63476
2026-01-30 20:30:00+00:00,0.0,5.538461538461538,0.0,0.0,0.0,0.6857142857142857,0.7171428571428571,0.6900000000000001,0.65,0.0,5.214285714285714,4.614285714285714,35.15714285714286,2.728571428571428,2.2142857142857144,1.8714285714285714,0.4571428571428572,6.825714285714286,5.517142857142857,5.67,8.915714285714285,50.0,410.84285714285716,238.37142857142857,412.4857142857143,236.81428571428572,412.2142857142857,238.68571428571428,411.84285714285716,237.95714285714286,4.784285714285715,1.46389,1.3426042857142857,2.1274257142857143,4.935507142857142,9937.885714285714,2.117142857142857,117.3,5800.0,4.93,3.2771428571428567,1.096496857142857,0.9283474285714286,1.3866085714285714,3.409731428571429,182.8,7598.728571428571,0.9561942857142858,0.9682688571428572,1.6172328571428571,3.5405971428571426
2026-01-30 20:45:00+00:00,0.0,5.416666666666667,0.0,0.0,0.0,0.66,0.64,0.69,0.65,0.0,4.8625,5.3125,41.5375,2.0,2.2125,1.6,0.5,6.29,4.29625,5.66625,8.9,50.0,410.825,238.5625,412.3875,236.6625,412.2,238.5375,411.8625,237.9625,4.79,1.024125,1.3403025,2.1247425,4.4910137500000005,9938.875,2.1237500000000002,117.3,5800.6625,4.93,3.28,0.6569015,0.9259875,1.385045,2.9652600000000002,182.8,7599.4,0.786106,0.967743625,1.61303625,3.36603
2026-01-30 21:00:00+00:00,0.0,5.26605504587156,0.0,0.0,0.0,0.66,0.64,0.69,0.65,0.0,6.8,8.0,41.6,1.5,2.4,1.6,0.5,6.29,4.29,5.66,8.9,50.0,410.7,238.5,412.2,236.6,412.2,238.6,411.8,237.9,4.79,1.0228,1.33679,2.12533,4.48327,9939.5,2.13,117.3,5801.1,4.93,3.28,0.656364,0.926485,1.38257,2.95951,182.8,7599.9,0.784246,0.964613,1.61108,3.35938
2026-01-30 21:15:00+00:00,0.0,5.448717948717949,0.0,0.0,0.0,0.66,0.64,0.69,0.65,0.0,6.833333333333333,7.333333333333333,41.6,1.3333333333333333,2.0,1.5666666666666667,0.5,6.296666666666667,4.3,5.666666666666667,8.913333333333334,50.0,411.23333333333335,238.73333333333335,412.73333333333335,236.9,412.6666666666667,238.9,412.26666666666665,238.20000000000002,4.796666666666667,1.0245966666666666,1.3390666666666666,2.1282166666666664,4.4930433333333335,9940.366666666667,2.13,117.3,5801.733333333334,4.93,3.283333333333333,0.6575656666666666,0.9252273333333333,1.38415,2.959263333333333,182.80000000000004,7600.466666666667,0.785301,0.9635440000000001,1.6090266666666668,3.3634533333333336
2026-01-30 21:30:00+00:00,0.0,5.428571428571429,0.0,0.0,0.0,0.66,0.64,0.6900000000000001,0.65,0.0,6.9,6.0,41.6,1.0,1.2,1.5,0.5,6.31,4.32,5.68,8.94,50.0,412.3,239.2,413.8,237.5,413.6,239.5,413.2,238.8,4.81,1.02819,1.34362,2.13399,4.51259,9942.1,2.13,117.3,5803.0,4.93,3.29,0.659969,0.922712,1.38731,2.95877,182.8,7601.6,0.787411,0.961406,1.60492,3.3716
2026-01-30 21:45:00+00:00,0.0,5.47008547008547,0.0,0.0,0.0,0.66,0.64,0.69,0.65,0.0,4.3,5.4,41.5,2.8,1.7,1.7999999999999998,0.5,6.31,4.32,5.68,8.92,50.0,411.6,238.89999999999998,413.0,237.0,412.8,238.89999999999998,412.5,238.30000000000004,4.81,1.02934,1.34304,2.13468,4.49977,9943.5,2.14,117.30000000000001,5804.1,4.93,3.28,0.654876,0.9275540000000001,1.3836,2.96814,182.8,7602.5,0.790702,0.9719279999999999,1.62226,3.38388
2026-01-30 22:00:00+00:00,0.0,5.367816091954023,0.0,0.0,0.0,0.6685714285714285,0.6657142857142857,0.6900000000000001,0.65,0.0,4.414285714285714,5.671428571428572,39.31428571428571,2.642857142857143,1.8285714285714287,1.8571428571428572,0.4857142857142857,6.51,4.918571428571428,5.681428571428571,8.924285714285714,50.0,411.62857142857143,238.85714285714286,413.07142857142856,237.07142857142858,412.8285714285715,238.95714285714286,412.5285714285714,238.32857142857145,4.819999999999999,1.1707800000000002,1.3422342857142857,2.133575714285714,4.639385714285714,9943.857142857143,2.14,117.3,5804.3714285714295,4.93,3.287142857142857,0.7976179999999999,0.9279792857142857,1.384332857142857,3.1116228571428572,182.8,7602.771428571429,0.8453131428571429,0.9726585714285714,1.62131,3.4365328571428573
2026-01-30 22:15:00+00:00,0.0,5.3625,0.0,0.0,0.0,0.7200000000000001,0.82,0.69,0.65,0.0,5.1,7.3,26.2,1.7,2.6,2.2,0.4000000000000001,7.71,8.51,5.69,8.95,50.0,411.8,238.6,413.5,237.5,413.0,239.30000000000004,412.7,238.5,4.88,2.01942,1.3374,2.12695,5.47708,9946.0,2.14,117.3,5806.0,4.93,3.33,1.65407,0.9305309999999999,1.38873,3.97252,182.80000000000004,7604.399999999999,1.17298,0.977042,1.61561,3.75245
2026-01-30 22:30:00+00:00,0.0,5.470588235294118,0.0,0.0,0.0,0.72,0.82,0.69,0.65,0.0,5.1,7.3,26.2,1.7,2.6,2.2,0.4,7.71,8.51,5.69,8.95,50.0,411.8,238.6,413.5,237.5,413.0,239.3,412.7,238.5,4.88,2.01942,1.3374,2.12695,5.47708,9946.0,2.14,117.3,5806.0,4.93,3.33,1.65407,0.930531,1.38873,3.97252,182.8,7604.4,1.17298,0.977042,1.61561,3.75245
2026-01-30 22:45:00+00:00,0.0,5.419354838709677,0.0,0.0,0.0,0.72,0.82,0.6900000000000001,0.65,0.0,3.3,0.7,25.1,1.9,1.7,1.0,0.4,7.58,8.17,5.67,8.89,50.1,410.1,237.6,411.9,236.5,411.2,238.4,411.0,237.5,4.839999999999999,1.93966,1.34023,2.12171,5.40351,9948.7,2.12,117.3,5807.8,4.93,3.31,1.59069,0.929629,1.3828599999999998,3.90324,182.8,7606.1,1.11301,0.962642,1.60997,3.68485
2026-01-30 23:00:00+00:00,0.0,5.425287356321839,0.0,0.0,0.0,0.72,0.82,0.6900000000000001,0.65,0.0,2.8999999999999995,2.2714285714285714,25.557142857142857,2.0714285714285716,1.4428571428571428,1.1428571428571428,0.4,7.631428571428572,8.312857142857142,5.672857142857143,8.904285714285715,50.07142857142857,410.4142857142857,237.74285714285716,412.15714285714284,236.67142857142858,411.5142857142857,238.57142857142858,411.3142857142857,237.67142857142858,4.8428571428571425,1.973485714285714,1.3412528571428572,2.125295714285714,5.442255714285714,9949.27142857143,2.12,117.3,5808.2,4.93,3.312857142857143,1.6156042857142856,0.9293235714285715,1.3838742857142858,3.9284371428571427,182.8,7606.5,1.1364328571428572,0.9654988571428572,1.6143357142857142,3.7153414285714286
2026-01-30 23:15:00+00:00,0.0,5.315789473684211,0.0,0.0,0.0,0.6771428571428572,0.6914285714285714,0.6900000000000001,0.65,0.0,5.185714285714285,3.3857142857142857,36.55714285714286,1.5571428571428572,1.5571428571428572,1.7857142857142858,0.4714285714285714,6.7457142857142856,5.645714285714286,5.68,8.918571428571429,50.0,411.24285714285713,238.54285714285714,412.75714285714287,237.0,412.45714285714286,238.9,412.12857142857143,238.1,4.85,1.3429414285714287,1.3425642857142857,2.130085714285714,4.8177,9951.2,2.1271428571428572,117.3,5809.714285714285,4.93,3.32,0.960476,0.9299255714285716,1.3830385714285713,3.273201428571429,182.8,7607.828571428572,0.923538,0.9703198571428572,1.61992,3.51276
2026-01-30 23:30:00+00:00,0.0,5.478260869565218,0.0,0.0,0.0,0.66,0.64,0.69,0.65,0.0,7.533333333333333,2.644444444444444,40.58888888888889,2.855555555555556,0.5444444444444445,1.7999999999999998,0.5888888888888889,6.348888888888889,4.438888888888889,5.68,8.918888888888889,50.0,411.55555555555554,238.68888888888887,413.0666666666667,236.9888888888889,412.7555555555556,238.9777777777778,412.46666666666664,238.27777777777777,4.858888888888889,1.0589566666666665,1.3435300000000001,2.1320377777777773,4.535057777777778,9952.233333333332,2.13,117.30000000000001,5810.455555555555,4.93,3.32,0.6751378888888888,0.9290655555555555,1.38622,2.9933422222222226,182.8,7608.555555555556,0.8165136666666667,0.9706373333333335,1.6200244444444443,3.4048833333333333
2026-01-30 23:45:00+00:00,0.0,5.495145631067961,0.0,0.0,0.0,0.6825,0.7075,0.69,0.65,0.0,4.925,3.675,35.0125,2.225,1.175,1.975,0.4875,6.82625,5.9025,5.66875,8.897499999999999,50.075,410.8125,238.1375,412.3875,236.7375,411.975,238.66250000000002,411.71250000000003,237.85,4.845,1.4048574999999999,1.34087125,2.12628875,4.87153,9953.575,2.13,117.3,5811.4,4.93,3.3125,1.0317806250000001,0.9307323750000001,1.38222625,3.3449037500000003,182.8,7609.5,0.936336,0.9664231249999999,1.61387125,3.51566875
2026-01-31 00:00:00+00:00,0.0,5.390804597701149,0.0,0.0,0.0,0.72,0.82,0.6900000000000001,0.65,0.0,2.7,5.6,25.8,1.4,1.3,2.6,0.4,7.65,8.37,5.67,8.91,50.1,410.7,237.8,412.4,236.9,411.8,238.8,411.6,237.8,4.839999999999999,1.98911,1.33876,2.12934,5.4578,9954.3,2.13,117.3,5811.9,4.93,3.31,1.62741,0.930992,1.38316,3.9432,182.8,7609.9,1.14546,0.96629,1.61762,3.72879
2026-01-31 00:15:00+00:00,0.0,5.604651162790698,0.0,0.0,0.0,0.6771428571428572,0.6914285714285714,0.6971428571428572,0.65,0.0,5.5857142857142845,4.885714285714286,34.214285714285715,1.742857142857143,2.3285714285714287,2.314285714285714,0.4571428571428572,6.692857142857143,5.529999999999999,5.661428571428572,8.875714285714285,50.028571428571425,410.0142857142857,237.9,411.6285714285714,236.35714285714286,411.2,238.25714285714284,410.9714285714286,237.41428571428574,4.837142857142857,1.3157999999999999,1.3344857142857143,2.11328,4.7631942857142855,9955.814285714285,2.1228571428571428,117.3,5813.028571428571,4.93,3.315714285714286,0.9442381428571428,0.9295277142857143,1.380107142857143,3.2518514285714284,182.8,7610.971428571429,0.900556,0.9601718571428571,1.6029614285714284,3.462845714285714
2026-01-31 00:30:00+00:00,0.0,5.3979591836734695,0.0,0.0,0.0,0.66,0.64,0.7,0.65,0.0,11.2,4.955555555555556,40.6,0.6,1.7,1.8,0.5,6.31,4.41,5.65,8.87,50.0,409.5,237.7,411.0,235.9,410.8,237.8,410.4,237.1,4.82,1.04846,1.32912,2.1106,4.49008,9956.9,2.12,117.3,5813.8,4.93,3.31,0.669695,0.925102,1.37999,2.96988,182.8,7611.8,0.804976,0.957507,1.59597,3.35942
2026-01-31 00:45:00+00:00,0.0,5.574712643678161,0.0,0.0,0.0,0.6857142857142857,0.6971428571428572,0.7,0.6585714285714286,0.0,7.142857142857143,4.714285714285714,36.114285714285714,2.1142857142857143,2.985714285714286,2.742857142857143,0.4714285714285714,6.647142857142858,5.461428571428572,5.65,8.832857142857142,50.08571428571429,408.75714285714287,237.07142857142858,410.2,235.58571428571426,409.9714285714286,237.45714285714286,409.62857142857143,236.67142857142858,4.8028571428571425,1.2907085714285713,1.3272057142857143,2.096822857142857,4.713954285714286,9958.385714285714,2.111428571428571,117.3,5814.857142857143,4.93,3.301428571428571,0.9296981428571429,0.9277725714285714,1.37559,3.2262085714285718,182.8,7612.8,0.8810457142857143,0.951039,1.5845414285714285,3.4159771428571424
2026-01-31 01:00:00+00:00,0.0,5.359223300970874,0.0,0.0,0.0,0.6687500000000001,0.6625,0.6912499999999999,0.65125,0.0,3.075,4.4624999999999995,38.4875,2.3625,2.8125,2.2375000000000003,0.4875,6.45625,4.859999999999999,5.65,8.84,50.0125,409.2,237.4,410.52500000000003,235.6875,410.375,237.4875,410.0,236.8625,4.782500000000001,1.1523062499999999,1.32897,2.09665125,4.5809725,9959.5375,2.1012500000000003,117.3,5815.65,4.93,3.3,0.786478125,0.92814875,1.37121875,3.0795875,182.8,7613.5625,0.835052125,0.9548925,1.5851575,3.3769037500000003
2026-01-31 01:15:00+00:00,0.0,5.067415730337078,0.0,0.0,0.0,0.6833333333333332,0.7000000000000001,0.6933333333333334,0.6533333333333333,0.0,3.6666666666666665,4.714285714285714,35.43333333333333,2.0666666666666664,2.766666666666667,2.3000000000000003,0.43333333333333335,6.723333333333334,6.325,5.645,8.83,50.0,408.5,236.79999999999998,409.95000000000005,235.44999999999996,409.55,237.20000000000002,409.25,236.5,4.78,1.3438766666666666,1.32805,2.0953,4.769673333333333,9960.133333333333,2.1,117.3,5816.133333333334,4.93,3.296666666666667,0.9814666666666666,0.9267646666666667,1.36998,3.2739966666666667,182.80000000000004,7613.966666666667,0.9025206666666667,0.9542303333333333,1.5837233333333334,3.441996666666667
2026-01-31 01:30:00+00:00,0.0,5.763440860215054,0.0,0.0,0.0,0.7042857142857143,0.7471428571428571,0.7,0.66,0.0,5.257142857142857,3.8714285714285714,32.01428571428571,1.4857142857142858,2.242857142857143,1.9428571428571428,0.42857142857142855,7.017142857142857,6.635714285714286,5.627142857142857,8.788571428571428,50.0,406.84285714285716,235.84285714285716,408.2714285714286,234.55714285714288,407.8285714285715,236.34285714285716,407.54285714285714,235.54285714285714,4.78,1.5589857142857144,1.317462857142857,2.0749842857142857,4.950331428571429,9961.971428571429,2.091428571428571,117.3,5817.5142857142855,4.93,3.2985714285714285,1.2059827142857142,0.9221734285714286,1.3609285714285715,3.491027142857143,182.8,7615.171428571428,0.9735439999999999,0.9418824285714286,1.5652128571428572,3.4812157142857143
2026-01-31 01:45:00+00:00,0.0,5.117647058823529,0.0,0.0,0.0,0.68,0.6783333333333333,0.6999999999999998,0.66,0.0,6.8,9.0,38.050000000000004,2.766666666666666,2.733333333333334,2.716666666666667,0.48333333333333334,6.45,5.0,5.595,8.745,50.0,405.6666666666667,235.35,406.9166666666667,233.6833333333333,406.73333333333335,235.61666666666667,406.4166666666667,234.83333333333334,4.738333333333334,1.1763166666666667,1.308865,2.0597016666666668,4.541701666666667,9962.966666666665,2.0733333333333333,117.3,5818.233333333334,4.93,3.275,0.8209063333333333,0.9170143333333334,1.3561516666666666,3.0984616666666667,182.80000000000004,7615.883333333334,0.8307115,0.9316135,1.5495666666666665,3.313788333333333
2026-01-31 02:00:00+00:00,0.0,5.574712643678161,0.0,0.0,0.0,0.67,0.6542857142857142,0.7,0.66,0.0,6.357142857142857,3.5285714285714285,40.41428571428571,2.457142857142857,3.1142857142857143,2.542857142857143,0.5,6.2057142857142855,4.315714285714286,5.589999999999999,8.715714285714286,50.0,404.7714285714286,235.0,405.9714285714286,233.15714285714284,405.85714285714283,234.97142857142856,405.57142857142856,234.31428571428572,4.717142857142858,1.0152857142857143,1.3029385714285713,2.04913,4.366447142857143,9963.828571428572,2.0657142857142854,117.3,5818.8,4.93,3.2657142857142856,0.6596252857142858,0.913208,1.3547057142857142,2.9345185714285713,182.8,7616.400000000001,0.768525,0.9259342857142857,1.5388842857142857,3.232957142857143
2026-01-31 02:15:00+00:00,0.0,5.454545454545454,0.0,0.0,0.0,0.6742857142857144,0.66,0.7042857142857143,0.66,0.0,7.128571428571428,5.871428571428572,40.34285714285714,2.085714285714286,2.6142857142857143,1.8857142857142857,0.5,6.187142857142858,4.292857142857143,5.577142857142857,8.692857142857143,50.0,403.9142857142857,234.57142857142858,405.2,232.71428571428572,405.11428571428576,234.5,404.7571428571428,233.85714285714286,4.687142857142858,1.0070325714285715,1.2952714285714286,2.0367228571428573,4.340739999999999,9964.828571428572,2.051428571428571,117.3,5819.5,4.93,3.255714285714286,0.6572205714285714,0.9130794285714285,1.352147142857143,2.92858,182.8,7617.142857142857,0.7608837142857142,0.9179394285714286,1.5272585714285714,3.204752857142857
2026-01-31 02:30:00+00:00,0.0,5.538461538461538,0.0,0.0,0.0,0.68,0.66,0.71,0.66,0.0,4.5,6.271428571428572,40.457142857142856,1.6857142857142857,2.1571428571428575,2.1714285714285713,0.5,6.158571428571428,4.264285714285714,5.56,8.647142857142857,50.0,402.37142857142857,233.6,403.7142857142857,231.79999999999998,403.5142857142857,233.58571428571426,403.32857142857137,233.0,4.6414285714285715,0.9955925714285715,1.2870942857142857,2.0230085714285715,4.305957142857143,9965.971428571429,2.0342857142857143,117.3,5820.3,4.93,3.232857142857143,0.6538548571428571,0.9120611428571428,1.3412728571428574,2.912288571428572,182.8,7618.0,0.7495288571428571,0.9086085714285714,1.51003,3.16665
2026-01-31 02:45:00+00:00,0.0,5.390476190476191,0.0,0.0,0.0,0.68,0.66,0.71,0.66625,0.0,1.975,4.75,40.4375,1.3,1.7,2.2375,0.5,6.1375,4.24125,5.55375,8.6175,50.0625,401.65,233.1125,403.0125,231.375,402.75,233.2,402.5875,232.575,4.6137500000000005,0.989466875,1.283855,2.0129775000000003,4.2838025,9967.025,2.0237499999999997,117.3,5821.0375,4.93,3.2262500000000003,0.654663625,0.914141625,1.3384862499999999,2.9077175,182.8,7618.7375,0.740332875,0.901572875,1.49874375,3.14124125
2026-01-31 03:00:00+00:00,0.0,5.367816091954023,0.0,0.0,0.0,0.68,0.6642857142857144,0.7142857142857143,0.67,0.0,2.6285714285714286,3.185714285714286,40.4,2.3285714285714287,2.0,2.1142857142857143,0.5,6.112857142857143,4.217142857142858,5.532857142857142,8.584285714285715,50.05714285714286,400.42857142857144,232.35714285714286,402.0428571428571,230.4857142857143,401.7428571428572,232.34285714285713,401.5428571428571,231.72857142857143,4.601428571428571,0.9807105714285714,1.2774157142857143,1.998,4.2544957142857145,9968.0,2.0157142857142856,117.3,5821.728571428571,4.93,3.23,0.6534477142857142,0.9154834285714285,1.3357042857142858,2.898855714285714,182.8,7619.428571428572,0.7314934285714285,0.8935734285714286,1.485642857142857,3.1117871428571426
2026-01-31 03:15:00+00:00,0.0,5.574468085106383,0.0,0.0,0.0,0.7042857142857143,0.7471428571428571,0.7,0.66,0.0,5.214285714285714,5.871428571428572,31.942857142857143,1.7857142857142858,2.628571428571429,1.6,0.4428571428571429,6.985714285714286,6.582857142857143,5.605714285714286,8.77142857142857,50.0,406.0857142857143,235.34285714285716,407.68571428571425,234.04285714285714,407.25714285714287,235.87142857142857,407.04285714285714,235.17142857142858,4.581428571428572,1.5483342857142854,1.3144942857142858,2.0711814285714287,4.932724285714286,9969.614285714286,2.01,117.3,5822.914285714286,4.93,3.217142857142857,1.2000237142857142,0.921154857142857,1.36937,3.4872414285714286,182.8,7620.528571428571,0.9655421428571429,0.933507,1.5590571428571427,3.4613328571428568
2026-01-31 03:30:00+00:00,0.0,5.480769230769231,0.0,0.0,0.0,0.7,0.735,0.7,0.66,0.0,6.8375,2.4125,33.2875,2.075,2.3875,1.9375,0.4875,6.9,6.35375,5.5962499999999995,8.7525,50.0,405.3125,235.0625,406.85,233.63750000000002,406.2125,235.51250000000002,406.2625,234.725,4.640000000000001,1.49159375,1.3073025,2.0621312499999997,4.85883125,9970.75,2.035,117.3,5823.75,4.93,3.23,1.13970225,0.919777875,1.36018875,3.42194,182.8,7621.337500000001,0.945709125,0.927805875,1.54910375,3.42345125
2026-01-31 03:45:00+00:00,0.0,5.3977272727272725,0.0,0.0,0.0,0.6742857142857144,0.6571428571428573,0.7071428571428571,0.66,0.0,5.442857142857143,4.8428571428571425,40.44285714285714,1.3857142857142857,2.1285714285714286,2.3857142857142857,0.5,6.195714285714287,4.291428571428571,5.5928571428571425,8.701428571428572,50.07142857142857,404.61428571428576,234.81428571428572,406.0571428571429,233.07142857142858,405.68571428571425,234.87142857142857,405.45714285714286,234.27142857142857,4.688571428571429,1.0052185714285715,1.3008114285714285,2.0446057142857144,4.352907142857143,9971.885714285714,2.052857142857143,117.3,5824.571428571428,4.93,3.2528571428571427,0.6586337142857143,0.9165914285714286,1.353697142857143,2.9309657142857146,182.8,7622.142857142857,0.7598894285714286,0.9176155714285714,1.5268742857142856,3.203937142857143
2026-01-31 04:00:00+00:00,0.0,5.4375,0.0,0.0,0.0,0.7016666666666667,0.7433333333333333,0.71,0.66,0.0,1.7833333333333332,6.016666666666667,32.65,1.6666666666666667,1.8166666666666667,2.1166666666666667,0.45,6.808333333333334,6.148333333333333,5.583333333333333,8.705,50.083333333333336,404.06666666666666,234.25,405.6666666666667,232.81666666666663,405.23333333333335,234.73333333333335,405.0333333333333,234.01666666666668,4.673333333333333,1.43593,1.2986066666666667,2.0425133333333334,4.781901666666666,9972.883333333333,2.0433333333333334,117.3,5825.3,4.93,3.2566666666666664,1.104334,0.9165216666666667,1.3507266666666666,3.3653033333333333,182.80000000000004,7622.866666666666,0.9052355,0.9145829999999999,1.5232616666666667,3.341466666666667
2026-01-31 04:15:00+00:00,0.0,5.320388349514563,0.0,0.0,0.0,0.7025,0.74,0.71,0.66,0.0,3.8,5.925,33.0,3.325,3.725,3.4000000000000004,0.475,6.8325000000000005,6.220000000000001,5.58,8.695,50.05,403.82500000000005,234.25,405.42499999999995,232.75,405.075,234.67499999999998,404.8,233.9,4.6675,1.454465,1.29717,2.041335,4.792590000000001,9974.0,2.04,117.3,5826.0,4.93,3.26,1.115081,0.91850975,1.3523325000000002,3.383635,182.8,7623.625,0.917052,0.91568525,1.52806,3.3600675
2026-01-31 04:30:00+00:00,0.0,5.50561797752809,0.0,0.0,0.0,0.6957142857142857,0.7271428571428571,0.71,0.66,0.0,5.8999999999999995,6.471428571428571,34.44285714285714,3.3285714285714287,3.442857142857143,2.6714285714285713,0.4714285714285714,6.785714285714286,6.064285714285714,5.588571428571428,8.717142857142857,50.0,404.2285714285714,234.44285714285712,405.84285714285716,232.97142857142856,405.5,234.82857142857142,405.2285714285714,234.14285714285714,4.655714285714287,1.4167342857142857,1.2952614285714286,2.0448257142857145,4.7615,9975.185714285715,2.04,117.3,5826.828571428572,4.93,3.2514285714285713,1.0721067142857144,0.9188075714285714,1.3550428571428572,3.3463942857142857,182.8,7624.428571428572,0.913816,0.9172954285714285,1.5326857142857142,3.3636828571428574
2026-01-31 04:45:00+00:00,0.0,5.344086021505376,0.0,0.0,0.0,0.6742857142857144,0.6557142857142857,0.71,0.66,0.0,5.057142857142857,5.285714285714286,40.55714285714286,2.257142857142857,2.157142857142857,1.3,0.5,6.19,4.285714285714286,5.581428571428572,8.70142857142857,50.0,404.07142857142856,234.4857142857143,405.52857142857147,232.74285714285716,405.2,234.64285714285714,404.9428571428571,233.95714285714286,4.65,1.00431,1.2976299999999998,2.0401385714285714,4.340875714285714,9976.199999999999,2.04,117.3,5827.571428571428,4.93,3.2399999999999998,0.6583794285714285,0.9165558571428571,1.3501785714285715,2.9236685714285713,182.8,7625.171428571428,0.7564400000000001,0.9159987142857142,1.5268057142857143,3.2011885714285713
2026-01-31 05:00:00+00:00,0.0,5.4222222222222225,0.0,0.0,0.0,0.6957142857142857,0.7271428571428571,0.71,0.66,0.0,5.3,5.457142857142856,33.91428571428572,2.5,2.957142857142857,1.9000000000000001,0.4571428571428572,6.744285714285715,6.444285714285714,5.595714285714286,8.72857142857143,50.1,405.07142857142856,234.8857142857143,406.7285714285714,233.52857142857144,406.35714285714283,235.42857142857142,406.0571428571429,234.6142857142857,4.654285714285714,1.3845914285714287,1.303167142857143,2.054195714285714,4.74301,9977.357142857143,2.044285714285714,117.3,5828.371428571429,4.93,3.244285714285714,1.0443568571428572,0.9208795714285715,1.35973,3.3231128571428568,182.8,7625.914285714286,0.893376,0.922862142857143,1.5408385714285713,3.3576814285714285
2026-01-31 05:15:00+00:00,0.0,5.4,0.0,0.0,0.0,0.7042857142857143,0.7471428571428571,0.7042857142857143,0.66,0.0,5.914285714285714,2.8714285714285714,31.97142857142857,0.7571428571428572,1.614285714285714,1.3857142857142857,0.4428571428571429,6.962857142857142,6.531428571428571,5.595714285714286,8.76142857142857,50.1,405.92857142857144,235.35714285714286,407.5571428571429,234.0142857142857,407.3,236.0142857142857,406.95714285714286,235.14285714285714,4.688571428571429,1.532837142857143,1.3076385714285714,2.069091428571429,4.9092014285714285,9978.442857142858,2.0557142857142856,117.3,5829.171428571428,4.93,3.267142857142857,1.1888865714285717,0.9210717142857143,1.368267142857143,3.4751,182.8,7626.728571428571,0.9540915714285714,0.9294495714285714,1.5532614285714286,3.4356728571428574
2026-01-31 05:30:00+00:00,0.0,5.511363636363637,0.0,0.0,0.0,0.6957142857142857,0.7228571428571428,0.7,0.66,0.0,5.985714285714286,3.9714285714285715,34.2,2.585714285714286,1.0,1.5999999999999999,0.4571428571428572,6.797142857142857,6.05,5.601428571428571,8.742857142857144,50.1,405.8142857142857,235.41428571428574,407.34285714285716,233.87142857142857,406.97142857142853,235.75714285714284,406.7142857142857,235.0285714285714,4.71,1.4178385714285715,1.3097485714285715,2.0599314285714287,4.787642857142857,9979.514285714287,2.06,117.3,5829.971428571429,4.93,3.28,1.0694807142857143,0.9217178571428571,1.359337142857143,3.3546114285714284,182.8,7627.471428571429,0.9160341428571428,0.929099,1.5472642857142858,3.390187142857143
2026-01-31 05:45:00+00:00,0.0,5.46067415730337,0.0,0.0,0.0,0.67,0.65,0.7,0.66,0.0,8.142857142857142,6.4750000000000005,39.857142857142854,1.7,2.7142857142857144,2.4714285714285715,0.4714285714285714,6.232857142857143,4.325714285714286,5.615714285714286,8.758571428571429,50.1,406.4714285714286,235.8857142857143,407.88571428571424,234.14285714285714,407.6857142857143,235.94285714285712,407.3142857142857,235.34285714285716,4.7128571428571435,1.0193842857142859,1.312072857142857,2.0643371428571426,4.395164285714285,9980.57142857143,2.0614285714285714,117.3,5830.685714285714,4.93,3.281428571428571,0.6623140000000001,0.9238382857142857,1.3642014285714286,2.9528142857142856,182.8,7628.171428571428,0.7733248571428571,0.9325844285714285,1.55179,3.257135714285714
2026-01-31 06:00:00+00:00,0.0,5.434782608695652,0.0,0.0,0.0,0.6785714285714286,0.6742857142857143,0.7,0.66,0.0,4.6,5.142857142857143,38.31428571428571,2.0714285714285716,3.642857142857143,3.257142857142857,0.5142857142857143,6.412857142857143,4.8585714285714285,5.611428571428571,8.767142857142856,50.1,406.5857142857143,235.94285714285712,408.0571428571429,234.29999999999998,407.77142857142854,236.31428571428572,407.5,235.48571428571427,4.725714285714287,1.144292857142857,1.3129828571428572,2.070242857142857,4.530581428571429,9981.671428571428,2.07,117.3,5831.528571428571,4.93,3.2842857142857147,0.7893214285714285,0.9211164285714286,1.3675300000000001,3.084832857142857,182.8,7628.942857142857,0.8169114285714285,0.9327941428571428,1.556072857142857,3.3054957142857146
2026-01-31 06:15:00+00:00,0.0,5.526881720430108,0.0,0.0,0.0,0.7042857142857143,0.7471428571428571,0.7,0.66,0.0,5.285714285714286,3.642857142857143,31.642857142857142,2.4285714285714284,1.7142857142857142,1.7857142857142858,0.4428571428571429,6.96,6.4799999999999995,5.618571428571428,8.784285714285714,50.07142857142857,406.95714285714286,236.0285714285714,408.5,234.6,408.1857142857143,236.57142857142858,407.84285714285716,235.68571428571428,4.7057142857142855,1.5246942857142858,1.3165285714285715,2.0790585714285714,4.918698571428571,9982.82857142857,2.072857142857143,117.3,5832.3,4.93,3.255714285714286,1.1803515714285715,0.9234281428571428,1.3654171428571427,3.469607142857143,182.8,7629.728571428571,0.9501294285714286,0.9373098571428571,1.563912857142857,3.4523699999999997
2026-01-31 06:30:00+00:00,0.0,5.428571428571429,0.0,0.0,0.0,0.7042857142857143,0.7471428571428571,0.7,0.66,0.0,3.4285714285714284,4.628571428571428,31.82857142857143,2.3857142857142857,2.5428571428571423,1.6714285714285713,0.4428571428571429,6.99,6.554285714285713,5.62,8.791428571428572,50.042857142857144,407.0142857142857,236.1,408.64285714285717,234.6,408.24285714285713,236.5142857142857,407.9142857142857,235.75714285714284,4.72,1.5438757142857145,1.31862,2.0794799999999998,4.940905714285714,9983.885714285714,2.08,117.3,5833.071428571428,4.93,3.27,1.1942088571428573,0.9241318571428572,1.3666014285714285,3.482744285714286,182.8,7630.471428571429,0.9633472857142856,0.9396365714285714,1.5661257142857143,3.469342857142857
2026-01-31 06:45:00+00:00,0.0,5.56043956043956,0.0,0.0,0.0,0.6957142857142857,0.7471428571428571,0.7,0.66,0.0,5.185714285714285,4.014285714285714,34.48571428571429,2.6999999999999997,2.2285714285714286,2.2857142857142856,0.4571428571428572,7.05,6.735714285714286,5.618571428571428,8.791428571428572,50.05714285714286,407.0285714285714,236.04285714285714,408.6857142857143,234.72857142857143,408.2857142857143,236.54285714285714,407.9714285714286,235.74285714285716,4.7457142857142856,1.5825914285714284,1.315922857142857,2.08219,4.98236,9985.042857142858,2.08,117.3,5833.857142857143,4.93,3.295714285714286,1.224648857142857,0.9232994285714285,1.36791,3.512717142857143,182.8,7631.314285714287,0.9910548571428571,0.9384238571428571,1.5695542857142857,3.499872857142857
2026-01-31 07:00:00+00:00,0.0,5.421052631578948,0.0,0.0,0.0,0.6785714285714286,0.6742857142857143,0.7,0.66,0.0,4.442857142857143,4.6571428571428575,38.528571428571425,1.5714285714285714,2.2714285714285714,1.9000000000000001,0.4857142857142857,6.4471428571428575,4.951428571428571,5.612857142857143,8.78,49.957142857142856,406.57142857142856,235.8857142857143,408.09999999999997,234.25714285714284,407.7142857142857,236.12857142857143,407.42857142857144,235.44285714285712,4.715714285714285,1.16465,1.3132871428571427,2.0718157142857145,4.551445714285714,9986.171428571428,2.08,117.3,5834.628571428571,4.93,3.257142857142857,0.8044068571428572,0.9208138571428571,1.36199,3.086424285714286,182.8,7632.071428571428,0.8336298571428572,0.9365582857142858,1.56203,3.33231
2026-01-31 07:15:00+00:00,0.0,5.419354838709677,0.0,0.0,0.0,0.67,0.65,0.7,0.66,0.0,6.828571428571428,3.042857142857143,40.51428571428572,1.3142857142857143,1.3285714285714287,2.242857142857143,0.5,6.2299999999999995,4.325714285714286,5.6,8.75,50.042857142857144,406.1857142857143,235.84285714285716,407.74285714285713,233.9857142857143,407.5571428571429,235.84285714285716,407.0285714285714,235.24285714285716,4.7299999999999995,1.0194857142857143,1.3078299999999998,2.064824285714286,4.3947071428571425,9987.271428571428,2.07,117.3,5835.471428571429,4.93,3.27,0.6633621428571429,0.9176128571428571,1.3623471428571428,2.937992857142857,182.8,7632.828571428572,0.7757085714285715,0.9314645714285714,1.5534385714285714,3.2595485714285712
2026-01-31 07:30:00+00:00,0.0,5.322222222222222,0.0,0.0,0.0,0.67,0.65,0.7,0.66,0.0,5.8,2.7,40.4,1.2,1.9,1.5,0.5,6.2299999999999995,4.32,5.6,8.75,50.1,406.3,235.9,407.8,234.1,407.5,235.9,407.2,235.3,4.7299999999999995,1.0206,1.31007,2.06555,4.39957,9987.5,2.07,117.3,5835.7,4.93,3.27,0.663973,0.916822,1.36425,2.94173,182.8,7633.0,0.776092,0.931872,1.55229,3.25908
2026-01-31 07:45:00+00:00,0.0,5.384615384615385,0.0,0.0,0.0,0.67,0.65,0.7,0.66,0.0,7.171428571428571,3.2142857142857144,40.51428571428572,1.3142857142857143,2.414285714285714,2.414285714285714,0.5571428571428572,6.235714285714287,4.331428571428572,5.605714285714286,8.767142857142856,50.042857142857144,406.5285714285714,235.95714285714286,408.0285714285714,234.21428571428572,407.6714285714285,236.07142857142858,407.37142857142857,235.41428571428574,4.707142857142857,1.0221657142857141,1.3101385714285716,2.069887142857143,4.405044285714285,9988.699999999999,2.064285714285714,117.3,5836.5,4.93,3.264285714285714,0.6627392857142856,0.9175888571428572,1.3603471428571428,2.937872857142857,182.8,7633.857142857143,0.7792897142857144,0.9350342857142857,1.5585185714285714,3.2705542857142857
2026-01-31 08:00:00+00:00,0.0,5.456521739130435,0.0,0.0,0.0,0.67,0.6442857142857142,0.7,0.66,0.0,5.885714285714285,2.185714285714286,40.542857142857144,1.2,2.3285714285714287,2.314285714285714,0.5285714285714286,6.2457142857142856,4.338571428571428,5.615714285714286,8.78,50.0,406.8428571428571,236.14285714285714,408.35714285714283,234.44285714285712,407.95714285714286,236.22857142857143,407.64285714285717,235.58571428571426,4.711428571428571,1.023977142857143,1.3134428571428571,2.0735885714285716,4.408024285714285,9990.442857142858,2.067142857142857,117.3,5837.785714285715,4.93,3.2600000000000002,0.66173,0.9209877142857142,1.3600914285714285,2.9387528571428576,182.8,7635.057142857143,0.7808797142857143,0.9370401428571429,1.56328,3.2809142857142857
2026-01-31 08:15:00+00:00,0.0,5.405405405405405,0.0,0.0,0.0,0.67,0.65,0.7,0.66,0.0,2.4,4.1,40.6,2.0,1.1,1.2,0.5,6.24,4.33,5.61,8.78,50.0,406.9,236.2,408.5,234.5,408.1,236.4,407.7,235.7,4.72,1.01888,1.30996,2.07132,4.40035,9991.1,2.07,117.3,5838.3,4.93,3.26,0.66391,0.925186,1.36488,2.94903,182.8,7635.6,0.775274,0.932333,1.55862,3.26604
2026-01-31 08:30:00+00:00,0.0,5.641304347826087,0.0,0.0,0.0,0.6957142857142857,0.7228571428571428,0.7,0.66,0.0,4.928571428571429,4.114285714285715,34.08571428571428,2.3,1.4000000000000001,2.257142857142857,0.4571428571428572,6.788571428571428,5.982857142857142,5.61,8.774285714285714,50.042857142857144,406.84285714285716,235.97142857142856,408.42857142857144,234.52857142857144,408.04285714285714,236.27142857142857,407.7,235.64285714285714,4.74,1.409112857142857,1.31353,2.0756614285714288,4.799619999999999,9992.942857142858,2.07,117.3,5839.571428571428,4.93,3.29,1.0582042857142857,0.9217718571428571,1.3630857142857142,3.339847142857143,182.8,7636.771428571429,0.9149654285714286,0.9383999999999999,1.5625514285714286,3.41463
2026-01-31 08:45:00+00:00,0.0,5.5777777777777775,0.0,0.0,0.0,0.67,0.65,0.7,0.66,0.0,7.6000000000000005,4.3,40.542857142857144,2.4714285714285715,0.9,1.8714285714285714,0.5,6.234285714285714,4.338571428571428,5.61,8.758571428571429,49.94285714285714,406.1714285714285,235.87142857142857,407.7285714285714,234.05714285714288,407.3142857142857,235.75714285714284,407.0142857142857,235.25714285714284,4.734285714285714,1.021102857142857,1.3106214285714286,2.0648385714285715,4.395717142857143,9993.77142857143,2.07,117.3,5840.099999999999,4.93,3.2842857142857143,0.6638138571428571,0.9216341428571428,1.357272857142857,2.9452914285714287,182.8,7637.242857142856,0.7770257142857143,0.9368547142857143,1.5556157142857143,3.26899
2026-01-31 09:00:00+00:00,0.0,5.472527472527473,0.0,0.0,0.0,0.67,0.65,0.7,0.66,0.0,8.8,4.6,40.5,2.6,1.2,2.0,0.5,6.2299999999999995,4.33,5.61,8.75,49.9,405.7,235.7,407.3,233.8,406.8,235.5,406.5,235.0,4.7299999999999995,1.01752,1.30799,2.05757,4.38088,9994.2,2.07,117.3,5840.4,4.93,3.28,0.662673,0.921329,1.3557,2.94425,182.8,7637.5,0.773136,0.934429,1.55088,3.25795
2026-01-31 09:15:00+00:00,0.0,5.376344086021505,0.0,0.0,0.0,0.7214285714285714,0.7957142857142856,0.7,0.66,0.0,4.0,4.942857142857143,27.300000000000004,1.657142857142857,1.8857142857142857,1.4857142857142855,0.4142857142857143,7.3100000000000005,7.561428571428571,5.61,8.775714285714285,49.98571428571428,405.95714285714286,235.27142857142854,407.7285714285714,234.22857142857146,407.2285714285714,236.0142857142857,406.92857142857144,235.17142857142855,4.721428571428571,1.7726114285714285,1.3085985714285715,2.0697157142857145,5.150414285714286,9995.828571428572,2.07,117.3,5841.599999999999,4.93,3.2714285714285714,1.4351361428571427,0.9208438571428571,1.359977142857143,3.716312857142857,182.8,7638.699999999999,1.036290857142857,0.931393,1.5584314285714285,3.52669
2026-01-31 09:30:00+00:00,0.0,5.401960784313726,0.0,0.0,0.0,0.7075,0.75625,0.7,0.66,0.0,3.7874999999999996,4.6875,31.3,3.05,3.8874999999999997,2.8,0.4875,7.0475,6.77125,5.60625,8.772499999999999,49.95,406.09999999999997,235.5625,407.77500000000003,234.125,407.47499999999997,236.05,407.09999999999997,235.225,4.73125,1.5876025,1.3085674999999999,2.071085,4.96686875,9997.2375,2.07,117.3,5842.6,4.93,3.28125,1.239706,0.919411,1.362345,3.5188562500000002,182.8,7639.7375,0.97905025,0.93248475,1.5594175,3.470875
2026-01-31 09:45:00+00:00,0.0,5.466019417475728,0.0,0.0,0.0,0.73,0.82,0.7,0.66,0.0,2.9,6.5,25.6,2.1,0.3,2.1,0.4,7.53,8.25,5.59,8.76,50.0,405.7,235.2,407.3,234.0,406.8,235.9,406.6,235.0,4.75,1.93365,1.3087,2.06342,5.30409,9998.2,2.07,117.3,5843.4,4.93,3.3,1.59444,0.922209,1.36314,3.88069,182.8,7640.5,1.09933,0.930489,1.55346,3.58577
2026-01-31 10:00:00+00:00,0.0,5.51685393258427,0.0,0.0,0.0,0.7128571428571429,0.7714285714285714,0.7028571428571428,0.66,0.0,3.871428571428571,6.214285714285714,29.914285714285715,1.9857142857142858,0.5285714285714286,1.7571428571428573,0.42857142857142855,7.15,7.124285714285714,5.581428571428572,8.748571428571429,50.0,405.4428571428571,235.17142857142855,407.04285714285714,233.77142857142857,406.62857142857143,235.70000000000002,406.3714285714286,234.85714285714286,4.738571428571428,1.6696642857142858,1.3045628571428571,2.060022857142857,5.034332857142857,9998.800000000001,2.067142857142857,117.3,5843.828571428571,4.93,3.2885714285714287,1.32661,0.9195081428571428,1.36078,3.6091900000000003,182.8,7640.871428571429,1.0043351428571428,0.9276561428571428,1.5501,3.483387142857143
2026-01-31 10:15:00+00:00,0.0,5.384615384615385,0.0,0.0,0.0,0.7214285714285714,0.7957142857142856,0.7014285714285714,0.66,0.0,5.957142857142857,2.8428571428571425,27.414285714285715,1.3571428571428572,1.1,1.3285714285714285,0.5,7.28,7.515714285714286,5.577142857142857,8.737142857142858,50.0,405.2285714285714,235.0142857142857,406.9142857142857,233.54285714285714,406.62857142857143,235.6285714285714,406.2285714285714,234.7571428571429,4.675714285714285,1.7630599999999998,1.3018914285714285,2.060907142857143,5.125248571428571,10000.72857142857,2.06,117.3,5845.157142857142,4.93,3.2428571428571433,1.4264964285714288,0.9159360000000001,1.3609571428571428,3.7062057142857148,182.8,7642.057142857143,1.0292297142857143,0.9245622857142858,1.550142857142857,3.5039442857142857
2026-01-31 10:30:00+00:00,0.0,5.505747126436781,0.0,0.0,0.0,0.7042857142857143,0.7471428571428571,0.7,0.66,0.0,6.2,4.0285714285714285,31.842857142857145,1.5571428571428572,1.3142857142857145,1.5285714285714285,0.5428571428571428,6.915714285714286,6.442857142857143,5.571428571428571,8.731428571428571,50.0,405.0857142857143,235.04285714285714,406.74285714285713,233.42857142857142,406.61428571428576,235.48571428571427,406.04285714285714,234.67142857142858,4.674285714285714,1.5117171428571428,1.2996385714285714,2.055085714285714,4.864441428571429,10001.442857142856,2.0557142857142856,117.3,5845.671428571428,4.93,3.244285714285714,1.1708895714285714,0.9165645714285714,1.35825,3.446087142857143,182.8,7642.571428571428,0.9410234285714285,0.922173,1.5447357142857143,3.408652857142857
2026-01-31 10:45:00+00:00,0.0,5.351648351648351,0.0,0.0,0.0,0.67,0.65,0.7,0.66,0.0,6.05,5.550000000000001,40.65,2.75,2.4499999999999997,1.5499999999999998,0.6,6.19,4.2942857142857145,5.565714285714286,8.708571428571428,50.0,404.6857142857143,235.1,406.2285714285714,233.08571428571426,406.2142857142857,235.02857142857144,405.5857142857143,234.3857142857143,4.685,1.009917142857143,1.2975814285714284,2.0465828571428575,4.351344285714285,10002.871428571427,2.05,117.3,5846.757142857144,4.93,3.255714285714286,0.6565495714285714,0.9138337142857144,1.34905,2.9244871428571426,182.8,7643.599999999999,0.7658748571428572,0.920185,1.5365585714285714,3.221841428571429
2026-01-31 11:00:00+00:00,0.0,5.456521739130435,0.0,0.0,0.0,0.67,0.65,0.7014285714285714,0.66,0.0,5.6,5.0625,40.6,3.4125,3.0,1.2999999999999998,0.6,6.19,4.29,5.568571428571429,8.70142857142857,49.98571428571428,404.5142857142858,235.02857142857144,406.04285714285714,232.95714285714286,405.92857142857144,234.8857142857143,405.4428571428571,234.2571428571429,4.688750000000001,1.0093357142857142,1.2965057142857144,2.0444514285714286,4.347434285714285,10003.514285714284,2.05,117.3,5847.242857142858,4.93,3.2585714285714285,0.6546391428571429,0.9114774285714287,1.346112857142857,2.920532857142857,182.8,7644.0428571428565,0.7660307142857142,0.9204065714285715,1.5352785714285715,3.218848571428572
2026-01-31 11:15:00+00:00,0.0,5.217391304347826,0.0,0.0,0.0,0.67,0.65,0.71,0.66,0.0,5.8428571428571425,5.028571428571429,40.62857142857143,2.0714285714285716,1.2714285714285716,0.8857142857142858,0.5714285714285714,6.187142857142858,4.292857142857143,5.557142857142857,8.707142857142857,49.957142857142856,404.42857142857144,234.85714285714286,406.12857142857143,232.95714285714283,405.92857142857144,235.0,405.52857142857147,234.25714285714284,4.671428571428572,1.0044757142857141,1.2825057142857141,2.031497142857143,4.316382857142857,10005.085714285713,2.05,117.3,5848.271428571429,4.93,3.2414285714285715,0.6555082857142857,0.9117111428571428,1.34845,2.9109899999999995,182.8,7645.1285714285705,0.7643055714285715,0.9145497142857143,1.5290071428571428,3.2027742857142862
2026-01-31 11:30:00+00:00,0.0,5.50561797752809,0.0,0.0,0.0,0.6957142857142857,0.7228571428571428,0.7071428571428571,0.66,0.0,5.071428571428571,4.814285714285715,34.614285714285714,2.3285714285714287,1.9571428571428573,1.7571428571428573,0.5285714285714286,6.9799999999999995,6.662857142857143,5.5528571428571425,8.72,50.07142857142857,405.12857142857143,234.9857142857143,406.85714285714283,233.45714285714286,406.5142857142858,235.52857142857144,406.14285714285717,234.67142857142858,4.644285714285715,1.5618485714285715,1.2960685714285716,2.05491,4.775371428571428,10006.32857142857,2.05,117.3,5849.142857142857,4.93,3.2142857142857144,1.2091127142857143,0.9142710000000001,1.3522728571428573,3.476062857142857,182.8,7645.985714285714,0.9730328571428571,0.920251,1.545472857142857,3.4379271428571427
2026-01-31 11:45:00+00:00,0.0,5.571428571428571,0.0,0.0,0.0,0.67,0.65,0.705,0.66,0.0,6.65,4.800000000000001,40.7,1.4500000000000002,2.3,1.95,0.55,6.2,4.31,5.57,8.725000000000001,50.05,405.65,235.6,407.25,233.55,407.05,235.55,406.65,234.9,4.65,1.014885,1.29893,2.05595,4.37049,10007.4,2.0549999999999997,117.3,5849.9,4.93,3.22,0.65889,0.9142334999999999,1.349925,2.9236,182.8,7646.75,0.7702439999999999,0.9218109999999999,1.54271,3.23459
2026-01-31 12:00:00+00:00,0.0,5.4766355140186915,0.0,0.0,0.0,0.6925,0.71375,0.7,0.6575,0.0,4.225,2.925,34.8875,2.1374999999999997,3.2,1.7875,0.5,6.6937500000000005,5.735,5.57875,8.76125,50.0,406.1875,235.7375,407.8375,234.1,407.55,236.025,407.2875,235.2875,4.6825,1.3510900000000001,1.304015,2.06788875,4.72499875,10008.8375,2.06,117.3,5850.95,4.93,3.24625,0.9989895,0.9159786249999999,1.35740125,3.2716075,182.8,7647.725,0.891972,0.9289795000000001,1.5590600000000001,3.38101125
2026-01-31 12:15:00+00:00,0.0,5.297872340425532,0.0,0.0,0.0,0.7214285714285714,0.7957142857142856,0.7,0.6585714285714286,0.0,4.8999999999999995,2.314285714285714,27.842857142857145,1.8,1.3142857142857145,1.3857142857142857,0.4142857142857143,7.354285714285715,7.691428571428572,5.589999999999999,8.78,50.0,406.3,235.52857142857144,408.14285714285717,234.4,407.7,236.31428571428572,407.40000000000003,235.35714285714286,4.707142857142857,1.8056842857142856,1.3094042857142856,2.071217142857143,5.180375714285715,10009.742857142857,2.06,117.3,5851.657142857142,4.93,3.25,1.4601025714285714,0.9186935714285714,1.3572614285714286,3.733972857142857,182.8,7648.442857142857,1.058127,0.9318991428571428,1.56248,3.551352857142857
2026-01-31 12:30:00+00:00,0.0,5.3076923076923075,0.0,0.0,0.0,0.7,0.735,0.7,0.66,0.0,5.55,4.05,33.2125,2.15,1.4625000000000001,2.3125,0.5,6.890000000000001,6.29625,5.59375,8.78,50.0,406.79999999999995,235.95,408.5625,234.55,408.15,236.5125,407.8375,235.6125,4.715,1.48154625,1.30997125,2.07541375,4.8644,10010.699999999999,2.0700000000000003,117.3,5852.3,4.93,3.25,1.127903375,0.91929825,1.36068875,3.404745,182.8,7649.05,0.944493625,0.934091375,1.56597625,3.4427625
2026-01-31 12:45:00+00:00,0.0,5.409090909090909,0.0,0.0,0.0,0.67,0.6485714285714286,0.7,0.66,0.0,5.2,4.514285714285714,40.699999999999996,1.4142857142857141,1.7571428571428573,1.8142857142857143,0.5571428571428572,6.235714285714287,4.345714285714285,5.589999999999999,8.775714285714285,50.042857142857144,407.2,236.47142857142856,408.90000000000003,234.64285714285714,408.59999999999997,236.64285714285714,407.90000000000003,235.9,4.737142857142857,1.024047142857143,1.3106442857142857,2.0762785714285714,4.407448571428572,10012.314285714285,2.08,117.3,5853.4857142857145,4.93,3.267142857142857,0.6608738571428571,0.9167084285714286,1.3658185714285713,2.9391242857142856,182.8,7650.128571428571,0.7795562857142857,0.929818,1.5620100000000001,3.2792942857142857
2026-01-31 13:00:00+00:00,0.0,5.455445544554456,0.0,0.0,0.0,0.715,0.7749999999999999,0.7,0.6525000000000001,0.0,4.675,3.325,29.075,2.4,2.925,1.45,0.525,7.1850000000000005,7.140000000000001,5.5975,8.81,49.925,407.125,236.225,408.975,234.75,408.525,236.67499999999998,408.2,235.9,4.75,1.6826349999999999,1.3124475,2.0867025000000003,5.0779700000000005,10013.375,2.08,117.3,5854.225,4.93,3.2875,1.3363695,0.92094625,1.3697325,3.61433,182.8,7650.9,1.01211725,0.9382285,1.5773249999999999,3.52745
2026-01-31 13:15:00+00:00,0.0,5.440860215053763,0.0,0.0,0.0,0.7299999999999999,0.82,0.7,0.65,0.0,4.7,3.5,25.2,2.5,3.1,1.4,0.5,7.5,8.07,5.6,8.82,49.9,407.1,236.1,409.0,234.8,408.5,236.7,408.2,235.9,4.75,1.90105,1.31208,2.08849,5.29652,10013.5,2.08,117.3,5854.3,4.93,3.29,1.56134,0.9212870000000001,1.37182,3.8386400000000003,182.8,7651.0,1.08776,0.938852,1.57994,3.6061
2026-01-31 13:30:00+00:00,0.0,5.38,0.0,0.0,0.0,0.73,0.82,0.7,0.66,0.0,1.5,4.1,27.0,2.2,2.1,2.3,0.5,7.66,8.58,5.59,8.8,50.0,406.3,235.5,408.5,234.4,408.2,236.5,407.7,235.5,4.74,2.01208,1.30659,2.08394,5.40321,10015.5,2.08,117.3,5855.8,4.93,3.28,1.64749,0.918772,1.36329,3.9345,182.8,7652.3,1.1607,0.933004,1.5748,3.66463
2026-01-31 13:45:00+00:00,0.0,5.336956521739131,0.0,0.0,0.0,0.6828571428571429,0.6914285714285714,0.7,0.6571428571428573,0.0,4.985714285714286,4.628571428571428,36.957142857142856,1.2285714285714289,1.9000000000000001,1.8714285714285714,0.5714285714285714,7.180000000000001,7.115714285714286,5.605714285714286,8.822857142857144,50.0,406.90000000000003,235.95714285714286,408.92857142857144,234.65714285714284,408.42857142857144,236.78571428571428,408.11428571428576,235.84285714285716,4.747142857142857,1.3074042857142858,1.3088785714285716,2.0866357142857144,4.703407142857143,10016.757142857143,2.08,117.3,5856.671428571428,4.93,3.287142857142857,1.3205948571428572,0.9209548571428571,1.3683971428571429,3.6102342857142857,182.8,7653.2,0.9174748571428573,0.9342855714285714,1.5759485714285713,3.401931428571429
2026-01-31 14:00:00+00:00,0.0,5.398148148148148,0.0,0.0,0.0,0.67,0.64,0.7,0.655,0.0,6.3,2.05,40.95,2.25,1.3,1.65,0.6,6.255,4.345,5.605,8.825,50.0,407.0,236.35,408.9,234.5,408.65,236.64999999999998,408.20000000000005,235.85000000000002,4.755,1.02605,1.3101150000000001,2.085655,4.420075,10018.0,2.085,117.3,5857.549999999999,4.93,3.285,0.6568985,0.9185515,1.366685,2.9429350000000003,182.8,7654.15,0.786897,0.9351415000000001,1.575,3.29502
2026-01-31 14:15:00+00:00,0.0,5.455696202531645,0.0,0.0,0.0,0.7000000000000001,0.73,0.6999999999999998,0.66,0.0,2.5,5.05,33.4,1.4500000000000002,1.4000000000000001,1.8499999999999999,0.5499999999999999,6.905,6.3,5.605,8.815,50.0,406.95000000000005,236.1,408.84999999999997,234.45000000000002,408.45,236.6,408.05,235.79999999999998,4.765,1.482865,1.3127099999999998,2.0852999999999997,4.8808750000000005,10019.35,2.09,117.3,5858.5,4.93,3.285,1.1260725,0.919463,1.36529,3.4129850000000004,182.80000000000004,7655.0,0.9479704999999999,0.9357920000000001,1.5748300000000002,3.45872
2026-01-31 14:30:00+00:00,0.0,5.443298969072165,0.0,0.0,0.0,0.6925,0.7075,0.7,0.66,0.0,4.85,5.9375,33.8375,2.325,2.8,2.1875,0.5625,6.7675,5.882499999999999,5.6,8.821250000000001,50.0,406.79999999999995,236.125,408.6625,234.4625,408.3875,236.79999999999998,407.95000000000005,235.8,4.7575,1.38165125,1.3091575,2.0846325,4.78045,10020.525000000001,2.09,117.3,5859.3,4.93,3.28375,1.021672375,0.922125125,1.37352625,3.3151375,182.8,7655.787499999999,0.917411,0.932919875,1.57371875,3.42299625
2026-01-31 14:45:00+00:00,0.0,5.355140186915888,0.0,0.0,0.0,0.67,0.64,0.7,0.66,0.0,7.7,3.5999999999999996,40.9,2.275,0.9,2.375,0.6,6.25,4.342499999999999,5.592499999999999,8.8175,50.0,406.975,236.475,408.825,234.475,409.0,236.6,408.025,235.875,4.75,1.0281825,1.3149775000000001,2.089435,4.43172,10021.550000000001,2.09,117.3,5860.025000000001,4.93,3.2875,0.660169,0.9197722500000001,1.3716,2.9483575,182.8,7656.575,0.78781375,0.93603775,1.5774925,3.301865
2026-01-31 15:00:00+00:00,0.0,5.438202247191011,0.0,0.0,0.0,0.6942857142857143,0.7428571428571429,0.7,0.6542857142857142,0.0,4.7,2.8285714285714287,32.08571428571428,2.4285714285714284,1.2428571428571427,1.4142857142857144,0.5428571428571428,6.82,5.977142857142857,5.614285714285715,8.872857142857143,50.0,408.07142857142856,236.75714285714284,410.15714285714284,235.2,409.62857142857143,237.5,409.2285714285714,236.5142857142857,4.7542857142857144,1.5398557142857143,1.3193400000000002,2.1082014285714283,4.96326,10022.971428571429,2.0942857142857143,117.3,5861.071428571428,4.93,3.2857142857142856,1.0492202857142858,0.923491142857143,1.3758242857142857,3.3462657142857144,182.8,7657.528571428571,0.9259088571428572,0.9420165714285714,1.5925171428571427,3.5072685714285714
2026-01-31 15:15:00+00:00,0.0,5.479166666666667,0.0,0.0,0.0,0.7000000000000001,0.7428571428571429,0.7,0.6542857142857142,0.0,4.857142857142857,5.757142857142857,32.471428571428575,1.7714285714285716,1.7571428571428573,1.8285714285714287,0.5428571428571428,7.032857142857142,6.642857142857143,5.615714285714286,8.844285714285714,50.0,407.61428571428576,236.54285714285714,409.7142857142857,235.0,409.14285714285717,237.22857142857143,408.8142857142857,236.22857142857143,4.777142857142857,1.566304285714286,1.3174914285714288,2.097282857142857,4.981047142857143,10024.014285714287,2.1,117.3,5861.885714285714,4.93,3.2914285714285714,1.2040557142857142,0.9220324285714285,1.3753942857142858,3.5027914285714283,182.8,7658.314285714286,0.9858237142857142,0.9404391428571428,1.586372857142857,3.511914285714286
2026-01-31 15:30:00+00:00,0.0,5.3,0.0,0.0,0.0,0.7299999999999999,0.82,0.7,0.65,0.0,4.9,1.6,26.9,2.5,3.0,2.3,0.5,7.71,8.64,5.62,8.87,50.0,408.6,236.8,410.7,235.6,410.3,237.7,409.8,236.7,4.79,2.03694,1.32143,2.11242,5.47285,10024.7,2.1,117.3,5862.4,4.93,3.3,1.66648,0.922356,1.37863,3.96969,182.8,7658.7,1.17994,0.946314,1.59989,3.72665
2026-01-31 15:45:00+00:00,0.0,5.330188679245283,0.0,0.0,0.0,0.72125,0.82,0.7,0.6587500000000001,0.0,5.875,6.025,25.55,0.775,2.325,2.3,0.5,7.56125,8.14125,5.637499999999999,8.905,50.0,409.29999999999995,237.4125,411.4,236.0375,411.525,238.1375,410.325,237.22500000000002,4.79,1.92253375,1.3245625,2.11599875,5.36549625,10026.0125,2.1087499999999997,117.3,5863.3625,4.93,3.29125,1.57863,0.9236212500000001,1.38840375,3.8838875,182.8,7659.6625,1.10749875,0.951193,1.602515,3.659065
2026-01-31 16:00:00+00:00,0.0,5.438202247191011,0.0,0.0,0.0,0.6942857142857143,0.7428571428571429,0.7,0.6542857142857142,0.0,6.242857142857143,4.671428571428572,32.028571428571425,0.4142857142857143,1.4000000000000001,1.8857142857142857,0.5428571428571428,7.03,6.542857142857144,5.641428571428571,8.904285714285715,50.042857142857144,409.7285714285714,237.85714285714286,411.75714285714287,236.22857142857143,411.64285714285717,238.35714285714286,410.84285714285716,237.47142857142856,4.801428571428572,1.549687142857143,1.32929,2.121225714285714,5.003514285714286,10027.171428571428,2.1157142857142857,117.3,5864.171428571428,4.93,3.295714285714286,1.1887461428571429,0.9266017142857143,1.3870414285714285,3.4992057142857145,182.8,7660.428571428572,0.9801242857142858,0.9533240000000001,1.6076071428571428,3.5424814285714286
2026-01-31 16:15:00+00:00,0.0,5.5,0.0,0.0,0.0,0.72,0.8175,0.7,0.65,0.0,5.6,2.525,26.425,1.175,0.85,1.225,0.5,7.6850000000000005,8.47,5.6475,8.9325,50.0,409.875,237.625,412.1,236.4,411.4,238.725,411.1,237.6,4.8149999999999995,2.00691,1.3334125000000001,2.1336375,5.4787425,10028.475,2.1225,117.3,5865.099999999999,4.93,3.3,1.6365225,0.9286909999999999,1.3876650000000001,3.9502175,182.8,7661.375,1.1632875,0.95786875,1.621845,3.7431075
2026-01-31 16:30:00+00:00,0.0,5.514285714285714,0.0,0.0,0.0,0.6675,0.66125,0.7,0.65,0.0,6.225,4.637499999999999,39.2625,1.95,3.075,2.525,0.5875,6.50375,4.955,5.648750000000001,8.9175,50.0,410.3125,238.35,412.225,236.38750000000002,412.025,238.6125,411.525,237.8125,4.82125,1.1765362499999998,1.33034625,2.1251925,4.63572375,10030.012499999999,2.13,117.3,5866.2,4.93,3.3,0.794265,0.926571625,1.3871312500000001,3.107105,182.8,7662.4125,0.860440875,0.956049875,1.6130200000000001,3.431215
2026-01-31 16:45:00+00:00,0.0,5.604651162790698,0.0,0.0,0.0,0.66,0.6342857142857143,0.6942857142857142,0.65,0.0,6.914285714285714,3.957142857142857,40.94285714285714,3.457142857142857,4.485714285714286,4.071428571428571,0.6,6.331428571428572,4.427142857142857,5.655714285714287,8.921428571428573,50.05714285714286,410.75714285714287,238.74285714285716,412.65714285714284,236.58571428571432,412.5285714285714,238.72857142857143,412.0142857142857,238.02857142857144,4.825714285714286,1.0558714285714286,1.3351685714285715,2.130322857142857,4.523742857142857,10030.971428571429,2.13,117.3,5866.900000000001,4.93,3.3057142857142856,0.6685904285714285,0.9298208571428572,1.3897385714285715,2.98688,182.8,7663.0,0.8159324285714286,0.9603962857142857,1.6166328571428572,3.392935714285714
2026-01-31 17:00:00+00:00,0.0,5.490384615384615,0.0,0.0,0.0,0.6825,0.7012499999999999,0.69375,0.65,0.0,4.1875,6.9625,35.2375,3.3875,4.3625,4.2375,0.5625,6.8237499999999995,5.88375,5.66375,8.92625,50.1,410.9125,238.6625,412.775,236.8,412.5875,238.8625,412.1375,238.0875,4.83,1.40110875,1.338895,2.1335275,4.874205,10032.0,2.13,117.3,5867.6125,4.93,3.30625,1.024665625,0.931434375,1.3921975,3.346085,182.8,7663.7125,0.9375249999999999,0.963216125,1.6189974999999999,3.52005375
2026-01-31 17:15:00+00:00,0.0,5.5,0.0,0.0,0.0,0.6685714285714285,0.6657142857142857,0.6914285714285714,0.65,0.0,6.3999999999999995,7.071428571428571,38.57142857142857,2.0142857142857142,2.414285714285714,1.6285714285714286,0.5,6.541428571428571,4.99,5.678571428571429,8.945714285714285,50.01428571428572,411.7142857142857,239.04285714285714,413.5142857142857,237.31428571428572,413.18571428571425,239.22857142857146,412.8142857142857,238.5,4.838571428571428,1.1918071428571426,1.34567,2.136624285714286,4.67902,10033.42857142857,2.138571428571429,117.3,5868.642857142857,4.93,3.3085714285714287,0.8086742857142857,0.9349562857142857,1.3945971428571429,3.1311728571428574,182.8,7664.742857142856,0.8660428571428571,0.9711312857142858,1.6240471428571428,3.4601271428571425
2026-01-31 17:30:00+00:00,0.0,5.34,0.0,0.0,0.0,0.66,0.63375,0.69,0.65,0.0,7.4,5.05,40.725,1.8625,2.125,1.2,0.525,6.362500000000001,4.445,5.68625,8.9525,50.0,411.8875,239.1875,413.6875,237.38750000000002,413.3875,239.35000000000002,412.9875,238.65,4.8525,1.062735,1.3486037499999999,2.14046375,4.55363625,10034.5625,2.14,117.3,5869.4875,4.93,3.31,0.67298875,0.933847625,1.390185,2.9999225000000003,182.8,7665.525,0.82212675,0.974912,1.6296487499999999,3.42532375
2026-01-31 17:45:00+00:00,0.0,5.518518518518518,0.0,0.0,0.0,0.66,0.63,0.69,0.65,0.0,4.8875,3.6625,40.6875,1.675,2.0125,1.2,0.5625,6.37,4.45625,5.69,8.963750000000001,50.0375,412.26250000000005,239.4125,414.025,237.5,413.725,239.6125,413.3625,238.8375,4.86,1.06495125,1.34927875,2.14808375,4.56359625,10036.1375,2.14,117.3,5870.6125,4.93,3.31,0.6730045,0.933698,1.39354875,3.0004062499999997,182.8,7666.575,0.8239110000000001,0.9740712499999999,1.63324875,3.43118125
2026-01-31 18:00:00+00:00,0.0,5.456521739130435,0.0,0.0,0.0,0.6942857142857143,0.7385714285714285,0.6900000000000001,0.6457142857142858,0.0,5.242857142857142,7.742857142857143,31.942857142857143,1.6428571428571428,2.5714285714285716,2.585714285714286,0.4857142857142857,7.094285714285713,6.607142857142857,5.695714285714287,8.985714285714286,50.0,412.54285714285714,239.42857142857142,414.45714285714286,237.8857142857143,414.02857142857147,239.82857142857142,413.7,239.01428571428573,4.87,1.5788642857142856,1.3554242857142857,2.1577971428571425,5.091318571428571,10037.485714285716,2.15,117.3,5871.628571428571,4.93,3.32,1.2037051428571428,0.9305334285714285,1.39375,3.5264714285714285,182.8,7667.4857142857145,1.005419,0.9812824285714286,1.6431757142857144,3.6291100000000003
2026-01-31 18:15:00+00:00,0.0,5.367088607594937,0.0,0.0,0.0,0.725,0.82,0.695,0.655,0.0,4.3999999999999995,7.050000000000001,25.400000000000002,2.1,2.8000000000000003,2.85,0.45,7.59,8.21,5.655,8.91,50.0,409.59999999999997,237.45000000000002,411.54999999999995,236.30000000000004,410.5,238.25,410.6499999999999,237.30000000000004,4.88,1.9456999999999998,1.3350600000000001,2.121865,5.401714999999999,10038.2,2.155,117.3,5872.150000000001,4.93,3.32,1.5931,0.9260345,1.382275,3.9021399999999997,182.80000000000004,7668.049999999999,1.119635,0.9596345,1.60815,3.68694
2026-01-31 18:30:00+00:00,0.0,5.336842105263158,0.0,0.0,0.0,0.7299999999999999,0.82,0.7,0.66,0.0,3.2285714285714286,4.0,25.957142857142856,2.1714285714285713,1.9857142857142858,1.9142857142857144,0.5,7.595714285714286,8.358571428571429,5.61,8.812857142857144,50.0,406.88571428571424,235.32857142857142,408.7857142857143,234.17142857142858,407.9142857142857,236.17142857142858,407.95714285714286,235.57142857142858,4.838571428571428,1.9699457142857142,1.3169642857142858,2.0880771428571427,5.37278,10039.328571428572,2.1314285714285712,117.3,5872.957142857143,4.93,3.3085714285714287,1.6172942857142856,0.9253354285714286,1.37326,3.9161642857142858,182.8,7668.742857142856,1.1277557142857144,0.9396394285714286,1.5728428571428572,3.6406585714285713
2026-01-31 18:45:00+00:00,0.0,5.456310679611651,0.0,0.0,0.0,0.685,0.69,0.7,0.66,0.0,6.300000000000001,3.6500000000000004,37.025,1.475,1.8250000000000002,1.875,0.5,6.5975,5.3775,5.6175,8.79,50.075,407.275,236.25,408.95,234.45,408.575,236.4,408.325,235.875,4.755,1.2681900000000002,1.315075,2.0824725,4.66613,10040.675,2.0875,117.3,5873.925,4.93,3.2849999999999997,0.90768825,0.925636,1.372405,3.2104825,182.8,7669.675,0.8723164999999999,0.93792975,1.5670625,3.37766
2026-01-31 19:00:00+00:00,0.0,5.341772151898734,0.0,0.0,0.0,0.6900000000000001,0.7000000000000001,0.6999999999999998,0.655,0.0,4.483333333333333,3.5833333333333335,35.5,1.3666666666666665,2.033333333333333,1.7333333333333332,0.4666666666666666,6.685,5.601666666666667,5.626666666666666,8.828333333333333,50.01666666666667,407.8666666666666,236.68333333333337,409.5833333333333,235.04999999999998,409.23333333333335,237.0666666666667,408.9166666666667,236.26666666666665,4.748333333333334,1.3236566666666667,1.322265,2.09296,4.74054,10041.916666666666,2.08,117.3,5874.833333333333,4.93,3.28,0.9638123333333333,0.9246581666666667,1.371215,3.2644249999999997,182.80000000000004,7670.533333333333,0.8882018333333334,0.9432885,1.5791716666666666,3.411661666666667
2026-01-31 19:15:00+00:00,0.0,5.21875,0.0,0.0,0.0,0.7299999999999999,0.82,0.7,0.66,0.0,0.8,4.8,25.0,1.4,1.8,1.2,0.4,7.5200000000000005,8.07,5.64,8.84,50.0,407.8,236.4,409.6,235.2,409.0,237.1,408.8,236.2,4.75,1.90489,1.32455,2.09396,5.325830000000001,10042.4,2.08,117.3,5875.1,4.93,3.28,1.56761,0.928749,1.3728,3.8678,182.8,7670.8,1.0873,0.946146,1.58216,3.61273
2026-01-31 19:30:00+00:00,0.0,5.470588235294118,0.0,0.0,0.0,0.7075,0.7525,0.7,0.66,0.0,4.2124999999999995,4.8125,31.3125,1.9375,1.5625,1.8,0.4875,7.12,6.86625,5.64125,8.8475,50.0875,408.575,236.9125,410.3,235.53750000000002,409.875,237.45,409.625,236.6125,4.7675,1.62233875,1.3220425,2.0931687500000002,5.03764,10043.9625,2.08875,117.3,5876.2625,4.93,3.28875,1.263600625,0.92646925,1.37596875,3.56963625,182.8,7671.875,1.0047021250000001,0.94963075,1.58619625,3.541045
2026-01-31 19:45:00+00:00,0.0,5.451923076923077,0.0,0.0,0.0,0.6975,0.7525,0.7,0.65375,0.0,5.5125,3.9000000000000004,31.9375,1.4125,0.6125,1.9,0.4375,7.19,6.54,5.65,8.8525,50.0,408.775,237.0875,410.4375,235.6625,409.875,237.5375,409.6125,236.7375,4.7825,1.6727675,1.3296425,2.1056749999999997,5.10510375,10045.275,2.09625,117.3,5877.25,4.93,3.2962499999999997,1.3012165,0.9290372499999999,1.377225,3.604575,182.8,7672.825,1.041299875,0.954650875,1.59371625,3.587295
2026-01-31 20:00:00+00:00,0.0,5.595744680851064,0.0,0.0,0.0,0.6714285714285715,0.6657142857142857,0.7,0.6528571428571429,0.0,5.471428571428572,3.4714285714285715,36.528571428571425,1.6857142857142857,1.4142857142857144,1.5285714285714287,0.4714285714285714,6.501428571428571,4.878571428571428,5.652857142857143,8.848571428571429,50.0,408.9857142857143,237.35714285714286,410.59999999999997,235.6142857142857,410.14285714285717,237.41428571428574,409.92857142857144,236.8142857142857,4.79,1.1860271428571427,1.3279685714285712,2.10056,4.613038571428571,10046.342857142856,2.107142857142857,117.3,5878.0142857142855,4.93,3.292857142857143,0.813096,0.9257364285714286,1.3708628571428572,3.1158457142857143,182.8,7673.7,0.8521340000000001,0.9532068571428571,1.5862985714285713,3.3898571428571427
2026-01-31 20:15:00+00:00,0.0,5.471153846153846,0.0,0.0,0.0,0.6687500000000001,0.64,0.69875,0.6587500000000001,0.0,4.3875,5.5375000000000005,40.3375,2.5125,0.975,1.925,0.5,6.31375,4.405,5.6625,8.8675,50.0,409.7375,237.825,411.33750000000003,235.9625,410.85,237.7625,410.65,237.25,4.7925,1.04676875,1.3252975,2.09929375,4.4687125000000005,10047.275,2.11,117.3,5878.6375,4.93,3.29125,0.670779875,0.927043,1.3759287500000001,2.9736475,182.8,7674.225,0.80367325,0.9572583750000001,1.58681,3.34052375
2026-01-31 20:30:00+00:00,0.0,5.565217391304348,0.0,0.0,0.0,0.66,0.64,0.6900000000000001,0.65,0.0,8.67142857142857,6.614285714285714,40.57142857142857,2.442857142857143,0.942857142857143,2.6,0.5,6.341428571428572,4.44,5.681428571428571,8.92,50.01428571428572,411.4428571428571,238.75714285714284,413.0285714285714,237.1142857142857,412.62857142857143,238.91428571428574,412.42857142857144,238.31428571428572,4.814285714285714,1.058992857142857,1.3481342857142857,2.133442857142857,4.5431985714285705,10048.657142857144,2.1128571428571425,117.3,5879.7,4.93,3.301428571428571,0.6747588571428571,0.9315607142857143,1.3872885714285714,2.9939499999999994,182.8,7675.2,0.8159684285714286,0.9729548571428571,1.6196842857142857,3.40873
2026-01-31 20:45:00+00:00,0.0,5.289719626168225,0.0,0.0,0.0,0.705,0.7749999999999999,0.69,0.65,0.0,2.65,4.3,29.75,1.4249999999999998,1.125,2.8249999999999997,0.42500000000000004,7.3774999999999995,7.507499999999999,5.69,8.942499999999999,50.025,411.4,238.5,413.05,237.275,412.5,239.0,412.3,238.25,4.8475,1.78717,1.348115,2.1351250000000004,5.266602499999999,10050.050000000001,2.13,117.3,5880.6,4.93,3.3175,1.4088685,0.9312327499999999,1.38515,3.72316,182.8,7676.1,1.08515425,0.975093,1.6256650000000001,3.68734
2026-01-31 21:00:00+00:00,0.0,5.50561797752809,0.0,0.0,0.0,0.6900000000000001,0.8157142857142857,0.6900000000000001,0.65,0.0,8.257142857142856,4.542857142857143,32.67142857142857,4.057142857142857,2.185714285714286,2.4857142857142853,0.4428571428571429,6.558571428571429,5.045714285714285,5.698571428571428,8.94142857142857,50.0,411.90000000000003,238.94285714285712,413.38571428571424,237.34285714285716,413.0,239.1285714285714,412.75714285714287,238.54285714285714,4.858571428571429,1.20348,1.3505357142857142,2.137905714285714,4.690817142857143,10051.27142857143,2.13,117.3,5881.599999999999,4.93,3.3114285714285714,0.8151682857142857,0.9310691428571429,1.3871,3.135464285714286,182.8,7676.971428571429,0.8736034285714285,0.9792011428571429,1.6290714285714287,3.481245714285714
2026-01-31 21:15:00+00:00,0.0,5.474747474747475,0.0,0.0,0.0,0.66,0.63,0.6900000000000001,0.65,0.0,14.7,5.0,40.4,7.7,2.7,2.9,0.5,6.37,4.47,5.7,8.94,50.0,412.2,239.1,413.5,237.4,413.2,239.2,412.9,238.7,4.86,1.06818,1.35096,2.13934,4.55531,10051.7,2.13,117.3,5882.0,4.93,3.31,0.676025,0.930027,1.3842,2.99258,182.8,7677.3,0.825433,0.981947,1.631,3.43781
2026-01-31 21:30:00+00:00,0.0,5.50561797752809,0.0,0.0,0.0,0.6857142857142857,0.7128571428571429,0.6900000000000001,0.65,0.0,8.257142857142856,5.575,33.82857142857143,4.6000000000000005,1.8571428571428572,2.0142857142857142,0.4571428571428572,6.912857142857143,6.082857142857143,5.707142857142857,8.948571428571428,50.0,412.5142857142857,239.12857142857143,413.90000000000003,237.68571428571428,413.4142857142857,239.42857142857142,413.2142857142857,238.84285714285716,4.894285714285714,1.4544371428571428,1.356177142857143,2.143592857142857,4.952817142857143,10053.028571428571,2.141428571428571,117.3,5882.900000000001,4.93,3.332857142857143,1.0755852857142858,0.9340577142857143,1.387727142857143,3.3958771428571426,182.8,7678.157142857142,0.9580844285714285,0.9839235714285713,1.63336,3.5766414285714285
2026-01-31 21:45:00+00:00,0.0,5.549019607843137,0.0,0.0,0.0,0.68875,0.71,0.6962499999999999,0.65625,0.0,3.9499999999999997,4.625,34.5875,1.5875000000000001,2.15,1.9125,0.4625,6.7749999999999995,5.82,5.66375,8.8425,50.0625,409.4875,237.4625,410.9,235.975,410.35,237.7125,410.225,237.0625,4.907500000000001,1.37800375,1.33481875,2.101065,4.81098625,10054.8375,2.1374999999999997,117.3,5884.15,4.93,3.35625,1.01410025,0.9294328749999999,1.37595,3.31614,182.8,7679.3875,0.9123557499999999,0.9574075,1.58953375,3.4606225000000004
2026-01-31 22:00:00+00:00,0.0,5.3578947368421055,0.0,0.0,0.0,0.6957142857142857,0.7228571428571428,0.7,0.6557142857142857,0.0,5.471428571428572,5.128571428571428,34.01428571428571,1.7857142857142858,1.9142857142857144,1.6285714285714286,0.4571428571428572,6.824285714285714,5.84,5.63875,8.785714285714285,50.01428571428572,407.525,236.46249999999998,409.03749999999997,234.8625,408.5125,236.525,408.4375,235.95,4.840000000000001,1.4281257142857144,1.3215228571428572,2.0809714285714285,4.829701428571428,10056.128571428571,2.1085714285714285,117.3,5885.071428571428,4.93,3.334285714285714,1.071854857142857,0.923368,1.361927142857143,3.35715,182.8,7680.271428571429,0.9256154285714285,0.944164,1.5694428571428571,3.440774285714286
2026-01-31 22:15:00+00:00,0.0,5.445652173913044,0.0,0.0,0.0,0.67,0.65,0.7,0.65,0.0,7.7,6.3,40.3,2.3,1.3,1.4,0.5,6.26,4.36,5.64,8.79,50.0,407.7,236.69999999999996,409.2,234.80000000000004,408.7,236.5,408.6000000000001,236.0,4.76,1.03053,1.32101,2.08029,4.43475,10056.5,2.08,117.3,5885.3,4.93,3.3,0.6685419999999999,0.924054,1.35924,2.9532,182.8,7680.6,0.784581,0.945748,1.5699400000000001,3.30226
2026-01-31 22:30:00+00:00,0.0,5.1826923076923075,0.0,0.0,0.0,0.6925,0.71375,0.7,0.65625,0.0,5.7375,4.825,34.449999999999996,1.6625,2.175,2.15,0.4625,6.715,5.73375,5.63375,8.785,50.0,407.4,236.3375,408.875,234.7375,408.3375,236.45,408.2375,235.8625,4.7475000000000005,1.3526575,1.3198375,2.07770875,4.75065875,10057.9125,2.07375,117.3,5886.3375,4.93,3.29375,1.00147725,0.924638,1.363805,3.28917125,182.8,7681.5125,0.891852875,0.943198875,1.56725875,3.40377625
2026-01-31 22:45:00+00:00,0.0,5.269662921348314,0.0,0.0,0.0,0.7128571428571429,0.7714285714285714,0.7,0.66,0.0,5.0,4.671428571428571,29.442857142857143,2.3000000000000003,3.8000000000000003,3.5714285714285716,0.42857142857142855,7.157142857142857,7.064285714285715,5.63,8.777142857142858,50.0,406.9714285714286,236.02857142857144,408.4428571428571,234.6285714285714,407.80000000000007,236.3,407.7714285714286,235.6142857142857,4.747142857142857,1.6623085714285715,1.3189600000000001,2.074195714285714,5.056752857142857,10059.357142857143,2.077142857142857,117.3,5887.414285714286,4.93,3.29,1.320976,0.9252667142857142,1.3681271428571429,3.6124085714285714,182.8,7682.514285714286,1.00167,0.9415288571428572,1.5628185714285714,3.504121428571429
2026-01-31 23:00:00+00:00,0.0,5.447619047619048,0.0,0.0,0.0,0.73,0.82,0.7,0.66,0.0,6.35,5.4125,25.5375,1.3250000000000002,1.1125,2.1125,0.4,7.563750000000001,8.29875,5.63875,8.7625,50.0875,406.5375,235.5375,408.125,234.5125,407.25,236.21249999999998,407.33750000000003,235.32500000000002,4.75,1.9517875,1.3193774999999999,2.0765350000000002,5.3455562500000005,10060.375,2.08,117.3,5888.1125,4.93,3.29,1.60714125,0.92525925,1.370065,3.9003375,182.8,7683.212500000001,1.11028375,0.9414695,1.5633762500000001,3.61476
2026-01-31 23:15:00+00:00,0.0,5.294117647058823,0.0,0.0,0.0,0.73,0.82,0.7,0.66,0.0,6.6,6.044444444444444,25.6,1.1,0.7,1.9,0.4,7.57,8.32,5.64,8.76,50.1,406.5,235.5,408.1,234.5,407.2,236.2,407.3,235.3,4.75,1.95696,1.31954,2.07675,5.35048,10060.5,2.08,117.3,5888.2,4.93,3.29,1.61077,0.925123,1.36995,3.9036,182.8,7683.3,1.11325,0.941556,1.56346,3.61835
2026-01-31 23:30:00+00:00,0.0,5.435897435897436,0.0,0.0,0.0,0.66,0.64,0.69,0.65,0.0,5.7,2.1,40.5,0.4000000000000001,1.1,1.2,0.5,6.32,4.42,5.66,8.88,50.0,410.2,238.1,411.6000000000001,236.30000000000004,411.1000000000001,238.19999999999996,411.0,237.5,4.75,1.05187,1.33962,2.11471,4.50383,10063.6,2.08,117.3,5890.399999999999,4.93,3.28,0.674013,0.927806,1.38194,2.98345,182.80000000000004,7685.399999999999,0.807114,0.9644660000000002,1.6041,3.37832
2026-01-31 23:45:00+00:00,0.0,5.480769230769231,0.0,0.0,0.0,0.66,0.64,0.69,0.65,0.0,5.7,2.1,40.5,0.4,1.1,1.2,0.5,6.32,4.42,5.66,8.88,50.0,410.2,238.1,411.6,236.3,411.1,238.2,411.0,237.5,4.75,1.05187,1.33962,2.11471,4.50383,10063.6,2.08,117.3,5890.4,4.93,3.28,0.674013,0.927806,1.38194,2.98345,182.8,7685.4,0.807114,0.964466,1.6041,3.37832
2026-02-01 00:00:00+00:00,0.0,5.377358490566038,0.0,0.0,0.0,0.6675,0.6475,0.6975,0.65,0.0,6.075,3.3000000000000003,40.349999999999994,1.375,2.075,2.175,0.5,6.2975,4.39,5.6525,8.835,50.0,409.375,237.42499999999998,410.7,235.85,410.2,237.525,410.025,236.97500000000002,4.8025,1.0412275,1.33443,2.09869,4.4676425,10065.1,2.095,117.3,5891.45,4.93,3.3099999999999996,0.671592,0.92863925,1.3764875,2.9719075,182.8,7686.525,0.79672275,0.957533,1.5881925,3.34187
2026-02-01 00:15:00+00:00,0.0,5.365591397849462,0.0,0.0,0.0,0.67,0.65,0.7,0.65,0.0,6.2,3.7,40.3,1.7,2.4,2.5,0.5,6.29,4.38,5.65,8.82,50.0,409.1,237.2,410.4,235.7,409.9,237.3,409.7,236.8,4.82,1.03768,1.3327000000000002,2.09335,4.45558,10065.6,2.1,117.3,5891.8,4.93,3.32,0.6707849999999999,0.928917,1.37467,2.96806,182.8,7686.9,0.793259,0.955222,1.5828900000000001,3.3297199999999996
2026-02-01 00:30:00+00:00,0.0,5.483870967741935,0.0,0.0,0.0,0.67,0.65,0.7,0.65,0.0,6.2,3.7,40.3,1.7,2.4,2.5,0.5,6.29,4.38,5.65,8.82,50.0,409.1,237.2,410.4,235.7,409.9,237.3,409.7,236.8,4.82,1.03768,1.3327,2.09335,4.45558,10065.6,2.1,117.3,5891.8,4.93,3.32,0.670785,0.928917,1.37467,2.96806,182.8,7686.9,0.793259,0.955222,1.58289,3.32972
2026-02-01 00:45:00+00:00,0.0,5.43956043956044,0.0,0.0,0.0,0.6614285714285714,0.65,0.7,0.6514285714285715,0.0,5.371428571428572,3.457142857142857,40.4,0.41428571428571426,1.5999999999999999,1.6142857142857143,0.5,6.2628571428571425,4.362857142857143,5.631428571428572,8.79142857142857,50.01428571428572,407.88571428571424,236.68571428571428,409.2,234.90000000000003,408.85714285714283,236.68571428571428,408.6714285714285,236.1,4.76,1.0358642857142857,1.3258957142857142,2.0855457142857143,4.449065714285714,10069.257142857143,2.0814285714285714,117.3,5894.5,4.93,3.28,0.669384,0.9226281428571428,1.36579,2.957062857142857,182.8,7689.3,0.7898512857142858,0.9507728571428571,1.5765914285714284,3.3168957142857143
2026-02-01 01:00:00+00:00,0.0,5.655555555555556,0.0,0.0,0.0,0.67,0.65,0.7,0.66,0.0,6.4,7.4,40.4,1.1,2.8,1.7,0.5,6.28,4.38,5.64,8.8,50.1,409.0,237.2,410.4,235.5,409.8,237.2,409.7,236.7,4.76,1.03487,1.32719,2.08804,4.45072,10070.2,2.09,117.3,5895.1,4.93,3.28,0.67242,0.928917,1.36771,2.96578,182.8,7689.9,0.789025,0.95124,1.5791799999999998,3.31657
2026-02-01 01:15:00+00:00,0.0,5.409090909090909,0.0,0.0,0.0,0.67,0.65,0.7,0.66,0.0,6.4,7.4,40.4,1.1,2.8,1.7,0.5,6.28,4.38,5.64,8.8,50.1,409.0,237.2,410.4,235.5,409.8,237.2,409.7,236.7,4.76,1.03487,1.32719,2.08804,4.45072,10070.2,2.09,117.3,5895.1,4.93,3.28,0.67242,0.928917,1.36771,2.96578,182.8,7689.9,0.789025,0.95124,1.5791799999999998,3.31657
2026-02-01 01:30:00+00:00,0.0,5.273684210526316,0.0,0.0,0.0,0.6785714285714286,0.6742857142857143,0.7,0.6585714285714286,0.0,5.771428571428571,5.214285714285714,40.214285714285715,1.6857142857142857,1.3571428571428572,1.4714285714285715,0.4,6.485714285714286,5.007142857142857,5.660000000000001,8.791428571428572,50.042857142857144,408.35714285714283,236.82857142857142,409.54285714285714,235.27142857142857,408.8142857142857,236.78571428571428,408.9714285714286,236.29999999999998,4.724285714285714,1.1834285714285713,1.3306357142857144,2.0834928571428573,4.599080000000001,10073.0,2.08,117.3,5897.128571428571,4.93,3.2514285714285713,0.8185162857142857,0.9276947142857143,1.3643699999999999,3.111932857142857,182.8,7691.828571428572,0.8433964285714285,0.9531292857142857,1.5733285714285714,3.3709
2026-02-01 01:45:00+00:00,0.0,5.390476190476191,0.0,0.0,0.0,0.6900000000000001,0.71375,0.7,0.65375,0.0,6.1875,5.012499999999999,35.1125,1.8375000000000001,2.7375,1.725,0.4,6.83,6.03625,5.65875,8.795,50.0,408.45,236.7875,409.6375,235.325,408.75,236.8625,408.95,236.325,4.45,1.42245875,1.329725,2.08556375,4.84121,10074.0625,2.08,117.3,5897.925,4.93,2.96,1.05606925,0.9263565,1.36526875,3.348185,182.8,7692.587500000001,0.938393125,0.953597875,1.574895,3.46935125
2026-02-01 02:00:00+00:00,0.0,5.292929292929293,0.0,0.0,0.0,0.6614285714285714,0.65,0.7,0.6514285714285715,0.0,5.942857142857143,3.542857142857143,37.971428571428575,2.2,2.142857142857143,1.542857142857143,0.38571428571428573,6.285714285714286,4.385714285714285,5.6657142857142855,8.805714285714286,50.0,408.9714285714286,237.34285714285716,410.0,235.57142857142858,409.5857142857143,237.09999999999997,409.4714285714286,236.58571428571426,4.494285714285715,1.0403114285714286,1.3305185714285714,2.0898114285714287,4.464532857142857,10074.857142857143,2.0814285714285714,117.3,5898.442857142857,4.93,3.005714285714286,0.6741268571428571,0.9281765714285715,1.3717714285714286,2.9747842857142857,182.8,7693.128571428571,0.7921835714285714,0.9572168571428571,1.5799414285714286,3.3293271428571427
2026-02-01 02:15:00+00:00,0.0,5.466666666666667,0.0,0.0,0.0,0.67,0.65,0.7,0.66,0.0,5.6,0.8,25.2,2.8,2.4,1.8,0.3,6.26,4.36,5.64,8.78,50.0,407.6,236.4,408.8,234.8,408.3,236.5,408.1,235.9,4.76,1.0312,1.32583,2.08094,4.43611,10075.8,2.09,117.3,5899.3,4.93,3.28,0.6683960000000001,0.926506,1.3623,2.96269,182.8,7693.9,0.7839730000000001,0.94818,1.56765,3.30033
2026-02-01 02:30:00+00:00,0.0,5.428571428571429,0.0,0.0,0.0,0.7042857142857143,0.7471428571428571,0.7,0.66,0.0,5.2,5.414285714285714,31.685714285714287,1.2428571428571427,1.257142857142857,1.957142857142857,0.4428571428571429,7.002857142857143,6.605714285714285,5.64,8.764285714285714,50.05714285714286,407.15714285714284,235.92857142857142,408.37142857142857,234.58571428571426,407.7857142857143,236.28571428571428,407.7,235.6142857142857,4.74,1.55341,1.3188485714285714,2.0686114285714288,4.940825714285714,10077.414285714287,2.07,117.3,5900.371428571429,4.93,3.27,1.2033984285714285,0.924901,1.3622414285714284,3.48965,182.8,7694.971428571429,0.964633,0.9419152857142857,1.5577714285714286,3.466152857142857
2026-02-01 02:45:00+00:00,0.0,5.476190476190476,0.0,0.0,0.0,0.67,0.65,0.7,0.66,0.0,5.6,6.5,40.2,0.9,0.4,1.9,0.5,6.26,4.36,5.64,8.77,50.0,407.5,236.5,408.6,234.7,408.3,236.4,408.1,235.9,4.74,1.02949,1.3205,2.0678,4.4171,10077.7,2.07,117.3,5900.6,4.93,3.27,0.670743,0.922733,1.36387,2.95337,182.8,7695.2,0.781877,0.944993,1.55868,3.28369
2026-02-01 03:00:00+00:00,0.0,5.363636363636363,0.0,0.0,0.0,0.7214285714285714,0.8042857142857143,0.7,0.66,0.0,4.314285714285714,3.1571428571428575,26.74285714285714,1.5,2.457142857142857,2.8428571428571425,0.4142857142857143,7.314285714285715,7.5057142857142845,5.648571428571429,8.787142857142856,50.08571428571429,407.07142857142856,235.72857142857143,408.5142857142857,234.7,407.87142857142857,236.4,407.84285714285716,235.64285714285714,4.731428571428572,1.7659300000000002,1.3238257142857142,2.0759342857142857,5.16554,10079.5,2.07,117.3,5901.8,4.93,3.2785714285714285,1.432029,0.9294521428571427,1.3652585714285714,3.725527142857143,182.8,7696.314285714286,1.0271681428571429,0.9438615714285714,1.56402,3.5326985714285715
2026-02-01 03:15:00+00:00,0.0,5.48314606741573,0.0,0.0,0.0,0.7042857142857143,0.7528571428571428,0.7,0.66,0.0,4.828571428571428,3.414285714285714,31.22857142857143,1.385714285714286,2.414285714285714,2.2714285714285714,0.4428571428571429,6.950000000000001,6.444285714285714,5.637142857142857,8.768571428571429,50.05714285714286,406.65714285714284,235.64285714285714,408.0285714285714,234.4,407.3285714285715,236.05714285714288,407.37142857142857,235.3857142857143,4.742857142857143,1.5161342857142857,1.3204542857142856,2.0694042857142856,4.906914285714286,10080.442857142856,2.07,117.3,5902.5142857142855,4.93,3.2885714285714287,1.1763538571428571,0.9282097142857142,1.3616157142857142,3.46647,182.8,7696.971428571429,0.940445857142857,0.9409511428571429,1.55792,3.4378285714285712
2026-02-01 03:30:00+00:00,0.0,5.538461538461538,0.0,0.0,0.0,0.67,0.65,0.7,0.66,0.0,5.8,4.5,40.2,1.1,1.9,1.3,0.5,6.2299999999999995,4.33,5.62,8.74,50.0,406.2,235.7,407.4,234.0,406.7,235.6,406.8,235.1,4.76,1.01942,1.31522,2.05889,4.39576,10081.3,2.07,117.3,5903.2,4.93,3.3,0.666279,0.92506,1.35645,2.9494700000000003,182.8,7697.6,0.770307,0.937322,1.5486,3.256
2026-02-01 03:45:00+00:00,0.0,5.404040404040404,0.0,0.0,0.0,0.67,0.66,0.71,0.67,0.0,6.9,2.6,40.3,1.7,2.4,1.6,0.5,6.21,4.32,5.6,8.71,50.1,405.7,235.4,406.9,233.7,406.5,235.5,406.3,234.8,4.72,1.01354,1.30831,2.05015,4.37293,10082.8,2.06,117.3,5904.1,4.93,3.27,0.665818,0.920868,1.35605,2.94232,182.8,7698.6,0.765423,0.927701,1.53665,3.2289
2026-02-01 04:00:00+00:00,0.0,5.454545454545454,0.0,0.0,0.0,0.6728571428571428,0.66,0.71,0.67,0.0,6.271428571428572,2.771428571428572,40.3,1.5285714285714285,2.371428571428571,1.9142857142857144,0.5,6.198571428571428,4.305714285714286,5.594285714285713,8.695714285714287,50.1,404.6714285714285,234.84285714285716,406.0,233.14285714285714,405.92857142857144,234.94285714285712,405.75714285714287,234.24285714285716,4.708571428571429,1.0099628571428572,1.30477,2.043812857142857,4.358892857142857,10083.371428571427,2.0542857142857143,117.3,5904.528571428572,4.93,3.27,0.6643145714285714,0.9202928571428571,1.3545785714285714,2.9382885714285716,182.8,7699.028571428572,0.7611709999999999,0.9235567142857143,1.5304757142857144,3.2145685714285714
2026-02-01 04:15:00+00:00,0.0,5.367816091954023,0.0,0.0,0.0,0.68,0.66,0.71,0.67,0.0,4.7,3.2,40.3,1.1,2.3,2.7,0.5,6.17,4.27,5.58,8.66,50.1,403.3,234.1,404.8,232.4,404.5,234.2,404.4,233.5,4.68,1.00102,1.29592,2.02797,4.3238,10084.8,2.04,117.3,5905.6,4.93,3.27,0.660556,0.918855,1.3509,2.92821,182.8,7700.1,0.750541,0.913196,1.5150400000000002,3.17874
2026-02-01 04:30:00+00:00,0.0,5.474747474747475,0.0,0.0,0.0,0.7175,0.76625,0.71,0.67,0.0,4.1375,3.2625,30.424999999999997,2.4125,3.3625,2.575,0.4375,6.938750000000001,6.58875,5.57375,8.641250000000001,50.1,402.8,233.5375,404.3,232.2125,403.75,233.95,403.7125,233.1875,4.64875,1.53417,1.29372,2.0228325,4.85059375,10086.05,2.0275,117.3,5906.475,4.93,3.2575,1.2115084999999999,0.9183574999999999,1.3473625,3.4776475000000002,182.8,7700.975,0.929859125,0.910995375,1.50989,3.34960875
2026-02-01 04:45:00+00:00,0.0,5.488636363636363,0.0,0.0,0.0,0.74,0.83,0.71,0.67,0.0,3.8,3.3,24.5,3.2,4.0,2.5,0.4,7.4,7.9799999999999995,5.57,8.63,50.1,402.5,233.2,404.0,232.1,403.3,233.8,403.3,233.0,4.63,1.85406,1.2924,2.01975,5.166670000000001,10086.8,2.02,117.3,5907.0,4.93,3.25,1.54208,0.9180590000000001,1.34524,3.80731,182.8,7701.5,1.03745,0.909675,1.5068,3.45213
2026-02-01 05:00:00+00:00,0.0,5.5,0.0,0.0,0.0,0.6885714285714286,0.6885714285714286,0.71,0.6657142857142857,0.0,5.042857142857144,6.0,38.0,2.642857142857143,1.8571428571428572,2.3714285714285714,0.4857142857142857,6.328571428571429,4.782857142857144,5.565714285714286,8.634285714285715,50.1,402.45714285714286,233.45714285714286,403.82857142857137,231.8857142857143,403.4714285714286,233.62857142857143,403.25714285714287,233.0,4.621428571428572,1.1145115714285716,1.2894771428571428,2.0162657142857143,4.421907142857143,10088.642857142857,2.011428571428571,117.3,5908.285714285715,4.93,3.25,0.7841707142857143,0.9186877142857143,1.3437228571428572,3.0462357142857144,182.8,7702.785714285715,0.7851049999999999,0.9076084285714285,1.50443,3.1950642857142855
2026-02-01 05:15:00+00:00,0.0,5.3076923076923075,0.0,0.0,0.0,0.68,0.66,0.71,0.67,0.0,8.8,3.7,40.3,2.0,1.7,2.5,0.5,6.15,4.25,5.57,8.63,50.1,402.5,233.5,403.8,231.7,403.5,233.7,403.1,233.0,4.62,0.993056,1.2857299999999998,2.01789,4.29783,10089.7,2.01,117.3,5909.1,4.93,3.25,0.655463,0.916466,1.34899,2.92597,182.8,7703.5,0.7430580000000001,0.903806,1.5029300000000003,3.15228
2026-02-01 05:30:00+00:00,0.0,5.3478260869565215,0.0,0.0,0.0,0.7142857142857143,0.7571428571428571,0.71,0.67,0.0,6.514285714285714,4.442857142857143,31.5,4.742857142857143,5.071428571428571,3.8714285714285714,0.4428571428571429,6.881428571428572,6.432857142857143,5.57,8.635714285714286,50.1,402.09999999999997,233.04285714285714,403.57142857142856,231.7,403.04285714285714,233.58571428571426,402.87142857142857,232.77142857142857,4.62,1.494761142857143,1.2865585714285714,2.01401,4.796635714285714,10090.557142857144,2.01,117.3,5909.728571428571,4.93,3.25,1.1701412857142857,0.9177597142857143,1.3492071428571428,3.434764285714286,182.8,7704.128571428571,0.9184819999999999,0.9053511428571428,1.5036728571428573,3.323657142857143
2026-02-01 05:45:00+00:00,0.0,5.415841584158416,0.0,0.0,0.0,0.725,0.79,0.71,0.67,0.0,5.725,4.8,28.725,5.375,6.25,4.175000000000001,0.42500000000000004,7.1075,7.115,5.5675,8.635,50.1,401.9,232.89999999999998,403.42499999999995,231.7,402.8,233.475,402.75,232.65,4.615,1.650344,1.2866925,2.0106124999999997,4.94875,10091.575,2.01,117.3,5910.45,4.93,3.2475,1.33119825,0.91874575,1.3479225,3.59238,182.8,7704.875,0.9720757499999999,0.9057342500000001,1.5021375,3.3737399999999997
2026-02-01 06:00:00+00:00,0.0,5.370786516853933,0.0,0.0,0.0,0.7014285714285714,0.7300000000000001,0.71,0.6657142857142857,0.0,6.957142857142857,4.285714285714286,33.0,1.0142857142857145,1.5571428571428572,1.7857142857142858,0.4571428571428572,6.628571428571428,5.698571428571428,5.564285714285715,8.628571428571428,50.05714285714286,402.07142857142856,233.20000000000002,403.4142857142857,231.65714285714284,402.92857142857144,233.35714285714286,402.7714285714286,232.71428571428572,4.604285714285714,1.3214762857142859,1.2838800000000001,2.0109542857142855,4.618904285714286,10093.128571428573,2.01,117.3,5911.542857142857,4.93,3.2399999999999998,0.9889817142857142,0.9163492857142856,1.3421871428571428,3.244174285714286,182.8,7706.0,0.8673745714285713,0.9032274285714286,1.49826,3.268735714285714
2026-02-01 06:15:00+00:00,0.0,5.2368421052631575,0.0,0.0,0.0,0.73,0.81,0.71,0.66,0.0,4.9,4.4,23.399999999999995,0.9,0.6999999999999998,1.5,0.4000000000000001,7.28,7.63,5.57,8.64,50.0,401.8999999999999,232.80000000000004,403.3,231.6,402.7,233.30000000000004,402.6000000000001,232.6,4.61,1.76577,1.28208,2.01336,5.06707,10093.7,2.01,117.3,5912.0,4.93,3.24,1.4325,0.913091,1.34033,3.67582,182.80000000000004,7706.399999999999,1.03967,0.902988,1.50146,3.44253
2026-02-01 06:30:00+00:00,0.0,5.454545454545454,0.0,0.0,0.0,0.67,0.6214285714285713,0.71,0.6685714285714287,0.0,7.728571428571428,6.714285714285714,39.857142857142854,2.1857142857142855,3.0142857142857147,1.3285714285714287,0.4857142857142857,6.208571428571429,4.467142857142857,5.5528571428571425,8.597142857142858,50.0,401.47142857142853,232.97142857142856,402.7,231.34285714285716,402.09999999999997,232.95714285714286,402.0,232.34285714285716,4.575714285714286,1.0362857142857143,1.2805542857142858,2.0015057142857144,4.31863,10094.9,2.01,117.3,5912.771428571427,4.93,3.1885714285714286,0.6717317142857143,0.9123727142857143,1.3293585714285714,2.9162542857142855,182.8,7707.171428571428,0.7780108571428571,0.900024,1.492905714285714,3.1699757142857146
2026-02-01 06:45:00+00:00,0.0,5.32183908045977,0.0,0.0,0.0,0.66,0.59,0.71,0.67,0.0,7.4,6.6,42.6,1.7,2.3,2.4,0.5,6.04,3.95,5.56,8.61,50.0,401.8,233.1,403.0,231.3,402.8,233.1,402.5,232.6,4.52,0.920532,1.2853100000000002,2.00967,4.21679,10096.1,2.01,117.3,5913.7,4.93,3.12,0.545021,0.90892,1.32658,2.78126,182.8,7708.0,0.740941,0.903701,1.49976,3.1453200000000003
2026-02-01 07:00:00+00:00,0.0,5.517241379310345,0.0,0.0,0.0,0.6742857142857144,0.6214285714285713,0.71,0.6685714285714287,0.0,7.171428571428572,4.585714285714286,40.0,2.6285714285714286,2.1142857142857143,1.9142857142857144,0.4857142857142857,6.225714285714285,4.502857142857144,5.5528571428571425,8.618571428571428,50.0,401.6857142857143,233.02857142857144,403.02857142857147,231.32857142857145,402.75714285714287,233.18571428571428,402.4714285714286,232.58571428571426,4.531428571428571,1.0472727142857143,1.2827428571428572,2.010874285714286,4.343301428571428,10097.014285714287,2.01,117.3,5914.285714285715,4.93,3.13,0.6767887142857143,0.9114681428571428,1.334507142857143,2.924722857142857,182.8,7708.628571428571,0.7872458571428572,0.9018054285714285,1.4989528571428572,3.1883528571428568
2026-02-01 07:15:00+00:00,0.0,5.533333333333333,0.0,0.0,0.0,0.7299999999999999,0.8099999999999999,0.71,0.66,0.0,3.1,3.0,24.1,1.6,0.7,1.4,0.4,7.339999999999999,7.82,5.55,8.64,50.0,401.4,232.6,402.8,231.5,402.5,233.3,402.3,232.5,4.54,1.8175900000000003,1.28204,2.022,5.12268,10098.0,2.01,117.3,5915.1,4.93,3.13,1.47035,0.912861,1.34163,3.71722,182.8,7709.4,1.0752,0.90521,1.50926,3.4874699999999996
2026-02-01 07:30:00+00:00,0.0,5.645161290322581,0.0,0.0,0.0,0.7128571428571429,0.75,0.71,0.6628571428571429,0.0,3.7857142857142856,3.4857142857142853,29.414285714285715,2.028571428571429,1.0142857142857142,1.3428571428571427,0.42857142857142855,6.96,6.7057142857142855,5.5442857142857145,8.625714285714286,50.0,401.1714285714285,232.57142857142858,402.57142857142856,231.27142857142857,402.24285714285713,233.07142857142858,402.04285714285714,232.32857142857142,4.534285714285714,1.5578982857142858,1.2798057142857144,2.0137771428571427,4.853248571428572,10098.57142857143,2.007142857142857,117.3,5915.442857142858,4.93,3.13,1.2055511428571428,0.9127232857142857,1.338312857142857,3.4505085714285713,182.8,7709.742857142856,0.9768168571428572,0.9015928571428571,1.5018514285714286,3.3782471428571426
2026-02-01 07:45:00+00:00,0.0,5.604395604395604,0.0,0.0,0.0,0.7042857142857143,0.7457142857142857,0.6985714285714285,0.6614285714285714,0.0,3.185714285714286,4.242857142857143,32.128571428571426,2.985714285714286,2.9428571428571426,2.8857142857142857,0.4142857142857143,6.892857142857143,6.325714285714286,5.601428571428571,8.741428571428571,49.971428571428575,405.3714285714286,234.9,406.80000000000007,233.64285714285714,406.3714285714286,235.32857142857142,406.0857142857143,234.67142857142858,4.545714285714285,1.4830638571428572,1.3077771428571427,2.0572514285714285,4.846652857142857,10100.57142857143,2.0114285714285716,117.3,5916.757142857144,4.93,3.1471428571428572,1.1479997142857141,0.9174329999999999,1.3529857142857142,3.4185242857142852,182.8,7711.085714285714,0.9216007142857142,0.9313271428571428,1.54833,3.4002871428571426
2026-02-01 08:00:00+00:00,0.0,5.285714285714286,0.0,0.0,0.0,0.7214285714285714,0.8042857142857143,0.6985714285714285,0.66,0.0,3.028571428571429,6.528571428571429,27.214285714285715,2.642857142857143,3.5142857142857147,3.5571428571428574,0.4,7.268571428571429,7.468571428571429,5.611428571428571,8.725714285714286,49.9,404.84285714285716,234.58571428571426,406.31428571428575,233.42857142857142,405.6714285714285,234.91428571428574,405.54285714285714,234.34285714285713,4.61,1.748507,1.3061214285714284,2.053387142857143,5.105372857142858,10101.514285714287,2.04,117.3,5917.442857142857,4.93,3.19,1.4248545714285714,0.9168165714285713,1.3471285714285715,3.688061428571428,182.8,7711.757142857144,1.006576142857143,0.9295154285714285,1.542252857142857,3.477184285714286
2026-02-01 08:15:00+00:00,0.0,5.50561797752809,0.0,0.0,0.0,0.7299999999999999,0.83,0.7,0.66,0.0,5.5,6.5,25.7,2.2,2.1,2.2,0.4,7.55,8.31,5.61,8.73,50.0,404.8,234.4,406.4,233.5,405.6,235.2,405.4,234.4,4.660000000000001,1.94298,1.30669,2.05489,5.30332,10102.5,2.06,117.3,5918.2,4.93,3.23,1.60869,0.9200290000000001,1.35381,3.88419,182.8,7712.5,1.09526,0.929692,1.54619,3.56791
2026-02-01 08:30:00+00:00,0.0,5.096774193548387,0.0,0.0,0.0,0.7299999999999999,0.83,0.7,0.66,0.0,5.5,6.5,25.7,2.2,2.1,2.2,0.4,7.55,8.31,5.61,8.73,50.0,404.8,234.4,406.4,233.5,405.6,235.2,405.4,234.4,4.660000000000001,1.94298,1.30669,2.05489,5.30332,10102.5,2.06,117.3,5918.2,4.93,3.23,1.60869,0.9200290000000001,1.35381,3.88419,182.8,7712.5,1.09526,0.929692,1.54619,3.56791
2026-02-01 08:45:00+00:00,0.0,5.333333333333333,0.0,0.0,0.0,0.7214285714285714,0.8042857142857143,0.7,0.66,0.0,5.128571428571428,2.6714285714285713,27.428571428571427,1.657142857142857,1.5857142857142856,1.4428571428571428,0.4142857142857143,7.277142857142857,7.5200000000000005,5.582857142857143,8.72857142857143,50.05714285714286,404.88571428571424,234.8857142857143,406.34285714285716,233.42857142857142,405.9857142857143,235.34285714285716,405.7,234.44285714285712,4.660000000000001,1.7639795714285713,1.30668,2.059792857142857,5.126231428571429,10104.385714285714,2.06,117.3,5919.557142857143,4.93,3.237142857142857,1.4357267142857142,0.9181577142857142,1.3603542857142856,3.7193528571428573,182.8,7713.714285714285,1.0175750000000001,0.9273177142857143,1.5474228571428572,3.491025714285714
2026-02-01 09:00:00+00:00,0.0,5.4411764705882355,0.0,0.0,0.0,0.67,0.6525000000000001,0.7,0.66,0.0,5.175000000000001,4.125,41.4,1.475,1.625,1.7,0.5,6.16,4.18,5.5825,8.717500000000001,50.025,405.375,235.425,406.75,233.4,406.625,235.325,406.25,234.67499999999998,4.657500000000001,0.984389,1.3051000000000001,2.0542125,4.3441325,10105.95,2.0575,117.3,5920.7,4.93,3.24,0.6459785,0.917084,1.356695,2.9206600000000003,182.8,7714.8,0.742172,0.9244675,1.5405950000000002,3.2058775
2026-02-01 09:15:00+00:00,0.0,5.25,0.0,0.0,0.0,0.71,0.7733333333333333,0.6999999999999998,0.66,0.0,3.6,3.466666666666667,30.399999999999995,2.1,1.4666666666666668,1.9000000000000001,0.43333333333333335,7.013333333333333,6.726666666666667,5.583333333333333,8.73,50.03333333333333,404.76666666666665,234.76666666666665,406.3333333333333,233.33333333333334,405.93333333333334,235.16666666666666,405.7,234.4,4.65,1.5754683333333332,1.3026266666666668,2.054726666666667,4.928023333333333,10107.1,2.05,117.3,5921.566666666667,4.93,3.24,1.2468643333333334,0.9151173333333333,1.3584333333333334,3.520723333333333,182.80000000000004,7715.666666666667,0.9461243333333335,0.9236133333333333,1.542646666666667,3.4111700000000003
2026-02-01 09:30:00+00:00,0.0,5.1923076923076925,0.0,0.0,0.0,0.7,0.745,0.7,0.66,0.0,5.5875,3.5999999999999996,33.1625,1.775,0.48750000000000004,1.325,0.45,6.785,6.07625,5.58375,8.71375,50.0375,404.45,234.5875,406.0125,232.98749999999998,405.6625,234.925,405.375,234.2125,4.65,1.421318375,1.2990275,2.0470525000000004,4.7627025,10108.2375,2.04875,117.3,5922.3375,4.93,3.24,1.09531375,0.9133295,1.35162125,3.3583,182.8,7716.4,0.88980025,0.9199796250000001,1.53344875,3.3431975
2026-02-01 09:45:00+00:00,0.0,5.406593406593407,0.0,0.0,0.0,0.7042857142857143,0.7571428571428571,0.7,0.66,0.0,4.114285714285715,2.5857142857142854,31.842857142857145,0.8857142857142856,2.2,1.9000000000000001,0.4428571428571429,6.865714285714286,6.301428571428572,5.581428571428572,8.718571428571428,49.94285714285714,404.37142857142857,234.4,406.0285714285714,232.8857142857143,405.7142857142857,234.79999999999998,405.4142857142857,234.17142857142858,4.65,1.473858,1.2991314285714286,2.0483057142857146,4.819851428571428,10109.300000000001,2.04,117.3,5923.085714285714,4.93,3.2399999999999998,1.1499819999999998,0.91528,1.350787142857143,3.4185257142857144,182.8,7717.242857142856,0.9084944285714285,0.9237601428571428,1.5400642857142857,3.3728814285714286
2026-02-01 10:00:00+00:00,0.0,5.50561797752809,0.0,0.0,0.0,0.6785714285714286,0.6842857142857143,0.7,0.66,0.0,5.828571428571428,4.685714285714285,39.08571428571429,0.5,2.3714285714285714,1.7285714285714289,0.4857142857142857,6.33,4.711428571428571,5.581428571428572,8.714285714285715,49.98571428571428,404.58571428571435,234.82857142857142,405.9428571428571,233.14285714285714,405.8,234.92857142857142,405.41428571428565,234.21428571428572,4.641428571428571,1.1030965714285714,1.2969285714285714,2.0453914285714285,4.4438828571428575,10110.285714285714,2.0485714285714285,117.3,5923.728571428571,4.93,3.2228571428571433,0.768484,0.9109415714285714,1.3490900000000001,3.0320442857142855,182.8,7717.842857142857,0.7789368571428571,0.9199330000000001,1.5361,3.2373800000000004
2026-02-01 10:15:00+00:00,0.0,5.517241379310345,0.0,0.0,0.0,0.6742857142857144,0.6557142857142857,0.7085714285714285,0.66,0.0,7.271428571428571,4.614285714285714,41.028571428571425,1.4857142857142858,2.442857142857143,2.2,0.5428571428571428,6.1499999999999995,4.2057142857142855,5.558571428571428,8.675714285714287,49.957142857142856,403.61428571428576,234.42857142857142,405.0857142857143,232.45714285714286,404.9428571428571,234.17142857142858,404.54285714285714,233.68571428571428,4.631428571428572,0.9867558571428571,1.2938471428571428,2.0362699999999996,4.3176499999999995,10111.514285714287,2.0414285714285714,117.3,5924.614285714286,4.93,3.2285714285714286,0.6469858571428572,0.9121567142857143,1.343837142857143,2.907382857142857,182.8,7718.671428571428,0.7433362857142857,0.9155464285714286,1.524297142857143,3.182328571428571
2026-02-01 10:30:00+00:00,0.0,5.573333333333333,0.0,0.0,0.0,0.6783333333333333,0.6583333333333333,0.71,0.6683333333333333,0.0,3.283333333333333,3.766666666666667,40.5,0.7999999999999999,2.0333333333333337,1.2833333333333334,0.5166666666666667,6.153333333333333,4.255,5.55,8.653333333333334,50.06666666666666,403.01666666666665,234.03333333333333,404.61666666666673,232.1,404.25,234.0666666666667,404.01666666666665,233.4,4.63,0.9964516666666667,1.2892916666666667,2.027838333333333,4.316223333333333,10112.416666666666,2.0316666666666667,117.3,5925.25,4.93,3.2383333333333333,0.6559415,0.9149741666666666,1.3467766666666667,2.9114299999999997,182.80000000000004,7719.333333333333,0.7500271666666666,0.907296,1.51514,3.1741483333333336
2026-02-01 10:45:00+00:00,0.0,5.3173076923076925,0.0,0.0,0.0,0.69875,0.72375,0.71,0.67,0.0,5.5874999999999995,5.5875,34.775,1.4,2.0,1.65,0.5125,6.63,5.67625,5.54875,8.66875,50.1,402.975,233.8,404.6,232.1625,404.35,234.25,403.975,233.425,4.63,1.325103,1.2854975,2.0284187499999997,4.64091375,10113.6,2.03,117.3,5926.0625,4.93,3.24,0.9896916250000001,0.9131097499999999,1.35029625,3.254505,182.8,7720.1625,0.8641123749999999,0.9060088749999999,1.51523125,3.286455
2026-02-01 11:00:00+00:00,0.0,5.634408602150538,0.0,0.0,0.0,0.7299999999999999,0.83,0.71,0.67,0.0,3.1,7.5,25.1,1.5,1.8,1.3,0.4,7.43,8.04,5.56,8.7,50.1,403.2,233.6,405.0,232.4,404.6,234.5,404.2,233.6,4.63,1.87347,1.28724,2.03388,5.19925,10114.1,2.03,117.3,5926.4,4.93,3.2399999999999998,1.55061,0.915418,1.34935,3.8168600000000006,182.8,7720.5,1.05393,0.9087310000000001,1.51969,3.48223
2026-02-01 11:15:00+00:00,0.0,5.523255813953488,0.0,0.0,0.0,0.7014285714285714,0.7271428571428571,0.71,0.66,0.0,6.228571428571428,5.014285714285714,34.44285714285714,1.2714285714285716,1.6428571428571428,1.7142857142857142,0.5,6.927142857142857,6.574285714285715,5.5442857142857145,8.671428571428573,50.0,402.24285714285713,233.20000000000002,403.85714285714283,231.81428571428572,403.74285714285713,233.81428571428572,403.12857142857143,233.0,4.625714285714286,1.3951597142857144,1.2828642857142858,2.0246971428571428,4.702722857142858,10115.914285714287,2.025714285714286,117.3,5927.671428571428,4.93,3.235714285714286,1.190745,0.9112135714285714,1.343157142857143,3.31299,182.8,7721.671428571428,0.8963211428571428,0.905222,1.51338,3.3139399999999997
2026-02-01 11:30:00+00:00,0.0,5.458333333333333,0.0,0.0,0.0,0.68,0.66,0.71,0.67,0.0,7.800000000000001,6.7,40.6,2.9,2.3,2.6,0.5,6.15,4.26,5.54,8.64,50.0,402.4,233.60000000000002,403.9,231.80000000000004,404.1,233.69999999999996,403.1,233.10000000000002,4.62,0.9896610000000001,1.27913,2.01961,4.29133,10116.6,2.02,117.30000000000001,5928.3,4.93,3.23,0.652675,0.911687,1.33845,2.90409,182.8,7722.299999999999,0.747166,0.902632,1.50781,3.15583
2026-02-01 11:45:00+00:00,0.0,5.537735849056604,0.0,0.0,0.0,0.7014285714285714,0.7328571428571429,0.71,0.6614285714285714,0.0,4.628571428571428,6.828571428571428,33.95714285714286,1.5285714285714285,1.3142857142857143,1.7,0.5,6.67,5.838571428571428,5.524285714285715,8.637142857142857,50.042857142857144,401.35714285714283,233.0142857142857,402.90000000000003,231.5142857142857,402.5857142857143,233.55714285714288,402.1714285714285,232.44285714285712,4.611428571428571,1.3587801428571429,1.281337142857143,2.020835714285714,4.664508571428572,10118.142857142857,2.02,117.3,5929.328571428572,4.93,3.23,1.0304211428571428,0.9096175714285714,1.3464371428571429,3.2827928571428573,182.8,7723.328571428572,0.8695519999999999,0.8974037142857142,1.5086614285714286,3.279385714285714
2026-02-01 12:00:00+00:00,0.0,5.34065934065934,0.0,0.0,0.0,0.68,0.66,0.71,0.6685714285714287,0.0,7.542857142857143,2.3555555555555556,40.7,2.3857142857142857,1.6714285714285715,1.0142857142857142,0.6,6.132857142857143,4.241428571428572,5.531428571428571,8.624285714285714,49.91428571428571,401.4142857142857,233.22857142857143,402.85714285714283,231.17142857142858,402.7142857142857,233.17142857142858,402.42857142857144,232.55714285714288,4.611428571428571,0.9864415714285715,1.2774157142857143,2.01408,4.279135714285714,10119.242857142857,2.02,117.3,5930.2,4.93,3.23,0.6506358571428572,0.9104562857142857,1.3373714285714284,2.9019057142857143,182.8,7724.099999999999,0.7419022857142857,0.8992842857142858,1.5024271428571427,3.14582
2026-02-01 12:15:00+00:00,0.0,5.46,0.0,0.0,0.0,0.68,0.66,0.71,0.66,0.0,7.2,2.4,40.7,2.9,2.1,1.1,0.6,6.15,4.25,5.54,8.65,50.0,402.1,233.4,403.8,231.6,403.4,233.6,403.2,232.9,4.62,0.991401,1.28273,2.01942,4.29309,10120.1,2.02,117.3,5930.8,4.93,3.23,0.650977,0.909234,1.33834,2.90128,182.8,7724.7,0.74704,0.904602,1.50859,3.15518
2026-02-01 12:30:00+00:00,0.0,5.279569892473118,0.0,0.0,0.0,0.6971428571428572,0.7242857142857143,0.71,0.66,0.0,4.371428571428572,2.6999999999999997,34.05714285714286,1.2285714285714284,1.542857142857143,1.4857142857142858,0.4714285714285714,6.698571428571428,5.882857142857142,5.54,8.671428571428573,50.0,402.95714285714286,233.82857142857142,404.65714285714284,232.24285714285716,404.38571428571424,234.15714285714284,404.0571428571429,233.45714285714286,4.62,1.3743175714285714,1.2877185714285715,2.0313257142857144,4.6928785714285715,10121.6,2.02,117.3,5931.785714285715,4.93,3.23,1.0374682857142858,0.9092520000000001,1.3399342857142857,3.285091428571429,182.8,7725.728571428571,0.8860175714285715,0.9102252857142857,1.5241085714285716,3.3212342857142856
2026-02-01 12:45:00+00:00,0.0,5.380434782608695,0.0,0.0,0.0,0.6785714285714286,0.6742857142857143,0.71,0.66,0.0,3.057142857142857,3.657142857142857,38.58571428571428,1.9714285714285715,1.457142857142857,1.6,0.4857142857142857,6.331428571428572,4.808571428571428,5.54,8.662857142857144,50.0,403.0571428571429,233.92857142857142,404.6857142857143,232.21428571428572,404.37142857142857,234.1,404.0,233.4,4.602857142857142,1.1235488571428571,1.2844571428571427,2.027592857142857,4.4348600000000005,10122.528571428571,2.0285714285714285,117.3,5932.442857142857,4.93,3.204285714285714,0.7792805714285714,0.907932,1.33741,3.0238685714285714,182.8,7726.357142857143,0.7989774285714286,0.908440857142857,1.5243557142857145,3.2289814285714287
2026-02-01 13:00:00+00:00,0.0,5.403846153846154,0.0,0.0,0.0,0.67,0.66,0.71,0.66,0.0,5.7,5.7,40.7,1.2,1.5,1.4,0.5,6.13,4.26,5.52,8.63,50.1,402.3,234.0,403.6,231.6,403.7,233.8,403.2,233.0,4.6,0.996368,1.28475,2.02485,4.30341,10123.7,2.03,117.3,5933.2,4.93,3.2,0.653891,0.908689,1.3413,2.89629,182.8,7727.1,0.751882,0.903889,1.51775,3.17503
2026-02-01 13:15:00+00:00,0.0,5.43956043956044,0.0,0.0,0.0,0.6871428571428572,0.7042857142857143,0.71,0.66,0.0,6.742857142857142,4.057142857142857,36.32857142857143,1.9142857142857141,2.5142857142857147,2.314285714285714,0.5,6.501428571428571,5.339999999999999,5.522857142857142,8.63857142857143,49.98571428571428,402.4142857142857,233.62857142857143,403.9714285714286,231.8857142857143,403.7,233.82857142857145,403.37142857142857,233.08571428571426,4.607142857142857,1.245352,1.2808914285714288,2.0218842857142856,4.5461857142857145,10124.842857142858,2.0228571428571427,117.3,5934.099999999999,4.93,3.207142857142857,0.9063227142857143,0.9042515714285714,1.329617142857143,3.145932857142857,182.8,7727.971428571429,0.8388682857142857,0.9047155714285714,1.516607142857143,3.258644285714286
2026-02-01 13:30:00+00:00,0.0,5.5,0.0,0.0,0.0,0.7042857142857143,0.7528571428571428,0.71,0.6642857142857144,0.0,4.0,4.128571428571428,34.4,2.9,2.6,2.9285714285714284,0.5571428571428572,6.904285714285714,6.531428571428571,5.525714285714286,8.66,50.0,402.3,233.42857142857142,404.09999999999997,231.82857142857142,403.65714285714284,233.81428571428572,403.4,233.05714285714288,4.618571428571428,1.5221719999999999,1.2813700000000001,2.026727142857143,4.8357657142857144,10126.242857142857,2.0285714285714285,117.3,5935.171428571428,4.93,3.218571428571429,1.1832195714285714,0.9044104285714286,1.3370857142857144,3.4273571428571428,182.8,7728.928571428572,0.9435258571428571,0.9049105714285715,1.51984,3.3679428571428573
2026-02-01 13:45:00+00:00,0.0,5.470588235294118,0.0,0.0,0.0,0.6775,0.67125,0.71,0.66,0.0,6.512499999999999,6.15,39.074999999999996,2.9875000000000003,2.325,1.7874999999999999,0.5875,6.32,4.7675,5.521249999999999,8.655000000000001,49.9125,402.8,233.9375,404.4375,231.9375,404.2125,233.95000000000002,403.8125,233.3125,4.62,1.114596875,1.2819174999999998,2.0281812500000003,4.42424125,10127.0375,2.03,117.3,5935.75,4.93,3.22,0.76796125,0.9064783750000001,1.34163875,3.0202437499999997,182.8,7729.4625,0.79961025,0.9052675,1.5210075,3.22553875
2026-02-01 14:00:00+00:00,0.0,5.478260869565218,0.0,0.0,0.0,0.67,0.65,0.71,0.66,0.0,7.1,6.5,40.9,3.1,2.6,1.7,0.6,6.15,4.26,5.5200000000000005,8.65,49.9,402.8,234.0,404.4,231.9,404.2,233.9,403.8,233.3,4.62,0.997165,1.28181,2.02625,4.30443,10127.1,2.03,117.3,5935.8,4.93,3.22,0.6499499999999999,0.90695,1.3414,2.90229,182.8,7729.5,0.756536,0.905105,1.51974,3.18121
2026-02-01 14:15:00+00:00,0.0,5.367088607594937,0.0,0.0,0.0,0.6783333333333333,0.6583333333333333,0.71,0.6683333333333333,0.0,6.266666666666666,4.166666666666667,40.983333333333334,0.9333333333333332,1.9333333333333333,1.95,0.6,6.125,4.235,5.503333333333333,8.625,49.98333333333333,401.3,233.08333333333334,403.1499999999999,231.15,402.95,233.4,402.55,232.54999999999998,4.586666666666667,0.9850249999999999,1.2728516666666667,2.013691666666667,4.27088,10129.183333333334,2.013333333333333,117.3,5937.216666666667,4.93,3.2033333333333336,0.6436441666666667,0.90433,1.3403333333333334,2.8959316666666663,182.80000000000004,7731.0,0.7431385,0.89321,1.5059566666666668,3.1421016666666666
2026-02-01 14:30:00+00:00,0.0,5.3979591836734695,0.0,0.0,0.0,0.68,0.66,0.715,0.67,0.0,6.4,4.15,41.0,0.55,2.1,2.05,0.6,6.109999999999999,4.220000000000001,5.505,8.61,50.0,400.65,232.7,402.54999999999995,230.8,402.25,233.0,401.85,232.15,4.58,0.9805745,1.27045,2.00895,4.25855,10130.3,2.01,117.3,5938.0,4.93,3.205,0.641985,0.9046965,1.33678,2.88841,182.8,7731.8,0.7371155,0.8894685,1.49845,3.12605
2026-02-01 14:45:00+00:00,0.0,5.517241379310345,0.0,0.0,0.0,0.7085714285714285,0.7471428571428571,0.7042857142857143,0.6642857142857144,0.0,3.085714285714286,4.742857142857142,32.07142857142857,1.9714285714285715,2.7714285714285714,2.242857142857143,0.5428571428571428,6.908571428571428,6.437142857142858,5.55,8.741428571428573,50.0,404.2857142857143,234.6142857142857,406.2,232.95714285714286,406.0,235.17142857142855,405.5142857142857,234.31428571428572,4.574285714285715,1.5033942857142857,1.2901242857142858,2.0519185714285713,4.845395714285715,10131.9,2.01,117.3,5939.085714285714,4.93,3.21,1.1611228571428571,0.9112617142857143,1.3563014285714288,3.424555714285714,182.8,7732.971428571429,0.9389407142857144,0.9138757142857142,1.5428228571428573,3.393075714285714
2026-02-01 15:00:00+00:00,0.0,5.40625,0.0,0.0,0.0,0.6871428571428572,0.6914285714285714,0.7,0.6528571428571429,0.0,4.742857142857143,1.0,36.614285714285714,1.7857142857142858,1.385714285714286,1.742857142857143,0.5714285714285714,6.624285714285714,5.472857142857142,5.587142857142857,8.81,50.0,407.1,236.4,408.9571428571429,234.57142857142858,408.9142857142857,236.71428571428572,408.2857142857143,235.8857142857143,4.684285714285715,1.2929428571428574,1.3094400000000002,2.0875371428571428,4.692475714285714,10132.92857142857,2.06,117.3,5939.814285714286,4.93,3.2457142857142856,0.9279635714285714,0.9170889999999999,1.3661971428571429,3.2191014285714283,182.8,7733.685714285714,0.8838607142857143,0.9343722857142857,1.5775557142857142,3.396018571428571
2026-02-01 15:15:00+00:00,0.0,5.479591836734694,0.0,0.0,0.0,0.67,0.64,0.7,0.6575,0.0,6.4750000000000005,2.325,40.824999999999996,1.3,0.525,1.425,0.525,6.2575,4.3575,5.5975,8.8175,50.0,407.45,236.67499999999998,409.175,234.825,409.0,236.8,408.4,236.075,4.737500000000001,1.0319275,1.31235,2.086575,4.4331724999999995,10133.925000000001,2.0875,117.3,5940.5,4.93,3.2675,0.6600165,0.91868275,1.3684450000000001,2.954695,182.8,7734.325,0.7903085,0.9365725,1.5776375,3.3077625
2026-02-01 15:30:00+00:00,0.0,5.571428571428571,0.0,0.0,0.0,0.6775,0.6625,0.7,0.6587500000000001,0.0,7.475,7.1625,39.0625,2.775,0.38749999999999996,4.4125000000000005,0.5875,6.427499999999999,4.83875,5.6,8.84125,50.0,407.6,236.7375,409.5375,234.82500000000002,409.4875,237.0375,408.91249999999997,236.21249999999998,4.74125,1.14073625,1.31145625,2.0955262500000003,4.5468762499999995,10135.225,2.09,117.3,5941.6,4.93,3.27,0.7764085000000001,0.920527,1.3748787500000001,3.0637862499999997,182.8,7735.287499999999,0.831523,0.936536,1.5819287499999999,3.3487975
2026-02-01 15:45:00+00:00,0.0,5.302083333333333,0.0,0.0,0.0,0.7299999999999999,0.82,0.7,0.65,0.0,3.1,2.7,25.5,1.2,1.0,1.0,0.5,7.53,8.12,5.6,8.85,50.0,407.6,236.3,409.8,235.0,409.4,237.3,409.0,236.3,4.75,1.91673,1.31696,2.10502,5.34086,10136.1,2.09,117.3,5942.3,4.93,3.27,1.57094,0.923131,1.3763400000000001,3.87065,182.8,7735.9,1.09732,0.93837,1.58752,3.62619
2026-02-01 16:00:00+00:00,0.0,5.565217391304348,0.0,0.0,0.0,0.7299999999999999,0.82,0.7,0.65,0.0,3.1,2.7,25.5,1.2,1.0,1.0,0.5,7.53,8.12,5.6,8.85,50.0,407.6,236.3,409.8,235.0,409.4,237.3,409.0,236.3,4.75,1.91673,1.31696,2.10502,5.34086,10136.1,2.09,117.3,5942.3,4.93,3.27,1.57094,0.923131,1.3763400000000001,3.87065,182.8,7735.9,1.09732,0.93837,1.58752,3.62619
2026-02-01 16:15:00+00:00,0.0,5.308510638297872,0.0,0.0,0.0,0.6685714285714285,0.6657142857142857,0.6957142857142856,0.65,0.0,6.8,2.528571428571429,40.81428571428571,3.457142857142857,4.214285714285714,2.0714285714285716,0.6,6.465714285714285,4.908571428571428,5.625714285714286,8.865714285714285,50.0,408.7285714285714,237.41428571428574,410.5571428571429,235.4857142857143,410.3,237.5142857142857,409.82857142857137,236.81428571428572,4.765714285714286,1.167002857142857,1.3222985714285715,2.109492857142857,4.5953028571428565,10139.057142857144,2.1,117.3,5944.3,4.93,3.28,0.7922558571428571,0.9225171428571428,1.3757742857142856,3.0966014285714287,182.8,7737.885714285714,0.8446667142857143,0.9483352857142858,1.5951042857142856,3.389257142857143
2026-02-01 16:30:00+00:00,0.0,5.530612244897959,0.0,0.0,0.0,0.72,0.82,0.7,0.65,0.0,4.7,5.7,40.6,3.2,2.5,1.0,0.6,7.52,8.05,5.63,8.87,50.0,408.3,236.9,410.3,235.4,409.7,237.6,409.4,236.6,4.77,1.90625,1.32256,2.10966,5.33845,10139.7,2.1,117.3,5944.9,4.93,3.28,1.56057,0.925437,1.3746,3.85489,182.8,7738.4,1.09218,0.945748,1.59807,3.64211
2026-02-01 16:45:00+00:00,0.0,5.349514563106796,0.0,0.0,0.0,0.6975,0.74375,0.6912499999999999,0.65,0.0,5.4375,5.411111111111111,33.775,2.075,2.1125,2.1,0.55,7.1925,6.984999999999999,5.66125,8.9375,50.0,410.6375,238.3,412.5625,236.7125,412.1125,238.875,411.5625,237.9875,4.805,1.65865,1.337755,2.1332050000000002,5.13050875,10141.2625,2.1175,117.3,5945.924999999999,4.93,3.28875,1.279717625,0.923422375,1.3873525,3.594475,182.8,7739.424999999999,1.0372715,0.960122,1.61762125,3.6225312499999998
2026-02-01 17:00:00+00:00,0.0,5.446601941747573,0.0,0.0,0.0,0.675,0.675,0.69,0.65,0.0,5.6125,5.344444444444445,35.5625,1.4124999999999999,1.8875,1.8375,0.5375,6.7025,5.4875,5.6625,8.95,50.0,411.35,238.8,413.15,237.0,412.825,239.125,412.425,238.35,4.828749999999999,1.30871,1.33893,2.138855,4.78695,10142.65,2.1350000000000002,117.3,5946.9,4.93,3.29,0.9203392499999999,0.9249812500000001,1.3901050000000001,3.238095,182.8,7740.299999999999,0.9146730000000001,0.9677567499999999,1.6275325,3.509185
2026-02-01 17:15:00+00:00,0.0,5.330097087378641,0.0,0.0,0.0,0.66,0.63,0.69,0.65,0.0,6.2125,4.722222222222222,40.725,1.0,1.6624999999999999,1.525,0.5125,6.362500000000001,4.452500000000001,5.6625,8.9625,50.0,411.70000000000005,239.075,413.5125,237.15,413.20000000000005,239.23749999999998,412.8125,238.55,4.84125,1.0644775000000002,1.34211375,2.1441875,4.5499037499999995,10143.4875,2.1412500000000003,117.3,5947.537499999999,4.93,3.29,0.672095125,0.9287491250000001,1.39027375,2.99150375,182.8,7740.8375,0.82438825,0.9714643749999999,1.6316012500000001,3.4279375
2026-02-01 17:30:00+00:00,0.0,5.6022727272727275,0.0,0.0,0.0,0.7028571428571428,0.7585714285714287,0.6900000000000001,0.65,0.0,3.257142857142857,3.371428571428571,30.25714285714286,1.7857142857142858,1.4714285714285715,1.4857142857142855,0.5285714285714286,7.315714285714286,7.262857142857143,5.68,8.994285714285715,50.0,412.0428571428571,239.1,414.2285714285714,237.57142857142858,413.8285714285715,239.71428571428572,413.45714285714286,238.82857142857145,4.85,1.7334014285714285,1.3467942857142856,2.1534885714285714,5.235024285714286,10145.157142857142,2.15,117.3,5948.785714285715,4.93,3.29,1.354862,0.92906,1.3967071428571427,3.678028571428572,182.8,7742.014285714286,1.0694405714285715,0.975186,1.6448528571428571,3.6882785714285715
2026-02-01 17:45:00+00:00,0.0,5.46,0.0,0.0,0.0,0.6975,0.7425,0.69,0.65,0.0,2.525,1.9125,31.5875,1.9875,1.7999999999999998,1.775,0.5375,7.202500000000001,6.921250000000001,5.68375,9.0,50.0,412.3875,239.3125,414.4625,237.75,414.175,239.95,413.775,239.025,4.8575,1.6532037499999999,1.348365,2.15724625,5.15867625,10145.9,2.15,117.3,5949.3125,4.93,3.29375,1.270442625,0.929775625,1.3961675,3.593385,182.8,7742.5125,1.041921125,0.9764842499999999,1.64709625,3.664145
2026-02-01 18:00:00+00:00,0.0,5.447619047619048,0.0,0.0,0.0,0.66,0.63,0.69,0.65,0.0,2.4,1.1,40.9,1.8,2.3,2.4,0.6,6.39,4.49,5.69,9.0,50.0,413.2,240.0,414.9,238.0,414.8,240.2,414.4,239.4,4.87,1.07596,1.35264,2.16369,4.58702,10146.9,2.15,117.3,5950.0,4.93,3.3,0.675397,0.932815,1.39473,3.00076,182.8,7743.2,0.836123,0.978698,1.64854,3.46267
2026-02-01 18:15:00+00:00,0.0,5.478260869565218,0.0,0.0,0.0,0.7028571428571428,0.7414285714285713,0.6985714285714285,0.6585714285714286,0.0,3.857142857142857,6.614285714285715,32.01428571428571,1.0285714285714287,2.242857142857143,2.1142857142857143,0.5428571428571428,6.9957142857142856,6.5128571428571425,5.615714285714286,8.851428571428572,50.08571428571429,408.34285714285716,236.88571428571427,410.12857142857143,235.31428571428572,409.9428571428571,237.54285714285714,409.45714285714286,236.6,4.738571428571428,1.5409028571428571,1.3184542857142856,2.10481,4.967185714285714,10148.757142857143,2.0900000000000003,117.3,5951.314285714286,4.93,3.2600000000000002,1.183315857142857,0.9238261428571428,1.3775528571428572,3.482634285714286,182.8,7744.428571428572,0.9700607142857143,0.9432505714285714,1.58982,3.502252857142857
2026-02-01 18:30:00+00:00,0.0,5.448275862068965,0.0,0.0,0.0,0.67,0.64,0.7,0.66,0.0,6.871428571428572,4.471428571428571,40.84285714285714,1.7571428571428573,2.414285714285714,2.2285714285714286,0.6,6.25,4.35,5.589999999999999,8.8,50.05714285714286,407.18571428571425,236.65714285714284,408.87142857142857,234.5142857142857,408.87142857142857,236.7,408.37142857142857,235.91428571428574,4.7299999999999995,1.02809,1.3092514285714287,2.0824457142857145,4.419964285714285,10149.871428571429,2.08,117.3,5952.099999999999,4.93,3.2600000000000002,0.6625897142857143,0.9196278571428571,1.3718314285714286,2.9544414285714287,182.8,7745.2,0.7863534285714285,0.9327938571428572,1.5687428571428572,3.2879328571428568
2026-02-01 18:45:00+00:00,0.0,5.495652173913044,0.0,0.0,0.0,0.6966666666666668,0.72,0.7,0.66,0.0,4.5375,6.2625,33.55,2.511111111111111,2.6222222222222222,2.9875,0.55,6.855555555555555,5.696666666666666,5.6,8.825555555555557,50.0,407.3777777777778,236.5,409.2555555555556,234.7444444444444,409.0,236.96666666666664,408.4888888888889,236.06666666666666,4.734444444444445,1.4491122222222224,1.3138444444444444,2.0959922222222223,4.861954444444445,10151.322222222221,2.09,117.30000000000001,5953.211111111112,4.93,3.2644444444444445,1.0841867777777778,0.9202758888888888,1.3739088888888888,3.383712222222222,182.8,7746.222222222223,0.9413300000000001,0.9360946666666666,1.5769555555555557,3.4544777777777775
2026-02-01 19:00:00+00:00,0.0,5.361702127659575,0.0,0.0,0.0,0.67,0.6442857142857142,0.7,0.66,0.0,6.3375,4.2625,40.9,1.5571428571428572,2.6285714285714286,3.0875,0.6,6.247142857142857,4.338571428571429,5.595714285714286,8.79857142857143,50.0,406.8,236.44285714285712,408.61428571428576,234.32857142857142,408.54285714285714,236.47142857142856,407.9571428571429,235.71428571428572,4.7457142857142856,1.025392857142857,1.3099514285714287,2.082255714285714,4.418918571428572,10152.671428571428,2.09,117.3,5954.128571428571,4.93,3.28,0.6599842857142857,0.9178344285714285,1.3684800000000001,2.9485557142857144,182.8,7747.157142857142,0.7839794285714285,0.9317582857142857,1.566872857142857,3.2811142857142856
2026-02-01 19:15:00+00:00,0.0,5.475728155339806,0.0,0.0,0.0,0.6925,0.7125,0.705,0.66,0.0,5.5,3.875,35.025,1.7375,2.075,1.775,0.5625,6.71875,5.74375,5.60375,8.81625,50.0,407.1125,236.575,408.9375,234.54999999999998,408.825,236.65,408.3,235.875,4.74,1.3481824999999998,1.30557625,2.07429875,4.74567875,10153.6875,2.09,117.3,5954.900000000001,4.93,3.275,0.9985442499999999,0.92016825,1.3745100000000001,3.289655,182.8,7747.900000000001,0.9005005,0.9363025,1.56761875,3.39701125
2026-02-01 19:30:00+00:00,0.0,5.527272727272727,0.0,0.0,0.0,0.69,0.7022222222222223,0.7022222222222222,0.66,0.0,5.688888888888889,3.211111111111111,36.12222222222222,2.0,2.511111111111111,2.2111111111111112,0.5666666666666667,6.734444444444445,5.753333333333334,5.613333333333333,8.837777777777777,50.03333333333333,407.94444444444446,236.7888888888889,409.7444444444444,235.0,409.53333333333336,237.2555555555556,409.06666666666666,236.33333333333334,4.746666666666666,1.3560555555555556,1.3135344444444443,2.0932022222222226,4.771545555555556,10154.988888888889,2.0933333333333333,117.30000000000001,5955.855555555555,4.93,3.2733333333333334,0.9919246666666667,0.9239231111111111,1.3829522222222221,3.29437,182.8,7748.777777777777,0.9153344444444443,0.9392083333333334,1.5798277777777778,3.4303222222222223
2026-02-01 19:45:00+00:00,0.0,5.474747474747475,0.0,0.0,0.0,0.685,0.685,0.7,0.66,0.0,28.25,7.325,37.0,1.625,1.0,1.775,0.6,6.5875,5.29,5.615,8.8475,50.1,408.525,237.22500000000002,410.3,235.25,410.15000000000003,237.475,409.65000000000003,236.65,4.762499999999999,1.25311,1.3180175,2.101165,4.6757225,10156.35,2.1,117.3,5956.8,4.93,3.2824999999999998,0.89127075,0.92456725,1.385625,3.197765,182.8,7749.675,0.86912675,0.94375175,1.586535,3.4001975
2026-02-01 20:00:00+00:00,0.0,5.383838383838384,0.0,0.0,0.0,0.69125,0.73,0.7,0.66,0.0,17.425,6.2375,33.125,2.7,2.425,1.575,0.5625,6.915,6.265,5.63,8.86125,50.0125,408.67499999999995,237.2625,410.4875,235.4875,410.2125,237.575,409.7875,236.775,4.7875,1.4832825,1.32324125,2.1041,4.911025,10157.725,2.1087499999999997,117.3,5957.8125,4.93,3.29875,1.1233255,0.9237285,1.37728,3.42683875,182.8,7750.6625,0.9512795,0.9479595,1.59130875,3.4894225
2026-02-01 20:15:00+00:00,0.0,5.19811320754717,0.0,0.0,0.0,0.72,0.82,0.69375,0.65375,0.0,3.125,4.4875,25.9,2.725,2.1375,1.9874999999999998,0.5,7.606249999999999,8.295,5.6362499999999995,8.885,50.0,408.9,237.15,410.7375,235.7125,410.425,237.9375,410.0,236.9125,4.78375,1.96397875,1.32697875,2.1109175,5.40289875,10158.725,2.11,117.3,5958.6,4.93,3.29375,1.6064475,0.924173875,1.3771737499999999,3.9057025000000003,182.8,7751.3375,1.13038,0.951331375,1.60043,3.6818437499999996
2026-02-01 20:30:00+00:00,0.0,5.484126984126984,0.0,0.0,0.0,0.6933333333333334,0.74,0.6944444444444444,0.65,0.0,5.833333333333333,6.0,32.922222222222224,1.6888888888888889,2.0777777777777775,2.6777777777777776,0.5444444444444445,7.08,6.716666666666666,5.641111111111111,8.886666666666667,50.0,409.20000000000005,237.43333333333334,411.03333333333336,235.85555555555553,410.6666666666667,237.9888888888889,410.29999999999995,237.07777777777775,4.7811111111111115,1.5882755555555557,1.3285711111111111,2.1123988888888885,5.030570000000001,10160.355555555558,2.111111111111111,117.30000000000001,5959.677777777778,4.93,3.2733333333333334,1.2150757777777779,0.9231476666666667,1.3820011111111112,3.51947,182.8,7752.4333333333325,1.0086958888888888,0.95474,1.6017766666666668,3.5642300000000002
2026-02-01 20:45:00+00:00,0.0,5.484536082474227,0.0,0.0,0.0,0.66,0.63625,0.69,0.65,0.0,5.85,5.0625,40.65,1.4500000000000002,2.0375,2.8,0.6,6.34375,4.4437500000000005,5.66125,8.92375,50.0,411.2125,238.825,412.85,236.85,412.6375,238.8625,412.2125,238.2375,4.79,1.06064,1.34018375,2.13093625,4.53151875,10161.8375,2.12,117.3,5960.6875,4.93,3.28,0.673620125,0.9289795,1.38769125,2.98747625,182.8,7753.45,0.818964375,0.967649125,1.6181325,3.4053612500000003
2026-02-01 21:00:00+00:00,0.0,5.536082474226804,0.0,0.0,0.0,0.66,0.635,0.69,0.65,0.0,7.3,5.85,40.650000000000006,2.4000000000000004,2.25,2.85,0.6,6.35,4.45,5.66,8.934999999999999,50.0,411.3,238.9,412.9,236.9,412.75,238.95,412.3,238.25,4.8100000000000005,1.06211,1.3388550000000001,2.134615,4.533185,10162.75,2.125,117.3,5961.4,4.93,3.29,0.6724515,0.9259925,1.38687,2.9866099999999998,182.8,7754.15,0.8209895,0.9690460000000001,1.621615,3.409545
2026-02-01 21:15:00+00:00,0.0,5.351648351648351,0.0,0.0,0.0,0.6685714285714285,0.6557142857142857,0.6900000000000001,0.65,0.0,6.0,4.557142857142857,38.67142857142858,2.185714285714286,2.4285714285714284,1.6428571428571428,0.5142857142857143,6.571428571428571,5.057142857142857,5.6814285714285715,8.968571428571428,50.0,412.4142857142857,239.42857142857142,414.07142857142856,237.6142857142857,413.8285714285715,239.72857142857143,413.4857142857143,238.91428571428574,4.854285714285715,1.207892857142857,1.3485228571428571,2.152187142857143,4.708842857142857,10164.057142857142,2.138571428571429,117.3,5962.442857142858,4.93,3.3085714285714287,0.8172488571428572,0.9319255714285715,1.39891,3.146997142857143,182.8,7755.042857142857,0.8799997142857142,0.9771052857142857,1.6381657142857142,3.4943971428571428
2026-02-01 21:30:00+00:00,0.0,5.5181818181818185,0.0,0.0,0.0,0.72,0.81,0.69,0.65,0.0,4.866666666666666,3.2,26.6,2.1,2.933333333333333,2.0999999999999996,0.4,7.776666666666666,8.643333333333333,5.696666666666667,9.0,50.0,412.96666666666664,239.23333333333332,414.76666666666665,238.16666666666666,414.29999999999995,240.13333333333333,414.06666666666666,239.23333333333332,4.88,2.0590633333333335,1.3548233333333333,2.16199,5.573406666666667,10165.199999999999,2.15,117.30000000000001,5963.333333333333,4.93,3.32,1.6778333333333333,0.9350926666666667,1.3971200000000001,4.007376666666667,182.8,7755.766666666666,1.2008866666666667,0.984784,1.6510633333333333,3.83351
2026-02-01 21:45:00+00:00,0.0,5.643564356435643,0.0,0.0,0.0,0.67,0.65,0.7,0.66,0.0,7.975,4.4125,40.675,1.6125,1.9,2.3,0.575,6.24375,4.3475,5.60625,8.78,50.0,406.8875,236.25,408.3875,234.375,408.175,236.45,407.8375,235.67499999999998,4.82375,1.0264275,1.31189625,2.07509375,4.4137075,10166.975,2.125,117.3,5964.55,4.93,3.30125,0.66266,0.92029925,1.3667974999999999,2.95319375,182.8,7756.9875,0.7835356250000001,0.93571275,1.56351,3.2827800000000003
2026-02-01 22:00:00+00:00,0.0,5.576923076923077,0.0,0.0,0.0,0.67,0.6425000000000001,0.7,0.66,0.0,6.325,5.275,40.6,2.025,2.575,0.875,0.5,6.2475000000000005,4.355,5.61,8.795,50.0,407.22499999999997,236.4,408.875,234.6,408.77500000000003,236.675,408.025,235.9,4.79,1.0281375000000001,1.3148625,2.0831225,4.4241925,10168.025000000001,2.11,117.3,5965.225,4.93,3.29,0.6630455000000001,0.92027525,1.36571,2.9530174999999996,182.8,7757.7,0.785666,0.9386055,1.5706575,3.2938650000000003
2026-02-01 22:15:00+00:00,0.0,5.394230769230769,0.0,0.0,0.0,0.7,0.73,0.7,0.66,0.0,4.35,4.05,33.15,2.25,3.1,2.15,0.5,6.904999999999999,6.3100000000000005,5.615,8.81,50.0,407.4,236.35,409.1,234.85,408.85,236.9,408.25,236.0,4.77,1.48732,1.317715,2.0873,4.89126,10168.900000000001,2.0999999999999996,117.3,5965.9,4.93,3.285,1.130433,0.9211085,1.3689550000000001,3.423445,182.8,7758.3,0.9490829999999999,0.9399,1.574245,3.462715
2026-02-01 22:30:00+00:00,0.0,5.419047619047619,0.0,0.0,0.0,0.73,0.85,0.7,0.66,0.0,2.55,2.65,26.675,2.7,2.725,2.425,0.42500000000000004,6.592499999999999,5.3425,5.6274999999999995,8.82,50.0,407.925,236.8,409.475,235.14999999999998,408.975,237.075,408.90000000000003,236.3,4.7575,1.2612925,1.3206175,2.0929525,5.426495,10170.425000000001,2.09,117.3,5966.950000000001,4.93,3.28,0.8984505,0.9264325,1.37055,3.1973374999999997,182.8,7759.325,0.8709925,0.943956,1.5779174999999999,3.39336
2026-02-01 22:45:00+00:00,0.0,5.42,0.0,0.0,0.0,0.7112499999999999,0.79,0.7,0.65625,0.0,2.0,4.65,29.65,2.7375,2.3625,1.775,0.42500000000000004,6.74,5.76375,5.6325,8.8325,50.0375,408.3375,236.975,409.90000000000003,235.3,409.4375,237.2875,409.2625,236.5125,4.76,1.3640025,1.32494375,2.0983662499999998,5.1624412500000005,10171.725,2.09,117.3,5967.925,4.93,3.28,1.00541125,0.9274178750000001,1.3742725,3.30736,182.8,7760.225,0.9048775,0.949277375,1.585245,3.43917875
2026-02-01 23:00:00+00:00,0.0,5.396551724137931,0.0,0.0,0.0,0.6933333333333334,0.72,0.7,0.6533333333333333,0.0,4.922222222222222,5.455555555555556,33.900000000000006,1.3777777777777775,1.5666666666666667,2.2,0.4555555555555555,6.852222222222222,6.1066666666666665,5.626666666666667,8.835555555555555,50.0,408.4777777777778,236.96666666666664,409.96666666666664,235.3777777777778,409.58888888888885,237.32222222222222,409.27777777777777,236.5333333333333,4.768888888888888,1.4434011111111111,1.3250866666666665,2.09649,4.863746666666667,10173.37777777778,2.0977777777777775,117.30000000000001,5969.055555555556,4.93,3.28,1.082884,0.9234854444444444,1.3725577777777778,3.3782599999999996,182.8,7761.344444444445,0.9365876666666667,0.9492506666666666,1.5852955555555555,3.4715433333333334
2026-02-01 23:15:00+00:00,0.0,5.193548387096774,0.0,0.0,0.0,0.7000000000000001,0.7428571428571429,0.7,0.6542857142857142,0.0,4.985714285714286,3.8000000000000003,32.142857142857146,0.8714285714285713,2.0285714285714285,2.357142857142857,0.4857142857142857,7.057142857142857,6.687142857142858,5.635714285714285,8.844285714285714,50.0,408.7,237.1,410.34285714285716,235.58571428571426,409.87142857142857,237.5142857142857,409.62857142857143,236.67142857142855,4.778571428571429,1.58061,1.3268142857142855,2.098802857142857,5.004492857142857,10174.657142857142,2.1,117.3,5970.0142857142855,4.93,3.28,1.2175807142857142,0.9237661428571429,1.3765800000000001,3.513267142857143,182.8,7762.242857142856,0.9923384285714286,0.9502154285714285,1.5866971428571428,3.5293400000000004
2026-02-01 23:30:00+00:00,0.0,5.4324324324324325,0.0,0.0,0.0,0.73,0.82,0.7,0.65,0.0,4.0,1.2,26.1,0.7,2.5,1.5,0.4,7.639999999999999,8.44,5.64,8.84,50.0,408.4,236.80000000000004,410.0,235.5,409.4,237.30000000000004,409.2,236.5,4.77,1.99347,1.32822,2.09618,5.41803,10175.3,2.1,117.30000000000001,5970.4,4.93,3.28,1.63628,0.924808,1.37322,3.9321099999999998,182.8,7762.799999999999,1.14328,0.953818,1.58656,3.68255
2026-02-01 23:45:00+00:00,0.0,5.512820512820513,0.0,0.0,0.0,0.73,0.82,0.6999999999999998,0.65,0.0,4.0,1.2,26.100000000000005,0.6999999999999998,2.5,1.5,0.4000000000000001,7.64,8.44,5.64,8.84,50.0,408.3999999999999,236.80000000000004,410.0,235.5,409.3999999999999,237.30000000000004,409.2,236.5,4.77,1.99347,1.32822,2.09618,5.418029999999999,10175.3,2.1,117.3,5970.399999999999,4.93,3.28,1.63628,0.924808,1.37322,3.93211,182.80000000000004,7762.8,1.14328,0.953818,1.5865599999999997,3.6825500000000004
2026-02-02 00:00:00+00:00,0.0,5.2745098039215685,0.0,0.0,0.0,0.66,0.64,0.7,0.65,0.0,9.1,5.0,40.6,0.7,1.6,2.1,0.5,6.29,4.39,5.64,8.84,50.0,409.0,237.3,410.5,235.4,410.4,237.4,409.9,236.8,4.8,1.04154,1.33073,2.10165,4.47883,10178.4,2.1,117.3,5972.6,4.93,3.31,0.669695,0.927135,1.37157,2.96714,182.8,7764.8,0.798646,0.952414,1.59102,3.34101
2026-02-02 00:15:00+00:00,0.0,5.477876106194691,0.0,0.0,0.0,0.6666666666666666,0.6466666666666667,0.7,0.6566666666666667,0.0,8.033333333333333,5.199999999999999,40.6,1.7666666666666666,3.4,3.233333333333333,0.5,6.276666666666666,4.376666666666667,5.633333333333333,8.826666666666666,49.93333333333333,408.1333333333333,236.89999999999998,409.70000000000005,235.0,409.3333333333333,236.93333333333334,409.03333333333336,236.33333333333334,4.786666666666666,1.0355466666666666,1.3239433333333332,2.0923166666666666,4.457516666666667,10179.066666666666,2.1,117.30000000000001,5973.133333333333,4.93,3.296666666666667,0.6681583333333334,0.9220343333333333,1.36753,2.954466666666667,182.8,7765.266666666666,0.793252,0.947006,1.58106,3.3209166666666667
2026-02-02 00:30:00+00:00,0.0,5.441860465116279,0.0,0.0,0.0,0.67,0.6457142857142858,0.7,0.66,0.0,6.271428571428571,3.814285714285714,40.44285714285714,1.9142857142857144,1.4857142857142858,2.1,0.5,6.265714285714286,4.365714285714286,5.635714285714285,8.801428571428572,50.0,407.7857142857143,236.71428571428572,409.2,234.8857142857143,409.2142857142857,236.78571428571428,408.68571428571425,236.12857142857143,4.78,1.0320114285714286,1.3210714285714287,2.0840342857142855,4.43677,10180.728571428572,2.09,117.3,5974.385714285715,4.93,3.31,0.6677997142857143,0.9234881428571429,1.3679385714285712,2.9549,182.8,7766.428571428572,0.7860365714285714,0.9436785714285715,1.5714542857142857,3.30352
2026-02-02 00:45:00+00:00,0.0,5.518867924528302,0.0,0.0,0.0,0.685,0.6925,0.7,0.66,0.0,4.2,3.675,36.625,1.8499999999999999,1.2000000000000002,2.325,0.5,6.58,5.305,5.635,8.805,50.0,407.6,236.525,409.125,234.9,408.90000000000003,236.775,408.42499999999995,236.05,4.775,1.2502849999999999,1.31895,2.0825500000000003,4.650155,10181.275,2.09,117.3,5974.85,4.93,3.305,0.8940535,0.9222250000000001,1.36655,3.1769,182.8,7766.875,0.8601395000000001,0.94191725,1.5702975,3.3718525
2026-02-02 01:00:00+00:00,0.0,5.206185567010309,0.0,0.0,0.0,0.6785714285714286,0.6742857142857143,0.7,0.66,0.0,6.3428571428571425,3.085714285714286,38.11428571428571,2.2142857142857144,1.4142857142857141,1.842857142857143,0.5857142857142856,6.438571428571429,4.895714285714286,5.628571428571428,8.79857142857143,50.0,407.1714285714285,236.47142857142856,408.5142857142858,234.55714285714288,408.0,236.52857142857144,407.77142857142854,235.72857142857146,4.76,1.153914285714286,1.3133957142857142,2.074407142857143,4.541188571428571,10182.914285714285,2.09,117.3,5975.942857142857,4.93,3.29,0.79516,0.920125,1.37084,3.08462,182.8,7767.957142857143,0.8243162857142856,0.9381062857142857,1.5609642857142858,3.322831428571429
2026-02-02 01:15:00+00:00,0.0,5.403846153846154,0.0,0.0,0.0,0.7,0.735,0.7,0.66,0.0,4.2375,6.175,32.925,1.5875000000000001,1.975,1.5625,0.4625,6.880000000000001,6.275,5.61,8.76,50.0,405.85,235.35,407.35,233.89999999999998,406.95,235.7,406.75,235.0,4.7775,1.47204,1.31057,2.06198,4.84464,10184.2,2.08125,117.3,5976.9,4.93,3.32,1.1214085,0.91874,1.3570099999999998,3.39587,182.8,7768.9,0.9250475,0.9317355,1.54905,3.41599
2026-02-02 01:30:00+00:00,0.0,5.541176470588235,0.0,0.0,0.0,0.7299999999999999,0.82,0.7,0.66,0.0,4.285714285714286,5.314285714285714,25.971428571428568,1.3857142857142857,1.2,1.6428571428571428,0.4,7.601428571428571,8.437142857142858,5.61,8.762857142857142,50.07142857142857,405.6857142857143,235.02857142857144,407.2857142857143,233.8857142857143,406.7571428571428,235.72857142857143,406.5857142857143,234.92857142857142,4.765714285714286,1.973542857142857,1.310847142857143,2.057107142857143,5.33995,10185.185714285715,2.065714285714286,117.3,5977.6,4.93,3.32,1.6249642857142859,0.9215471428571428,1.3566057142857144,3.901907142857143,182.8,7769.6,1.1197814285714285,0.9309140000000001,1.547572857142857,3.602057142857143
2026-02-02 01:45:00+00:00,0.0,5.435643564356436,0.0,0.0,0.0,0.7075,0.76,0.7,0.66,0.0,13.3875,6.5125,32.4625,3.5374999999999996,1.95,1.425,0.475,6.85375,6.21875,5.61875,8.73375,50.025,405.525,235.05,406.9375,233.6875,406.33750000000003,235.4,406.3,234.8,4.71875,1.57852875,1.31082125,2.05553125,4.9426825,10186.4,2.06,117.3,5978.4375,4.93,3.2824999999999998,1.11625225,0.922052,1.35595375,3.39409875,182.8,7770.4375,0.92066675,0.9308265,1.5446125,3.396685
2026-02-02 02:00:00+00:00,0.0,5.239130434782608,0.0,0.0,0.0,0.7042857142857143,0.7571428571428571,0.7,0.66,0.0,4.685714285714285,6.171428571428572,31.557142857142853,1.157142857142857,1.8,1.7285714285714284,0.4428571428571429,6.9399999999999995,6.4957142857142856,5.61,8.725714285714286,50.0,405.14285714285717,234.9,406.4714285714286,233.3857142857143,406.1714285714285,235.18571428571428,405.90000000000003,234.47142857142856,4.7,1.5204128571428572,1.30876,2.0514442857142856,4.882282857142857,10187.828571428572,2.06,117.3,5979.371428571429,4.93,3.27,1.1822937142857144,0.9195077142857143,1.3546557142857143,3.454822857142857,182.8,7771.328571428572,0.9420729999999999,0.9291351428571428,1.5407314285714284,3.4128857142857143
2026-02-02 02:15:00+00:00,0.0,5.45945945945946,0.0,0.0,0.0,0.73,0.83,0.6999999999999998,0.66,0.0,3.4,4.5,25.0,0.6,1.8,1.6000000000000003,0.4000000000000001,7.48,8.12,5.61,8.73,50.0,404.8,234.6,406.3,233.30000000000004,405.7,235.1,405.6000000000001,234.30000000000004,4.7,1.89996,1.30954,2.05168,5.26087,10188.0,2.06,117.3,5979.5,4.93,3.27,1.5710500000000003,0.918834,1.35463,3.8417499999999998,182.80000000000004,7771.5,1.07269,0.928623,1.542,3.54618
2026-02-02 02:30:00+00:00,0.0,5.544554455445544,0.0,0.0,0.0,0.73375,0.83,0.70375,0.6637500000000001,0.0,4.1875,4.5375,25.075,1.5,2.5875,2.0125,0.4375,7.46125,8.112499999999999,5.5912500000000005,8.696250000000001,50.0,403.4875,233.85,404.95,232.5875,404.3875,234.35,404.2875,233.55,4.68125,1.89298875,1.300225,2.0358962500000004,5.22874375,10188.7875,2.04875,117.3,5980.1,4.93,3.25875,1.56622375,0.918181875,1.3495825,3.8325062500000002,182.8,7772.0625,1.0658349999999999,0.918860625,1.5262875,3.5126775
2026-02-02 02:45:00+00:00,0.0,5.411111111111111,0.0,0.0,0.0,0.74,0.83,0.71,0.67,0.0,5.028571428571429,4.685714285714285,25.157142857142855,2.314285714285714,2.6142857142857143,2.0571428571428574,0.4571428571428572,7.421428571428572,8.1,5.551428571428572,8.614285714285716,50.0,400.40000000000003,232.04285714285714,401.88571428571424,230.84285714285716,401.3,232.62857142857143,401.2,231.78571428571428,4.632857142857143,1.8782971428571429,1.2822314285714285,2.004494285714286,5.165608571428572,10190.57142857143,2.0214285714285714,117.3,5981.4857142857145,4.93,3.2399999999999998,1.5565814285714286,0.9145617142857143,1.3389328571428571,3.810182857142857,182.8,7773.385714285714,1.0510242857142857,0.8988528571428571,1.4923471428571429,3.44307
2026-02-02 03:00:00+00:00,0.0,5.315217391304348,0.0,0.0,0.0,0.68,0.67,0.71,0.67,0.0,7.257142857142857,4.214285714285714,40.357142857142854,3.0,3.085714285714286,2.1,0.5,6.11,4.21,5.541428571428571,8.575714285714286,50.05714285714286,400.2714285714286,232.32857142857142,401.5285714285714,230.42857142857142,401.14285714285717,232.21428571428572,400.9428571428571,231.67142857142858,4.57,0.976647,1.2769142857142857,1.990712857142857,4.24505,10192.085714285713,2.0,117.3,5982.471428571429,4.93,3.22,0.6524267142857143,0.9140582857142857,1.3355442857142859,2.8982685714285714,182.8,7774.314285714286,0.7261215714285714,0.8910551428571428,1.4780485714285714,3.096625714285714
2026-02-02 03:15:00+00:00,0.0,5.586956521739131,0.0,0.0,0.0,0.6828571428571429,0.6842857142857143,0.7085714285714285,0.6642857142857144,0.0,6.028571428571428,3.4857142857142853,38.199999999999996,1.9000000000000001,2.4714285714285715,2.5714285714285716,0.4857142857142857,6.355714285714286,4.8100000000000005,5.578571428571428,8.667142857142858,50.0,403.3,234.0285714285714,404.64285714285717,232.27142857142857,404.35714285714283,234.02857142857144,404.11428571428576,233.4857142857143,4.558571428571429,1.125193857142857,1.2949171428571429,2.0307500000000003,4.447524285714286,10193.157142857142,1.9942857142857144,117.3,5983.228571428571,4.93,3.2128571428571426,0.786719,0.9160677142857142,1.349292857142857,3.0525885714285717,182.8,7775.085714285714,0.794753,0.9124202857142858,1.5173971428571427,3.225564285714286
2026-02-02 03:30:00+00:00,0.0,5.523255813953488,0.0,0.0,0.0,0.7299999999999999,0.83,0.7028571428571428,0.66,0.0,3.3857142857142857,4.457142857142857,25.17142857142857,1.6285714285714286,2.7142857142857144,2.6285714285714286,0.4,7.49,8.127142857142857,5.6,8.731428571428571,50.028571428571425,404.9571428571429,234.47142857142856,406.5,233.5142857142857,405.9428571428571,235.28571428571428,405.7714285714286,234.48571428571427,4.61,1.9015157142857144,1.3073285714285716,2.0549114285714287,5.259711428571428,10194.057142857142,2.02,117.3,5983.9,4.93,3.23,1.5722485714285714,0.9210171428571429,1.3569342857142856,3.8480785714285717,182.8,7775.771428571429,1.0748442857142857,0.9260538571428573,1.541982857142857,3.5438385714285716
2026-02-02 03:45:00+00:00,0.0,5.428571428571429,0.0,0.0,0.0,0.6916666666666668,0.7116666666666666,0.71,0.66,0.0,6.616666666666667,4.3500000000000005,35.483333333333334,2.0,2.4166666666666665,2.066666666666667,0.4666666666666666,6.6450000000000005,5.636666666666667,5.595,8.706666666666667,50.03333333333333,404.45,234.58333333333334,405.8666666666666,233.0666666666667,405.65000000000003,234.86666666666667,405.0833333333333,234.14999999999998,4.6499999999999995,1.3173683333333333,1.302365,2.0429366666666664,4.6608616666666665,10195.183333333332,2.0399999999999996,117.3,5984.733333333334,4.93,3.2433333333333336,0.9751491666666666,0.9185305,1.352706666666667,3.243016666666667,182.80000000000004,7776.516666666666,0.8719453333333332,0.9205741666666668,1.5298850000000002,3.322608333333333
2026-02-02 04:00:00+00:00,0.0,5.2375,0.0,0.0,0.0,0.68,0.66,0.71,0.66,0.0,6.866666666666667,5.466666666666666,40.43333333333333,2.766666666666666,2.4333333333333336,1.8,0.5,6.176666666666667,4.286666666666666,5.580000000000001,8.67,50.06666666666666,403.5333333333333,234.36666666666667,404.7,232.33333333333334,404.59999999999997,234.23333333333335,404.2,233.63333333333333,4.67,1.00373,1.29867,2.0357600000000002,4.333783333333334,10196.133333333333,2.0433333333333334,117.3,5985.400000000001,4.93,3.2566666666666664,0.65788,0.9200780000000001,1.35356,2.9368700000000003,182.80000000000004,7777.166666666667,0.7548306666666668,0.9171156666666667,1.522,3.1920333333333333
2026-02-02 04:15:00+00:00,0.0,5.5625,0.0,0.0,0.0,0.7085714285714285,0.7571428571428571,0.71,0.66,0.0,5.814285714285715,3.9285714285714284,31.314285714285713,2.3857142857142857,2.6999999999999997,1.6,0.4428571428571429,6.698571428571428,5.840000000000001,5.5842857142857145,8.668571428571429,50.05714285714286,403.2857142857143,233.95714285714286,404.75714285714287,232.37142857142857,404.2285714285714,234.12857142857143,403.9857142857143,233.5,4.6414285714285715,1.4852544285714286,1.2974042857142858,2.0341542857142856,4.813275714285715,10197.185714285715,2.0342857142857143,117.3,5986.128571428571,4.93,3.242857142857143,1.034478,0.9214152857142857,1.3503,3.430167142857143,182.8,7777.971428571429,0.9141667142857143,0.915891,1.5217100000000001,3.3510871428571427
2026-02-02 04:30:00+00:00,0.0,5.461538461538462,0.0,0.0,0.0,0.71,0.745,0.71,0.67,0.0,7.55,6.6499999999999995,32.6,2.35,2.9,3.1500000000000004,0.45,6.775000000000001,6.12,5.575,8.63,50.050000000000004,401.70000000000005,233.1,403.05,231.39999999999998,402.59999999999997,233.20000000000002,402.40000000000003,232.54999999999998,4.63,1.425391,1.2887799999999998,2.01613,4.7299999999999995,10198.15,2.025,117.3,5986.849999999999,4.93,3.24,1.0992335000000002,0.9162145,1.342065,3.362655,182.80000000000004,7778.650000000001,0.8910525000000001,0.9063944999999999,1.501765,3.300625
2026-02-02 04:45:00+00:00,0.0,5.482352941176471,0.0,0.0,0.0,0.7314285714285714,0.8057142857142857,0.71,0.6642857142857144,0.0,4.971428571428571,5.042857142857143,25.428571428571427,2.5285714285714285,3.242857142857143,2.742857142857143,0.4,7.265714285714286,7.5857142857142845,5.565714285714286,8.644285714285715,50.01428571428572,401.64285714285717,232.77142857142857,403.12857142857143,231.54285714285714,402.57142857142856,233.34285714285716,402.40000000000003,232.5285714285714,4.64,1.7665265714285714,1.2889857142857142,2.0222414285714287,5.075678571428571,10198.971428571429,2.02,117.3,5987.400000000001,4.93,3.25,1.436434142857143,0.9158552857142856,1.3457500000000002,3.702247142857143,182.8,7779.271428571429,1.0193244285714287,0.906884,1.5074571428571428,3.4343814285714283
2026-02-02 05:00:00+00:00,0.0,5.410526315789474,0.0,0.0,0.0,0.68,0.66,0.71,0.66,0.0,7.1,7.0,40.3,2.6,2.9,2.2,0.5,6.160000000000001,4.26,5.57,8.64,50.1,402.5,233.8,403.9,231.8,403.6,233.6,403.3,233.0,4.589999999999999,0.995656,1.2902800000000003,2.01772,4.30146,10199.9,2.01,117.3,5988.1,4.93,3.22,0.656909,0.914894,1.3451800000000003,2.91773,182.8,7780.0,0.7453010000000001,0.9083119999999999,1.50471,3.15857
2026-02-02 05:15:00+00:00,0.0,5.517241379310345,0.0,0.0,0.0,0.6971428571428572,0.7085714285714285,0.71,0.6628571428571429,0.0,6.214285714285714,6.542857142857143,35.9,2.457142857142857,2.442857142857143,1.942857142857143,0.4714285714285714,6.522857142857142,5.345714285714286,5.572857142857144,8.642857142857142,50.1,402.3,233.51428571428573,403.7857142857143,231.77142857142857,403.40000000000003,233.54285714285714,403.12857142857143,232.91428571428574,4.595714285714286,1.2458142857142858,1.2893342857142858,2.0176114285714286,4.550794285714285,10200.471428571429,2.01,117.3,5988.471428571429,4.93,3.225714285714286,0.9129607142857142,0.9170619999999999,1.3453771428571428,3.176224285714286,182.8,7780.342857142858,0.8315807142857142,0.9067728571428572,1.5043614285714286,3.242412857142857
2026-02-02 05:30:00+00:00,0.0,5.375,0.0,0.0,0.0,0.7057142857142857,0.7328571428571429,0.71,0.6671428571428571,0.0,5.685714285714285,4.685714285714285,33.957142857142856,2.185714285714286,3.2142857142857144,2.2714285714285714,0.4571428571428572,6.707142857142857,5.922857142857143,5.562857142857142,8.629999999999999,50.01428571428572,401.5142857142857,232.8857142857143,403.15714285714284,231.41428571428574,402.5,233.25714285714284,402.4428571428571,232.55714285714288,4.61,1.3797077142857144,1.2841242857142858,2.0162685714285713,4.678058571428571,10202.442857142856,2.01,117.3,5989.857142857143,4.93,3.2399999999999998,1.0484105714285714,0.9175648571428571,1.34137,3.3078857142857143,182.8,7781.628571428571,0.8806685714285714,0.9034821428571428,1.5031728571428573,3.286914285714286
2026-02-02 05:45:00+00:00,0.0,5.239130434782608,0.0,0.0,0.0,0.6885714285714286,0.6842857142857143,0.71,0.6685714285714287,0.0,6.642857142857143,4.385714285714286,38.285714285714285,1.1428571428571428,2.4857142857142853,1.957142857142857,0.4857142857142857,6.340000000000001,4.811428571428571,5.568571428571429,8.631428571428572,50.0,401.8,233.24285714285716,403.24285714285713,231.5,402.6714285714285,233.3,402.5142857142858,232.65714285714284,4.61,1.1182608571428572,1.2839957142857144,2.0080442857142855,4.4164771428571425,10203.314285714285,2.01,117.3,5990.457142857143,4.93,3.2399999999999998,0.7858925714285715,0.9157408571428572,1.3395314285714284,3.0412614285714286,182.8,7782.242857142856,0.7865874285714286,0.9012875714285714,1.49868,3.1863757142857145
2026-02-02 06:00:00+00:00,0.0,5.618421052631579,0.0,0.0,0.0,0.71,0.745,0.71,0.67,0.0,5.383333333333333,4.166666666666667,32.4,2.1666666666666665,2.0,2.4166666666666665,0.45,6.956666666666667,6.669999999999999,5.56,8.64,50.0,401.93333333333334,233.03333333333333,403.40000000000003,231.69999999999996,402.8333333333333,233.4333333333333,402.7,232.70000000000002,4.585,1.4088595000000002,1.2849616666666668,2.0150883333333334,4.7112050000000005,10204.4,2.01,117.3,5991.266666666666,4.93,3.223333333333333,1.2321220000000002,0.9150193333333334,1.3425566666666668,3.4865,182.80000000000004,7782.983333333334,0.8807446666666666,0.9022648333333333,1.5006816666666667,3.2833683333333337
2026-02-02 06:15:00+00:00,0.0,5.5777777777777775,0.0,0.0,0.0,0.68,0.66,0.71,0.67,0.0,8.5,2.1714285714285713,40.44285714285714,2.0714285714285716,3.2857142857142856,3.3000000000000003,0.5,6.15,4.25,5.56,8.64,50.0,402.3285714285715,233.5,403.6857142857143,231.74285714285716,403.38571428571424,233.58571428571426,403.14285714285717,232.94285714285712,4.5928571428571425,0.9917092857142856,1.2873828571428572,2.016154285714286,4.297074285714286,10205.328571428572,2.01,117.3,5991.900000000001,4.93,3.2285714285714286,0.6554988571428572,0.9167115714285714,1.3441928571428572,2.914042857142857,182.8,7783.599999999999,0.7428605714285714,0.9052935714285714,1.5041028571428572,3.154202857142857
2026-02-02 06:30:00+00:00,0.0,5.397849462365591,0.0,0.0,0.0,0.68,0.66,0.71,0.6657142857142857,0.0,7.071428571428571,3.5,40.5,2.857142857142857,2.1142857142857143,2.0285714285714285,0.5,6.15,4.2542857142857144,5.564285714285715,8.635714285714286,50.042857142857144,402.5571428571429,233.67142857142858,403.9142857142857,231.85714285714286,403.54285714285714,233.7,403.2857142857143,233.05714285714288,4.614285714285715,0.9922690000000001,1.2872885714285716,2.017145714285714,4.297984285714286,10206.328571428572,2.0142857142857142,117.3,5992.557142857143,4.93,3.244285714285714,0.6558732857142857,0.9169751428571429,1.3453557142857142,2.915441428571428,182.8,7784.3,0.744684,0.9067818571428571,1.5072957142857142,3.1595728571428574
2026-02-02 06:45:00+00:00,0.0,5.5,0.0,0.0,0.0,0.68,0.66,0.71,0.665,0.0,6.8999999999999995,4.7,40.550000000000004,2.7999999999999994,1.9000000000000001,1.6500000000000001,0.5,6.16,4.265,5.555,8.655,50.050000000000004,403.0,233.79999999999998,404.3999999999999,232.14999999999998,404.09999999999997,233.95000000000002,403.84999999999997,233.30000000000004,4.62,0.995383,1.28853,2.0242999999999998,4.30595,10207.6,2.02,117.3,5993.400000000001,4.93,3.2449999999999997,0.65823,0.9160155,1.34483,2.9169299999999994,182.80000000000004,7785.25,0.7497440000000001,0.9082805,1.51372,3.169295
2026-02-02 07:00:00+00:00,0.0,5.2368421052631575,0.0,0.0,0.0,0.68,0.66,0.71,0.67,0.0,1.7,5.3,40.4,1.6000000000000003,0.6,1.6000000000000003,0.5,6.16,4.26,5.56,8.65,50.1,403.1000000000001,234.0,404.3999999999999,232.1,404.0,233.9,403.8,233.4,4.62,0.995802,1.28976,2.02367,4.31296,10208.4,2.02,117.3,5993.899999999999,4.93,3.24,0.657936,0.912651,1.34434,2.91386,182.80000000000004,7785.7,0.747481,0.907683,1.50861,3.1638299999999995
2026-02-02 07:15:00+00:00,0.0,5.530612244897959,0.0,0.0,0.0,0.7057142857142857,0.7328571428571429,0.71,0.6657142857142857,0.0,4.314285714285714,4.7,34.01428571428571,1.8142857142857145,2.5714285714285716,2.9714285714285715,0.4571428571428572,6.7299999999999995,5.978571428571428,5.564285714285715,8.641428571428571,50.05714285714286,402.62857142857143,233.57142857142858,404.14285714285717,232.0142857142857,403.65714285714284,233.77142857142857,403.5,233.14285714285714,4.619999999999999,1.3924534285714287,1.2879685714285714,2.0247842857142855,4.703881428571428,10209.385714285714,2.02,117.3,5994.714285714285,4.93,3.235714285714286,1.0572831428571428,0.9152378571428572,1.34449,3.3150114285714287,182.8,7786.471428571429,0.8884522857142857,0.9062910000000001,1.506857142857143,3.3010885714285716
2026-02-02 07:30:00+00:00,0.0,5.442105263157894,0.0,0.0,0.0,0.68,0.66,0.71,0.66,0.0,7.1,6.0,40.2,1.5,0.9,1.4,0.5,6.14,4.24,5.57,8.61,50.1,402.5,233.6,403.8,231.8,403.3,233.3,403.2,232.9,4.64,0.992532,1.28569,2.01187,4.29095,10210.3,2.02,117.3,5995.4,4.93,3.25,0.657706,0.91611,1.34203,2.91692,182.8,7787.2,0.742597,0.907138,1.49999,3.14797
2026-02-02 07:45:00+00:00,0.0,5.337662337662338,0.0,0.0,0.0,0.68,0.66,0.71,0.665,0.0,7.449999999999999,4.0,40.4,1.0999999999999999,1.7,1.8,0.5,6.145,4.25,5.565,8.63,50.0,402.34999999999997,233.6,403.70000000000005,231.75,403.25,233.4,403.09999999999997,232.9,4.635,0.9917250000000001,1.284285,2.01489,4.291185,10211.05,2.02,117.3,5995.95,4.93,3.25,0.655327,0.914517,1.34242,2.9126,182.80000000000004,7787.7,0.744714,0.9065515,1.5047300000000001,3.155075
2026-02-02 08:00:00+00:00,0.0,5.409090909090909,0.0,0.0,0.0,0.7057142857142857,0.7328571428571429,0.71,0.66,0.0,5.642857142857143,2.8857142857142857,33.68571428571429,2.1,3.0714285714285716,2.5142857142857147,0.4571428571428572,6.661428571428572,5.825714285714286,5.548571428571428,8.624285714285714,50.0,401.37142857142857,232.84285714285716,402.87142857142857,231.34285714285716,402.4714285714286,233.1,402.2714285714286,232.41428571428574,4.61,1.3533642857142856,1.2811014285714286,2.009037142857143,4.647388571428571,10212.585714285713,2.02,117.3,5996.971428571429,4.93,3.23,1.0261022857142856,0.910803857142857,1.3341442857142858,3.268887142857143,182.8,7788.771428571429,0.8660234285714286,0.9015895714285714,1.5021542857142856,3.268681428571429
2026-02-02 08:15:00+00:00,0.0,5.459770114942529,0.0,0.0,0.0,0.74,0.83,0.71,0.67,0.0,5.0,3.6,25.4,1.5,2.3,1.9,0.4,7.44,8.12,5.55,8.64,50.0,401.5,232.6,403.1,231.7,402.6,233.5,402.4,232.5,4.61,1.88257,1.28288,2.0168,5.181580000000001,10213.3,2.01,117.3,5997.5,4.93,3.23,1.5605500000000003,0.912211,1.34411,3.81793,182.8,7789.3,1.05611,0.89976,1.5036,3.46416
2026-02-02 08:30:00+00:00,0.0,5.465909090909091,0.0,0.0,0.0,0.6971428571428572,0.7085714285714285,0.71,0.67,0.0,3.5714285714285716,2.7285714285714286,36.2,1.742857142857143,2.1142857142857143,1.7,0.5428571428571428,6.497142857142857,5.334285714285714,5.542857142857143,8.612857142857143,50.0,400.9428571428571,232.67142857142855,402.4857142857143,230.98571428571427,402.04285714285714,232.92857142857142,401.7857142857143,232.15714285714284,4.602857142857142,1.2394928571428572,1.2796271428571429,2.0073742857142856,4.525912857142857,10214.5,2.01,117.3,5998.328571428572,4.93,3.23,0.9098431428571429,0.912046,1.3406928571428571,3.1609985714285713,182.8,7790.057142857143,0.8264584285714286,0.8961518571428572,1.4951871428571428,3.2196114285714286
2026-02-02 08:45:00+00:00,0.0,5.431578947368421,0.0,0.0,0.0,0.68,0.66,0.71,0.67,0.0,7.542857142857143,5.1125,40.62857142857143,1.2,2.5714285714285716,1.6428571428571428,0.6,6.12,4.222857142857142,5.5371428571428565,8.607142857142858,50.0,400.85714285714283,232.75714285714284,402.4,230.72857142857143,401.87142857142857,232.72857142857143,401.7,232.1285714285714,4.597142857142857,0.9821297142857144,1.2767700000000002,2.0032514285714287,4.259804285714286,10215.585714285713,2.007142857142857,117.3,5999.099999999999,4.93,3.23,0.6499891428571428,0.9111417142857142,1.3387728571428572,2.897612857142857,182.8,7790.800000000001,0.7348655714285715,0.8936004285714285,1.4901414285714285,3.118662857142857
2026-02-02 09:00:00+00:00,0.0,5.421686746987952,0.0,0.0,0.0,0.68,0.6633333333333334,0.7133333333333333,0.67,0.0,7.166666666666667,4.628571428571428,40.6,2.2,2.766666666666667,1.8333333333333333,0.6,6.109999999999999,4.22,5.53,8.586666666666666,50.0,400.6333333333334,232.70000000000002,402.0333333333333,230.5666666666667,401.4666666666667,232.53333333333333,401.3666666666666,231.96666666666667,4.59,0.9803540000000001,1.27296,1.9996600000000002,4.2504333333333335,10216.566666666666,2.0,117.3,5999.833333333333,4.93,3.23,0.6505793333333333,0.9088713333333334,1.33543,2.89263,182.80000000000004,7791.533333333333,0.7333323333333333,0.8920813333333334,1.485496666666667,3.1093233333333337
2026-02-02 09:15:00+00:00,0.0,5.282051282051282,0.0,0.0,0.0,0.68,0.67,0.7200000000000001,0.67,0.0,7.533333333333334,4.933333333333334,40.43333333333333,2.216666666666667,3.0,2.433333333333333,0.6,6.088333333333334,4.198333333333333,5.528333333333333,8.558333333333334,50.0,399.7833333333333,232.2166666666667,401.18333333333334,230.04999999999998,400.76666666666665,231.95000000000002,400.6166666666666,231.4333333333333,4.585,0.9750791666666666,1.2679033333333332,1.98698,4.224551666666667,10217.283333333335,1.9983333333333333,117.3,6000.433333333333,4.93,3.2283333333333335,0.6482103333333332,0.9077883333333334,1.3290883333333332,2.8871249999999997,182.80000000000004,7792.133333333334,0.7260274999999999,0.886663,1.473895,3.08585
2026-02-02 09:30:00+00:00,0.0,5.394736842105263,0.0,0.0,0.0,0.6900000000000001,0.6966666666666667,0.7200000000000001,0.67,0.0,7.116666666666667,4.816666666666666,37.86666666666667,2.2166666666666663,2.716666666666667,3.0500000000000003,0.5833333333333334,6.288333333333333,4.805000000000001,5.513333333333333,8.555000000000001,50.0,399.25,231.83333333333334,400.7,229.88333333333333,400.4333333333334,231.83333333333334,400.1333333333334,231.20000000000002,4.5616666666666665,1.1105315,1.26392,1.9810216666666667,4.354046666666666,10218.616666666667,1.99,117.3,6001.3,4.93,3.22,0.7899076666666667,0.9054893333333333,1.3284633333333333,3.0229350000000004,182.80000000000004,7793.016666666666,0.7702261666666667,0.8817268333333333,1.47062,3.1212516666666663
2026-02-02 09:45:00+00:00,0.0,5.256410256410256,0.0,0.0,0.0,0.7399999999999999,0.83,0.7200000000000001,0.67,0.0,6.2,5.3999999999999995,24.5,0.3,1.6000000000000003,2.1,0.5,7.3,7.849999999999999,5.510000000000001,8.55,50.0,398.6000000000001,231.1,400.3,229.69999999999996,399.6000000000001,231.6,399.5,230.80000000000004,4.57,1.81145,1.26397,1.98274,5.05889,10219.2,1.99,117.3,6001.7,4.93,3.22,1.50812,0.908061,1.32797,3.74593,182.80000000000004,7793.5,1.00454,0.879889,1.47054,3.35315
2026-02-02 10:00:00+00:00,0.0,5.456310679611651,0.0,0.0,0.0,0.74,0.83,0.72,0.67,0.0,6.2,5.5,24.5,0.3,1.6,2.1,0.5,7.3,7.85,5.51,8.55,50.0,398.6,231.1,400.3,229.7,399.6,231.6,399.5,230.8,4.57,1.81145,1.26397,1.98274,5.05889,10219.2,1.99,117.3,6001.7,4.93,3.22,1.50812,0.908061,1.32797,3.74593,182.8,7793.5,1.00454,0.879889,1.47054,3.35315
2026-02-02 10:15:00+00:00,0.0,5.456310679611651,0.0,0.0,0.0,0.74,0.83,0.72,0.67,0.0,6.2,5.5,24.5,0.3,1.6,2.1,0.5,7.3,7.85,5.51,8.55,50.0,398.6,231.1,400.3,229.7,399.6,231.6,399.5,230.8,4.57,1.81145,1.26397,1.98274,5.05889,10219.2,1.99,117.3,6001.7,4.93,3.22,1.50812,0.908061,1.32797,3.74593,182.8,7793.5,1.00454,0.879889,1.47054,3.35315
2026-02-02 10:30:00+00:00,0.0,5.4,0.0,0.0,0.0,0.67,0.65,0.71,0.66,0.0,6.8,6.099999999999999,40.4,1.8999999999999997,1.8,2.0,0.6,6.2,4.31,5.59,8.71,50.0,405.0,235.19999999999996,406.3999999999999,233.19999999999996,405.8,235.1,405.6000000000001,234.5,4.71,1.00578,1.29977,2.03977,4.34602,10223.2,2.06,117.3,6004.5,4.93,3.26,0.658607,0.914286,1.34436,2.9175,182.80000000000004,7796.2,0.7597840000000001,0.9202179999999999,1.52921,3.20806
2026-02-02 10:45:00+00:00,0.0,5.3125,0.0,0.0,0.0,0.67,0.65,0.71,0.66,0.0,6.8,6.099999999999999,40.4,1.8999999999999997,1.8,2.0,0.6,6.2,4.31,5.59,8.71,50.0,405.0,235.19999999999996,406.3999999999999,233.19999999999996,405.8,235.1,405.6000000000001,234.5,4.71,1.00578,1.29977,2.03977,4.34602,10223.2,2.06,117.3,6004.5,4.93,3.26,0.658607,0.914286,1.34436,2.9175,182.80000000000004,7796.2,0.7597840000000001,0.9202179999999999,1.52921,3.20806
2026-02-02 11:00:00+00:00,0.0,5.446808510638298,0.0,0.0,0.0,0.67,0.65,0.71,0.66,0.0,6.8,6.1,40.4,1.9,1.8,2.0,0.6,6.2,4.31,5.589999999999999,8.71,50.0,405.0,235.2,406.4,233.2,405.8,235.1,405.6,234.5,4.71,1.00578,1.29977,2.03977,4.34602,10223.2,2.06,117.3,6004.5,4.93,3.2600000000000002,0.658607,0.914286,1.34436,2.9175,182.8,7796.2,0.759784,0.920218,1.5292100000000002,3.20806
2026-02-02 11:15:00+00:00,0.0,5.446808510638298,0.0,0.0,0.0,0.67,0.65,0.71,0.66,0.0,6.8,6.1,40.4,1.9,1.8,2.0,0.6,6.2,4.31,5.589999999999999,8.71,50.0,405.0,235.2,406.4,233.2,405.8,235.1,405.6,234.5,4.71,1.00578,1.29977,2.03977,4.34602,10223.2,2.06,117.3,6004.5,4.93,3.2600000000000002,0.658607,0.914286,1.34436,2.9175,182.8,7796.2,0.759784,0.920218,1.5292100000000002,3.20806
2026-02-02 11:30:00+00:00,0.0,5.47945205479452,0.0,0.0,0.0,0.73,0.83,0.71,0.66,0.0,4.5,1.0,25.3,2.4,0.20000000000000004,2.9,0.4000000000000001,7.489999999999999,8.17,5.59,8.71,50.0,403.6000000000001,233.9,405.3,232.69999999999996,404.6000000000001,234.5,404.5,233.80000000000004,4.66,1.90759,1.30066,2.04235,5.2479,10227.1,2.04,117.3,6007.3,4.93,3.24,1.57377,0.915187,1.3501199999999998,3.8418499999999995,182.80000000000004,7798.899999999999,1.07881,0.920763,1.53393,3.53211
2026-02-02 11:45:00+00:00,0.0,5.271604938271605,0.0,0.0,0.0,0.73,0.82,0.71,0.66,0.0,3.6666666666666665,4.75,26.216666666666665,2.4,1.45,1.4833333333333334,0.4000000000000001,7.580000000000001,8.53,5.55,8.67,50.0,402.3999999999999,233.5,404.0,232.0,403.3999999999999,234.0,404.0,233.1,4.66,1.9848799999999998,1.29858,2.04361,5.3257,10228.1,2.04,117.3,6008.0,4.93,3.24,1.63804,0.918227,1.35136,3.90511,182.80000000000004,7799.600000000001,1.12842,0.91655,1.52971,3.5757500000000007
2026-02-02 12:00:00+00:00,0.0,5.2631578947368425,0.0,0.0,0.0,0.7075,0.76125,0.705,0.66,0.0,4.425,5.366666666666666,30.7375,2.9625,3.425,2.275,0.4375,6.9799999999999995,6.64625,5.59,8.70375,50.0,404.3,234.5,405.85,232.925,405.2875,234.75,405.28749999999997,234.05,4.66,1.5570975,1.30044625,2.04658125,4.903715,10229.275000000001,2.04,117.3,6008.8125,4.93,3.2487500000000002,1.220345625,0.91652625,1.34990375,3.48744375,182.8,7800.375,0.952814125,0.92437075,1.53869375,3.4164600000000003
2026-02-02 12:15:00+00:00,0.0,5.51685393258427,0.0,0.0,0.0,0.7214285714285714,0.8042857142857143,0.7,0.66,0.0,3.8857142857142857,2.685714285714286,26.942857142857143,3.542857142857143,4.914285714285714,4.4714285714285715,0.4571428571428572,7.264285714285714,7.462857142857142,5.595714285714286,8.72857142857143,50.0,404.88571428571424,234.64285714285714,406.4714285714286,233.35714285714286,405.8,235.24285714285716,405.7571428571428,234.4,4.671428571428572,1.7482900000000001,1.303782857142857,2.0520642857142857,5.102938571428572,10230.328571428572,2.045714285714286,117.3,6009.557142857143,4.93,3.25,1.4178597142857143,0.916915,1.351257142857143,3.6883885714285713,182.8,7801.142857142857,1.015189142857143,0.9261827142857142,1.543874285714286,3.484582857142857
2026-02-02 12:30:00+00:00,0.0,5.459183673469388,0.0,0.0,0.0,0.67,0.65,0.7,0.66,0.0,6.5,0.8,40.4,0.2,2.9,2.5,0.5,6.21,4.3,5.6,8.72,50.0,405.4,235.2,406.9,233.4,406.4,235.2,406.4,234.7,4.68,1.01569,1.3089600000000001,2.05809,4.37828,10231.1,2.05,117.3,6010.2,4.93,3.25,0.661018,0.917095,1.35184,2.9316300000000006,182.8,7801.7,0.768944,0.930531,1.54648,3.24355
2026-02-02 12:45:00+00:00,0.0,5.146788990825688,0.0,0.0,0.0,0.6925,0.71375,0.7,0.66,0.0,5.6375,4.95,34.9625,2.075,2.6374999999999997,2.725,0.4625,6.7275,5.8225,5.60375,8.75375,50.0,406.5125,235.85,408.0125,234.175,407.5625,236.0125,407.35,235.3625,4.7025,1.36749625,1.31046,2.06841375,4.75063625,10232.4125,2.05,117.3,6011.1,4.93,3.2725,1.01946175,0.920694625,1.3596925,3.29698125,182.8,7802.6375,0.897632,0.930695625,1.5489025,3.3826675
2026-02-02 13:00:00+00:00,0.0,5.32258064516129,0.0,0.0,0.0,0.67,0.64,0.7,0.65,0.0,8.6,6.4,40.4,0.6,0.7,1.8,0.5,6.25,4.35,5.63,8.78,50.0,407.4,236.4,408.8,234.7,408.4,236.4,408.2,235.8,4.71,1.02817,1.3138400000000001,2.08044,4.42519,10233.6,2.05,117.3,6011.9,4.93,3.28,0.667222,0.924368,1.35999,2.94924,182.8,7803.5,0.784686,0.944511,1.57136,3.30159
2026-02-02 13:15:00+00:00,0.0,5.53125,0.0,0.0,0.0,0.67,0.6457142857142858,0.7,0.6557142857142857,0.0,8.085714285714285,5.2,40.4,1.2857142857142858,0.5857142857142856,1.9142857142857144,0.5571428571428572,6.242857142857143,4.3428571428571425,5.63,8.765714285714285,50.0,407.4714285714286,236.6857142857143,408.87142857142857,234.6285714285714,408.3285714285715,236.4,408.2,235.8714285714286,4.727142857142858,1.0273271428571429,1.3156685714285714,2.073282857142857,4.413947142857142,10234.457142857142,2.067142857142857,117.3,6012.528571428571,4.93,3.274285714285714,0.6655748571428571,0.921763,1.361532857142857,2.947847142857143,182.8,7804.071428571428,0.7825145714285714,0.9409331428571429,1.5655957142857144,3.2879757142857144
2026-02-02 13:30:00+00:00,0.0,5.359550561797753,0.0,0.0,0.0,0.67,0.65,0.7,0.66,0.0,7.7,4.3,40.4,1.8,0.5,2.0,0.6,6.24,4.34,5.63,8.76,50.0,407.5,236.8,408.9,234.6,408.3,236.4,408.2,235.9,4.74,1.02699,1.3164,2.07042,4.40945,10235.1,2.08,117.3,6013.0,4.93,3.27,0.664916,0.920721,1.36215,2.94729,182.8,7804.5,0.781646,0.939502,1.56329,3.28253
2026-02-02 13:45:00+00:00,0.0,5.346153846153846,0.0,0.0,0.0,0.67,0.65,0.7,0.66,0.0,7.7,4.3,40.4,1.8,0.5,2.0,0.6,6.24,4.34,5.63,8.76,50.0,407.5,236.8,408.9,234.6,408.3,236.4,408.2,235.9,4.74,1.02699,1.3164,2.07042,4.40945,10235.1,2.08,117.3,6013.0,4.93,3.27,0.664916,0.920721,1.36215,2.94729,182.8,7804.5,0.781646,0.939502,1.56329,3.28253
2026-02-02 14:00:00+00:00,0.0,5.407407407407407,0.0,0.0,0.0,0.67,0.64,0.7,0.66,0.0,7.1,8.2,40.6,2.4,3.1,2.8,0.5,6.27,4.36,5.63,8.82,50.0,408.1,236.9,409.7,235.1,409.5,237.0,408.9,236.4,4.75,1.0315,1.31977,2.08876,4.43753,10238.7,2.08,117.3,6015.6,4.93,3.27,0.66368,0.920344,1.3676,2.95404,182.8,7806.9,0.787138,0.943044,1.57488,3.30546
2026-02-02 14:15:00+00:00,0.0,5.423913043478261,0.0,0.0,0.0,0.6642857142857144,0.64,0.7,0.6542857142857142,0.0,5.871428571428572,5.175,40.67142857142858,2.1714285714285713,2.5,2.085714285714286,0.5285714285714286,6.275714285714286,4.365714285714286,5.624285714285714,8.825714285714286,50.0,408.2714285714286,237.02857142857144,409.92857142857144,235.18571428571428,409.5,237.20000000000002,409.24285714285713,236.5142857142857,4.75,1.0342,1.32041,2.0919742857142856,4.448721428571429,10239.328571428572,2.0828571428571427,117.3,6016.057142857143,4.93,3.27,0.6639608571428572,0.9240628571428571,1.36984,2.9610885714285713,182.8,7807.385714285714,0.792642,0.9467631428571429,1.5823942857142856,3.320782857142857
2026-02-02 14:30:00+00:00,0.0,5.311827956989247,0.0,0.0,0.0,0.7214285714285714,0.7942857142857143,0.7,0.6514285714285715,0.0,4.942857142857143,7.014285714285714,27.32857142857143,2.228571428571428,2.142857142857143,2.3000000000000003,0.42857142857142855,7.307142857142858,7.54,5.587142857142857,8.794285714285714,50.0,406.04285714285714,235.79999999999998,407.7571428571428,234.15714285714284,407.24285714285713,236.15714285714284,406.87142857142857,235.28571428571428,4.75,1.7772642857142855,1.31549,2.0852957142857145,5.178260000000001,10240.214285714286,2.09,117.3,6016.657142857142,4.93,3.27,1.4333495714285716,0.9219751428571428,1.3709371428571429,3.731118571428571,182.8,7808.028571428572,1.042996,0.941352142857143,1.5761142857142858,3.560975714285714
2026-02-02 14:45:00+00:00,0.0,5.576086956521739,0.0,0.0,0.0,0.6957142857142857,0.7228571428571428,0.7,0.6557142857142857,0.0,3.314285714285714,6.1571428571428575,31.82857142857143,1.6142857142857143,2.3285714285714287,2.6285714285714286,0.4857142857142857,6.771428571428572,5.932857142857143,5.591428571428572,8.784285714285714,50.0,406.15714285714284,235.82857142857142,407.97142857142853,234.05714285714288,407.4142857142857,236.1142857142857,407.12857142857143,235.27142857142857,4.75,1.3981214285714285,1.3118457142857143,2.0819542857142856,4.792407142857143,10241.157142857142,2.084285714285714,117.3,6017.328571428572,4.93,3.27,1.0465545714285713,0.9218314285714285,1.3672342857142856,3.3353928571428573,182.8,7808.671428571429,0.9105802857142856,0.9361571428571428,1.57051,3.415492857142857
2026-02-02 15:00:00+00:00,0.0,5.480769230769231,0.0,0.0,0.0,0.67,0.65,0.7,0.66,0.0,3.5999999999999996,4.45,40.8,1.1500000000000001,2.575,2.55,0.6,6.2425,4.3325,5.6025,8.785,50.0,406.6,236.125,408.45,234.175,408.1,236.27499999999998,407.75,235.475,4.7425,1.02142,1.30962,2.0797475,4.4114075,10242.175,2.0775,117.3,6018.05,4.93,3.2675,0.6603255,0.922932,1.365355,2.94613,182.8,7809.35,0.78021625,0.932784,1.5672074999999999,3.2774824999999996
2026-02-02 15:15:00+00:00,0.0,5.534090909090909,0.0,0.0,0.0,0.67,0.65,0.7042857142857143,0.66,0.0,8.528571428571428,4.157142857142857,40.82857142857142,1.4714285714285715,2.742857142857143,1.742857142857143,0.6,6.232857142857143,4.3185714285714285,5.597142857142857,8.778571428571428,50.0,406.0,235.94285714285712,407.7857142857143,233.84285714285716,407.8,236.1142857142857,407.2142857142857,235.22857142857143,4.72,1.0180128571428573,1.3056342857142857,2.07239,4.399151428571429,10243.585714285713,2.07,117.3,6019.028571428572,4.93,3.262857142857143,0.6588882857142858,0.9237274285714285,1.3657214285714285,2.9484142857142857,182.8,7810.300000000001,0.7769752857142856,0.9281978571428571,1.5609685714285715,3.2659228571428573
2026-02-02 15:30:00+00:00,0.0,5.358695652173913,0.0,0.0,0.0,0.7214285714285714,0.7957142857142856,0.71,0.66,0.0,6.214285714285714,7.914285714285714,27.442857142857143,1.3,1.3142857142857145,1.1714285714285715,0.5142857142857143,7.307142857142857,7.564285714285714,5.597142857142857,8.767142857142856,50.0,405.0571428571429,235.2,407.04285714285714,233.6142857142857,406.2,235.6,406.15714285714284,234.68571428571428,4.72,1.7705757142857144,1.3049200000000003,2.0639842857142856,5.141002857142857,10244.72857142857,2.07,117.3,6019.857142857143,4.93,3.27,1.4351174285714288,0.9199545714285714,1.3565242857142858,3.7120285714285717,182.8,7811.142857142857,1.0329515714285715,0.9253172857142857,1.551297142857143,3.5096314285714283
2026-02-02 15:45:00+00:00,0.0,5.542553191489362,0.0,0.0,0.0,0.7299999999999999,0.82,0.7,0.65,0.0,3.0,0.1,25.8,0.3,1.7,1.0,0.4,7.57,8.3,5.61,8.79,50.0,405.6,235.1,407.6,234.1,407.0,236.1,406.8,235.1,4.7,1.9453,1.30996,2.07465,5.33077,10245.8,2.07,117.3,6020.7,4.93,3.25,1.59897,0.9153969999999999,1.361,3.88643,182.8,7811.9,1.11052,0.931411,1.56635,3.60642
2026-02-02 16:00:00+00:00,0.0,5.3977272727272725,0.0,0.0,0.0,0.7299999999999999,0.82,0.7,0.65,0.0,3.0,0.1,25.8,0.3,1.7,1.0,0.4,7.57,8.3,5.61,8.79,50.0,405.6,235.1,407.6,234.1,407.0,236.1,406.8,235.1,4.7,1.9453,1.30996,2.07465,5.33077,10245.8,2.07,117.3,6020.7,4.93,3.25,1.59897,0.9153969999999999,1.361,3.88643,182.8,7811.9,1.11052,0.931411,1.56635,3.60642
2026-02-02 16:15:00+00:00,0.0,5.276595744680851,0.0,0.0,0.0,0.67,0.65,0.7,0.66,0.0,7.1,3.7625,40.9,1.6,2.4,2.4,0.6,6.24,4.33,5.6,8.8,50.1,406.8,236.3,408.6,234.2,408.1,236.5,407.8,235.7,4.72,1.02186,1.31143,2.07805,4.40689,10247.9,2.07,117.3,6022.2,4.93,3.27,0.661563,0.922083,1.3702,2.95582,182.8,7813.3,0.779802,0.9299229999999999,1.56313,3.27545
2026-02-02 16:30:00+00:00,0.0,5.47191011235955,0.0,0.0,0.0,0.6957142857142857,0.7228571428571428,0.7,0.66,0.0,4.285714285714286,3.2571428571428567,34.34285714285714,1.5142857142857145,2.2857142857142856,1.9857142857142855,0.5571428571428572,6.797142857142857,5.984285714285714,5.611428571428571,8.81,50.028571428571425,406.64285714285717,236.04285714285714,408.57142857142856,234.28571428571428,408.0571428571429,236.55714285714288,407.7285714285714,235.6285714285714,4.72,1.4087228571428572,1.3115442857142858,2.082665714285714,4.802552857142857,10249.157142857144,2.077142857142857,117.3,6023.071428571428,4.93,3.27,1.0567054285714286,0.9230294285714286,1.3674885714285714,3.3447257142857145,182.8,7814.2,0.9156314285714285,0.9309767142857144,1.5680442857142858,3.4152
2026-02-02 16:45:00+00:00,0.0,5.434343434343434,0.0,0.0,0.0,0.67,0.65,0.7,0.66,0.0,4.3,5.6,40.9,1.3,1.4,2.3,0.6,6.24,4.33,5.61,8.79,50.0,406.7,236.3,408.5,234.2,408.1,236.4,407.7,235.6,4.72,1.01892,1.313,2.07727,4.41123,10249.9,2.08,117.3,6023.6,4.93,3.27,0.661311,0.921119,1.36668,2.94299,182.8,7814.8,0.775673,0.92921,1.5638,3.27142
2026-02-02 17:00:00+00:00,0.0,5.32258064516129,0.0,0.0,0.0,0.67,0.6485714285714286,0.7,0.66,0.0,7.328571428571428,0.942857142857143,40.885714285714286,0.6142857142857142,2.1285714285714286,1.657142857142857,0.6,6.2700000000000005,4.351428571428571,5.62,8.821428571428571,50.08571428571429,407.6,236.72857142857143,409.5,234.78571428571428,409.1857142857143,236.9857142857143,408.8,236.2,4.741428571428571,1.02931,1.318777142857143,2.0890128571428574,4.435295714285714,10251.457142857142,2.09,117.3,6024.814285714286,4.93,3.2714285714285714,0.664168,0.9281502857142857,1.378422857142857,2.967182857142857,182.8,7815.900000000001,0.7875842857142857,0.9396874285714285,1.577994285714286,3.3061085714285716
2026-02-02 17:15:00+00:00,0.0,5.413043478260869,0.0,0.0,0.0,0.7128571428571429,0.7685714285714286,0.7,0.6528571428571429,0.0,4.3428571428571425,6.128571428571429,29.728571428571428,1.7,1.0571428571428572,1.5999999999999999,0.5285714285714286,7.184285714285714,7.067142857142857,5.627142857142857,8.858571428571429,50.0,407.88571428571424,236.75714285714284,410.0,235.20000000000002,409.38571428571424,237.32857142857142,409.0857142857143,236.41428571428574,4.75,1.669827142857143,1.32351,2.1028457142857144,5.097912857142857,10252.828571428572,2.09,117.3,6025.714285714285,4.93,3.28,1.3178934285714285,0.9286471428571429,1.3818814285714285,3.6256071428571426,182.8,7816.714285714285,1.0124314285714286,0.9428881428571428,1.5873142857142857,3.544927142857143
2026-02-02 17:30:00+00:00,0.0,5.563106796116505,0.0,0.0,0.0,0.70375,0.7525,0.7,0.65,0.0,4.887499999999999,6.1125,31.112499999999997,2.475,1.1375,1.65,0.5375,7.085,6.74,5.6375,8.87375,50.0,408.45,237.1125,410.4625,235.5125,410.025,237.6125,409.6125,236.725,4.76125,1.5940750000000001,1.326415,2.1069875,5.0284175,10253.5625,2.09375,117.3,6026.2125,4.93,3.28375,1.23703125,0.929275625,1.38138,3.54788125,182.8,7817.2125,0.988763125,0.94713125,1.59198,3.52948875
2026-02-02 17:45:00+00:00,0.0,5.359550561797753,0.0,0.0,0.0,0.66,0.64,0.7,0.65,0.0,8.7,4.8,40.8,3.1,1.7,2.4,0.6,6.31,4.39,5.65,8.88,50.0,409.2,237.8,410.9,235.7,410.9,237.8,410.3,237.1,4.78,1.04185,1.32889,2.1076,4.47583,10254.5,2.1,117.3,6026.9,4.93,3.29,0.6663,0.929105,1.37733,2.9794000000000005,182.8,7817.9,0.801035,0.953315,1.5966800000000003,3.34982
2026-02-02 18:00:00+00:00,0.0,5.35,0.0,0.0,0.0,0.66,0.64,0.6999999999999998,0.65,0.0,8.7,4.8,40.8,3.1,1.7,2.4,0.6,6.31,4.39,5.650000000000001,8.88,50.0,409.2,237.80000000000004,410.8999999999999,235.69999999999996,410.8999999999999,237.80000000000004,410.3,237.1,4.78,1.04185,1.32889,2.1076,4.47583,10254.5,2.1,117.3,6026.899999999999,4.93,3.2900000000000005,0.6663,0.929105,1.37733,2.9794,182.80000000000004,7817.899999999999,0.801035,0.953315,1.59668,3.34982
2026-02-02 18:15:00+00:00,0.0,5.5,0.0,0.0,0.0,0.66,0.64,0.6999999999999998,0.65,0.0,6.5,8.7,40.7,2.5,2.5,2.0,0.6,6.330000000000001,4.41,5.669999999999999,8.9,50.0,410.2,238.5,412.0,236.19999999999996,411.5,238.19999999999996,411.2,237.6,4.81,1.05093,1.33488,2.11735,4.50413,10258.0,2.12,117.3,6029.399999999999,4.93,3.2999999999999994,0.6679559999999999,0.927575,1.38314,2.98799,182.80000000000004,7820.3,0.8080570000000001,0.9583660000000002,1.60285,3.37023
2026-02-02 18:30:00+00:00,0.0,5.442105263157894,0.0,0.0,0.0,0.72,0.8099999999999999,0.7,0.65,0.0,5.9,6.1,26.7,2.7,2.7,2.9,0.5,7.76,8.67,5.67,8.96,50.0,411.0,238.3,413.0,236.9,412.4,239.1,412.1,238.1,4.82,2.05591,1.34325,2.13737,5.54265,10258.5,2.12,117.3,6029.8,4.93,3.3,1.67738,0.93292,1.38984,3.99983,182.8,7820.6,1.19329,0.96608,1.62387,3.7814799999999997
2026-02-02 18:45:00+00:00,0.0,5.532608695652174,0.0,0.0,0.0,0.66,0.6342857142857143,0.6900000000000001,0.65,0.0,6.557142857142857,1.7714285714285716,40.74285714285714,2.0714285714285716,2.1142857142857143,1.6285714285714286,0.5571428571428572,6.35,4.435714285714286,5.675714285714285,8.93,50.0,410.7142857142857,238.55714285714288,412.5571428571429,236.65714285714284,412.11428571428576,238.65714285714284,411.8142857142857,237.95714285714286,4.83,1.0575414285714284,1.343605714285714,2.1345957142857146,4.535062857142857,10259.9,2.13,117.3,6030.842857142858,4.93,3.31,0.6694615714285714,0.9287877142857142,1.38579,2.9853457142857143,182.8,7821.585714285714,0.8167291428571428,0.967104,1.6212471428571429,3.4060857142857146
2026-02-02 19:00:00+00:00,0.0,5.358974358974359,0.0,0.0,0.0,0.69,0.725,0.6916666666666665,0.65,0.0,5.366666666666667,4.183333333333333,32.983333333333334,1.1166666666666667,1.3,2.0,0.5333333333333333,6.998333333333332,6.341666666666668,5.695,8.953333333333333,50.01666666666667,411.4666666666667,238.79999999999998,413.4166666666667,237.23333333333335,412.84999999999997,239.25,412.6499999999999,238.45000000000002,4.836666666666667,1.511775,1.3476216666666667,2.1437649999999997,5.003979999999999,10260.883333333333,2.13,117.3,6031.616666666668,4.93,3.3033333333333332,1.1378133333333333,0.9333216666666667,1.393135,3.4607116666666666,182.80000000000004,7822.316666666667,0.9768143333333333,0.9717988333333333,1.627505,3.5756916666666663
2026-02-02 19:15:00+00:00,0.0,5.383838383838384,0.0,0.0,0.0,0.66,0.63,0.7,0.65,0.0,6.1,6.6,40.6,2.0,1.0,1.8,0.5,6.37,4.45,5.71,8.95,50.1,412.4,239.5,414.2,237.5,413.7,239.6,413.4,238.9,4.84,1.06556,1.35211,2.14357,4.5598,10261.6,2.13,117.3,6032.1,4.93,3.3,0.67613,0.935834,1.39383,3.00921,182.8,7822.8,0.82143,0.974108,1.62936,3.42557
2026-02-02 19:30:00+00:00,0.0,5.344086021505376,0.0,0.0,0.0,0.6642857142857144,0.6342857142857143,0.7,0.6542857142857142,0.0,7.214285714285714,6.6,40.6,1.8285714285714287,1.557142857142857,1.9285714285714286,0.5428571428571428,6.322857142857143,4.411428571428572,5.671428571428572,8.885714285714286,50.05714285714286,410.2142857142857,238.25714285714284,411.9714285714286,236.21428571428572,411.42857142857144,238.27142857142857,411.1714285714285,237.6142857142857,4.852857142857142,1.05167,1.3385757142857142,2.1186957142857143,4.508281428571428,10262.5,2.1385714285714283,117.3,6032.742857142858,4.93,3.3085714285714287,0.67136,0.9314591428571429,1.3852842857142857,2.991827142857143,182.8,7823.357142857143,0.80694,0.9605702857142857,1.6044042857142855,3.3737471428571433
2026-02-02 19:45:00+00:00,0.0,5.4326923076923075,0.0,0.0,0.0,0.67,0.64,0.7,0.66,0.0,8.7,6.6,40.6,1.6,2.3,2.1,0.6,6.26,4.36,5.62,8.8,50.0,407.3,236.6,409.0,234.5,408.4,236.5,408.2,235.9,4.87,1.03315,1.32053,2.08553,4.43959,10263.7,2.15,117.3,6033.6,4.93,3.32,0.665,0.925626,1.37389,2.96865,182.8,7824.1,0.78762,0.94252,1.57113,3.30465
2026-02-02 20:00:00+00:00,0.0,5.659090909090909,0.0,0.0,0.0,0.7128571428571429,0.7685714285714286,0.7,0.66,0.0,9.414285714285713,5.028571428571429,29.814285714285713,2.028571428571429,1.0142857142857142,1.457142857142857,0.5285714285714286,7.188571428571429,7.102857142857142,5.627142857142857,8.828571428571427,50.0,407.37142857142857,236.24285714285716,409.2142857142857,234.78571428571428,408.4714285714286,236.78571428571428,408.4142857142857,235.97142857142856,4.798571428571428,1.6749571428571428,1.3213085714285715,2.0917585714285716,5.088532857142858,10265.128571428573,2.107142857142857,117.3,6034.671428571429,4.93,3.2985714285714285,1.323707142857143,0.9253117142857142,1.375282857142857,3.624614285714286,182.8,7825.099999999999,1.0142057142857144,0.94252,1.5778514285714285,3.5379571428571426
2026-02-02 20:15:00+00:00,0.0,5.5,0.0,0.0,0.0,0.7042857142857143,0.7428571428571429,0.7,0.66,0.0,5.371428571428572,5.685714285714285,32.357142857142854,2.2,1.8714285714285714,1.5,0.5857142857142856,7.041428571428571,6.6657142857142855,5.625714285714286,8.84,50.0,407.40000000000003,236.4857142857143,409.2142857142857,234.72857142857143,408.8857142857143,237.02857142857144,408.54285714285714,236.04285714285714,4.761428571428572,1.57006,1.3149514285714285,2.09497,4.979080000000001,10266.77142857143,2.09,117.3,6035.871428571429,4.93,3.281428571428571,1.2096545714285714,0.9252575714285715,1.3768985714285713,3.5119014285714285,182.8,7826.271428571429,0.9850945714285714,0.9379565714285715,1.5772914285714286,3.5009214285714285
2026-02-02 20:30:00+00:00,0.0,5.5,0.0,0.0,0.0,0.67,0.64,0.7,0.66,0.0,5.925,6.4375,40.787499999999994,1.275,2.1625,1.8875,0.6499999999999999,6.27875,4.375,5.62,8.848749999999999,50.0,407.8125,236.925,409.525,234.85,409.4625,237.21249999999998,408.925,236.275,4.755,1.03402375,1.31628125,2.10017625,4.45057875,10267.775000000001,2.09,117.3,6036.599999999999,4.93,3.28,0.664939625,0.9238048750000001,1.37969625,2.96602625,182.8,7826.9875,0.792883875,0.9399315,1.580625,3.3142875
2026-02-02 20:45:00+00:00,0.0,5.386363636363637,0.0,0.0,0.0,0.7028571428571428,0.7428571428571429,0.7,0.66,0.0,3.6142857142857143,5.8625,31.842857142857145,2.0,2.0428571428571427,1.8857142857142857,0.5428571428571428,7.0042857142857144,6.5200000000000005,5.634285714285714,8.864285714285714,50.0,408.4857142857143,237.22857142857143,410.38571428571424,235.37142857142857,410.07142857142856,237.55714285714288,409.6857142857143,236.64285714285714,4.764285714285713,1.5446114285714285,1.32662,2.106297142857143,4.975312857142858,10269.214285714286,2.097142857142857,117.3,6037.628571428571,4.93,3.287142857142857,1.1866947142857143,0.9267605714285715,1.3792585714285714,3.4981114285714283,182.8,7827.942857142857,0.9710062857142857,0.9491765714285715,1.5921699999999999,3.5107328571428575
2026-02-02 21:00:00+00:00,0.0,5.153846153846154,0.0,0.0,0.0,0.6628571428571429,0.64,0.7,0.66,0.0,8.128571428571428,5.857142857142857,40.7,1.742857142857143,1.6428571428571428,2.085714285714286,0.6,6.31,4.402857142857143,5.642857142857143,8.875714285714285,50.0,409.37142857142857,237.75714285714284,411.07142857142856,235.78571428571428,410.87142857142857,237.9857142857143,410.5142857142857,237.18571428571428,4.775714285714286,1.0451828571428572,1.3255314285714286,2.106708571428572,4.478095714285714,10270.014285714287,2.1028571428571428,117.3,6038.228571428571,4.93,3.292857142857143,0.6688475714285714,0.9264368571428572,1.3789614285714287,2.9791742857142856,182.8,7828.599999999999,0.8037391428571429,0.9525002857142857,1.5966042857142857,3.346881428571429
2026-02-02 21:15:00+00:00,0.0,5.523809523809524,0.0,0.0,0.0,0.71,0.784,0.7,0.66,0.0,4.5200000000000005,6.26,29.26,1.8399999999999999,2.38,2.44,0.52,7.414,7.674000000000001,5.65,8.906,50.0,409.64000000000004,237.58,411.5,236.08,411.14000000000004,238.35999999999999,410.71999999999997,237.4,4.798,1.8171,1.329876,2.122664,5.267854,10271.279999999999,2.11,117.3,6039.12,4.93,3.3,1.4504068,0.9294532,1.38864,3.764124,182.8,7829.339999999999,1.0905004,0.9557967999999999,1.6090360000000001,3.65188
2026-02-02 21:30:00+00:00,0.0,5.457943925233645,0.0,0.0,0.0,0.6825,0.7075,0.7,0.65375,0.0,4.95,5.05,35.3,2.4375,2.5,2.1125,0.5625,6.8425,5.94875,5.65875,8.90875,50.0,410.08750000000003,238.025,411.825,236.25,411.525,238.475,411.1875,237.6125,4.8125,1.41264375,1.3345775,2.12602625,4.87189,10272.15,2.11625,117.3,6039.7375,4.93,3.30625,1.036803875,0.9291735,1.38855875,3.35245875,182.8,7829.9375,0.9430087500000001,0.959320375,1.6103775,3.5120425
2026-02-02 21:45:00+00:00,0.0,5.4,0.0,0.0,0.0,0.66,0.64,0.7,0.65,0.0,7.5,4.514285714285714,40.7,1.3714285714285714,1.9857142857142858,1.7,0.6,6.339999999999999,4.43,5.661428571428572,8.92,50.0,410.58571428571435,238.4,412.2857142857143,236.4,411.2142857142857,238.7,411.7714285714286,237.8,4.82,1.0559399999999999,1.3372742857142856,2.1315414285714285,4.528351428571429,10273.328571428572,2.12,117.3,6040.642857142857,4.93,3.31,0.6723962857142857,0.9302224285714286,1.3853514285714286,2.989932857142857,182.8,7830.757142857144,0.8148124285714287,0.9646338571428571,1.6175442857142859,3.3968414285714283
2026-02-02 22:00:00+00:00,0.0,5.564356435643564,0.0,0.0,0.0,0.66,0.64,0.69875,0.65,0.0,8.5,4.125,40.7,1.3125,1.975,1.7625,0.6,6.34125,4.43,5.6625,8.92125,50.0,410.625,238.425,412.33750000000003,236.4375,411.2375,238.725,411.825,237.82500000000002,4.8225,1.05597625,1.3381175,2.13239,4.530875,10273.6625,2.12125,117.3,6040.875,4.93,3.31,0.672519875,0.930892375,1.38565375,2.9909925,182.8,7830.9875,0.81495325,0.9653333749999999,1.61847125,3.39892125
2026-02-02 22:15:00+00:00,0.0,5.565656565656566,0.0,0.0,0.0,0.66,0.64,0.69,0.65,0.0,8.5,2.2,40.7,2.1,1.8,1.5,0.6,6.35,4.43,5.68,8.93,50.0,410.8,238.6,412.6,236.7,412.2,238.9,412.0,238.0,4.84,1.05518,1.34111,2.13351,4.53385,10275.5,2.13,117.3,6042.1,4.93,3.31,0.672043,0.93401,1.39142,2.99395,182.8,7832.3,0.814073,0.966855,1.62058,3.40327
2026-02-02 22:30:00+00:00,0.0,5.435897435897436,0.0,0.0,0.0,0.66,0.64,0.69,0.65,0.0,8.5,2.2,40.7,2.1,1.8,1.5,0.6,6.349999999999999,4.43,5.68,8.93,50.0,410.8,238.6,412.6000000000001,236.69999999999996,412.2,238.9,412.0,238.0,4.84,1.05518,1.3411099999999998,2.13351,4.53385,10275.5,2.13,117.3,6042.100000000001,4.93,3.31,0.672043,0.9340100000000001,1.39142,2.99395,182.80000000000004,7832.3,0.814073,0.9668550000000001,1.6205799999999997,3.4032700000000005
2026-02-02 22:45:00+00:00,0.0,5.598039215686274,0.0,0.0,0.0,0.68375,0.70375,0.6924999999999999,0.65125,0.0,4.45,6.5625,34.8,2.45,2.5125,2.4,0.5625,6.83875,5.8637500000000005,5.6875,8.95625,50.0125,411.8125,239.0875,413.525,237.2625,413.13750000000005,239.3125,412.8375,238.5375,4.875,1.39816875,1.3462875,2.1394225,4.88378125,10278.462500000001,2.145,117.3,6044.25,4.93,3.3200000000000003,1.022196375,0.9317461250000001,1.3907225,3.34661,182.8,7834.3,0.936393,0.973906125,1.62601875,3.534915
2026-02-02 23:00:00+00:00,0.0,5.523809523809524,0.0,0.0,0.0,0.6925,0.71375,0.7024999999999999,0.66,0.0,4.7875,6.466666666666667,34.95,2.5,2.475,2.5125,0.5625,6.7437499999999995,5.81125,5.61875,8.7975,50.025,406.8875,236.1375,408.4875,234.3625,407.9375,236.45,407.8125,235.65,4.8375,1.3683425,1.31295875,2.0777725,4.75989625,10279.7625,2.12,117.3,6045.175,4.93,3.3225,1.014729,0.922363625,1.36714875,3.304245,182.8,7835.175,0.90364975,0.93601925,1.56390875,3.40442
2026-02-02 23:15:00+00:00,0.0,5.591666666666667,0.0,0.0,0.0,0.7233333333333333,0.8011111111111111,0.7,0.66,0.0,4.133333333333334,4.177777777777778,27.788888888888888,2.6666666666666665,0.48888888888888893,2.3111111111111113,0.5111111111111111,7.461111111111112,7.986666666666666,5.612222222222223,8.792222222222222,50.0,406.2,235.5,408.20000000000005,234.19999999999996,407.5,236.19999999999996,407.32222222222225,235.30000000000004,4.748888888888889,1.8756988888888888,1.3125822222222223,2.075853333333333,5.264606666666666,10280.644444444444,2.0833333333333335,117.30000000000001,6045.855555555555,4.93,3.2844444444444445,1.5226255555555557,0.9237741111111111,1.3693877777777779,3.8154388888888895,182.8,7835.766666666666,1.0930368888888888,0.934417111111111,1.562151111111111,3.5882155555555553
2026-02-02 23:30:00+00:00,0.0,5.461538461538462,0.0,0.0,0.0,0.7299999999999999,0.82,0.7,0.66,0.0,3.9,3.9,26.2,2.6,0.3,2.4,0.5,7.61,8.44,5.61,8.79,50.0,406.2,235.5,408.1,234.2,407.4,236.2,407.2,235.3,4.74,1.98131,1.31231,2.07522,5.36907,10280.7,2.08,117.3,6045.9,4.93,3.28,1.62942,0.923823,1.36976,3.92274,182.8,7835.8,1.1314,0.933758,1.56151,3.62499
2026-02-02 23:45:00+00:00,0.0,5.524752475247524,0.0,0.0,0.0,0.6925,0.7075,0.7,0.65625,0.0,6.0,5.45,34.8625,1.975,2.7249999999999996,4.1,0.525,6.75625,5.80125,5.63375,8.8275,50.0,408.2875,236.9875,409.8,235.175,409.325,237.1625,409.0625,236.4625,4.78,1.36996125,1.32383875,2.09227,4.7839925,10283.575,2.09,117.3,6047.95,4.93,3.3,1.010265625,0.927025125,1.36964125,3.3114775,182.8,7837.85,0.905099375,0.945292375,1.5776925,3.43017
2026-02-03 00:00:00+00:00,0.0,5.4868421052631575,0.0,0.0,0.0,0.685,0.7000000000000001,0.6999999999999998,0.6516666666666667,0.0,4.3,4.45,35.81666666666667,1.95,1.6333333333333335,1.5666666666666667,0.5333333333333333,6.751666666666666,5.771666666666666,5.638333333333333,8.843333333333334,50.0,408.65000000000003,237.15,410.23333333333335,235.36666666666667,409.76666666666665,237.33333333333334,409.5,236.61666666666667,4.788333333333333,1.3657633333333334,1.3266983333333333,2.102691666666667,4.793606666666666,10284.766666666666,2.09,117.3,6048.816666666667,4.93,3.3166666666666664,0.9965575000000001,0.9259123333333333,1.3746866666666666,3.2946616666666664,182.80000000000004,7838.683333333333,0.9180926666666668,0.9503383333333333,1.587695,3.4565249999999996
2026-02-03 00:15:00+00:00,0.0,5.277310924369748,0.0,0.0,0.0,0.6988888888888889,0.74,0.7,0.65,0.0,5.966666666666667,2.1444444444444444,32.67777777777778,1.5,2.1444444444444444,1.7111111111111112,0.47777777777777775,7.066666666666666,6.698888888888889,5.645555555555556,8.855555555555554,50.0,408.93333333333334,237.14444444444447,410.56666666666666,235.53333333333336,410.1222222222222,237.53333333333336,409.84444444444443,236.7555555555556,4.787777777777778,1.58572,1.3301122222222221,2.1068877777777777,5.02015,10285.755555555555,2.0944444444444446,117.30000000000001,6049.555555555556,4.93,3.311111111111111,1.2183807777777778,0.928877,1.3799044444444444,3.5180788888888888,182.8,7839.355555555555,1.0026311111111113,0.9538317777777778,1.5944988888888887,3.5501022222222223
2026-02-03 00:30:00+00:00,0.0,5.43,0.0,0.0,0.0,0.6675,0.64,0.7,0.6575,0.0,7.95,6.155555555555556,40.45,2.5,2.8499999999999996,2.675,0.5,6.2925,4.39,5.6525,8.835,50.0,408.925,237.35000000000002,410.27500000000003,235.375,409.275,237.29999999999998,409.5,236.675,4.8,1.0391725,1.326565,2.0989525,4.4656525,10287.199999999999,2.1,117.3,6050.6,4.93,3.3,0.67054925,0.9272605,1.3728025000000001,2.9732825,182.8,7840.325,0.7955645,0.9522404999999999,1.5871175,3.3331775
2026-02-03 00:45:00+00:00,0.0,5.423913043478261,0.0,0.0,0.0,0.67,0.64,0.7,0.66,0.0,8.485714285714286,1.4142857142857144,40.57142857142857,3.042857142857143,2.0285714285714285,2.057142857142857,0.5857142857142856,6.264285714285714,4.38,5.61,8.804285714285715,50.0,407.1,236.7,408.3,234.3,407.5,236.4,408.5,235.8,4.8,1.037127142857143,1.3230414285714287,2.0941114285714284,4.455197142857143,10288.242857142857,2.1,117.3,6051.3,4.93,3.3,0.6683355714285714,0.9248564285714285,1.3682485714285715,2.9666242857142855,182.8,7841.0,0.7918362857142858,0.9475239999999999,1.5791157142857144,3.317592857142857
2026-02-03 01:00:00+00:00,0.0,5.505376344086022,0.0,0.0,0.0,0.67,0.65,0.7,0.6557142857142857,0.0,6.785714285714286,4.6571428571428575,40.5,2.0428571428571427,1.2714285714285716,2.0714285714285716,0.6,6.275714285714286,4.371428571428572,5.635714285714285,8.814285714285715,50.0,408.07142857142856,236.97142857142856,409.57142857142856,234.91428571428574,408.7285714285714,236.9,409.14285714285717,236.25714285714284,4.79,1.0347528571428573,1.3213914285714286,2.084517142857143,4.444925714285715,10289.628571428571,2.1,117.3,6052.328571428572,4.93,3.3,0.6701084285714286,0.9242362857142857,1.371997142857143,2.9649342857142855,182.8,7841.971428571429,0.7898059999999999,0.9468377142857143,1.5753757142857143,3.3121485714285717
2026-02-03 01:15:00+00:00,0.0,5.402439024390244,0.0,0.0,0.0,0.67,0.65,0.6999999999999998,0.66,0.0,7.3,5.3,40.5,1.3999999999999997,0.8000000000000002,1.8999999999999997,0.6,6.28,4.38,5.64,8.81,50.0,408.2,237.1,409.7,235.0,408.6000000000001,236.9,409.3999999999999,236.30000000000004,4.79,1.03672,1.32317,2.08591,4.44877,10289.8,2.1,117.3,6052.5,4.93,3.2999999999999994,0.670261,0.924703,1.36811,2.9713499999999997,182.80000000000004,7842.100000000001,0.791414,0.949353,1.5779000000000003,3.3214400000000004
2026-02-03 01:30:00+00:00,0.0,5.523255813953488,0.0,0.0,0.0,0.7299999999999999,0.82,0.7,0.66,0.0,7.171428571428572,10.242857142857144,25.0,1.7714285714285716,8.485714285714286,8.8,0.5,7.508571428571429,8.105714285714287,5.611428571428571,8.8,49.98571428571428,406.4142857142857,235.54285714285714,408.4714285714286,234.17142857142855,408.0142857142857,236.18571428571428,407.8285714285715,235.35714285714286,4.75,1.9071085714285714,1.314417142857143,2.0808857142857144,5.304278571428571,10291.542857142858,2.09,117.3,6053.7,4.93,3.28,1.5702814285714286,0.9235382857142856,1.3682557142857144,3.859352857142857,182.8,7843.385714285714,1.0865271428571428,0.9382767142857142,1.5683857142857143,3.5931257142857147
2026-02-03 01:45:00+00:00,0.0,5.520833333333333,0.0,0.0,0.0,0.7299999999999999,0.82,0.7,0.66,0.0,5.2,3.9,25.6,1.6,0.6,1.6,0.5,7.56,8.26,5.62,8.8,49.9,405.9,235.2,407.7,234.0,406.9,236.1,406.8,235.1,4.75,1.93692,1.31044,2.07312,5.32011,10292.4,2.09,117.3,6054.3,4.93,3.28,1.59333,0.922964,1.36037,3.87635,182.8,7843.9,1.10505,0.936085,1.56296,3.6046799999999997
2026-02-03 02:00:00+00:00,0.0,5.367816091954023,0.0,0.0,0.0,0.7128571428571429,0.7714285714285714,0.7,0.66,0.0,4.942857142857143,3.9,29.88571428571429,1.6857142857142857,0.5428571428571428,1.6285714285714286,0.5285714285714286,7.177142857142856,7.131428571428572,5.614285714285714,8.782857142857143,49.92857142857143,405.6714285714285,235.2,407.4428571428571,233.77142857142857,406.7285714285714,235.84285714285713,406.6,234.95714285714286,4.735714285714286,1.6731142857142858,1.3081,2.0685257142857143,5.0497757142857145,10292.971428571429,2.0814285714285714,117.3,6054.728571428571,4.93,3.274285714285714,1.3269311428571429,0.9215865714285715,1.3587642857142856,3.606981428571429,182.8,7844.3,1.0093551428571428,0.9325038571428571,1.5584314285714285,3.5009657142857145
2026-02-03 02:15:00+00:00,0.0,5.5,0.0,0.0,0.0,0.6775,0.675,0.705,0.66,0.0,4.6875,4.7375,38.6375,2.3874999999999997,2.0625,1.9500000000000002,0.5375,6.36875,4.793749999999999,5.595,8.7225,50.0,404.6875,234.875,406.325,233.0375,405.75,234.9875,405.6,234.35,4.6899999999999995,1.122595,1.2991725,2.0502025,4.4736125,10294.9625,2.06,117.3,6056.1375,4.93,3.255,0.7749341249999999,0.919099,1.3546425,3.04943625,182.8,7845.7,0.804973125,0.920322875,1.53862625,3.2642925
2026-02-03 02:30:00+00:00,0.0,5.418918918918919,0.0,0.0,0.0,0.7050000000000001,0.735,0.71,0.665,0.0,5.5,4.1499999999999995,33.050000000000004,1.55,2.25,2.4,0.5,6.835,6.239999999999999,5.580000000000001,8.69,50.0,403.3,233.9,405.0,232.35000000000002,404.5,234.29999999999998,404.2,233.55000000000004,4.67,1.4594399999999998,1.296685,2.041515,4.793625,10296.15,2.055,117.3,6056.95,4.93,3.25,1.1181605,0.9164344999999999,1.3508250000000002,3.3862900000000002,182.80000000000004,7846.549999999999,0.919181,0.916424,1.5299249999999998,3.368955
2026-02-03 02:45:00+00:00,0.0,5.383720930232558,0.0,0.0,0.0,0.74,0.83,0.71,0.67,0.0,4.6,3.0,26.1,2.1,2.6,3.5,0.5,7.55,8.44,5.57,8.66,50.0,402.0,233.0,403.7,231.7,402.9,233.7,402.8,232.8,4.660000000000001,1.95805,1.2886,2.02076,5.268120000000001,10296.9,2.05,117.3,6057.5,4.93,3.25,1.61637,0.9109740000000001,1.34224,3.87222,182.8,7847.1,1.10622,0.905545,1.51033,3.52306
2026-02-03 03:00:00+00:00,0.0,5.290322580645161,0.0,0.0,0.0,0.74,0.83,0.71,0.67,0.0,4.6,3.0,26.1,2.1,2.6,3.5,0.5,7.55,8.44,5.57,8.66,50.0,402.0,233.0,403.7,231.7,402.9,233.7,402.8,232.8,4.660000000000001,1.95805,1.2886,2.02076,5.268120000000001,10296.9,2.05,117.3,6057.5,4.93,3.25,1.61637,0.9109740000000001,1.34224,3.87222,182.8,7847.1,1.10622,0.905545,1.51033,3.52306
2026-02-03 03:15:00+00:00,0.0,5.380952380952381,0.0,0.0,0.0,0.7020000000000001,0.732,0.716,0.674,0.0,8.620000000000001,4.1,34.5,1.64,2.04,2.32,0.5599999999999999,6.68,5.888,5.556,8.602,50.0,400.98,232.7,402.21999999999997,230.85999999999999,401.82,232.84,401.62,232.12000000000003,4.476,1.3609424,1.277112,1.996716,4.637154,10298.92,2.0100000000000002,117.3,6058.9400000000005,4.93,3.114,1.0381482,0.9123111999999999,1.33867,3.292134,182.8,7848.5199999999995,0.8786228000000001,0.9003724,1.4862499999999998,3.244204
2026-02-03 03:30:00+00:00,0.0,5.413043478260869,0.0,0.0,0.0,0.7299999999999999,0.82,0.71,0.66,0.0,6.7,4.6,25.8,0.4,1.6,2.1,0.5,7.55,8.37,5.589999999999999,8.7,50.0,404.1,234.2,404.7,232.9,404.1,234.8,404.1,233.9,4.43,1.95402,1.30304,2.04964,5.307,10299.8,2.0,117.3,6059.6,4.93,3.0800000000000005,1.6149,0.919421,1.35664,3.89304,182.8,7849.1,1.10677,0.923383,1.53363,3.56269
2026-02-03 03:45:00+00:00,0.0,5.521739130434782,0.0,0.0,0.0,0.7299999999999999,0.82,0.71,0.66,0.0,6.7,4.6,25.8,0.4,1.6,2.1,0.5,7.55,8.37,5.589999999999999,8.7,50.0,404.1,234.2,404.7,232.9,404.1,234.8,404.1,233.9,4.43,1.95402,1.30304,2.04964,5.307,10299.8,2.0,117.3,6059.6,4.93,3.0800000000000005,1.6149,0.919421,1.35664,3.89304,182.8,7849.1,1.10677,0.923383,1.53363,3.56269
2026-02-03 04:00:00+00:00,0.0,5.4,0.0,0.0,0.0,0.68,0.67,0.71,0.67,0.0,7.400000000000001,4.2,40.3,1.2,0.6,1.3999999999999997,0.6,6.13,4.23,5.55,8.6,50.0,400.8999999999999,232.80000000000004,402.3999999999999,230.69999999999996,402.0,232.6,401.8,232.1,4.38,0.985888,1.27798,1.9989,4.26318,10302.6,2.01,117.3,6061.7,4.93,3.0,0.653346,0.91242,1.33495,2.9046299999999996,182.80000000000004,7851.100000000001,0.736476,0.89844,1.49144,3.12472
2026-02-03 04:15:00+00:00,0.0,5.263736263736264,0.0,0.0,0.0,0.68,0.67,0.71,0.67,0.0,7.4,4.2,40.3,1.2,0.6,1.4,0.6,6.13,4.23,5.55,8.6,50.0,400.9,232.8,402.4,230.7,402.0,232.6,401.8,232.1,4.38,0.985888,1.27798,1.9989000000000001,4.26318,10302.6,2.01,117.3,6061.7,4.93,3.0,0.653346,0.91242,1.3349500000000003,2.90463,182.8,7851.1,0.736476,0.89844,1.49144,3.12472
2026-02-03 04:30:00+00:00,0.0,5.3125,0.0,0.0,0.0,0.68,0.67,0.71,0.67,0.0,7.400000000000001,4.2,40.3,1.2,0.6,1.3999999999999997,0.6,6.13,4.23,5.55,8.6,50.0,400.8999999999999,232.80000000000004,402.3999999999999,230.69999999999996,402.0,232.6,401.8,232.1,4.38,0.985888,1.27798,1.9989,4.26318,10302.6,2.01,117.3,6061.7,4.93,3.0,0.653346,0.91242,1.33495,2.9046299999999996,182.80000000000004,7851.100000000001,0.736476,0.89844,1.49144,3.12472
2026-02-03 04:45:00+00:00,0.0,5.5,0.0,0.0,0.0,0.71,0.75,0.715,0.665,0.0,3.9500000000000006,4.2,32.75,2.5,2.1,1.8999999999999997,0.5,6.8,6.175,5.575,8.645000000000001,49.949999999999996,401.90000000000003,233.05000000000004,403.40000000000003,231.55000000000004,402.75,233.39999999999998,402.65000000000003,232.70000000000002,4.45,1.437394,1.28523,2.018725,4.74184,10305.699999999999,1.9949999999999999,117.3,6063.849999999999,4.93,3.1,1.1116620000000002,0.913804,1.342835,3.369005,182.80000000000004,7853.149999999999,0.9000035000000001,0.9049480000000001,1.506595,3.309445
2026-02-03 05:00:00+00:00,0.0,5.415094339622642,0.0,0.0,0.0,0.73,0.83,0.71,0.66,0.0,5.6000000000000005,3.55,25.2125,1.975,1.9625,2.2624999999999997,0.4,7.49875,8.15375,5.6075,8.735,49.9125,404.475,234.25,406.1625,233.22500000000002,405.46250000000003,235.0375,405.3625,234.22500000000002,4.411250000000001,1.905055,1.3051475000000001,2.05552375,5.26779,10306.0875,2.005,117.3,6064.125,4.93,3.04375,1.5729975,0.918635375,1.35185125,3.84596625,182.8,7853.5125,1.0799525,0.9259585,1.54585375,3.547285
2026-02-03 05:15:00+00:00,0.0,5.574712643678161,0.0,0.0,0.0,0.7299999999999999,0.83,0.71,0.66,0.0,4.9,5.3,25.3,1.8,3.1,1.3,0.4,7.49,8.18,5.589999999999999,8.7,50.0,403.6,233.9,405.2,232.7,404.5,234.6,404.4,233.7,4.49,1.90516,1.2968,2.03728,5.23804,10307.4,2.04,117.3,6065.0,4.93,3.07,1.57711,0.918855,1.35004,3.84384,182.8,7854.3,1.07283,0.914055,1.52607,3.50973
2026-02-03 05:30:00+00:00,0.0,5.598039215686274,0.0,0.0,0.0,0.7050000000000001,0.74625,0.71,0.6637500000000001,0.0,6.6375,4.425,33.0125,1.4875,2.5625,1.95,0.5,6.825,6.205,5.58625,8.68375,50.0375,403.3875,234.0125,404.95,232.4125,404.3875,234.3875,404.25,233.5875,4.545,1.447166625,1.2954824999999999,2.0332075,4.7749837500000005,10308.4,2.035,117.3,6065.7375,4.93,3.1399999999999997,1.11523325,0.9189968749999999,1.349535,3.384535,182.8,7855.0375,0.907763,0.9127688749999999,1.52167625,3.34046875
2026-02-03 05:45:00+00:00,0.0,5.6,0.0,0.0,0.0,0.68,0.67,0.71,0.6625000000000001,0.0,8.275,2.8,41.375,3.0,2.9,3.0,0.6,6.1225,4.135,5.5825,8.6525,50.0,402.90000000000003,234.075,404.475,232.04999999999998,403.975,233.95,403.875,233.3,4.57,0.9641200000000001,1.2896325000000002,2.0230024999999996,4.2758325,10309.95,2.03,117.3,6066.85,4.93,3.1825,0.6421215,0.917645,1.34274,2.9031025,182.8,7856.175,0.71783675,0.90786675,1.51004,3.1368125
2026-02-03 06:00:00+00:00,0.0,5.50561797752809,0.0,0.0,0.0,0.7057142857142857,0.7385714285714285,0.71,0.67,0.0,6.014285714285714,3.485714285714286,34.44285714285714,2.0571428571428574,2.3000000000000003,2.185714285714286,0.5571428571428572,6.691428571428572,5.864285714285714,5.568571428571429,8.642857142857142,50.042857142857144,401.7857142857143,233.14285714285714,403.3285714285715,231.42857142857142,402.7,233.41428571428574,402.59999999999997,232.65714285714284,4.432857142857143,1.3632387142857143,1.2865071428571428,2.0151499999999998,4.663435714285714,10311.257142857143,2.025714285714286,117.3,6067.814285714286,4.93,3.057142857142857,1.0433682857142856,0.916367,1.340472857142857,3.2996114285714286,182.8,7857.042857142857,0.8601320000000001,0.9025688571428573,1.5000757142857142,3.2639899999999997
2026-02-03 06:15:00+00:00,0.0,5.319148936170213,0.0,0.0,0.0,0.722857142857143,0.7842857142857144,0.71,0.67,0.0,4.6571428571428575,3.2714285714285714,29.900000000000002,1.7142857142857142,2.642857142857143,2.2714285714285714,0.5285714285714286,7.078571428571428,7.027142857142857,5.567142857142857,8.648571428571428,50.07142857142857,401.6714285714285,232.95714285714283,403.2857142857143,231.42857142857142,402.7285714285714,233.47142857142856,402.57142857142856,232.58571428571426,4.421428571428572,1.6325902857142858,1.2864742857142857,2.0166542857142855,4.935805714285714,10311.971428571429,2.017142857142857,117.3,6068.357142857143,4.93,3.0542857142857143,1.3126565714285714,0.9176938571428571,1.344132857142857,3.5727257142857143,182.8,7857.528571428572,0.9589911428571429,0.9025027142857143,1.5028714285714284,3.3668942857142854
2026-02-03 06:30:00+00:00,0.0,5.505263157894737,0.0,0.0,0.0,0.68,0.67,0.71,0.67,0.0,8.8,5.2,41.4,0.5,2.5,2.7,0.6,6.1,4.12,5.56,8.62,50.0,402.1,233.6,403.5,231.5,403.3,233.4,403.0,232.8,4.55,0.961741,1.28336,2.01074,4.25782,10312.9,2.01,117.3,6069.0,4.93,3.19,0.642048,0.916466,1.34314,2.89939,182.8,7858.1,0.715369,0.902862,1.50075,3.11938
2026-02-03 06:45:00+00:00,0.0,5.45945945945946,0.0,0.0,0.0,0.68,0.67,0.71,0.67,0.0,6.55,6.866666666666667,41.31666666666666,0.5,2.5,2.1166666666666667,0.6,6.099999999999999,4.111666666666667,5.56,8.628333333333334,50.083333333333336,401.84999999999997,233.4333333333333,403.3333333333333,231.41666666666666,402.96666666666664,233.3166666666667,402.75,232.71666666666667,4.541666666666667,0.9577060000000001,1.2823516666666666,2.0120316666666667,4.254078333333333,10313.983333333334,2.01,117.3,6069.916666666667,4.93,3.19,0.6407029999999999,0.9184743333333333,1.3451816666666667,2.904665,182.80000000000004,7858.933333333334,0.7124164999999999,0.9006611666666667,1.4992833333333333,3.1121133333333333
2026-02-03 07:00:00+00:00,0.0,5.386792452830188,0.0,0.0,0.0,0.68,0.67,0.71,0.67,0.0,6.1,6.644444444444445,41.3,0.5,2.5,2.0,0.6,6.1,4.11,5.56,8.63,50.1,401.8,233.4,403.3,231.4,402.9,233.3,402.7,232.7,4.54,0.956899,1.28215,2.01229,4.25333,10314.2,2.01,117.3,6070.1,4.93,3.19,0.640434,0.918876,1.34559,2.90572,182.8,7859.1,0.711826,0.900221,1.49899,3.11066
2026-02-03 07:15:00+00:00,0.0,5.428571428571429,0.0,0.0,0.0,0.68,0.67,0.71,0.67,0.0,8.042857142857143,5.485714285714286,41.3,0.32857142857142857,2.3285714285714287,2.1142857142857143,0.6,6.088571428571428,4.098571428571429,5.56,8.612857142857143,50.042857142857144,401.1714285714285,233.1142857142857,402.7285714285714,231.0,402.2142857142857,232.9,402.07142857142856,232.29999999999998,4.42,0.9545395714285715,1.2808757142857143,2.0060614285714284,4.2432099999999995,10315.628571428573,2.01,117.3,6071.0142857142855,4.93,3.064285714285714,0.6372837142857143,0.9157142857142857,1.3401214285714287,2.8974685714285715,182.8,7860.071428571428,0.7088197142857142,0.8986404285714286,1.4933557142857143,3.10098
2026-02-03 07:30:00+00:00,0.0,5.434343434343434,0.0,0.0,0.0,0.725,0.79,0.71,0.67,0.0,6.074999999999999,3.45,29.3125,1.125,0.8875000000000001,2.725,0.525,7.1025,7.14625,5.5525,8.618749999999999,50.0125,400.91249999999997,232.625,402.6375,231.05,401.91249999999997,233.0375,401.8,232.2,4.5075,1.655608125,1.2824375,2.0063762499999998,4.9420675,10317.4375,2.01,117.3,6072.224999999999,4.93,3.1550000000000002,1.33918625,0.914778625,1.3358225000000001,3.59199875,182.8,7861.325,0.96432725,0.89920975,1.49643875,3.3601975
2026-02-03 07:45:00+00:00,0.0,5.380434782608695,0.0,0.0,0.0,0.68,0.67,0.71,0.67,0.0,8.5,5.4,41.4,4.6,2.5,2.2,0.6,6.1,4.12,5.56,8.63,50.1,402.4,233.7,403.8,231.7,403.4,233.7,403.2,233.0,4.55,0.960735,1.2898599999999998,2.01512,4.26226,10318.4,2.01,117.3,6072.9,4.93,3.19,0.642069,0.9190440000000001,1.3435,2.9011299999999998,182.8,7862.0,0.713273,0.901563,1.50182,3.11912
2026-02-03 08:00:00+00:00,0.0,5.566037735849057,0.0,0.0,0.0,0.68,0.67,0.71,0.67,0.0,6.175000000000001,6.075,41.324999999999996,3.3249999999999997,2.2,2.5,0.525,6.1075,4.12,5.5675,8.645,50.025,402.475,233.7,403.875,231.775,403.475,233.625,403.275,233.0,4.535,0.9626527500000001,1.288945,2.0135,4.2621775,10319.449999999999,2.0175,117.3,6073.725,4.93,3.175,0.641016,0.916812,1.345855,2.9051275,182.8,7862.75,0.715442,0.90576,1.501955,3.1239500000000002
2026-02-03 08:15:00+00:00,0.0,5.505747126436781,0.0,0.0,0.0,0.68,0.67,0.71,0.67,0.0,5.4,6.3,41.3,2.9,2.1,2.6,0.5,6.11,4.12,5.57,8.65,50.0,402.5,233.7,403.9,231.8,403.5,233.6,403.3,233.0,4.53,0.963292,1.2886399999999998,2.01296,4.26215,10319.8,2.02,117.3,6074.0,4.93,3.1699999999999995,0.640665,0.916068,1.34664,2.90646,182.8,7863.0,0.716165,0.907159,1.502,3.12556
2026-02-03 08:30:00+00:00,0.0,5.435897435897436,0.0,0.0,0.0,0.68,0.6666666666666666,0.71,0.6666666666666666,0.0,6.233333333333334,5.6000000000000005,41.36666666666667,2.5666666666666664,2.0,2.533333333333333,0.5333333333333333,6.12,4.13,5.573333333333333,8.66,50.0,402.93333333333334,233.9,404.3,232.03333333333333,403.93333333333334,233.86666666666667,403.7,233.26666666666665,4.546666666666667,0.9649760000000001,1.2906733333333333,2.0194466666666666,4.273406666666666,10320.8,2.0233333333333334,117.3,6074.7,4.93,3.1799999999999997,0.6411190000000001,0.9162566666666666,1.3459200000000002,2.9077366666666666,182.80000000000004,7863.666666666667,0.7196516666666667,0.9094926666666666,1.5086166666666667,3.13824
2026-02-03 08:45:00+00:00,0.0,5.387096774193548,0.0,0.0,0.0,0.7057142857142857,0.7328571428571429,0.71,0.66,0.0,6.757142857142858,5.242857142857143,34.72857142857143,2.1285714285714286,1.7142857142857142,2.0714285714285716,0.5571428571428572,6.7299999999999995,5.924285714285714,5.5842857142857145,8.684285714285714,50.0,403.42857142857144,233.97142857142856,404.9714285714286,232.37142857142857,404.4428571428571,234.35714285714286,404.2285714285714,233.58571428571432,4.58,1.379094857142857,1.2945528571428573,2.0338914285714287,4.7075128571428575,10323.142857142857,2.03,117.3,6076.314285714286,4.93,3.198571428571429,1.0527034285714285,0.9175441428571428,1.3468914285714284,3.3204257142857143,182.8,7865.314285714286,0.8775847142857142,0.9137798571428571,1.5221928571428571,3.3133842857142857
2026-02-03 09:00:00+00:00,0.0,5.50561797752809,0.0,0.0,0.0,0.68,0.66,0.71,0.6671428571428571,0.0,9.114285714285714,5.442857142857143,41.42857142857143,1.2714285714285716,2.6857142857142855,2.457142857142857,0.5285714285714286,6.122857142857143,4.135714285714285,5.572857142857144,8.65857142857143,50.0,403.0142857142857,234.1142857142857,404.4428571428571,232.05714285714288,404.4,233.8142857142857,403.7428571428572,233.28571428571428,4.58,0.9650920000000001,1.290297142857143,2.0223842857142857,4.272208571428571,10324.057142857144,2.03,117.3,6076.9857142857145,4.93,3.19,0.6409822857142856,0.9153127142857143,1.3421999999999998,2.8970871428571425,182.8,7865.914285714286,0.7201387142857143,0.910247,1.512587142857143,3.143785714285714
2026-02-03 09:15:00+00:00,0.0,5.431818181818182,0.0,0.0,0.0,0.68,0.6671428571428571,0.71,0.67,0.0,7.557142857142857,3.7285714285714286,41.32857142857142,0.9571428571428572,2.871428571428571,2.585714285714286,0.5,6.105714285714285,4.122857142857143,5.562857142857142,8.628571428571428,50.0,402.11428571428576,233.5,403.5142857142857,231.57142857142858,403.11428571428576,233.34285714285713,402.8857142857143,232.77142857142854,4.444285714285714,0.9595914285714285,1.2824928571428573,2.009962857142857,4.25286,10324.914285714287,2.03,117.3,6077.6,4.93,3.0614285714285714,0.63835,0.9108031428571428,1.3337485714285715,2.88408,182.8,7866.5,0.7159405714285715,0.9055394285714286,1.5014042857142857,3.11701
2026-02-03 09:30:00+00:00,0.0,5.482352941176471,0.0,0.0,0.0,0.7142857142857143,0.7614285714285715,0.71,0.67,0.0,6.357142857142857,3.8999999999999995,32.01428571428571,1.757142857142857,2.3857142857142857,2.642857142857143,0.5285714285714286,6.840000000000001,6.348571428571428,5.551428571428572,8.61142857142857,49.971428571428575,400.7142857142857,232.41428571428574,402.34285714285716,230.82857142857142,401.8285714285715,232.77142857142854,401.62857142857143,232.0,4.432857142857143,1.4723034285714287,1.2801014285714287,2.004997142857143,4.75954,10326.2,2.0214285714285714,117.3,6078.457142857143,4.93,3.0614285714285714,1.1587817142857142,0.9128097142857143,1.3344885714285717,3.4037542857142857,182.8,7867.357142857143,0.8932971428571428,0.8979874285714285,1.4934842857142858,3.282012857142857
2026-02-03 09:45:00+00:00,0.0,5.367816091954023,0.0,0.0,0.0,0.7057142857142857,0.7385714285714285,0.71,0.6657142857142857,0.0,5.814285714285714,4.257142857142857,34.27142857142857,1.7714285714285716,2.8857142857142857,2.4142857142857146,0.5571428571428572,6.6257142857142854,5.724285714285714,5.541428571428571,8.61,49.94285714285714,400.5,232.3714285714286,402.18571428571425,230.67142857142858,401.75714285714287,232.6142857142857,401.54285714285714,231.92857142857142,4.47,1.3279825714285713,1.276927142857143,2.00311,4.611452857142857,10327.128571428573,2.0114285714285716,117.3,6079.114285714285,4.93,3.108571428571428,1.0165517142857143,0.9090908571428571,1.33267,3.257354285714286,182.8,7868.057142857143,0.8382477142857143,0.8960528571428572,1.4925385714285715,3.2266371428571428
2026-02-03 10:00:00+00:00,0.0,5.3979591836734695,0.0,0.0,0.0,0.68,0.67,0.72,0.67,0.0,6.5,6.4,41.4,0.5,1.2,0.9,0.6,6.06,4.07,5.53,8.56,50.0,399.1,231.8,400.6,229.6,400.2,231.8,400.0,231.1,4.48,0.940466,1.2666799999999998,1.98265,4.1951,10328.1,1.99,117.3,6079.8,4.93,3.14,0.6324689999999998,0.908438,1.3225199999999997,2.86189,182.8,7868.7,0.696504,0.885905,1.4735600000000002,3.05586
2026-02-03 10:15:00+00:00,0.0,5.381443298969073,0.0,0.0,0.0,0.7057142857142857,0.7428571428571429,0.72,0.67,0.0,6.2,6.057142857142857,34.214285714285715,3.957142857142857,2.357142857142857,1.2857142857142858,0.5571428571428572,6.6085714285714285,5.7,5.534285714285715,8.594285714285714,50.05714285714286,400.2142857142857,232.37142857142857,401.84285714285716,230.55714285714288,401.3285714285715,232.5,401.15714285714284,231.79999999999998,4.457142857142857,1.321723,1.2744257142857143,1.9978242857142856,4.592545714285714,10329.442857142858,1.9842857142857144,117.3,6080.757142857144,4.93,3.128571428571429,1.013794,0.9108485714285715,1.336982857142857,3.2624400000000002,182.8,7869.614285714285,0.8311952857142858,0.8905074285714285,1.484727142857143,3.206845714285714
2026-02-03 10:30:00+00:00,0.0,5.526881720430108,0.0,0.0,0.0,0.68,0.67,0.7185714285714285,0.67,0.0,7.757142857142857,6.985714285714286,41.5,2.9285714285714284,2.8857142857142857,1.5142857142857142,0.6142857142857142,6.061428571428571,4.081428571428572,5.531428571428571,8.588571428571429,50.08571428571429,400.3285714285715,232.5142857142857,401.8142857142857,230.6,401.4714285714286,232.5,401.2,231.81428571428572,4.410000000000001,0.9477814285714284,1.2734299999999998,1.9959457142857142,4.217871428571429,10330.128571428571,1.9814285714285713,117.3,6081.2,4.93,3.0900000000000003,0.6340801428571429,0.9111811428571428,1.3321857142857143,2.8758685714285717,182.8,7870.114285714286,0.7022624285714285,0.8881841428571429,1.4833242857142857,3.0742599999999998
2026-02-03 10:45:00+00:00,0.0,5.511363636363637,0.0,0.0,0.0,0.7057142857142857,0.7385714285714285,0.7128571428571429,0.67,0.0,4.914285714285714,5.828571428571428,34.7,1.7857142857142858,2.0,1.9000000000000001,0.5857142857142856,6.654285714285714,5.844285714285713,5.5371428571428565,8.588571428571429,50.0,400.15714285714284,232.24285714285716,401.64285714285717,230.48571428571427,401.09999999999997,232.42857142857142,400.9428571428571,231.72857142857143,4.465714285714285,1.3529557142857143,1.2725914285714286,1.998722857142857,4.625775714285714,10331.4,1.99,117.3,6082.171428571428,4.93,3.1385714285714283,1.037816857142857,0.9089504285714286,1.334167142857143,3.278548571428572,182.8,7871.099999999999,0.8536571428571429,0.8909238571428572,1.4847457142857141,3.229542857142857
2026-02-03 11:00:00+00:00,0.0,5.387755102040816,0.0,0.0,0.0,0.68,0.67,0.715,0.665,0.0,7.85,5.05,41.5,2.45,2.55,2.5,0.6,6.055,4.07,5.525,8.57,50.0,399.5,232.05,401.0,229.89999999999998,400.65,231.89999999999998,400.4,231.35,4.52,0.9440820000000001,1.2686899999999999,1.9894500000000002,4.206465,10332.45,1.99,117.3,6082.9,4.93,3.19,0.6319135,0.9067615,1.329465,2.8688450000000003,182.8,7871.75,0.7013039999999999,0.8869955,1.47881,3.0665649999999998
2026-02-03 11:15:00+00:00,0.0,5.435294117647059,0.0,0.0,0.0,0.68,0.67,0.71,0.66,0.0,8.1,5.3,41.6,2.8,2.1,2.8,0.6,6.05,4.06,5.5200000000000005,8.56,50.0,399.1,231.7,400.7,229.6,400.4,231.7,400.2,231.1,4.48,0.942122,1.27167,1.99075,4.20986,10333.0,1.99,117.3,6083.3,4.93,3.15,0.62987,0.90913,1.32774,2.86869,182.8,7872.1,0.698118,0.88666,1.47945,3.0645
2026-02-03 11:30:00+00:00,0.0,5.3,0.0,0.0,0.0,0.68,0.67,0.71,0.66,0.0,8.1,5.3,41.6,2.8,2.1,2.8,0.6,6.05,4.06,5.52,8.56,50.0,399.1,231.7,400.7,229.6,400.4,231.7,400.2,231.1,4.48,0.942122,1.27167,1.99075,4.20986,10333.0,1.99,117.3,6083.3,4.93,3.15,0.62987,0.90913,1.32774,2.86869,182.8,7872.1,0.698118,0.88666,1.47945,3.0645
2026-02-03 11:45:00+00:00,0.0,5.3,0.0,0.0,0.0,0.68,0.67,0.71,0.66,0.0,8.1,5.3,41.6,2.8,2.1,2.8,0.6,6.05,4.06,5.52,8.56,50.0,399.1,231.7,400.7,229.6,400.4,231.7,400.2,231.1,4.48,0.942122,1.27167,1.99075,4.20986,10333.0,1.99,117.3,6083.3,4.93,3.15,0.62987,0.90913,1.32774,2.86869,182.8,7872.1,0.698118,0.88666,1.47945,3.0645
2026-02-03 12:00:00+00:00,0.0,5.443037974683544,0.0,0.0,0.0,0.67,0.65,0.69,0.65,0.0,9.0,3.6,41.6,6.3,6.7,6.099999999999999,0.6,6.22,4.23,5.63,8.8,50.0,407.5,236.6,409.1000000000001,234.69999999999996,408.8,236.69999999999996,408.5,236.0,4.59,0.999848,1.31768,2.08283,4.39611,10336.8,2.07,117.3,6086.0,4.93,3.15,0.646576,0.9226490000000002,1.3629500000000003,2.93088,182.80000000000004,7874.8,0.759093,0.942478,1.57438,3.2783
2026-02-03 12:15:00+00:00,0.0,5.372340425531915,0.0,0.0,0.0,0.67,0.65,0.7,0.66,0.0,9.3,6.3,41.6,2.5,1.5,2.5,0.5,6.2,4.21,5.61,8.78,50.0,406.6,236.2,408.2,234.3,407.9,236.2,407.6,235.5,4.44,0.993098,1.31338,2.07406,4.3797,10337.7,2.08,117.3,6086.7,4.93,2.98,0.6471410000000001,0.92158,1.36058,2.927,182.8,7875.5,0.751924,0.936651,1.56375,3.2547
2026-02-03 12:30:00+00:00,0.0,5.4021739130434785,0.0,0.0,0.0,0.67,0.65,0.7,0.66,0.0,8.914285714285715,5.285714285714286,41.67142857142857,4.042857142857143,3.9857142857142853,3.1285714285714286,0.5571428571428572,6.202857142857143,4.211428571428572,5.611428571428571,8.788571428571428,50.0,406.7714285714286,236.25714285714284,408.34285714285716,234.35714285714286,408.0,236.37142857142857,407.72857142857146,235.6142857142857,4.565714285714286,0.9933437142857143,1.31295,2.0762514285714286,4.381745714285715,10338.628571428573,2.0742857142857143,117.3,6087.385714285714,4.93,3.1114285714285717,0.6457428571428572,0.9203194285714285,1.3607614285714287,2.9244885714285713,182.8,7876.114285714286,0.7532957142857144,0.9372021428571429,1.5659028571428573,3.2574814285714284
2026-02-03 12:45:00+00:00,0.0,5.431372549019608,0.0,0.0,0.0,0.67,0.65,0.7,0.66,0.0,6.875,5.975,41.75,0.725,2.1,2.075,0.6,6.217499999999999,4.2225,5.6175,8.81,49.975,407.475,236.6,409.15,234.67499999999998,408.84999999999997,236.75,408.45,236.0,4.6725,0.99737925,1.315675,2.08374,4.3933175,10339.95,2.0725,117.3,6088.375,4.93,3.2225,0.64649675,0.920836,1.36233,2.9264650000000003,182.8,7876.95,0.7592760000000001,0.94062325,1.5721850000000002,3.2719925
2026-02-03 13:00:00+00:00,0.0,5.4526315789473685,0.0,0.0,0.0,0.7214285714285714,0.8042857142857143,0.7,0.6514285714285715,0.0,3.628571428571429,6.114285714285714,27.114285714285717,0.9714285714285714,0.42857142857142855,1.6571428571428573,0.42857142857142855,7.29,7.435714285714285,5.618571428571428,8.827142857142857,49.98571428571428,406.8,236.0,408.8285714285715,234.5142857142857,408.2714285714286,236.5142857142857,408.04285714285714,235.65714285714284,4.71,1.7573588571428573,1.319937142857143,2.0882785714285714,5.166255714285714,10341.300000000001,2.08,117.3,6089.242857142856,4.93,3.2600000000000002,1.42193,0.9188011428571429,1.3633371428571428,3.7160928571428573,182.8,7877.828571428571,1.0205434285714285,0.9444635714285715,1.5778142857142856,3.5428828571428572
2026-02-03 13:15:00+00:00,0.0,5.5,0.0,0.0,0.0,0.71,0.765,0.6999999999999998,0.65,0.0,3.733333333333333,5.833333333333333,30.683333333333334,3.233333333333333,3.3166666666666664,2.216666666666667,0.5166666666666667,7.111666666666667,6.838333333333334,5.640000000000001,8.853333333333333,50.0,408.54999999999995,237.04999999999998,410.3833333333334,235.51666666666665,409.9166666666667,237.54999999999998,409.65000000000003,236.66666666666666,4.716666666666667,1.6148266666666666,1.3244166666666668,2.10351,5.041955,10342.316666666666,2.0833333333333335,117.3,6090.016666666666,4.93,3.2550000000000003,1.2710566666666667,0.9257095,1.37443,3.5754733333333335,182.80000000000004,7878.616666666666,0.9823013333333334,0.950052,1.5907766666666667,3.5221216666666666
2026-02-03 13:30:00+00:00,0.0,5.415730337078652,0.0,0.0,0.0,0.67,0.65,0.7,0.65,0.0,2.9,8.4,41.6,2.0,2.6,2.1,0.6,6.26,4.26,5.65,8.87,50.0,409.7,238.0,411.3,235.9,411.1,238.0,410.7,237.3,4.7299999999999995,1.01033,1.3279,2.10754,4.43917,10342.8,2.09,117.3,6090.4,4.93,3.2600000000000002,0.65213,0.927973,1.3784000000000003,2.9662600000000006,182.8,7879.0,0.772969,0.9544050000000001,1.59685,3.32454
2026-02-03 13:45:00+00:00,0.0,5.4935064935064934,0.0,0.0,0.0,0.6866666666666666,0.7066666666666667,0.6966666666666667,0.65,0.0,3.633333333333333,7.866666666666667,35.96666666666667,2.1,2.6666666666666665,2.4,0.5666666666666667,6.69,5.513333333333333,5.66,8.893333333333333,50.0,410.2,238.0666666666667,411.8333333333333,236.29999999999998,411.4666666666667,238.36666666666667,411.1333333333334,237.6,4.733333333333333,1.3080399999999999,1.3326233333333335,2.1168333333333336,4.753153333333334,10343.466666666665,2.0966666666666662,117.3,6090.866666666666,4.93,3.2533333333333334,0.9569133333333334,0.927533,1.3829200000000001,3.2703633333333335,182.80000000000004,7879.433333333333,0.8772760000000001,0.959191,1.6053333333333335,3.44229
2026-02-03 14:00:00+00:00,0.0,5.505263157894737,0.0,0.0,0.0,0.72,0.82,0.6900000000000001,0.65,0.0,5.1,6.8,24.7,2.3,2.8,3.0,0.5,7.55,8.02,5.68,8.94,50.0,411.2,238.2,412.9,237.1,412.2,239.1,412.0,238.2,4.74,1.9034600000000002,1.34207,2.13542,5.38112,10344.8,2.11,117.3,6091.8,4.93,3.2399999999999998,1.56648,0.926653,1.3919599999999999,3.87857,182.8,7880.3,1.08589,0.968763,1.6223000000000003,3.6777899999999994
2026-02-03 14:15:00+00:00,0.0,5.3580246913580245,0.0,0.0,0.0,0.6833333333333332,0.7033333333333333,0.6933333333333334,0.6533333333333333,0.0,8.166666666666666,15.333333333333334,36.2,1.6333333333333335,2.533333333333333,2.9,0.5333333333333333,6.706666666666666,5.583333333333333,5.66,8.876666666666667,50.0,409.26666666666665,237.73333333333335,411.8333333333333,236.0666666666667,411.43333333333334,237.76666666666665,411.1666666666667,236.9666666666667,4.82,1.3240333333333334,1.3362633333333334,2.120886666666667,4.784723333333333,10346.566666666666,2.14,117.3,6093.033333333333,4.93,3.2900000000000005,0.9650173333333333,0.9271556666666667,1.3815366666666666,3.2670133333333333,182.80000000000004,7881.5,0.8891893333333334,0.9636693333333333,1.6091499999999999,3.4605366666666666
2026-02-03 14:30:00+00:00,0.0,5.6,0.0,0.0,0.0,0.6785714285714286,0.6757142857142858,0.7,0.66,0.0,6.299999999999999,4.8,39.25714285714286,1.6428571428571428,1.9714285714285715,2.2714285714285714,0.5714285714285714,6.359999999999999,4.744285714285715,5.591428571428572,8.752857142857142,50.0,405.85714285714283,235.74285714285716,407.5857142857143,233.77142857142854,407.3,235.8714285714286,406.92857142857144,235.12857142857143,4.734285714285714,1.1170631428571427,1.3065071428571429,2.0600742857142857,4.482581428571428,10347.414285714285,2.097142857142857,117.3,6093.642857142857,4.93,3.264285714285714,0.7754385714285714,0.9165321428571429,1.3597385714285715,3.054491428571428,182.8,7882.042857142857,0.790528,0.9280782857142856,1.5524757142857142,3.27381
2026-02-03 14:45:00+00:00,0.0,5.417721518987341,0.0,0.0,0.0,0.67,0.65,0.6999999999999998,0.66,0.0,6.466666666666666,4.0,41.6,1.5666666666666667,1.8,1.7000000000000002,0.5666666666666667,6.18,4.19,5.596666666666667,8.763333333333334,50.0,406.1333333333334,235.9333333333333,407.8333333333333,233.9,407.5333333333333,235.9666666666667,407.2,235.26666666666665,4.71,0.9879003333333333,1.3087266666666666,2.065056666666667,4.360206666666667,10347.966666666667,2.0833333333333335,117.3,6094.066666666667,4.93,3.2566666666666664,0.6424463333333333,0.9168086666666667,1.3617533333333334,2.9225499999999998,182.80000000000004,7882.433333333334,0.7470473333333333,0.9315506666666667,1.55665,3.2370699999999997
2026-02-03 15:00:00+00:00,0.0,5.5054945054945055,0.0,0.0,0.0,0.67,0.65,0.7,0.66,0.0,6.2,2.2,41.6,1.1,1.8,0.9,0.5,6.2,4.21,5.61,8.79,50.0,406.8,236.2,408.5,234.3,408.0,236.3,407.8,235.6,4.69,0.993727,1.3151,2.07865,4.38578,10348.9,2.07,117.3,6094.8,4.93,3.25,0.644459,0.918206,1.36712,2.92727,182.8,7883.1,0.75532,0.940214,1.56755,3.26113
2026-02-03 15:15:00+00:00,0.0,5.465116279069767,0.0,0.0,0.0,0.7299999999999999,0.83,0.7,0.66,0.0,1.9,4.4,24.6,0.8,1.8,2.0,0.5,7.46,7.93,5.63,8.83,50.0,407.3,236.2,409.2,234.9,408.3,236.9,408.2,236.0,4.7,1.86582,1.3187,2.0914,5.27357,10350.5,2.08,117.3,6095.9,4.93,3.25,1.54296,0.9250809999999999,1.36853,3.83112,182.8,7884.3,1.05351,0.941891,1.57872,3.57294
2026-02-03 15:30:00+00:00,0.0,5.384615384615385,0.0,0.0,0.0,0.7299999999999999,0.82,0.7,0.65,0.0,0.5,5.0,25.1,1.4,1.8,1.4,0.5,7.51,8.06,5.62,8.85,50.0,407.4,236.3,409.4,235.0,408.8,237.2,408.6,236.1,4.71,1.90051,1.32283,2.10467,5.32013,10351.6,2.08,117.3,6096.6,4.93,3.25,1.56474,0.917891,1.36446,3.8617200000000005,182.8,7885.0,1.07835,0.946398,1.59188,3.6178199999999996
2026-02-03 15:45:00+00:00,0.0,5.406593406593407,0.0,0.0,0.0,0.7299999999999999,0.82,0.7,0.65,0.0,0.5,5.0,25.1,1.4,1.8,1.4,0.5,7.51,8.06,5.62,8.85,50.0,407.4,236.3,409.4,235.0,408.8,237.2,408.6,236.1,4.71,1.90051,1.32283,2.10467,5.32013,10351.6,2.08,117.3,6096.6,4.93,3.25,1.56474,0.917891,1.36446,3.8617200000000005,182.8,7885.0,1.07835,0.946398,1.59188,3.6178199999999996
2026-02-03 16:00:00+00:00,0.0,5.5,0.0,0.0,0.0,0.73,0.82,0.7,0.65,0.0,0.5,5.0,25.1,1.4,1.8,1.4,0.5,7.51,8.06,5.62,8.85,50.0,407.4,236.3,409.4,235.0,408.8,237.2,408.6,236.1,4.71,1.90051,1.32283,2.10467,5.32013,10351.6,2.08,117.3,6096.6,4.93,3.25,1.56474,0.917891,1.36446,3.86172,182.8,7885.0,1.07835,0.946398,1.59188,3.61782
2026-02-03 16:15:00+00:00,0.0,5.5,0.0,0.0,0.0,0.73,0.82,0.7,0.65,0.0,0.5,5.0,25.1,1.4,1.8,1.4,0.5,7.51,8.06,5.62,8.85,50.0,407.4,236.3,409.4,235.0,408.8,237.2,408.6,236.1,4.71,1.90051,1.32283,2.10467,5.32013,10351.6,2.08,117.3,6096.6,4.93,3.25,1.56474,0.917891,1.36446,3.86172,182.8,7885.0,1.07835,0.946398,1.59188,3.61782
2026-02-03 16:30:00+00:00,0.0,5.314606741573034,0.0,0.0,0.0,0.6957142857142857,0.7171428571428571,0.7,0.66,0.0,4.914285714285714,3.875,34.81428571428572,2.3428571428571425,0.9857142857142858,1.1142857142857143,0.6,6.7299999999999995,5.815714285714286,5.58,8.795714285714286,50.0,405.2857142857143,235.72857142857143,407.75714285714287,234.0,407.40000000000003,235.82857142857142,407.12857142857143,234.92857142857142,4.69,1.3715874285714287,1.3060814285714284,2.0853571428571427,4.76274,10356.385714285714,2.08,117.3,6100.028571428571,4.93,3.25,1.0298062857142858,0.9181337142857142,1.3700228571428572,3.3199014285714283,182.8,7888.271428571429,0.8864168571428571,0.9282158571428571,1.5727314285714284,3.387848571428571
2026-02-03 16:45:00+00:00,0.0,5.461538461538462,0.0,0.0,0.0,0.67,0.64375,0.7,0.66,0.0,6.925,4.025,37.85,2.6375,1.3875000000000002,1.3875000000000002,0.575,6.18625,4.19625,5.5725,8.78875,50.0,405.6125,235.7875,407.5375,233.6625,407.2875,236.0,406.925,235.1375,4.69,0.9902292500000001,1.3062325,2.08205875,4.3793175,10357.1625,2.08,117.3,6100.6125,4.93,3.25,0.64021675,0.9189525,1.36859625,2.9273,182.8,7888.8125,0.754308,0.9278475,1.56993125,3.25411125
2026-02-03 17:00:00+00:00,0.0,5.527472527472527,0.0,0.0,0.0,0.67,0.65,0.7042857142857143,0.66,0.0,5.928571428571429,6.5,32.42857142857143,1.957142857142857,2.2,2.3285714285714287,0.5857142857142856,6.18,4.19,5.564285714285715,8.774285714285714,50.0,405.0571428571429,235.6,406.90000000000003,233.22857142857143,406.7285714285714,235.71428571428572,406.42857142857144,234.82857142857142,4.694285714285714,0.9862915714285714,1.303105714285714,2.0751057142857143,4.366394285714286,10358.485714285713,2.08,117.3,6101.599999999999,4.93,3.2542857142857144,0.6404730000000001,0.9167264285714286,1.3661071428571427,2.9236328571428567,182.8,7889.714285714285,0.7504658571428572,0.9236405714285715,1.5625414285714285,3.237155714285714
2026-02-03 17:15:00+00:00,0.0,5.428571428571429,0.0,0.0,0.0,0.7299999999999999,0.8285714285714285,0.7085714285714285,0.66,0.0,3.5,2.7142857142857144,24.885714285714283,0.9857142857142858,2.314285714285714,2.028571428571429,0.5,7.450000000000001,7.944285714285714,5.582857142857143,8.822857142857144,50.0,405.59999999999997,235.08571428571426,407.9857142857142,233.77142857142854,407.57142857142856,236.25714285714284,407.0857142857143,235.15714285714284,4.698571428571428,1.8654371428571428,1.305505714285714,2.0888085714285713,5.26283,10359.657142857144,2.08,117.3,6102.485714285714,4.93,3.2585714285714285,1.5438542857142856,0.9224728571428571,1.3708228571428571,3.8356257142857144,182.8,7890.5,1.0558214285714285,0.9276771428571429,1.5741542857142856,3.5552928571428573
2026-02-03 17:30:00+00:00,0.0,5.448979591836735,0.0,0.0,0.0,0.73,0.82,0.7,0.66,0.0,2.3,4.0,25.4,2.1,0.6,1.6,0.5,7.51,8.09,5.6,8.84,50.0,406.2,235.6,408.5,234.2,408.0,236.6,407.6,235.5,4.69,1.9016,1.30956,2.08976,5.30189,10360.6,2.08,117.3,6103.0,4.93,3.25,1.57034,0.922544,1.37354,3.86482,182.8,7891.1,1.07965,0.930174,1.57868,3.58963
2026-02-03 17:45:00+00:00,0.0,5.365591397849462,0.0,0.0,0.0,0.7299999999999999,0.82,0.7,0.66,0.0,2.3,4.0,25.4,2.1,0.6,1.6,0.5,7.51,8.09,5.6,8.84,50.0,406.2,235.6,408.5,234.2,408.0,236.6,407.6,235.5,4.69,1.9016,1.30956,2.08976,5.30189,10360.6,2.08,117.3,6103.0,4.93,3.25,1.57034,0.922544,1.37354,3.8648199999999995,182.8,7891.1,1.07965,0.930174,1.57868,3.58963
2026-02-03 18:00:00+00:00,0.0,5.365591397849462,0.0,0.0,0.0,0.7299999999999999,0.82,0.7,0.66,0.0,2.3,4.0,25.4,2.1,0.6,1.6,0.5,7.51,8.09,5.6,8.84,50.0,406.2,235.6,408.5,234.2,408.0,236.6,407.6,235.5,4.69,1.9016,1.30956,2.08976,5.30189,10360.6,2.08,117.3,6103.0,4.93,3.25,1.57034,0.922544,1.37354,3.8648199999999995,182.8,7891.1,1.07965,0.930174,1.57868,3.58963
2026-02-03 18:15:00+00:00,0.0,5.507936507936508,0.0,0.0,0.0,0.6900000000000001,0.712,0.7,0.65,0.0,4.24,2.34,35.38,1.12,1.46,1.5799999999999998,0.6199999999999999,6.775999999999999,5.795999999999999,5.63,8.906,50.0,408.82,237.42,410.98,235.58,410.64,238.01999999999998,410.14,237.0,4.744,1.3728280000000002,1.3237780000000001,2.119146,4.813062,10364.84,2.104,117.3,6106.16,4.93,3.2659999999999996,1.0160152,0.9239946,1.383736,3.3247839999999997,182.8,7894.12,0.9020702,0.9454632000000001,1.6037120000000002,3.4534480000000003
2026-02-03 18:30:00+00:00,0.0,5.541176470588235,0.0,0.0,0.0,0.6942857142857143,0.7428571428571429,0.7,0.65,0.0,3.8999999999999995,4.928571428571429,32.642857142857146,3.5,4.085714285714286,2.3,0.5428571428571428,7.027142857142857,6.505714285714285,5.6414285714285715,8.937142857142856,50.0,409.65714285714284,237.84285714285716,411.85714285714283,236.1,411.57142857142856,238.54285714285714,411.0285714285714,237.5,4.755714285714285,1.5432542857142857,1.3302728571428573,2.1334585714285716,5.007254285714285,10365.657142857144,2.1128571428571425,117.3,6106.771428571429,4.93,3.2657142857142856,1.1863294285714285,0.9273741428571428,1.3925328571428572,3.5014142857142856,182.8,7894.671428571428,0.9692224285714286,0.953156,1.6177071428571428,3.539061428571429
2026-02-03 18:45:00+00:00,0.0,5.415841584158416,0.0,0.0,0.0,0.6675,0.6625,0.7,0.65,0.0,6.175,7.133333333333334,40.0625,1.9625000000000001,2.1500000000000004,1.8625,0.5875,6.44625,4.7675,5.64,8.9225,50.0,409.7625,238.1375,411.8,236.025,411.58750000000003,238.4125,411.08750000000003,237.4875,4.77,1.1330837500000002,1.32961,2.1281,4.59289125,10366.6375,2.12,117.3,6107.45,4.93,3.28,0.76894775,0.930359875,1.3856950000000001,3.0765462500000003,182.8,7895.349999999999,0.824118375,0.9534121249999999,1.61164625,3.3878999999999997
2026-02-03 19:00:00+00:00,0.0,5.407407407407407,0.0,0.0,0.0,0.66,0.63625,0.69375,0.65,0.0,7.7875,5.775,42.0375,1.35,1.775,1.7875,0.6,6.28375,4.2775,5.64375,8.9275,50.0625,410.35,238.4125,412.35,236.4375,412.1875,238.7125,411.65,237.875,4.79,1.02139375,1.3317337500000002,2.13050125,4.48228,10368.05,2.13,117.3,6108.4875,4.93,3.29,0.64961475,0.9296004999999999,1.38945625,2.9739875,182.8,7896.2875,0.784510375,0.955856375,1.6167624999999999,3.35840375
2026-02-03 19:15:00+00:00,0.0,5.482352941176471,0.0,0.0,0.0,0.6857142857142857,0.7171428571428571,0.6985714285714285,0.65,0.0,5.414285714285714,2.5714285714285716,34.885714285714286,1.6714285714285713,1.4428571428571428,2.0714285714285716,0.5571428571428572,6.841428571428572,5.928571428571429,5.648571428571429,8.945714285714287,50.05714285714286,410.62857142857143,238.42857142857142,412.8,236.70000000000002,412.5571428571429,239.07142857142858,412.0571428571429,238.05714285714288,4.798571428571428,1.409542857142857,1.3342971428571428,2.138427142857143,4.879917142857144,10369.357142857143,2.13,117.3,6109.414285714286,4.93,3.29,1.0515475714285714,0.9290337142857144,1.3965185714285713,3.377042857142857,182.8,7897.171428571428,0.9223008571428571,0.9579474285714286,1.6208157142857142,3.4997000000000003
2026-02-03 19:30:00+00:00,0.0,5.450980392156863,0.0,0.0,0.0,0.69,0.72875,0.69875,0.65,0.0,4.0625,2.4875,33.65,2.1374999999999997,2.625,2.55,0.55,6.965,6.2837499999999995,5.65875,8.94375,50.0875,411.0375,238.6375,413.1875,236.825,412.7375,239.1875,412.3125,238.25,4.805,1.49662,1.33844875,2.143,4.97585625,10370.574999999999,2.135,117.3,6110.3875,4.93,3.295,1.134045375,0.932516625,1.39538875,3.4603725,182.8,7898.0,0.9597472499999999,0.9617672500000001,1.625575,3.54751125
2026-02-03 19:45:00+00:00,0.0,5.504761904761905,0.0,0.0,0.0,0.6975,0.7425,0.69,0.65,0.0,5.3875,3.8,32.0,0.5125,1.975,1.875,0.5375,7.231249999999999,7.0337499999999995,5.672499999999999,8.98125,50.0,411.6125,238.875,413.7375,237.1375,413.25,239.55,412.875,238.5875,4.835,1.6741175,1.34337,2.15020125,5.16595625,10371.7125,2.14625,117.3,6111.25,4.93,3.30625,1.28918475,0.930965125,1.39713625,3.61712375,182.8,7898.75,1.05191975,0.9685296250000001,1.63599875,3.65682375
2026-02-03 20:00:00+00:00,0.0,5.4411764705882355,0.0,0.0,0.0,0.67625,0.66125,0.69875,0.6587500000000001,0.0,5.525,5.25,39.1125,0.8375,1.3125,1.9125,0.6749999999999999,6.4399999999999995,4.87625,5.609999999999999,8.83125,50.0875,407.4875,236.7375,409.3375,234.65,409.2375,236.925,408.71250000000003,236.0875,4.85,1.15320625,1.31387125,2.0933212500000002,4.56154,10373.075,2.145,117.3,6112.2125,4.93,3.31,0.7853804999999999,0.921965625,1.37526625,3.08365375,182.8,7899.7125,0.8348504999999999,0.934793375,1.5758625,3.3461425
2026-02-03 20:15:00+00:00,0.0,5.480392156862745,0.0,0.0,0.0,0.67,0.64,0.7,0.66,0.0,3.9250000000000003,4.575,40.925,0.725,0.7250000000000001,1.475,0.7,6.262499999999999,4.3549999999999995,5.6025,8.825,50.075,407.2,236.55,408.975,234.425,409.025,236.79999999999998,408.45,235.925,4.824999999999999,1.0275325,1.31127,2.08856,4.428072500000001,10373.85,2.1275,117.3,6112.75,4.93,3.3075,0.6603675,0.92141275,1.3726725,2.9586475,182.8,7900.275,0.78675075,0.9309605,1.5717825,3.289925
2026-02-03 20:30:00+00:00,0.0,5.534883720930233,0.0,0.0,0.0,0.7214285714285714,0.7942857142857143,0.7,0.66,0.0,1.6428571428571428,1.1142857142857143,27.885714285714283,2.3428571428571425,0.9285714285714286,1.5714285714285714,0.5285714285714286,7.3585714285714285,7.627142857142857,5.61,8.848571428571429,50.08571428571429,407.37142857142857,236.40000000000003,409.41428571428565,234.8,409.0571428571429,237.18571428571428,408.7285714285714,236.12857142857143,4.775714285714286,1.8007342857142858,1.3121314285714285,2.0959100000000004,5.204912857142857,10375.414285714285,2.09,117.3,6113.928571428572,4.93,3.3085714285714287,1.4504592857142857,0.9209277142857142,1.379657142857143,3.7567857142857144,182.8,7901.357142857143,1.0597765714285714,0.9349082857142857,1.5797271428571429,3.5751114285714287
2026-02-03 20:45:00+00:00,0.0,5.532110091743119,0.0,0.0,0.0,0.7,0.73,0.7,0.66,0.0,4.25,3.4875,33.3,2.9875,2.175,2.3625000000000003,0.55,6.915,6.2749999999999995,5.6125,8.855,50.05,407.85,236.75,409.84999999999997,234.9375,409.5625,237.3875,409.125,236.3875,4.785,1.48268875,1.31625,2.10095875,4.89720875,10376.35,2.0949999999999998,117.3,6114.5375,4.93,3.31,1.1228657499999999,0.923231125,1.3782512500000001,3.42714875,182.8,7901.9875,0.9504828750000001,0.938008375,1.5833075,3.4705125000000003
2026-02-03 21:00:00+00:00,0.0,5.4392523364485985,0.0,0.0,0.0,0.67,0.64,0.7,0.66,0.0,6.25,5.025,40.925,1.7999999999999998,1.775,1.6,0.6499999999999999,6.262499999999999,4.35,5.6025,8.8325,50.0,407.15,236.7125,409.0,234.5125,408.9,236.9,408.325,236.0,4.782500000000001,1.0301925,1.3127325,2.0899125,4.429405,10378.0,2.1,117.3,6115.7,4.93,3.3024999999999998,0.659828,0.92143325,1.3740999999999999,2.9563075000000003,182.8,7903.175,0.788097,0.93320825,1.57304,3.29337
2026-02-03 21:15:00+00:00,0.0,5.273809523809524,0.0,0.0,0.0,0.6966666666666667,0.73,0.6999999999999998,0.66,0.0,4.933333333333334,5.416666666666667,33.06666666666667,2.316666666666667,2.183333333333333,1.8666666666666665,0.5499999999999999,6.8999999999999995,6.211666666666666,5.613333333333333,8.868333333333334,50.083333333333336,408.25,237.0,410.15000000000003,235.25,410.01666666666665,237.66666666666666,409.4666666666667,236.58333333333334,4.78,1.469225,1.318995,2.1057683333333332,4.8963399999999995,10379.166666666666,2.1,117.3,6116.483333333334,4.93,3.3083333333333336,1.1105105,0.9242421666666667,1.3824366666666668,3.4185016666666663,182.80000000000004,7903.983333333334,0.9435534999999998,0.9408886666666666,1.5897233333333334,3.4749199999999996
2026-02-03 21:30:00+00:00,0.0,5.530612244897959,0.0,0.0,0.0,0.66,0.64,0.7,0.65625,0.0,7.5125,5.0625,40.9,2.5875,1.575,2.2125,0.6,6.30375,4.3975,5.62375,8.883750000000001,50.0625,409.15,237.7125,410.85,235.575,410.95,238.0375,410.35,237.075,4.79125,1.04337125,1.3212875,2.11118125,4.4753225,10380.0125,2.10375,117.3,6117.1,4.93,3.3137499999999998,0.664939625,0.92316825,1.3850962500000001,2.9722975000000003,182.8,7904.5,0.802995,0.945313,1.59521,3.343025
2026-02-03 21:45:00+00:00,0.0,5.484536082474227,0.0,0.0,0.0,0.72,0.82,0.7,0.65,0.0,4.3,1.6,25.8,1.1,2.1,2.0,0.5,7.62,8.34,5.64,8.89,50.0,408.8,237.2,410.7,235.7,410.4,237.7,409.9,236.8,4.81,1.9702,1.32673,2.11422,5.40271,10381.2,2.11,117.3,6117.9,4.93,3.32,1.61146,0.92462,1.37649,3.91404,182.8,7905.4,1.13318,0.952896,1.59956,3.68351
2026-02-03 22:00:00+00:00,0.0,5.326315789473684,0.0,0.0,0.0,0.6771428571428572,0.6914285714285714,0.7,0.65,0.0,6.385714285714286,3.7125000000000004,36.51428571428571,1.457142857142857,2.8285714285714287,2.942857142857143,0.5714285714285714,6.682857142857143,5.528571428571429,5.642857142857143,8.885714285714286,50.0,409.3,237.64285714285714,411.14285714285717,235.82857142857142,410.7857142857143,237.94285714285712,410.4142857142857,237.1142857142857,4.81,1.3104514285714284,1.3279214285714285,2.1143314285714285,4.748664285714285,10382.442857142858,2.11,117.3,6118.842857142858,4.93,3.32,0.934869,0.9233171428571428,1.3760685714285714,3.237504285714286,182.8,7906.228571428571,0.8981315714285715,0.9532941428571429,1.6008357142857144,3.452404285714286
2026-02-03 22:15:00+00:00,0.0,5.396396396396397,0.0,0.0,0.0,0.66,0.64,0.6955555555555555,0.65,0.0,7.711111111111112,4.58,40.63333333333333,2.0777777777777775,1.5,1.8555555555555554,0.5888888888888889,6.397777777777778,4.721111111111111,5.661111111111111,8.89,50.0,410.15555555555557,238.22222222222223,411.8333333333333,236.22222222222223,411.35555555555555,238.23333333333332,411.1222222222222,237.56666666666666,4.823333333333334,1.0500266666666667,1.3347555555555555,2.117211111111111,4.504356666666666,10384.099999999999,2.111111111111111,117.30000000000001,6120.022222222222,4.93,3.322222222222222,0.6704361111111111,0.9287044444444444,1.3804633333333334,2.97673,182.8,7907.333333333333,0.8076471111111112,0.9591487777777777,1.605567777777778,3.3734355555555555
2026-02-03 22:30:00+00:00,0.0,5.471264367816092,0.0,0.0,0.0,0.66,0.64,0.6928571428571428,0.65,0.0,7.685714285714285,4.3,40.62857142857143,2.042857142857143,1.885714285714286,2.3000000000000003,0.5714285714285714,6.531428571428571,5.21,5.677142857142856,8.918571428571429,50.0,410.7285714285714,238.42857142857142,412.4142857142857,236.64285714285714,412.3142857142857,238.71428571428572,411.8285714285715,237.92857142857142,4.86,1.0549914285714286,1.3409857142857144,2.12547,4.5224400000000005,10385.257142857143,2.12,117.3,6120.814285714286,4.93,3.34,0.6715847142857143,0.9306169999999999,1.3845957142857142,2.9812242857142857,182.8,7908.114285714285,0.8126327142857143,0.9649694285714286,1.6127699999999998,3.3894200000000003
2026-02-03 22:45:00+00:00,0.0,5.517857142857143,0.0,0.0,0.0,0.66,0.64,0.69,0.65,0.0,7.800000000000001,4.5,40.6,2.1,1.6,2.5,0.6,6.34,4.43,5.68,8.91,50.0,410.7,238.60000000000002,412.3,236.5,412.4,238.60000000000002,411.8,237.89999999999998,4.86,1.0555,1.34128,2.12477,4.52268,10385.4,2.12,117.30000000000001,6120.9,4.93,3.34,0.671351,0.930635,1.38617,2.97825,182.8,7908.200000000001,0.812501,0.964676,1.61201,3.38912
2026-02-03 23:00:00+00:00,0.0,5.511111111111111,0.0,0.0,0.0,0.6857142857142857,0.7085714285714285,0.6900000000000001,0.65,0.0,6.814285714285714,5.228571428571429,34.51428571428571,1.5,2.542857142857143,2.5,0.4714285714285714,6.97,6.2385714285714275,5.701428571428571,8.961428571428572,50.042857142857144,412.3285714285715,239.20000000000002,413.92857142857144,237.57142857142858,413.5571428571429,239.62857142857143,413.2142857142857,238.75714285714284,4.881428571428572,1.4873200000000002,1.3507514285714286,2.1481871428571426,4.9871485714285715,10387.842857142856,2.1414285714285715,117.3,6122.7,4.93,3.3314285714285714,1.1023477142857143,0.9336178571428572,1.391527142857143,3.4264114285714284,182.8,7909.914285714286,0.9811965714285715,0.977252,1.6360057142857143,3.5941700000000005
2026-02-03 23:15:00+00:00,0.0,5.382022471910112,0.0,0.0,0.0,0.66,0.63,0.6900000000000001,0.65,0.0,8.7,4.4,40.5,2.1,2.6,2.1,0.5,6.38,4.47,5.7,8.96,50.0,412.5,239.4,414.0,237.5,413.7,239.6,413.3,238.8,4.88,1.06663,1.35146,2.14782,4.56294,10388.5,2.15,117.3,6123.2,4.93,3.32,0.6752709999999998,0.9323749999999998,1.3869899999999997,2.99764,182.8,7910.4,0.825895,0.979495,1.63642,3.44213
2026-02-03 23:30:00+00:00,0.0,5.294117647058823,0.0,0.0,0.0,0.7075,0.75625,0.7,0.66,0.0,4.3375,5.65,30.7125,2.2,1.475,1.85,0.475,7.0075,6.63875,5.61625,8.77125,50.0,406.275,235.7375,407.9625,234.1375,407.3625,236.0375,407.2,235.25,4.89,1.56080875,1.31367375,2.0718912499999997,4.9448525,10390.4125,2.15,117.3,6124.65,4.93,3.32,1.2208425,0.924462125,1.36673125,3.5121075,182.8,7911.65,0.958830375,0.93524125,1.55762625,3.4496625
2026-02-03 23:45:00+00:00,0.0,5.4326923076923075,0.0,0.0,0.0,0.7075,0.75625,0.7,0.66,0.0,4.975,4.9,30.75,2.8,1.2875,1.5125,0.4375,7.0225,6.65375,5.62375,8.79375,50.0,406.95,236.1125,408.6375,234.55,408.15,236.45,407.9125,235.625,4.83375,1.5662875,1.3178475,2.08229375,4.96455125,10391.1625,2.12375,117.3,6125.2125,4.93,3.3049999999999997,1.221432,0.923691875,1.369735,3.51268125,182.8,7912.175,0.965102625,0.939242125,1.5668324999999999,3.4698562500000003
2026-02-04 00:00:00+00:00,0.0,5.449438202247191,0.0,0.0,0.0,0.6957142857142857,0.7171428571428571,0.7,0.65,0.0,6.657142857142857,6.685714285714285,34.471428571428575,2.442857142857143,2.0714285714285716,1.5857142857142856,0.4571428571428572,6.861428571428571,6.135714285714286,5.624285714285714,8.81857142857143,50.0,407.9142857142857,236.64285714285714,409.5571428571429,234.9857142857143,409.0285714285714,236.94285714285712,408.75714285714287,236.15714285714284,4.7457142857142856,1.4484057142857143,1.3224442857142857,2.0896814285714287,4.862065714285714,10392.885714285714,2.085714285714286,117.3,6126.428571428572,4.93,3.28,1.0844125714285713,0.9242239999999999,1.3718571428571429,3.3822385714285716,182.8,7913.385714285715,0.9432188571428571,0.9468022857142857,1.5789557142857142,3.4681657142857145
2026-02-04 00:15:00+00:00,0.0,5.383838383838384,0.0,0.0,0.0,0.67,0.64,0.7,0.65,0.0,9.1,6.0,40.6,2.7,2.2,1.8,0.5,6.27,4.37,5.62,8.81,50.0,408.0,236.9,409.6,234.9,409.2,236.9,408.8,236.2,4.75,1.03318,1.31887,2.0875,4.44198,10393.1,2.09,117.3,6126.6,4.93,3.28,0.666237,0.922544,1.3731,2.96328,182.8,7913.6,0.789213,0.946021,1.57734,3.31205
2026-02-04 00:30:00+00:00,0.0,5.421052631578948,0.0,0.0,0.0,0.67,0.64,0.6999999999999998,0.65,0.0,9.1,6.0,40.6,2.7000000000000006,2.2,1.8,0.5,6.27,4.37,5.62,8.81,50.0,408.0,236.9,409.6000000000001,234.9,409.2,236.9,408.8,236.19999999999996,4.75,1.03318,1.31887,2.0875,4.44198,10393.1,2.09,117.3,6126.600000000001,4.93,3.28,0.666237,0.9225439999999999,1.3731,2.9632799999999997,182.80000000000004,7913.600000000001,0.789213,0.946021,1.5773400000000002,3.3120500000000006
2026-02-04 00:45:00+00:00,0.0,5.421052631578948,0.0,0.0,0.0,0.67,0.64,0.6999999999999998,0.65,0.0,9.1,6.0,40.6,2.7000000000000006,2.2,1.8,0.5,6.27,4.37,5.62,8.81,50.0,408.0,236.9,409.6000000000001,234.9,409.2,236.9,408.8,236.19999999999996,4.75,1.03318,1.31887,2.0875,4.44198,10393.1,2.09,117.3,6126.600000000001,4.93,3.28,0.666237,0.9225439999999999,1.3731,2.9632799999999997,182.80000000000004,7913.600000000001,0.789213,0.946021,1.5773400000000002,3.3120500000000006
2026-02-04 01:00:00+00:00,0.0,5.4125,0.0,0.0,0.0,0.66,0.65,0.6999999999999998,0.65,0.0,5.2,2.2,40.4,1.7,2.5,1.8999999999999997,0.5,6.29,4.39,5.66,8.84,50.0,409.2,237.5,410.6000000000001,235.6,410.1000000000001,237.5,409.8999999999999,236.9,4.77,1.03946,1.32977,2.09259,4.46277,10397.7,2.09,117.3,6129.899999999999,4.93,3.2900000000000005,0.6692969999999999,0.925207,1.36987,2.97045,182.80000000000004,7916.7,0.794202,0.952791,1.5843800000000001,3.32995
2026-02-04 01:15:00+00:00,0.0,5.505747126436781,0.0,0.0,0.0,0.66,0.6457142857142858,0.7,0.6542857142857142,0.0,7.3999999999999995,4.0,40.44285714285714,1.0999999999999999,1.942857142857143,1.4000000000000001,0.5,6.285714285714286,4.38,5.644285714285714,8.82,50.0,408.74285714285713,237.4,410.2857142857143,235.4,409.7,237.2,409.65714285714284,236.64285714285714,4.78,1.0401142857142858,1.329862857142857,2.0974457142857146,4.4683842857142855,10399.028571428571,2.1,117.3,6130.871428571429,4.93,3.29,0.6708331428571429,0.92453,1.3720914285714285,2.965741428571428,182.8,7917.571428571428,0.7938875714285715,0.9519252857142856,1.5827557142857143,3.3288342857142856
2026-02-04 01:30:00+00:00,0.0,5.327102803738318,0.0,0.0,0.0,0.6775,0.6925,0.7,0.65,0.0,7.75,3.65,36.65,3.05,3.5,2.3000000000000003,0.475,6.6125,5.345,5.64,8.8275,50.0,408.575,237.175,410.125,235.425,409.55,237.225,409.525,236.55,4.7775,1.26786,1.3294925,2.10013,4.6982975,10399.575,2.0975,117.3,6131.275,4.93,3.2875,0.9026365,0.92313175,1.3742375,3.2013875,182.8,7917.975,0.87442825,0.95241325,1.58489,3.4124775
2026-02-04 01:45:00+00:00,0.0,5.52808988764045,0.0,0.0,0.0,0.7299999999999999,0.82,0.7,0.65,0.0,9.471428571428572,4.885714285714286,25.571428571428573,4.828571428571428,4.314285714285715,4.842857142857143,0.4,7.601428571428571,8.312857142857142,5.64,8.845714285714285,50.0,407.90000000000003,236.28571428571428,409.59999999999997,235.28571428571428,408.84285714285716,237.12857142857143,408.74285714285713,236.22857142857143,4.765714285714286,1.9585542857142857,1.3253728571428574,2.093032857142857,5.37431,10401.128571428573,2.09,117.3,6132.400000000001,4.93,3.28,1.6077700000000001,0.9229968571428572,1.3696142857142857,3.9053642857142856,182.8,7919.099999999999,1.1214614285714286,0.9503204285714286,1.5854642857142858,3.6559328571428575
2026-02-04 02:00:00+00:00,0.0,5.592233009708738,0.0,0.0,0.0,0.6775,0.67125,0.7,0.65375,0.0,7.487500000000001,5.4125,38.6625,1.9,2.2625,1.75,0.525,6.425,4.8575,5.6225000000000005,8.79375,49.925,406.9375,236.1625,408.4625,234.3375,407.9375,236.3125,407.8,235.5875,4.755,1.14408375,1.31516,2.076475,4.53452125,10402.537499999999,2.085,117.3,6133.3625,4.93,3.275,0.7832089999999999,0.9195106249999999,1.36260625,3.06744125,182.8,7920.05,0.82551525,0.9398737500000001,1.56699875,3.33240875
2026-02-04 02:15:00+00:00,0.0,5.297872340425532,0.0,0.0,0.0,0.6785714285714286,0.6742857142857143,0.7,0.6557142857142857,0.0,6.8999999999999995,4.75,38.32857142857143,1.9428571428571428,2.314285714285714,2.4857142857142853,0.4857142857142857,6.412857142857143,4.868571428571428,5.6085714285714285,8.772857142857143,49.98571428571428,406.3714285714286,235.85714285714286,407.87142857142857,234.05714285714285,407.3857142857143,236.02857142857144,407.2285714285714,235.28571428571428,4.738571428571428,1.1445371428571427,1.310687142857143,2.0691185714285716,4.5280828571428575,10403.657142857142,2.0742857142857143,117.3,6134.214285714285,4.93,3.27,0.7866864285714286,0.915894,1.3574885714285716,3.0628114285714285,182.8,7920.871428571429,0.8206728571428571,0.9346957142857143,1.5607400000000002,3.3136900000000002
2026-02-04 02:30:00+00:00,0.0,5.482352941176471,0.0,0.0,0.0,0.6871428571428572,0.6985714285714285,0.7,0.66,0.0,4.700000000000001,6.071428571428571,36.05714285714286,3.4857142857142853,2.3285714285714283,2.3857142857142857,0.4714285714285714,6.557142857142857,5.351428571428571,5.585714285714286,8.731428571428571,49.971428571428575,404.7857142857143,234.8,406.37142857142857,233.17142857142858,405.7428571428572,235.24285714285716,405.5428571428571,234.3857142857143,4.715714285714285,1.2538157142857143,1.3016928571428572,2.051708571428571,4.606084285714286,10404.72857142857,2.0628571428571427,117.3,6134.885714285714,4.93,3.262857142857143,0.9105292857142857,0.917454,1.3511657142857143,3.17934,182.8,7921.585714285714,0.8480114285714286,0.9240001428571428,1.542617142857143,3.3131614285714286
2026-02-04 02:45:00+00:00,0.0,5.646341463414634,0.0,0.0,0.0,0.67,0.65,0.7066666666666667,0.66,0.0,5.25,5.3999999999999995,40.6,2.8499999999999996,1.95,1.7,0.5499999999999999,6.1866666666666665,4.293333333333333,5.566666666666666,8.700000000000001,50.0,404.0333333333333,234.66666666666666,405.59999999999997,232.66666666666666,405.0,234.63333333333333,404.8,233.9666666666667,4.694999999999999,1.00641,1.29817,2.0442066666666667,4.349303333333333,10405.449999999999,2.055,117.3,6135.45,4.93,3.2550000000000003,0.6590056666666667,0.9135873333333334,1.3494866666666667,2.918613333333333,182.80000000000004,7922.049999999999,0.7609859999999999,0.9182823333333333,1.5336533333333333,3.2124966666666666
2026-02-04 03:00:00+00:00,0.0,5.557894736842106,0.0,0.0,0.0,0.67,0.65,0.71,0.66,0.0,5.6,3.7,40.6,1.1,1.6,0.9,0.6,6.18,4.29,5.56,8.69,50.0,403.7,234.6,405.3,232.5,404.7,234.4,404.5,233.8,4.68,1.00549,1.2968,2.04258,4.34598,10406.0,2.05,117.3,6135.9,4.93,3.25,0.659404,0.911687,1.34937,2.91524,182.8,7922.4,0.759931,0.9161720000000001,1.53168,3.2082900000000003
2026-02-04 03:15:00+00:00,0.0,5.5,0.0,0.0,0.0,0.6775,0.66,0.71,0.6675,0.0,6.525,6.025,40.45,2.2,1.525,1.5999999999999999,0.6,6.1525,4.255,5.5625,8.6475,50.075,402.225,233.575,404.275,231.475,403.72499999999997,233.4,403.75,232.85,4.6525,0.9949385,1.2891425,2.023505,4.3080175,10407.575,2.0349999999999997,117.3,6136.975,4.93,3.2425,0.65774775,0.9163975,1.3495925,2.9154875000000002,182.8,7923.599999999999,0.747627,0.907458,1.5119275,3.1677874999999998
2026-02-04 03:30:00+00:00,0.0,5.420454545454546,0.0,0.0,0.0,0.7314285714285714,0.807142857142857,0.71,0.67,0.0,4.014285714285714,6.875,26.599999999999998,1.7857142857142858,3.6142857142857143,2.3857142857142857,0.5142857142857143,7.158571428571428,7.307142857142858,5.55,8.637142857142857,50.1,401.0285714285714,232.6142857142857,402.57142857142856,231.1142857142857,402.14285714285717,233.2,401.95714285714286,232.25714285714284,4.63,1.6965834285714287,1.28383,2.0117714285714285,4.991072857142858,10408.92857142857,2.03,117.3,6137.942857142857,4.93,3.2399999999999998,1.3850012857142855,0.9128458571428572,1.3485971428571428,3.647744285714286,182.8,7924.542857142857,0.9725121428571428,0.8976345714285714,1.4976785714285714,3.36672
2026-02-04 03:45:00+00:00,0.0,5.363636363636363,0.0,0.0,0.0,0.68,0.67,0.7157142857142856,0.67,0.0,5.128571428571429,5.528571428571429,40.3,2.7142857142857144,2.4285714285714284,1.5571428571428572,0.6,6.104285714285714,4.204285714285715,5.534285714285715,8.564285714285715,50.1,399.8285714285715,232.12857142857143,401.12857142857143,230.14285714285714,400.88571428571424,232.12857142857143,400.62857142857143,231.4857142857143,4.67,0.9764527142857142,1.2720371428571429,1.9893014285714286,4.23689,10410.128571428571,2.01,117.3,6138.871428571429,4.93,3.3,0.6524894285714286,0.9106655714285715,1.332812857142857,2.8944557142857144,182.8,7925.371428571429,0.7260528571428572,0.8877554285714285,1.475512857142857,3.0856614285714286
2026-02-04 04:00:00+00:00,0.0,5.666666666666667,0.0,0.0,0.0,0.68,0.665,0.715,0.665,0.0,7.6000000000000005,3.7000000000000006,40.35,2.45,2.0,2.0500000000000003,0.6,6.14,4.24,5.56,8.615,50.050000000000004,401.65000000000003,233.15,402.95,231.20000000000002,402.65000000000003,233.04999999999998,402.45,232.5,4.455,0.9887485000000001,1.28383,2.01093,4.28265,10410.85,2.0,117.3,6139.349999999999,4.93,3.0999999999999996,0.6558195,0.9139505,1.3422,2.912315,182.80000000000004,7925.849999999999,0.7387085,0.9012064999999999,1.498075,3.1367
2026-02-04 04:15:00+00:00,0.0,5.527472527472527,0.0,0.0,0.0,0.68,0.66,0.71,0.66,0.0,8.3,2.4,40.4,1.3,3.1,2.7,0.6,6.17,4.27,5.57,8.68,50.0,403.1,234.1,404.4,232.0,404.1,233.9,403.9,233.4,4.61,0.999973,1.29206,2.03495,4.32956,10411.9,2.04,117.3,6140.0,4.93,3.19,0.656448,0.9139930000000002,1.35304,2.92153,182.8,7926.5,0.750897,0.9092969999999999,1.51554,3.17566
2026-02-04 04:30:00+00:00,0.0,5.423913043478261,0.0,0.0,0.0,0.6871428571428572,0.6828571428571429,0.7085714285714285,0.6642857142857144,0.0,6.628571428571428,4.385714285714285,38.285714285714285,1.5714285714285714,2.3714285714285714,2.1285714285714286,0.5714285714285714,6.332857142857143,4.802857142857143,5.555714285714286,8.638571428571428,49.98571428571428,401.5,232.74285714285716,403.11428571428576,230.81428571428572,402.75714285714287,232.81428571428572,402.5571428571429,232.41428571428574,4.571428571428571,1.1210867142857144,1.2856328571428572,2.01816,4.426679999999999,10412.771428571428,2.0285714285714285,117.3,6140.685714285714,4.93,3.172857142857143,0.7862782857142857,0.9131545714285715,1.3475342857142858,3.0433171428571426,182.8,7927.171428571428,0.78957,0.9037757142857143,1.5050128571428572,3.1978642857142856
2026-02-04 04:45:00+00:00,0.0,5.554347826086956,0.0,0.0,0.0,0.7128571428571429,0.7742857142857142,0.7028571428571428,0.66,0.0,3.685714285714286,3.314285714285714,29.585714285714285,1.0714285714285714,3.057142857142857,3.0285714285714285,0.4571428571428572,7.145714285714285,7.092857142857143,5.5928571428571425,8.735714285714286,49.92857142857143,404.85714285714283,234.70000000000002,406.2,233.24285714285716,405.7428571428572,235.21428571428572,405.57142857142856,234.32857142857145,4.43,1.6593142857142857,1.3067214285714286,2.0505085714285713,5.0161114285714286,10414.085714285713,2.02,117.3,6141.7,4.93,3.04,1.3226168571428574,0.9166668571428571,1.3571757142857144,3.5961714285714286,182.8,7928.099999999999,0.995868,0.928267,1.5426885714285714,3.4645471428571426
2026-02-04 05:00:00+00:00,0.0,5.540229885057471,0.0,0.0,0.0,0.6985714285714286,0.7285714285714285,0.71,0.6628571428571429,0.0,4.242857142857143,5.8428571428571425,34.05714285714286,2.542857142857143,2.6,2.542857142857143,0.5285714285714286,6.767142857142857,5.991428571428571,5.5928571428571425,8.707142857142857,50.0,404.3,234.54285714285714,405.75714285714287,232.87142857142857,405.2857142857143,234.79999999999998,405.0857142857143,234.04285714285714,4.472857142857143,1.4012200000000001,1.2973871428571428,2.0404057142857144,4.738064285714286,10415.257142857143,2.0342857142857143,117.3,6142.5,4.93,3.0614285714285714,1.0605074285714287,0.9189125714285714,1.3507714285714285,3.326368571428571,182.8,7928.928571428572,0.9025402857142858,0.919149,1.5286671428571428,3.3439799999999997
2026-02-04 05:15:00+00:00,0.0,5.366666666666666,0.0,0.0,0.0,0.68,0.66,0.71,0.6614285714285714,0.0,7.914285714285714,3.185714285714286,40.41428571428571,1.6857142857142857,2.314285714285714,3.257142857142857,0.5857142857142856,6.154285714285714,4.2542857142857144,5.572857142857144,8.645714285714286,50.0,402.65714285714284,233.84285714285716,404.07142857142856,231.78571428571428,403.6857142857143,233.8714285714286,403.30000000000007,233.08571428571426,4.601428571428571,0.9948227142857142,1.28871,2.0227,4.310107142857143,10416.142857142857,2.04,117.3,6143.142857142857,4.93,3.19,0.6562418571428571,0.9148697142857143,1.3388057142857144,2.915821428571429,182.8,7929.471428571429,0.7462674285714286,0.9056804285714285,1.5117399999999999,3.1655985714285713
2026-02-04 05:30:00+00:00,0.0,5.34375,0.0,0.0,0.0,0.68,0.66,0.71,0.6685714285714287,0.0,4.757142857142857,6.628571428571428,40.357142857142854,2.814285714285714,2.414285714285714,2.257142857142857,0.6,6.15,4.2542857142857144,5.565714285714286,8.627142857142857,50.0,402.24285714285713,233.62857142857143,403.5571428571429,231.4857142857143,403.07142857142856,233.41428571428574,402.9714285714286,232.8714285714286,4.594285714285713,0.9909064285714285,1.2861285714285715,2.0142957142857143,4.295094285714286,10417.314285714285,2.031428571428571,117.3,6143.971428571429,4.93,3.2014285714285715,0.6562232857142857,0.9136839999999999,1.3400114285714284,2.9111985714285713,182.8,7930.314285714287,0.7431144285714285,0.9041261428571429,1.5029799999999998,3.1518957142857142
2026-02-04 05:45:00+00:00,0.0,5.573033707865169,0.0,0.0,0.0,0.68,0.66,0.71,0.67,0.0,6.614285714285715,4.585714285714286,40.44285714285714,2.4428571428571426,2.5285714285714285,2.0,0.6,6.1414285714285715,4.2457142857142856,5.554285714285713,8.617142857142857,50.0,401.64285714285717,233.29999999999998,402.95714285714286,231.1142857142857,402.61428571428576,233.17142857142858,402.4428571428571,232.51428571428573,4.492857142857143,0.9894451428571429,1.2818157142857143,2.010982857142857,4.2812971428571425,10418.328571428572,2.0185714285714282,117.3,6144.742857142856,4.93,3.108571428571429,0.653732,0.9108752857142858,1.341392857142857,2.907867142857143,182.8,7931.0,0.7418627142857144,0.9005088571428571,1.4989414285714286,3.1408057142857144
2026-02-04 06:00:00+00:00,0.0,5.384615384615385,0.0,0.0,0.0,0.7057142857142857,0.7342857142857142,0.71,0.67,0.0,6.428571428571429,3.414285714285714,34.01428571428571,2.542857142857143,3.0285714285714285,2.2714285714285714,0.5571428571428572,6.698571428571428,5.948571428571428,5.548571428571428,8.6,50.0,400.4857142857143,232.3857142857143,402.0285714285714,230.65714285714284,401.54285714285714,232.68571428571428,401.34285714285716,231.91428571428574,4.425714285714285,1.3800825714285714,1.2791185714285713,2.0007714285714284,4.659391428571429,10419.514285714287,2.01,117.3,6145.528571428572,4.93,3.057142857142857,1.051501,0.9123512857142858,1.3406371428571429,3.304148571428571,182.8,7931.828571428572,0.8783428571428572,0.8954542857142858,1.4908628571428573,3.263252857142857
2026-02-04 06:15:00+00:00,0.0,5.294117647058823,0.0,0.0,0.0,0.68,0.67,0.71,0.67,0.0,4.5,0.5,40.4,1.0,2.6,1.5,0.6,6.12,4.23,5.54,8.6,50.0,400.7,232.6,402.2,230.7,401.8,232.6,401.6,232.0,4.43,0.983666,1.27611,1.99907,4.25614,10420.2,2.01,117.3,6146.0,4.93,3.07,0.655693,0.913259,1.34107,2.90379,182.8,7932.3,0.733856,0.894709,1.48911,3.11531
2026-02-04 06:30:00+00:00,0.0,5.319148936170213,0.0,0.0,0.0,0.7299999999999999,0.82,0.71,0.66,0.0,1.8,4.7,26.1,2.3,2.9,2.0,0.5,7.56,8.38,5.58,8.71,50.0,404.0,234.3,405.7,233.0,405.1,234.8,404.9,234.0,4.64,1.9546499999999998,1.29772,2.04212,5.29428,10441.1,2.05,117.3,6161.1,4.93,3.22,1.61349,0.917535,1.34874,3.87065,182.8,7946.7,1.10899,0.919086,1.53072,3.5594
2026-02-04 06:45:00+00:00,0.0,5.5,0.0,0.0,0.0,0.73,0.82,0.7,0.66,0.0,2.4,4.0,25.8,1.6,2.2,2.1,0.5,7.51,8.27,5.56,8.69,50.0,403.0,233.8,404.8,232.4,404.1,234.2,404.1,233.4,4.63,1.93235,1.29743,2.0417,5.26917,10444.0,2.04,117.3,6163.2,4.93,3.21,1.59444,0.911498,1.34637,3.85625,182.8,7948.6,1.09314,0.91611,1.52927,3.53976
2026-02-04 07:00:00+00:00,0.0,5.3625,0.0,0.0,0.0,0.71,0.7633333333333333,0.6999999999999998,0.66,0.0,4.533333333333334,4.5,30.7,1.4666666666666668,2.1666666666666665,1.9000000000000001,0.5333333333333333,7.07,6.946666666666666,5.563333333333333,8.693333333333333,49.96666666666667,403.3666666666666,234.16666666666666,405.09999999999997,232.5,404.5333333333333,234.33333333333334,404.4333333333334,233.63333333333333,4.593333333333333,1.62496,1.29729,2.04165,4.962689999999999,10444.333333333334,2.04,117.3,6163.433333333333,4.93,3.1733333333333333,1.2815803333333333,0.9114283333333333,1.3472800000000003,3.5436833333333335,182.80000000000004,7948.833333333333,0.9841386666666666,0.9177306666666666,1.5316733333333332,3.4347066666666666
2026-02-04 07:15:00+00:00,0.0,5.397058823529412,0.0,0.0,0.0,0.718,0.7859999999999999,0.7,0.66,0.0,5.680000000000001,4.38,28.74,1.52,0.9800000000000001,2.54,0.44000000000000006,7.2620000000000005,7.475999999999999,5.586,8.724,49.9,404.1,234.42000000000002,405.78000000000003,233.01999999999998,405.23999999999995,234.84,405.1,234.1,4.4479999999999995,1.7478839999999998,1.299258,2.04655,5.0875140000000005,10445.32,2.04,117.3,6164.219999999999,4.93,3.0279999999999996,1.4056042,0.9136866000000001,1.351292,3.673502,182.8,7949.62,1.0323391999999998,0.9230183999999999,1.540344,3.4944560000000005
2026-02-04 07:30:00+00:00,0.0,5.336956521739131,0.0,0.0,0.0,0.6785714285714286,0.6742857142857143,0.7014285714285714,0.66,0.0,6.6571428571428575,3.6875,38.41428571428571,0.9714285714285715,1.9000000000000001,1.7428571428571427,0.5857142857142856,6.382857142857143,4.868571428571428,5.57,8.70142857142857,49.91428571428571,403.85714285714283,234.58571428571426,405.41428571428565,232.52857142857144,405.15714285714284,234.52857142857144,404.7857142857143,233.8857142857143,4.458571428571428,1.14189,1.293807142857143,2.0414028571428573,4.472457142857143,10446.128571428571,2.04,117.3,6164.8,4.93,3.0385714285714287,0.7905882857142857,0.9098930000000001,1.3437414285714284,3.055468571428572,182.8,7950.099999999999,0.8131651428571428,0.9187120000000001,1.53416,3.2668514285714285
2026-02-04 07:45:00+00:00,0.0,5.287234042553192,0.0,0.0,0.0,0.6871428571428572,0.6985714285714285,0.71,0.66,0.0,6.942857142857143,5.214285714285714,36.471428571428575,2.057142857142857,1.942857142857143,2.8714285714285714,0.5714285714285714,6.5685714285714285,5.4399999999999995,5.57,8.695714285714285,50.0,403.9571428571429,234.47142857142856,405.57142857142856,232.7,405.1857142857143,234.77142857142857,404.9857142857143,234.0142857142857,4.579999999999999,1.2733942857142857,1.2954228571428572,2.039978571428571,4.606058571428571,10447.257142857143,2.04,117.3,6165.614285714285,4.93,3.167142857142857,0.9261835714285714,0.9135432857142857,1.3520328571428573,3.192752857142857,182.8,7950.9857142857145,0.8585507142857143,0.9154777142857142,1.5322042857142857,3.306514285714286
2026-02-04 08:00:00+00:00,0.0,5.439024390243903,0.0,0.0,0.0,0.68,0.6783333333333333,0.705,0.66,0.0,6.1499999999999995,4.366666666666666,38.166666666666664,2.716666666666667,2.6166666666666667,2.5333333333333337,0.5833333333333334,6.411666666666666,4.96,5.57,8.7,49.93333333333334,403.9166666666667,234.5,405.5,232.58333333333334,405.1333333333334,234.66666666666666,404.8333333333333,233.9333333333333,4.573333333333333,1.1606016666666668,1.2940466666666668,2.0408433333333336,4.49634,10448.216666666667,2.04,117.3,6166.233333333334,4.93,3.1633333333333336,0.8130495,0.9123785,1.3498033333333332,3.0768683333333335,182.80000000000004,7951.616666666668,0.8183946666666667,0.9173988333333334,1.5318500000000002,3.2662250000000004
2026-02-04 08:15:00+00:00,0.0,5.285714285714286,0.0,0.0,0.0,0.6900000000000001,0.7066666666666667,0.7033333333333333,0.66,0.0,5.633333333333334,3.466666666666667,36.5,2.6,3.3333333333333335,2.733333333333333,0.5666666666666667,6.6066666666666665,5.543333333333334,5.57,8.700000000000001,49.9,403.8333333333333,234.36666666666667,405.4666666666667,232.70000000000002,404.9666666666667,234.63333333333333,404.76666666666665,233.9333333333333,4.64,1.2961613333333333,1.2939233333333335,2.0413900000000003,4.631423333333333,10449.266666666666,2.04,117.3,6167.0,4.93,3.23,0.9593526666666667,0.9135453333333334,1.3477466666666666,3.2195766666666668,182.80000000000004,7952.3,0.8570986666666668,0.9174159999999999,1.53516,3.311006666666667
2026-02-04 08:30:00+00:00,0.0,5.488636363636363,0.0,0.0,0.0,0.7000000000000001,0.7328571428571429,0.71,0.66,0.0,6.7,7.071428571428571,34.84285714285714,2.1142857142857143,2.1714285714285717,2.1,0.5571428571428572,6.722857142857143,5.925714285714286,5.557142857142857,8.685714285714287,49.98571428571428,403.3285714285715,234.17142857142858,404.9714285714286,232.31428571428572,404.5571428571429,234.37142857142857,404.24285714285713,233.6285714285714,4.609999999999999,1.3840327142857143,1.2858028571428572,2.033862857142857,4.699617142857143,10450.271428571428,2.04,117.3,6167.771428571429,4.93,3.192857142857143,1.0494894285714287,0.9110254285714285,1.3438642857142857,3.3121971428571433,182.8,7953.071428571428,0.8850721428571429,0.9141961428571428,1.5287514285714288,3.3250057142857146
2026-02-04 08:45:00+00:00,0.0,5.337078651685394,0.0,0.0,0.0,0.67,0.66,0.71,0.66,0.0,8.128571428571428,3.6142857142857143,41.62857142857143,2.3428571428571425,2.557142857142857,2.385714285714286,0.5857142857142856,6.184285714285714,4.417142857142857,5.561428571428571,8.678571428571429,49.971428571428575,403.2857142857143,234.1285714285714,404.9142857142857,232.17142857142858,404.54285714285714,234.31428571428572,404.25714285714287,233.55714285714285,4.67,0.9699424285714286,1.291052857142857,2.036867142857143,4.300475714285715,10451.357142857143,2.04,117.3,6168.542857142857,4.93,3.27,0.6385894285714285,0.9133695714285714,1.3428328571428572,2.8950171428571427,182.8,7953.771428571429,0.7295261428571429,0.9127621428571429,1.528117142857143,3.171535714285714
2026-02-04 09:00:00+00:00,0.0,5.594936708860759,0.0,0.0,0.0,0.67,0.66,0.71,0.66,0.0,4.9,7.3,41.6,2.2,3.5,2.5,0.5,6.55,6.099999999999999,5.57,8.71,50.0,404.2,234.1,406.0,232.80000000000004,405.8,234.80000000000004,405.3999999999999,234.1,4.67,0.972997,1.29351,2.04233,4.31133,10451.9,2.04,117.3,6169.0,4.93,3.27,0.640392,0.916131,1.3485500000000001,2.90128,182.80000000000004,7954.2,0.733437,0.914307,1.53238,3.17771
2026-02-04 09:15:00+00:00,0.0,5.51685393258427,0.0,0.0,0.0,0.7042857142857143,0.7571428571428571,0.7042857142857143,0.66,0.0,4.442857142857143,3.6142857142857143,32.41428571428572,1.6285714285714286,3.1,2.1,0.4571428571428572,7.03,7.001428571428571,5.577142857142857,8.72857142857143,49.94285714285714,404.4428571428571,234.47142857142856,406.3285714285715,233.12857142857143,405.8,235.12857142857143,405.5571428571429,234.25714285714284,4.412857142857143,1.5072238571428571,1.2968414285714285,2.0499014285714288,4.856015714285713,10453.042857142858,2.04,117.3,6169.685714285713,4.93,3.005714285714286,1.173966857142857,0.915939,1.3529271428571428,3.439577142857143,182.8,7954.971428571429,0.928619142857143,0.9190501428571428,1.5421114285714286,3.3902585714285713
2026-02-04 09:30:00+00:00,0.0,5.511363636363637,0.0,0.0,0.0,0.6671428571428571,0.6485714285714286,0.7085714285714285,0.66,0.0,8.057142857142857,2.7285714285714286,41.871428571428574,3.3285714285714287,4.042857142857143,1.3714285714285714,0.6,6.145714285714286,4.148571428571429,5.581428571428572,8.724285714285715,49.98571428571428,404.8285714285715,235.17142857142858,406.42857142857144,233.17142857142858,405.9428571428571,235.18571428571428,405.8142857142857,234.47142857142856,4.354285714285714,0.9714577142857143,1.2987614285714286,2.047934285714286,4.3226,10454.057142857142,2.0414285714285714,117.3,6170.328571428572,4.93,2.942857142857143,0.6260697142857143,0.9153640000000001,1.3535042857142856,2.888318571428571,182.8,7955.7,0.7428185714285714,0.9219452857142858,1.5419442857142855,3.206552857142857
2026-02-04 09:45:00+00:00,0.0,5.576086956521739,0.0,0.0,0.0,0.6799999999999999,0.6728571428571428,0.7,0.6542857142857142,0.0,5.785714285714286,4.6571428571428575,35.05714285714286,2.1,2.3,1.8714285714285714,0.5571428571428572,6.685714285714285,5.688571428571429,5.5928571428571425,8.768571428571429,49.9,405.95714285714286,235.57142857142858,407.6714285714285,233.91428571428574,407.1857142857143,235.94285714285712,406.9428571428571,235.12857142857143,4.585714285714286,1.3388194285714285,1.3065671428571428,2.070257142857143,4.716534285714286,10455.371428571429,2.0557142857142856,117.3,6171.385714285714,4.93,3.1314285714285717,0.948147,0.913764857142857,1.3568485714285714,3.223208571428571,182.8,7956.571428571428,0.9207811428571429,0.9313808571428571,1.5622214285714284,3.4142628571428575
2026-02-04 10:00:00+00:00,0.0,5.430232558139535,0.0,0.0,0.0,0.65,0.57,0.7,0.65,0.0,6.799999999999999,4.671428571428572,42.9,1.1714285714285713,1.7285714285714284,2.2285714285714286,0.6,6.161428571428572,4.0685714285714285,5.615714285714286,8.807142857142855,49.92857142857143,407.7714285714286,236.94285714285712,409.35714285714283,234.91428571428568,408.9571428571429,236.87142857142857,408.72857142857146,236.24285714285716,4.591428571428572,0.9637085714285715,1.3170914285714286,2.0875385714285715,4.364081428571429,10456.385714285714,2.065714285714286,117.3,6172.099999999999,4.93,3.1028571428571428,0.548749,0.9190259999999999,1.36477,2.83804,182.8,7957.2,0.7898988571428571,0.9443792857142856,1.5816042857142858,3.316517142857143
2026-02-04 10:15:00+00:00,0.0,5.328947368421052,0.0,0.0,0.0,0.65,0.57,0.6983333333333333,0.65,0.0,7.1499999999999995,6.949999999999999,42.9,2.5,1.7166666666666668,2.6,0.6,6.195,4.093333333333333,5.633333333333333,8.856666666666667,50.0,409.34999999999997,237.85000000000002,411.15000000000003,235.7833333333333,410.7666666666667,237.88333333333335,410.4666666666667,237.16666666666666,4.676666666666667,0.9725639999999999,1.3280683333333332,2.1088,4.40683,10457.283333333335,2.0833333333333335,117.3,6172.733333333334,4.93,3.1616666666666666,0.5516546666666667,0.9267470000000001,1.376005,2.8569583333333335,182.80000000000004,7957.816666666667,0.7985058333333334,0.9533984999999999,1.5982399999999999,3.3510066666666667
2026-02-04 10:30:00+00:00,0.0,5.585106382978723,0.0,0.0,0.0,0.67,0.6357142857142858,0.6928571428571428,0.65,0.0,5.942857142857143,4.1,37.58571428571429,1.6857142857142857,1.842857142857143,1.885714285714286,0.5428571428571428,6.534285714285715,5.11,5.6242857142857146,8.855714285714287,50.0,409.1,237.3857142857143,410.95714285714286,235.68571428571428,410.57142857142856,237.78571428571428,410.3,236.95714285714286,4.724285714285714,1.2118907142857143,1.3248785714285716,2.1110499999999996,4.646322857142857,10458.457142857145,2.1085714285714285,117.3,6173.599999999999,4.93,3.1757142857142857,0.8064914285714285,0.9208411428571429,1.3774514285714283,3.1023171428571428,182.8,7958.599999999999,0.88247,0.9508597142857143,1.5990371428571426,3.4327199999999998
2026-02-04 10:45:00+00:00,0.0,5.623655913978495,0.0,0.0,0.0,0.6900000000000001,0.7057142857142857,0.7,0.65,0.0,5.428571428571429,4.828571428571428,32.699999999999996,3.5714285714285716,2.9,2.314285714285714,0.5142857142857143,6.844285714285715,6.202857142857143,5.557142857142857,8.764285714285714,50.0,406.6714285714285,235.6142857142857,408.5,234.34285714285716,408.3,236.47142857142856,407.8857142857143,235.58571428571426,4.711428571428571,1.4618042857142857,1.301135714285714,2.0765357142857144,4.83773,10459.6,2.1157142857142857,117.3,6174.471428571429,4.93,3.1614285714285715,1.078463,0.9105489999999999,1.35449,3.342524285714286,182.8,7959.357142857143,0.9658147142857143,0.9305725714285714,1.571427142857143,3.465562857142857
2026-02-04 11:00:00+00:00,0.0,5.456521739130435,0.0,0.0,0.0,0.72,0.8,0.7,0.65,0.0,4.0,3.7,25.2,10.1,3.5,2.8,0.5,7.47,8.04,5.58,8.78,50.0,406.7,234.9,408.7,234.5,408.6,236.7,408.1,235.7,4.589999999999999,1.89537,1.30898,2.08626,5.287529999999999,10460.1,2.08,117.3,6174.8,4.93,3.09,1.5156499999999997,0.917241,1.3636,3.79389,182.8,7959.7,1.13829,0.9351840000000001,1.57683,3.64901
2026-02-04 11:15:00+00:00,0.0,5.4021739130434785,0.0,0.0,0.0,0.66,0.57,0.7,0.65,0.0,7.385714285714285,3.4857142857142853,40.5,2.514285714285714,2.4714285714285715,2.1142857142857143,0.5857142857142856,6.155714285714287,4.065714285714286,5.598571428571428,8.801428571428572,50.0,407.62857142857143,236.84285714285716,409.42857142857144,234.74285714285716,409.0285714285714,236.94285714285712,408.7285714285714,236.14285714285714,4.607142857142857,0.960166,1.3132914285714286,2.0852942857142858,4.357294285714286,10461.642857142857,2.0714285714285716,117.3,6175.957142857143,4.93,3.115714285714286,0.5486561428571429,0.9184031428571429,1.3627942857142856,2.82741,182.8,7960.728571428571,0.7864552857142858,0.937091,1.577192857142857,3.3035099999999997
2026-02-04 11:30:00+00:00,0.0,5.522222222222222,0.0,0.0,0.0,0.6799999999999999,0.6685714285714285,0.7,0.65,0.0,5.128571428571428,4.0285714285714285,34.871428571428574,1.4142857142857144,1.5857142857142856,1.5571428571428572,0.5571428571428572,6.698571428571428,5.631428571428572,5.62,8.85,50.0,408.8142857142857,237.24285714285716,410.75714285714287,235.4857142857143,410.25714285714287,237.68571428571428,409.9714285714286,236.85714285714286,4.65,1.3328877142857143,1.32279,2.105397142857143,4.766042857142857,10462.92857142857,2.08,117.3,6176.928571428572,4.93,3.14,0.939114,0.925479142857143,1.3764942857142857,3.2323928571428575,182.8,7961.628571428571,0.9244985714285713,0.9456671428571427,1.59568,3.4660528571428566
2026-02-04 11:45:00+00:00,0.0,5.463917525773196,0.0,0.0,0.0,0.67625,0.65625,0.7,0.65,0.0,6.575000000000001,5.225,36.125,1.0625,2.7125,2.2875,0.5625,6.64875,5.49,5.6025,8.84375,50.0,408.4,237.025,410.375,235.1125,409.825,237.3125,409.725,236.6125,4.69,1.300086875,1.3222625000000001,2.10508375,4.72716125,10464.0125,2.1,117.3,6177.6875,4.93,3.17,0.8968818749999999,0.9219204999999999,1.37502375,3.19526375,182.8,7962.35,0.917438125,0.947498125,1.596285,3.46011875
2026-02-04 12:00:00+00:00,0.0,5.471264367816092,0.0,0.0,0.0,0.65,0.57,0.7,0.6571428571428573,0.0,9.085714285714285,5.442857142857143,43.24285714285714,1.5,2.771428571428572,1.8285714285714287,0.6,6.162857142857143,4.062857142857142,5.601428571428571,8.831428571428571,50.0,407.92857142857144,236.97142857142856,409.9142857142857,234.95714285714286,409.6857142857143,237.2428571428571,409.2,236.3714285714286,4.6971428571428575,0.9632712857142857,1.31405,2.0942185714285713,4.37333,10464.985714285713,2.107142857142857,117.3,6178.3714285714295,4.93,3.1699999999999995,0.5467487142857143,0.9197628571428572,1.3767085714285714,2.83415,182.8,7963.0,0.7928872857142857,0.9375850000000001,1.5864514285714286,3.317094285714286
2026-02-04 12:15:00+00:00,0.0,5.444444444444445,0.0,0.0,0.0,0.65,0.57,0.7,0.66,0.0,8.628571428571428,3.142857142857143,43.385714285714286,2.242857142857143,2.4714285714285715,2.0285714285714285,0.6428571428571429,6.147142857142858,4.047142857142857,5.591428571428572,8.812857142857144,50.0,406.7714285714286,236.42857142857142,408.8142857142857,234.29999999999998,408.40000000000003,236.68571428571428,408.0285714285714,235.78571428571428,4.682857142857143,0.9545157142857142,1.308332857142857,2.0834214285714285,4.34474,10466.242857142857,2.1014285714285714,117.3,6179.371428571429,4.93,3.161428571428572,0.543248,0.9180109999999999,1.3667814285714286,2.827035714285714,182.8,7963.928571428572,0.7830957142857143,0.9304017142857143,1.5733514285714285,3.2872171428571426
2026-02-04 12:30:00+00:00,0.0,5.573033707865169,0.0,0.0,0.0,0.65,0.57,0.7,0.66,0.0,7.357142857142857,3.042857142857143,43.4,2.142857142857143,2.2714285714285714,1.614285714285714,0.7,6.144285714285714,4.0442857142857145,5.58,8.81857142857143,50.0,406.57142857142856,236.34285714285716,408.6142857142857,234.14285714285714,408.35714285714283,236.62857142857143,407.87142857142857,235.68571428571428,4.671428571428572,0.9556387142857143,1.3070828571428572,2.0828985714285713,4.34476,10467.07142857143,2.0957142857142856,117.3,6180.0,4.93,3.1557142857142857,0.5421941428571428,0.9157921428571428,1.3663442857142856,2.8286728571428568,182.8,7964.457142857143,0.7850178571428571,0.9290452857142857,1.5737371428571427,3.2886857142857147
2026-02-04 12:45:00+00:00,0.0,5.114583333333333,0.0,0.0,0.0,0.72,0.8,0.7,0.66,0.0,5.7,2.925,24.1,0.6,0.7,1.6,0.5,7.37,7.7,5.589999999999999,8.83,50.0,406.3,235.7,408.7,234.3,408.1,236.7,407.7,235.6,4.65,1.80981,1.30566,2.08953,5.21094,10468.2,2.09,117.3,6180.8,4.93,3.14,1.45176,0.919023,1.3681700000000003,3.73206,182.8,7965.3,1.08618,0.927219,1.5782399999999999,3.5933
2026-02-04 13:00:00+00:00,0.0,5.471264367816092,0.0,0.0,0.0,0.72,0.8,0.7,0.65,0.0,4.4,5.6,24.4,2.1,1.1,1.6,0.5,7.38,7.76,5.56,8.82,50.0,405.5,235.0,407.8,233.5,407.3,235.9,407.5,234.7,4.67,1.82708,1.30801,2.0915,5.22754,10469.3,2.09,117.3,6181.7,4.93,3.1699999999999995,1.46059,0.919296,1.37106,3.7527,182.8,7966.0,1.10014,0.9323120000000001,1.58436,3.61835
2026-02-04 13:15:00+00:00,0.0,5.268817204301075,0.0,0.0,0.0,0.71,0.7671428571428571,0.7014285714285714,0.65,0.0,5.1571428571428575,5.642857142857143,27.099999999999998,2.2142857142857144,1.2285714285714289,1.7142857142857142,0.5142857142857143,7.202857142857143,7.228571428571429,5.562857142857142,8.81857142857143,50.0,405.64285714285717,235.18571428571428,407.92857142857144,233.58571428571426,407.4428571428571,236.0,407.54285714285714,234.82857142857142,4.67,1.7021187142857142,1.3075814285714285,2.089901428571429,5.100721428571428,10469.585714285713,2.09,117.3,6181.900000000001,4.93,3.1685714285714286,1.329551857142857,0.919266,1.3697271428571427,3.6219471428571426,182.8,7966.185714285714,1.0543834285714284,0.9316801428571428,1.582407142857143,3.569905714285714
2026-02-04 13:30:00+00:00,0.0,5.3428571428571425,0.0,0.0,0.0,0.65,0.57,0.7062499999999999,0.65375,0.0,9.4375,5.75,43.3,2.5625,2.4875,2.8875,0.6375,6.14375,4.04375,5.5875,8.81375,50.0,406.7625,236.45,408.8875,234.25,408.4875,236.75,408.025,235.75,4.67375,0.9549055,1.306615,2.0844537499999998,4.34842,10471.675,2.09,117.3,6183.4,4.93,3.1637500000000003,0.5433545,0.9193612499999999,1.36585125,2.84030625,182.8,7967.5625,0.7824614999999999,0.9295003749999999,1.5734012499999999,3.2854650000000003
2026-02-04 13:45:00+00:00,0.0,5.423913043478261,0.0,0.0,0.0,0.65,0.57,0.7,0.6557142857142857,0.0,9.12857142857143,4.975,43.34285714285714,1.7,2.357142857142857,2.6714285714285713,0.7,6.162857142857143,4.062857142857142,5.6,8.832857142857142,50.0,407.37142857142857,236.78571428571428,409.4142857142857,234.58571428571426,409.0571428571429,237.08571428571426,408.6142857142857,236.12857142857143,4.684285714285714,0.9602228571428572,1.3100914285714287,2.093532857142857,4.3660185714285715,10472.72857142857,2.0942857142857143,117.3,6184.2,4.93,3.174285714285714,0.5447634285714286,0.9208708571428571,1.3730971428571428,2.842164285714286,182.8,7968.3,0.7890787142857143,0.9343781428571428,1.5821885714285713,3.3033357142857147
2026-02-04 14:00:00+00:00,0.0,5.5,0.0,0.0,0.0,0.6799999999999999,0.6685714285714285,0.7,0.65,0.0,6.042857142857144,5.257142857142857,35.27142857142857,1.3142857142857143,2.0571428571428574,1.9142857142857141,0.6,6.734285714285714,5.724285714285714,5.604285714285714,8.884285714285715,50.0,408.2857142857143,237.1,410.25714285714287,235.24285714285716,410.2,237.7,409.6714285714285,236.65714285714284,4.7,1.3527097142857143,1.3174742857142856,2.1078014285714284,4.776842857142857,10474.085714285713,2.1,117.3,6185.228571428571,4.93,3.18,0.9509582857142858,0.9209452857142857,1.37893,3.2459200000000004,182.8,7969.228571428571,0.9386734285714287,0.9408881428571428,1.5959757142857143,3.475494285714286
2026-02-04 14:15:00+00:00,0.0,5.582417582417582,0.0,0.0,0.0,0.65,0.57,0.7,0.65,0.0,7.128571428571429,5.085714285714286,43.228571428571435,1.8285714285714287,2.542857142857143,2.257142857142857,0.6142857142857142,6.19,4.098571428571428,5.601428571428571,8.877142857142857,50.0,408.5285714285714,237.44285714285712,410.34285714285716,235.2,410.5,237.7,409.8142857142857,236.72857142857143,4.7,0.9710057142857142,1.3180185714285713,2.10612,4.3962771428571426,10474.514285714284,2.1,117.3,6185.557142857142,4.93,3.1785714285714284,0.5497277142857142,0.9189987142857142,1.3790885714285714,2.8409914285714284,182.8,7969.5428571428565,0.7993671428571429,0.9410797142857142,1.5927714285714285,3.332782857142857
2026-02-04 14:30:00+00:00,0.0,5.431372549019608,0.0,0.0,0.0,0.65,0.56625,0.7,0.65375,0.0,9.075,3.575,43.324999999999996,1.0,1.725,2.475,0.7,6.20125,4.0975,5.6137500000000005,8.88625,50.0,409.0,237.7375,411.05,235.4625,410.91249999999997,237.925,410.3125,237.0875,4.7075,0.973183125,1.3223975,2.11547625,4.41109125,10476.4375,2.1075,117.3,6186.912499999999,4.93,3.185,0.55046025,0.925190875,1.3832875,2.8584300000000002,182.8,7970.8125,0.80249475,0.9449675,1.60002125,3.3475075
2026-02-04 14:45:00+00:00,0.0,5.576086956521739,0.0,0.0,0.0,0.65,0.57,0.7,0.6542857142857142,0.0,7.971428571428571,5.685714285714285,43.25714285714286,0.6571428571428571,1.6714285714285713,2.8857142857142857,0.6571428571428571,6.191428571428572,4.085714285714286,5.615714285714286,8.877142857142857,50.042857142857144,408.62857142857143,237.42857142857142,410.74285714285713,235.37142857142857,410.64285714285717,237.77142857142857,409.9857142857143,236.87142857142857,4.718571428571429,0.9701611428571428,1.3200828571428571,2.113115714285714,4.40452,10477.371428571429,2.11,117.3,6187.542857142857,4.93,3.19,0.5490874285714286,0.9251021428571429,1.3814985714285712,2.8551614285714284,182.8,7971.357142857143,0.7984002857142858,0.9410531428571429,1.5970414285714285,3.336552857142857
2026-02-04 15:00:00+00:00,0.0,5.5227272727272725,0.0,0.0,0.0,0.6799999999999999,0.6685714285714285,0.7,0.6542857142857142,0.0,6.114285714285714,3.4285714285714284,35.24285714285714,2.542857142857143,2.757142857142857,2.4714285714285715,0.6,6.731428571428572,5.692857142857143,5.615714285714286,8.874285714285714,50.0,408.5571428571429,237.3714285714286,410.62857142857143,235.41428571428574,410.40000000000003,237.8,409.8857142857143,236.82857142857142,4.74,1.3463091428571428,1.3195171428571428,2.1090485714285716,4.773855714285714,10478.685714285715,2.12,117.3,6188.528571428571,4.93,3.21,0.94766,0.9245264285714285,1.385757142857143,3.255887142857143,182.8,7972.314285714286,0.9329174285714286,0.9415981428571428,1.5940985714285714,3.4701528571428573
2026-02-04 15:15:00+00:00,0.0,5.534883720930233,0.0,0.0,0.0,0.65,0.57,0.7,0.65,0.0,12.200000000000001,3.3428571428571425,43.3,1.657142857142857,2.2714285714285714,1.557142857142857,0.6571428571428571,6.188571428571429,4.09,5.6085714285714285,8.858571428571429,50.0,408.2714285714286,237.34285714285716,410.62857142857143,234.92857142857142,410.5285714285714,237.34285714285716,409.9857142857143,236.6,4.728571428571429,0.9706434285714286,1.320477142857143,2.1081357142857144,4.39703,10479.528571428571,2.1142857142857143,117.3,6189.157142857142,4.93,3.198571428571429,0.5501534285714286,0.9243377142857143,1.3807957142857141,2.854025714285714,182.8,7972.8,0.7983341428571429,0.9424001428571429,1.5922085714285714,3.333212857142857
2026-02-04 15:30:00+00:00,0.0,5.536082474226804,0.0,0.0,0.0,0.65,0.57,0.7,0.65625,0.0,11.7625,3.4125,43.3,0.675,1.6625,1.875,0.7,6.2025,4.105,5.615,8.88,50.0,408.925,237.75,411.1,235.39999999999998,411.0,237.825,410.5,237.05,4.72625,0.974239,1.3224625,2.1146925,4.41261,10480.625,2.11,117.3,6189.9375,4.93,3.19625,0.55078475,0.926472,1.3875525,2.865245,182.8,7973.5375,0.802491875,0.944637125,1.597955,3.34410125
2026-02-04 15:45:00+00:00,0.0,5.381578947368421,0.0,0.0,0.0,0.68,0.6816666666666666,0.6999999999999998,0.6516666666666667,0.0,9.200000000000001,3.483333333333333,37.03333333333333,4.3999999999999995,1.866666666666667,2.566666666666667,0.6666666666666666,6.81,5.8933333333333335,5.633333333333333,8.905,50.083333333333336,409.51666666666665,237.8166666666667,411.7833333333333,235.76666666666665,411.5333333333333,238.15,411.0833333333333,237.25,4.738333333333333,1.3991761666666667,1.3275283333333334,2.1267883333333333,4.84963,10482.0,2.1183333333333336,117.3,6190.933333333333,4.93,3.2000000000000006,1.0027058333333334,0.9269326666666666,1.3865783333333332,3.3174983333333334,182.80000000000004,7974.516666666666,0.9526175,0.9505690000000001,1.6074783333333331,3.510543333333333
2026-02-04 16:00:00+00:00,0.0,5.413461538461538,0.0,0.0,0.0,0.6725,0.65,0.7,0.65,0.0,5.8374999999999995,5.9125000000000005,36.0125,2.25,1.1125,1.9625,0.6375,6.6825,5.49625,5.637499999999999,8.92,50.0625,410.1,238.125,412.3,236.0875,412.0125,238.55,411.5125,237.6,4.755,1.303389,1.32897125,2.1266724999999997,4.76091375,10483.1,2.12,117.3,6191.725,4.93,3.2075,0.898860375,0.929322875,1.389925,3.21481875,182.8,7975.275,0.925289375,0.955114625,1.61411625,3.49263375
2026-02-04 16:15:00+00:00,0.0,5.555555555555555,0.0,0.0,0.0,0.6799999999999999,0.68,0.695,0.65,0.0,5.0,4.300000000000001,33.95,1.05,1.3,2.15,0.6,6.865,6.015000000000001,5.645,8.934999999999999,50.05,410.45,238.45,412.45,236.5,412.2,238.85000000000002,411.75,237.89999999999998,4.765,1.4294815,1.33412,2.1352900000000004,4.897819999999999,10484.35,2.125,117.3,6192.7,4.93,3.21,1.025124,0.9266635000000001,1.392895,3.344535,182.8,7976.1,0.974464,0.9574335,1.61667,3.54927
2026-02-04 16:30:00+00:00,0.0,5.409090909090909,0.0,0.0,0.0,0.66,0.5971428571428572,0.6900000000000001,0.65,0.0,5.557142857142857,4.957142857142857,40.7,0.8857142857142858,1.957142857142857,1.5999999999999999,0.5857142857142856,6.434285714285715,4.722857142857143,5.655714285714287,8.942857142857141,50.1,411.14285714285717,238.8857142857143,412.9857142857143,236.79999999999998,412.7714285714286,239.1,412.2714285714286,238.25714285714284,4.772857142857142,1.1255911428571428,1.3371942857142858,2.1393857142857144,4.601822857142857,10484.842857142856,2.1314285714285712,117.3,6193.071428571428,4.93,3.2114285714285713,0.706344,0.9279494285714286,1.39455,3.0284014285714287,182.8,7976.457142857143,0.8588811428571429,0.9597467142857143,1.6187357142857142,3.437005714285714
2026-02-04 16:45:00+00:00,0.0,5.225806451612903,0.0,0.0,0.0,0.7000000000000001,0.7428571428571429,0.7,0.6557142857142857,0.0,6.671428571428572,5.1000000000000005,35.24285714285714,3.0,3.2714285714285714,1.6857142857142857,0.6142857142857142,7.001428571428571,6.488571428571428,5.630000000000001,8.894285714285715,50.08571428571429,409.2,237.55714285714288,411.1714285714285,235.79999999999998,410.9428571428571,238.1857142857143,410.4,237.18571428571428,4.8185714285714285,1.5402245714285716,1.3262485714285714,2.1186914285714287,4.986202857142857,10486.699999999999,2.1514285714285717,117.3,6194.385714285714,4.93,3.237142857142857,1.1867291428571427,0.9268117142857142,1.385287142857143,3.500237142857143,182.8,7977.685714285714,0.9635088571428572,0.9485148571428572,1.601777142857143,3.51216
2026-02-04 17:00:00+00:00,0.0,5.47191011235955,0.0,0.0,0.0,0.7042857142857143,0.7428571428571429,0.7,0.66,0.0,3.1999999999999997,3.614285714285714,32.82857142857143,1.7142857142857142,2.185714285714286,1.4714285714285715,0.5857142857142856,6.7457142857142856,5.8500000000000005,5.581428571428572,8.801428571428572,50.0,405.7857142857143,235.67142857142858,407.7285714285714,233.79999999999998,407.54285714285714,236.14285714285714,406.9428571428571,235.20000000000002,4.771428571428571,1.5158602857142858,1.3029114285714287,2.0815557142857144,4.900777142857143,10487.857142857143,2.12,117.3,6195.185714285714,4.93,3.261428571428571,1.1728642857142855,0.9182925714285715,1.3741742857142858,3.467751428571429,182.8,7978.5142857142855,0.9436328571428572,0.9245301428571429,1.5628457142857144,3.43186
2026-02-04 17:15:00+00:00,0.0,5.252336448598131,0.0,0.0,0.0,0.685,0.6950000000000001,0.7075,0.66,0.0,6.95,5.644444444444445,38.324999999999996,2.425,1.675,1.9,0.6499999999999999,6.1875,4.1625000000000005,5.592499999999999,8.8025,50.075,406.75,236.45,408.525,234.14999999999998,408.4,236.45,407.875,235.675,4.6899999999999995,1.229908,1.30724,2.0801175,4.617319999999999,10489.075,2.0825,117.3,6196.025,4.93,3.2475,0.88146575,0.9215385,1.37276,3.1760675,182.8,7979.349999999999,0.8462172499999999,0.93016875,1.5667775,3.3359375
2026-02-04 17:30:00+00:00,0.0,5.326315789473684,0.0,0.0,0.0,0.6957142857142857,0.7242857142857143,0.7014285714285714,0.66,0.0,5.885714285714286,3.6,34.5,2.0714285714285716,2.5,2.3857142857142857,0.5714285714285714,6.728571428571429,5.765714285714286,5.604285714285714,8.83,50.01428571428572,407.07142857142856,236.41428571428568,409.0,234.4857142857143,408.75714285714287,236.78571428571428,408.2142857142857,235.92857142857142,4.6971428571428575,1.3571445714285715,1.3108414285714285,2.0864857142857143,4.752991428571429,10490.242857142857,2.0885714285714285,117.3,6196.871428571429,4.93,3.2485714285714287,1.0175075714285715,0.9186817142857143,1.3690128571428573,3.3093642857142855,182.8,7980.171428571428,0.8823394285714287,0.9358485714285714,1.5783485714285714,3.391981428571429
2026-02-04 17:45:00+00:00,0.0,5.4766355140186915,0.0,0.0,0.0,0.7075,0.75625,0.7,0.65125,0.0,5.9625,4.7125,33.5875,2.1625,1.925,2.05,0.5875,7.02875,6.62125,5.615,8.84625,50.0125,407.3,236.45,409.3125,234.675,409.0375,237.05,408.6,236.0375,4.715,1.564454875,1.31530375,2.09824875,4.97698125,10491.4,2.09,117.3,6197.75,4.93,3.255,1.222180125,0.92294825,1.3775575,3.52464125,182.8,7981.0,0.9614437499999999,0.9399786250000001,1.58449875,3.485055
2026-02-04 18:00:00+00:00,0.0,5.362745098039215,0.0,0.0,0.0,0.685,0.6925,0.7,0.66,0.0,6.4,5.625,35.8125,1.75,3.0,2.4250000000000003,0.5625,6.547499999999999,5.210000000000001,5.61,8.8225,50.025,407.5,236.675,409.35,234.675,409.175,236.975,408.7,236.125,4.745,1.23002375,1.3130675,2.0938875,4.633335000000001,10492.550000000001,2.0975,117.3,6198.525000000001,4.93,3.275,0.8808805000000001,0.9199977500000001,1.37459,3.1744225,182.8,7981.725,0.8439004999999999,0.9352677500000001,1.5771199999999999,3.3536225
2026-02-04 18:15:00+00:00,0.0,5.440860215053763,0.0,0.0,0.0,0.67,0.6457142857142858,0.7,0.66,0.0,6.142857142857143,4.757142857142858,41.91428571428571,2.3428571428571425,3.3428571428571425,2.4,0.6,6.22,4.2214285714285715,5.61,8.824285714285715,50.0,407.3285714285715,236.71428571428572,409.2142857142857,234.6,409.0285714285714,236.9,408.5285714285714,236.05714285714288,4.732857142857143,0.9980264285714285,1.3136471428571428,2.0904285714285717,4.4010871428571425,10493.814285714285,2.091428571428571,117.3,6199.414285714286,4.93,3.28,0.6447704285714285,0.9218529999999999,1.3761285714285714,2.941795714285714,182.8,7982.571428571428,0.7612275714285713,0.9350252857142857,1.5758214285714285,3.2716071428571425
2026-02-04 18:30:00+00:00,0.0,5.438202247191011,0.0,0.0,0.0,0.67,0.5085714285714286,0.7,0.66,0.0,8.700000000000001,3.8428571428571425,41.885714285714286,1.2714285714285716,2.0285714285714285,1.6857142857142857,0.6,6.9314285714285715,6.324285714285714,5.62,8.86,50.042857142857144,408.2,237.04285714285714,410.0285714285714,235.24285714285716,409.84285714285716,237.42857142857142,409.35714285714283,236.57142857142858,4.7299999999999995,1.4948614285714288,1.320695714285714,2.100595714285714,4.707268571428571,10494.957142857142,2.09,117.3,6200.171428571428,4.93,3.28,1.15544,0.9225895714285713,1.380637142857143,3.46209,182.8,7983.428571428572,0.9307231428571427,0.9427297142857143,1.5852242857142858,3.4593999999999996
2026-02-04 18:45:00+00:00,0.0,5.317757009345795,0.0,0.0,0.0,0.68125,0.685,0.7,0.65375,0.0,4.625,5.199999999999999,39.9,3.1875,4.2125,3.7875,0.6375,6.57625,5.2425,5.62625,8.86375,50.0375,408.25,237.0875,409.9875,235.20000000000002,409.875,237.4625,409.3875,236.55,4.73625,1.23939,1.32081625,2.10215625,4.65983625,10495.9875,2.09625,117.3,6200.8875,4.93,3.28,0.88466725,0.92230875,1.37907625,3.1852575,182.8,7984.175,0.853054375,0.9429105,1.58802,3.3847774999999998
2026-02-04 19:00:00+00:00,0.0,5.377777777777778,0.0,0.0,0.0,0.7042857142857143,0.7471428571428571,0.7,0.6542857142857142,0.0,7.157142857142857,5.614285714285714,32.857142857142854,4.757142857142858,2.9,2.685714285714286,0.5428571428571428,6.622857142857143,5.382857142857143,5.63,8.85142857142857,50.0,408.15714285714284,237.05714285714288,410.0142857142857,235.1142857142857,409.7714285714286,237.35714285714286,409.2857142857143,236.5,4.74,1.563394285714286,1.3211514285714288,2.10258,4.98566,10497.342857142856,2.1,117.3,6201.900000000001,4.93,3.2728571428571427,1.21181,0.9263327142857144,1.37518,3.507581428571428,182.8,7985.042857142857,0.9767060000000001,0.9448735714285714,1.5875257142857144,3.507947142857143
2026-02-04 19:15:00+00:00,0.0,5.436893203883495,0.0,0.0,0.0,0.6687500000000001,0.6625,0.7,0.6587500000000001,0.0,5.775,4.8,39.912499999999994,2.2125,0.9,1.175,0.5875,6.25875,4.26,5.63,8.868749999999999,50.0875,409.25,237.775,411.05,235.67499999999998,410.86249999999995,237.95,410.36249999999995,237.1625,4.766249999999999,1.1404987500000001,1.3285,2.1098375000000003,4.57576625,10498.2375,2.1,117.3,6202.5625,4.93,3.2875,0.77854175,0.9266869999999999,1.3868875,3.09141125,182.8,7985.7375,0.822716625,0.950036875,1.59672,3.3721224999999997
2026-02-04 19:30:00+00:00,0.0,5.482352941176471,0.0,0.0,0.0,0.6685714285714285,0.6657142857142857,0.7,0.6585714285714286,0.0,5.514285714285714,5.214285714285714,39.32857142857143,2.2285714285714286,1.3,1.5857142857142856,0.5857142857142856,6.43,4.7871428571428565,5.632857142857143,8.864285714285714,50.042857142857144,409.04285714285714,237.62857142857143,410.8285714285715,235.58571428571426,410.54285714285714,237.79999999999998,410.1142857142857,237.02857142857144,4.775714285714286,1.1367528571428571,1.326935714285714,2.10556,4.563597142857143,10499.285714285714,2.105714285714286,117.3,6203.385714285714,4.93,3.295714285714286,0.7803835714285715,0.925578,1.3810028571428572,3.091427142857143,182.8,7986.428571428572,0.8139857142857142,0.9494009999999999,1.5943928571428572,3.3606014285714285
2026-02-04 19:45:00+00:00,0.0,5.561904761904762,0.0,0.0,0.0,0.6975,0.7525,0.7,0.65375,0.0,5.425,3.425,31.25,1.475,1.8624999999999998,1.8875000000000002,0.5375,7.055,6.61625,5.64625,8.8925,50.0,409.65,237.7125,411.5125,236.0875,411.1,238.2125,410.7625,237.3625,4.77375,1.5694725,1.3297025,2.1158075,5.0137075,10500.875,2.11,117.3,6204.55,4.93,3.2874999999999996,1.224188125,0.9282775,1.3845425,3.53805375,182.8,7987.4875,0.96635275,0.954661375,1.604675,3.527505
2026-02-04 20:00:00+00:00,0.0,5.25,0.0,0.0,0.0,0.69,0.73,0.7,0.65,0.0,4.25,2.8,33.550000000000004,2.1625,1.8250000000000002,1.2375,0.5,6.925,6.237500000000001,5.65,8.891250000000001,50.0,409.84999999999997,237.7875,411.6,236.125,411.1125,238.275,410.84999999999997,237.42499999999998,4.7787500000000005,1.480265,1.33335125,2.12009375,4.93114,10502.1625,2.11875,117.3,6205.4625,4.93,3.28875,1.124849,0.928863875,1.383065,3.433665,182.8,7988.3125,0.9425265,0.9573895,1.6063975,3.507985
2026-02-04 20:15:00+00:00,0.0,5.392156862745098,0.0,0.0,0.0,0.6975,0.7525,0.69,0.65,0.0,3.45,4.7875,32.0375,1.2375,1.125,1.4625,0.5375,7.141249999999999,6.90125,5.64375,8.88875,50.0,409.5125,237.85,411.15,235.9375,410.9125,238.125,410.425,237.2375,4.79,1.63816625,1.3380524999999999,2.1287012499999998,5.1079225,10503.4125,2.12,117.3,6206.35,4.93,3.29,1.2760992500000001,0.9312485,1.3868125,3.59804875,182.8,7989.1875,1.012058375,0.962160125,1.6111512499999998,3.58552625
2026-02-04 20:30:00+00:00,0.0,5.4950495049504955,0.0,0.0,0.0,0.72,0.82,0.69,0.65,0.0,2.1,4.9,26.3,1.2,1.2,1.5,0.5,7.67,8.48,5.64,8.9,50.0,409.4,237.7,411.0,235.9,410.8,238.2,410.2,237.2,4.79,2.01053,1.33866,2.13604,5.49001,10503.6,2.12,117.3,6206.5,4.93,3.29,1.64999,0.93095,1.39156,3.97939,182.8,7989.3,1.15355,0.964235,1.61651,3.7313
2026-02-04 20:45:00+00:00,0.0,5.415841584158416,0.0,0.0,0.0,0.6975,0.74875,0.69,0.65,0.0,3.55,6.1375,30.9125,2.1625,1.375,1.7375,0.5375,7.1425,6.77,5.6937500000000005,8.97375,50.0375,412.325,239.2125,414.05,237.6875,413.6,239.6625,413.325,238.8,4.83,1.6142212500000002,1.34934375,2.145105,5.107245,10506.0125,2.14,117.3,6208.25,4.93,3.3,1.244961,0.92978625,1.3914,3.56189375,182.8,7990.9875,1.012670625,0.97667,1.6348225,3.6215525
2026-02-04 21:00:00+00:00,0.0,5.3619047619047615,0.0,0.0,0.0,0.6975,0.74875,0.69,0.65,0.0,4.1875,7.3,30.9125,2.3875,1.6375000000000002,1.775,0.5375,7.13875,6.76625,5.68625,8.9625,50.0,412.025,239.025,413.75,237.5,413.3,239.475,413.025,238.6125,4.845,1.61359875,1.34887125,2.14358625,5.103975,10506.8,2.14,117.3,6208.8125,4.93,3.3074999999999997,1.2442695000000001,0.929220375,1.390185,3.5605024999999997,182.8,7991.5125,1.0117905,0.97671725,1.6328125,3.61854875
2026-02-04 21:15:00+00:00,0.0,5.662921348314606,0.0,0.0,0.0,0.66,0.63,0.6900000000000001,0.65,0.0,7.0,5.3,40.6,2.2,2.7,1.9,0.6,6.37,4.46,5.68,8.95,50.0,412.4,239.4,414.0,237.5,413.8,239.6,413.4,238.8,4.87,1.06803,1.3488400000000003,2.14623,4.55745,10507.8,2.14,117.3,6209.5,4.93,3.32,0.674202,0.9329410000000001,1.3912099999999998,2.99434,182.8,7992.2,0.825308,0.976141,1.63165,3.43133
2026-02-04 21:30:00+00:00,0.0,5.533333333333333,0.0,0.0,0.0,0.66,0.63,0.69,0.65,0.0,7.55,4.8125,40.5625,1.625,1.9500000000000002,2.0125,0.6,6.37125,4.46375,5.69,8.95125,50.0625,412.5125,239.625,414.0875,237.575,413.8625,239.5875,413.4875,238.9,4.8774999999999995,1.0689225,1.35188875,2.14639875,4.56361125,10509.199999999999,2.14625,117.3,6210.5375,4.93,3.32375,0.67571625,0.93339425,1.3929325,3.00154125,182.8,7993.1875,0.825968,0.977490375,1.6320587500000001,3.4349137499999998
2026-02-04 21:45:00+00:00,0.0,5.458823529411765,0.0,0.0,0.0,0.6857142857142857,0.7114285714285714,0.6900000000000001,0.65,0.0,5.771428571428572,4.614285714285714,31.62857142857143,1.7857142857142858,2.357142857142857,2.5,0.5428571428571428,6.8914285714285715,6.037142857142858,5.69,8.94,50.05714285714286,412.1857142857143,239.22857142857143,413.8142857142857,237.45714285714286,413.3,239.35714285714286,413.0857142857143,238.68571428571428,4.874285714285714,1.442232857142857,1.3494871428571429,2.1386828571428573,4.927521428571429,10511.042857142858,2.15,117.3,6211.914285714286,4.93,3.32,1.0689265714285714,0.9331687142857142,1.3899442857142856,3.389982857142857,182.8,7994.457142857143,0.950579,0.9760808571428571,1.6280414285714286,3.5556985714285716
2026-02-04 22:00:00+00:00,0.0,5.455445544554456,0.0,0.0,0.0,0.66,0.635,0.69,0.65,0.0,5.2,3.65,40.45,1.9,3.3499999999999996,2.6500000000000004,0.6,6.355,4.45,5.6850000000000005,8.925,50.0,412.1,239.35000000000002,413.65,237.3,413.29999999999995,239.3,413.0,238.6,4.87,1.062015,1.346035,2.1341900000000003,4.53915,10511.95,2.145,117.3,6212.6,4.93,3.315,0.6764444999999999,0.929839,1.386615,2.9791049999999997,182.8,7995.049999999999,0.8137479999999999,0.966405,1.611985,3.39263
2026-02-04 22:15:00+00:00,0.0,5.49,0.0,0.0,0.0,0.66,0.63375,0.69,0.65,0.0,4.5375,4.5,40.5,0.8875,1.7375,1.725,0.6,6.3475,4.4475,5.67375,8.9275,50.0,411.5375,238.9875,413.0125,236.925,412.65,238.9,412.3125,238.2875,4.86,1.05892375,1.342735,2.12928375,4.531335,10513.1875,2.14,117.3,6213.4375,4.93,3.31,0.67530775,0.925618125,1.38051875,2.9678275,182.8,7995.8375,0.81215225,0.963656375,1.60944625,3.38556625
2026-02-04 22:30:00+00:00,0.0,5.429906542056075,0.0,0.0,0.0,0.66,0.63875,0.695,0.65,0.0,6.6375,5.2625,40.675000000000004,2.325,2.5375,2.6374999999999997,0.5125,6.3225,4.4225,5.65625,8.90375,50.0,410.45,238.4,412.025,236.38750000000002,411.77500000000003,238.375,411.4125,237.7,4.84125,1.05123875,1.33490375,2.1204287500000003,4.50833625,10514.7625,2.135,117.3,6214.599999999999,4.93,3.30125,0.669541125,0.927894625,1.38104125,2.9714675,182.8,7996.9125,0.81115125,0.9624064999999999,1.6108425,3.3824750000000003
2026-02-04 22:45:00+00:00,0.0,5.308411214953271,0.0,0.0,0.0,0.6825,0.7075,0.7,0.65,0.0,4.8,5.588888888888889,35.225,1.625,2.25,2.425,0.5,6.81125,5.901249999999999,5.6425,8.89875,50.0,409.7375,237.8125,411.45,236.075,411.125,238.15,410.7375,237.3,4.8225,1.39638,1.3279125,2.11521125,4.8396375,10515.625,2.1262499999999998,117.3,6215.275,4.93,3.3,1.02522125,0.927003875,1.3788825,3.327375,182.8,7997.5375,0.934084375,0.957203,1.60658,3.49477125
2026-02-04 23:00:00+00:00,0.0,5.472527472527473,0.0,0.0,0.0,0.7000000000000001,0.7428571428571429,0.7,0.6557142857142857,0.0,4.171428571428572,4.157142857142857,32.642857142857146,2.5714285714285716,3.1714285714285713,3.085714285714286,0.5428571428571428,7.08,6.801428571428572,5.614285714285715,8.828571428571427,50.0,407.7857142857143,236.6142857142857,409.45714285714286,234.95714285714286,408.74285714285713,237.1,408.62857142857143,236.18571428571428,4.792857142857143,1.5997928571428572,1.3186271428571428,2.0927385714285713,5.011475714285715,10517.285714285714,2.108571428571429,117.3,6216.414285714286,4.93,3.294285714285714,1.2303625714285715,0.9211372857142858,1.3715114285714285,3.52849,182.8,7998.628571428571,1.0075887142857143,0.9435262857142858,1.5821871428571428,3.5326714285714287
2026-02-04 23:15:00+00:00,0.0,5.394230769230769,0.0,0.0,0.0,0.73,0.82,0.7,0.66,0.0,2.3000000000000003,4.325,26.150000000000002,3.05,2.925,2.6,0.475,7.6274999999999995,8.455,5.612500000000001,8.815000000000001,50.0,406.90000000000003,235.925,408.72499999999997,234.625,407.725,236.675,407.75,235.70000000000002,4.775,1.9829725,1.3162475,2.08348,5.384202500000001,10517.9,2.0975,117.3,6216.825,4.93,3.2875,1.627155,0.9221885,1.3695849999999998,3.924465,182.8,7999.075,1.1393375,0.939979,1.575765,3.65458
2026-02-04 23:30:00+00:00,0.0,5.427184466019417,0.0,0.0,0.0,0.7075,0.75625,0.7,0.66,0.0,6.125,3.875,30.9625,1.3375,3.0125,2.65,0.475,7.0200000000000005,6.67875,5.60625,8.77375,50.0,405.875,235.36249999999998,407.61249999999995,233.975,407.0625,235.95000000000002,406.875,235.075,4.725,1.5686825,1.30836,2.068545,4.9500725,10519.75,2.0725,117.3,6218.175,4.93,3.27125,1.223150375,0.92315525,1.35900375,3.5039675,182.8,8000.3625,0.964108,0.93077425,1.55926875,3.4559775
2026-02-04 23:45:00+00:00,0.0,5.46,0.0,0.0,0.0,0.6925,0.71625,0.7062499999999999,0.66,0.0,6.1000000000000005,4.825,34.925,1.7750000000000001,2.6375,2.3375,0.5625,6.68375,5.78,5.58125,8.703750000000001,50.0,404.09999999999997,234.425,405.55,232.75,405.03749999999997,234.7125,404.7875,233.975,4.7075,1.35362625,1.29684625,2.043415,4.69243875,10521.0,2.0637499999999998,117.3,6219.087500000001,4.93,3.26375,1.00809025,0.915116375,1.3520124999999998,3.2759175,182.8,8001.225,0.8849153750000001,0.9183655000000001,1.53169125,3.33413375
2026-02-05 00:00:00+00:00,0.0,5.397849462365591,0.0,0.0,0.0,0.6728571428571428,0.66,0.71,0.6628571428571429,0.0,6.114285714285715,4.3125,40.31428571428571,2.2285714285714286,2.557142857142857,1.6428571428571428,0.5714285714285714,6.161428571428571,4.268571428571429,5.57,8.65,50.0,403.09999999999997,233.97142857142856,404.37142857142857,232.04285714285717,404.15714285714284,233.9857142857143,403.84285714285716,233.34285714285713,4.668571428571428,0.9996862857142857,1.2910614285714286,2.0265057142857144,4.319617142857142,10521.857142857143,2.0542857142857143,117.3,6219.7,4.93,3.237142857142857,0.6593917142857143,0.9136331428571428,1.34564,2.910484285714286,182.8,8001.771428571429,0.7516575714285715,0.9117587142857143,1.5127557142857142,3.174918571428571
2026-02-05 00:15:00+00:00,0.0,5.536082474226804,0.0,0.0,0.0,0.68,0.66125,0.71,0.67,0.0,5.925,5.175,40.275,1.8,2.3125,2.5749999999999997,0.5375,6.1125,4.22125,5.5425,8.57875,50.0,400.77500000000003,232.5375,402.0,230.6125,401.3375,232.525,401.525,231.9375,4.5725,0.982644125,1.278015,1.99823,4.2567562500000005,10523.2125,2.01375,117.3,6220.7375,4.93,3.1887499999999998,0.652423375,0.908744625,1.3309950000000002,2.89350875,182.8,8002.787499999999,0.732197375,0.897852875,1.48778125,3.11796875
2026-02-05 00:30:00+00:00,0.0,5.483050847457627,0.0,0.0,0.0,0.6733333333333333,0.6566666666666667,0.7033333333333334,0.6633333333333334,0.0,7.733333333333334,5.233333333333333,40.266666666666666,2.566666666666667,3.2666666666666666,3.0,0.5,6.173333333333334,4.276666666666667,5.576666666666666,8.656666666666668,50.0,403.5,234.23333333333332,404.73333333333335,232.26666666666668,404.29999999999995,234.03333333333336,404.23333333333335,233.5,4.3500000000000005,1.0013196666666666,1.2917966666666667,2.02872,4.320603333333334,10524.5,1.9966666666666666,117.30000000000001,6221.633333333333,4.93,2.99,0.6599766666666667,0.9122949999999999,1.3391266666666668,2.914006666666667,182.8,8003.666666666667,0.7506736666666667,0.9131753333333334,1.5182066666666667,3.18642
2026-02-05 00:45:00+00:00,0.0,5.373831775700935,0.0,0.0,0.0,0.67,0.655,0.705,0.66,0.0,8.612499999999999,3.025,40.25,2.3875,3.0374999999999996,2.25,0.5,6.1850000000000005,4.29375,5.585,8.68125,49.9125,403.9625,234.3375,405.2625,232.5,404.8375,234.3125,404.7375,233.7625,4.54625,1.0057862499999999,1.2994362499999998,2.03342625,4.34025875,10525.7,2.01625,117.3,6222.4625,4.93,3.1525,0.658486625,0.9140477499999999,1.34287125,2.9164625,182.8,8004.4625,0.75924225,0.92247375,1.5288675,3.21029125
2026-02-05 01:00:00+00:00,0.0,5.46078431372549,0.0,0.0,0.0,0.67,0.66,0.71,0.66,0.0,8.175,4.05,40.275,2.8,2.9,1.725,0.5,6.1775,4.2875,5.58,8.6675,49.975,403.625,234.3,404.75,232.325,404.5,234.075,404.325,233.625,4.605,1.00339,1.294635,2.02833,4.3253900000000005,10526.7,2.0275,117.3,6223.224999999999,4.93,3.19,0.657894,0.9128715,1.3398375,2.9095424999999997,182.8,8005.15,0.7549632500000001,0.9169269999999999,1.5217399999999999,3.194175
2026-02-05 01:15:00+00:00,0.0,5.294871794871795,0.0,0.0,0.0,0.6783333333333333,0.66,0.71,0.6683333333333333,0.0,6.333333333333333,4.314285714285714,40.21666666666667,4.4,2.35,1.3333333333333333,0.5,6.155,4.265,5.571666666666666,8.636666666666668,50.0,402.95,233.9,404.1333333333334,231.98333333333335,403.7666666666667,233.76666666666665,403.65000000000003,233.20000000000002,4.510000000000001,0.9960891666666667,1.2885833333333332,2.0162299999999997,4.30071,10527.733333333332,2.03,117.3,6223.983333333334,4.93,3.098333333333333,0.6567833333333333,0.9143486666666666,1.3373400000000002,2.9131516666666664,182.80000000000004,8005.883333333334,0.7474283333333333,0.9105688333333334,1.5081433333333332,3.1647583333333333
2026-02-05 01:30:00+00:00,0.0,5.419047619047619,0.0,0.0,0.0,0.71,0.745,0.71,0.665,0.0,5.9625,4.775,32.650000000000006,2.8375000000000004,2.15,1.5875,0.45,6.775,6.17,5.5525,8.6025,50.0,401.35,232.825,402.7375,231.1875,401.8125,232.9125,401.90000000000003,232.2875,4.42875,1.433564625,1.282675,2.00360625,4.71865,10529.0125,2.0124999999999997,117.3,6224.875,4.93,3.03625,1.106660875,0.9121111249999999,1.3362075,3.36119625,182.8,8006.7625,0.89471975,0.90234375,1.49381625,3.2904125
2026-02-05 01:45:00+00:00,0.0,5.471264367816092,0.0,0.0,0.0,0.7142857142857143,0.7571428571428571,0.7142857142857143,0.67,0.0,6.185714285714285,4.8,32.0,1.8,0.9857142857142857,2.0714285714285716,0.4428571428571429,6.901428571428572,6.5442857142857145,5.555714285714286,8.615714285714285,50.0,401.1142857142857,232.58571428571426,402.4142857142857,231.2,401.74285714285713,233.0,401.74285714285713,232.22857142857143,4.55,1.5106455714285716,1.2749614285714286,1.9986685714285717,4.789645714285714,10530.128571428571,2.0,117.3,6225.671428571428,4.93,3.19,1.1837861428571428,0.9115818571428571,1.3343957142857141,3.4312985714285715,182.8,8007.528571428571,0.9313914285714286,0.9020688571428571,1.4995185714285715,3.3337728571428573
2026-02-05 02:00:00+00:00,0.0,5.329787234042553,0.0,0.0,0.0,0.7142857142857143,0.7571428571428571,0.7114285714285714,0.67,0.0,4.628571428571428,3.9285714285714284,32.01428571428571,1.7428571428571427,1.6857142857142857,2.185714285714286,0.5,6.895714285714286,6.5528571428571425,5.5528571428571425,8.587142857142856,50.042857142857144,399.9857142857142,232.3857142857143,401.40000000000003,230.58571428571426,401.38571428571424,232.34285714285716,401.2857142857143,231.5,4.502857142857143,1.5173878571428572,1.2776214285714285,2.001757142857143,4.797697142857143,10530.985714285713,1.9985714285714287,117.3,6226.3,4.93,3.142857142857143,1.1890314285714285,0.9122555714285714,1.3307642857142858,3.431687142857143,182.8,8008.142857142857,0.9304447142857144,0.897263,1.4907257142857144,3.3189357142857143
2026-02-05 02:15:00+00:00,0.0,5.434343434343434,0.0,0.0,0.0,0.74,0.83,0.72,0.67,0.0,3.6,5.9,26.1,0.8,1.9,2.1,0.5,7.5,8.4,5.54,8.57,50.0,399.0,231.4,401.1,230.2,400.7,231.7,400.6,230.9,4.25,1.94396,1.27196,1.99607,5.20748,10531.8,1.99,117.3,6226.9,4.93,2.89,1.60802,0.909004,1.32914,3.84537,182.8,8008.7,1.09241,0.890768,1.48494,3.46804
2026-02-05 02:30:00+00:00,0.0,5.193548387096774,0.0,0.0,0.0,0.6799999999999999,0.6757142857142858,0.7028571428571428,0.6614285714285714,0.0,5.185714285714285,6.275,38.271428571428565,1.3142857142857143,2.8428571428571425,2.4857142857142853,0.5,6.411428571428572,4.9071428571428575,5.612857142857143,8.72,50.0,405.34285714285716,235.29999999999998,406.84285714285716,233.5,406.3142857142857,235.21428571428572,406.25714285714287,234.62857142857143,4.481428571428571,1.1517414285714285,1.3071842857142857,2.0498942857142857,4.509838571428571,10533.300000000001,1.9814285714285713,117.3,6227.842857142858,4.93,3.138571428571429,0.797705,0.920242,1.3514171428571429,3.077588571428571,182.8,8009.728571428571,0.8181362857142858,0.9305004285714286,1.5421714285714285,3.2899814285714286
2026-02-05 02:45:00+00:00,0.0,5.523255813953488,0.0,0.0,0.0,0.67,0.65,0.7,0.66,0.0,7.814285714285714,6.742857142857143,40.4,3.7142857142857144,2.8285714285714283,3.1142857142857143,0.5,6.2299999999999995,4.33,5.618571428571428,8.75,50.042857142857144,406.57142857142856,236.02857142857144,407.95714285714286,234.08571428571426,407.35714285714283,236.08571428571426,407.2714285714286,235.3857142857143,4.62,1.0183728571428572,1.312172857142857,2.0645228571428573,4.396358571428571,10534.585714285713,2.04,117.3,6228.728571428571,4.93,3.2,0.6633797142857143,0.9234308571428571,1.35821,2.9467628571428572,182.8,8010.628571428571,0.7728822857142857,0.9354354285714287,1.5550685714285712,3.264162857142857
2026-02-05 03:00:00+00:00,0.0,5.394230769230769,0.0,0.0,0.0,0.67,0.65,0.70375,0.6575,0.0,7.25,3.85,40.3625,1.7625,2.1,1.4125,0.525,6.22875,4.327500000000001,5.61625,8.7425,50.0,406.4,235.8,407.75,233.8,407.2875,235.73749999999998,407.175,235.1625,4.585,1.0178812499999998,1.3078400000000001,2.0555225,4.3810025,10535.7375,2.0675,117.3,6229.625,4.93,3.1350000000000002,0.660931,0.91773125,1.355115,2.9351737499999997,182.8,8011.4,0.772994875,0.932283375,1.5470225,3.25283375
2026-02-05 03:15:00+00:00,0.0,5.365591397849462,0.0,0.0,0.0,0.67,0.65,0.7,0.65,0.0,8.6,3.975,40.4,1.2,0.3,0.7,0.6,6.21,4.32,5.589999999999999,8.72,50.0,405.8,235.2,407.3,232.9,406.8,235.1,406.8,234.6,4.45,1.01775,1.31072,2.05916,4.38962,10536.3,2.06,117.3,6230.0,4.93,3.0,0.660514,0.921245,1.35582,2.94075,182.8,8011.7,0.771502,0.936756,1.55273,3.26294
2026-02-05 03:30:00+00:00,0.0,5.413333333333333,0.0,0.0,0.0,0.6900000000000001,0.7066666666666667,0.6999999999999998,0.6583333333333333,0.0,5.316666666666666,5.585714285714286,35.13333333333333,1.8166666666666664,1.9833333333333334,1.6833333333333333,0.48333333333333334,6.645,5.566666666666666,5.623333333333334,8.753333333333332,50.0,406.43333333333334,235.73333333333335,407.8333333333333,234.0,407.23333333333335,235.78333333333333,407.18333333333334,235.21666666666667,4.641666666666667,1.3107033333333333,1.3154533333333334,2.0663383333333334,4.692853333333333,10537.666666666666,2.06,117.3,6231.05,4.93,3.1833333333333336,0.960428,0.9201061666666667,1.3575499999999998,3.2396833333333332,182.80000000000004,8012.7,0.8749055,0.9401303333333333,1.5580866666666668,3.37128
2026-02-05 03:45:00+00:00,0.0,5.466666666666667,0.0,0.0,0.0,0.6775,0.67125,0.7,0.66,0.0,1.4,6.7124999999999995,38.3375,1.4,1.7,1.95,0.575,6.53875,5.26,5.62,8.75125,50.0,406.5875,235.96249999999998,407.96250000000003,234.0875,407.40000000000003,235.95,407.3125,235.3875,4.688750000000001,1.1324,1.31369625,2.06437625,4.50947625,10538.7375,2.0687499999999996,117.3,6231.7625,4.93,3.22875,0.88558525,0.91790175,1.3528925,3.15791125,182.8,8013.375,0.8512525,0.93725375,1.5567175,3.31010125
2026-02-05 04:00:00+00:00,0.0,5.490196078431373,0.0,0.0,0.0,0.715,0.7775,0.7,0.66,0.0,5.075,2.9000000000000004,28.625,0.55,3.4250000000000003,2.775,0.42500000000000004,7.15,7.085,5.61,8.7425,50.0,405.775,235.325,407.4,233.925,406.725,235.72500000000002,406.625,235.0,4.59,1.6637875,1.3121999999999998,2.0616874999999997,5.0418425,10540.025,2.06,117.3,6232.675,4.93,3.14,1.32924975,0.923577,1.3598075,3.608705,182.8,8014.35,0.99049375,0.93365875,1.5523475,3.478205
2026-02-05 04:15:00+00:00,0.0,5.411764705882353,0.0,0.0,0.0,0.67,0.65,0.6999999999999998,0.66,0.0,6.1000000000000005,3.5833333333333335,40.31666666666666,1.4500000000000002,2.766666666666666,2.2333333333333334,0.5833333333333334,6.228333333333334,4.318333333333333,5.618333333333333,8.745,50.0,406.3333333333333,235.95000000000002,407.65000000000003,233.86666666666667,407.2166666666667,235.75,407.03333333333336,235.16666666666666,4.498333333333334,1.0166683333333333,1.3019933333333331,2.0484166666666668,4.366966666666666,10541.199999999999,2.06,117.3,6233.533333333334,4.93,3.0483333333333333,0.6634173333333333,0.9208715000000001,1.3632133333333334,2.9493116666666666,182.80000000000004,8015.133333333334,0.7751175,0.9348376666666667,1.5404866666666666,3.2369783333333335
2026-02-05 04:30:00+00:00,0.0,5.329545454545454,0.0,0.0,0.0,0.67,0.65,0.7,0.66,0.0,7.700000000000001,2.6714285714285717,40.37142857142857,2.357142857142857,2.6857142857142855,1.9285714285714286,0.5285714285714286,6.2299999999999995,4.32,5.617142857142857,8.745714285714286,50.0,406.38571428571424,235.9857142857143,407.85714285714283,233.92857142857142,407.35714285714283,235.8857142857143,407.2,235.24285714285716,4.608571428571429,1.017947142857143,1.3086814285714286,2.0588542857142857,4.3846614285714285,10542.085714285715,2.06,117.3,6234.242857142858,4.93,3.165714285714286,0.6629248571428572,0.9217331428571429,1.3597371428571428,2.9454257142857143,182.8,8015.785714285715,0.7738759999999999,0.9348302857142857,1.5481942857142859,3.252147142857143
2026-02-05 04:45:00+00:00,0.0,5.3478260869565215,0.0,0.0,0.0,0.67,0.65,0.7,0.6522222222222223,0.0,7.199999999999999,5.377777777777778,40.3,2.2222222222222223,2.7222222222222223,1.9888888888888887,0.5,6.322222222222222,4.633333333333334,5.64,8.774444444444445,50.0,407.4,236.36666666666667,408.9111111111111,234.55555555555554,408.27777777777777,236.42222222222225,408.15555555555557,235.80000000000004,4.692222222222223,1.0257966666666667,1.3223455555555554,2.0763944444444444,4.4254388888888885,10543.477777777778,2.0688888888888886,117.30000000000001,6235.333333333333,4.93,3.2422222222222223,0.6649441111111112,0.9258236666666667,1.3608922222222222,2.951892222222222,182.8,8016.722222222223,0.7807149999999999,0.9440918888888888,1.5657444444444444,3.291317777777778
2026-02-05 05:00:00+00:00,0.0,5.344444444444444,0.0,0.0,0.0,0.67,0.6471428571428571,0.7,0.66,0.0,7.328571428571428,4.0,40.48571428571428,2.0285714285714285,2.857142857142857,2.242857142857143,0.5714285714285714,6.437142857142858,5.104285714285714,5.625714285714286,8.785714285714286,50.0,407.4142857142857,236.44285714285712,408.85714285714283,234.70000000000002,408.40000000000003,236.55714285714288,408.2285714285714,235.85714285714286,4.67,1.024682857142857,1.3162242857142858,2.0754457142857143,4.418080000000001,10544.728571428572,2.07,117.3,6236.242857142856,4.93,3.21,0.6637454285714286,0.9230712857142856,1.3625042857142857,2.947645714285714,182.8,8017.571428571428,0.7810055714285714,0.9403131428571428,1.5656785714285715,3.2876914285714287
2026-02-05 05:15:00+00:00,0.0,5.3,0.0,0.0,0.0,0.665,0.64375,0.7,0.655,0.0,7.025,4.733333333333333,40.575,2.3874999999999997,3.025,1.8624999999999998,0.6,6.2675,4.3675,5.62375,8.8025,50.0,407.95,236.825,409.4125,234.8625,409.225,236.8875,408.85,236.2375,4.4775,1.034055,1.32061875,2.08647375,4.4412225,10545.875,2.07875,117.3,6237.0,4.93,3.00875,0.666956875,0.92248175,1.3650675,2.9562125,182.8,8018.3625,0.789726875,0.9458736249999999,1.5789662500000001,3.31313625
2026-02-05 05:30:00+00:00,0.0,5.415841584158416,0.0,0.0,0.0,0.67,0.645,0.7,0.6587500000000001,0.0,9.3,4.15,40.4875,1.4625,2.6125,2.575,0.5875,6.255,4.345,5.6225000000000005,8.78375,50.0,407.4375,236.65,408.9125,234.625,408.4125,236.55,408.27500000000003,235.9375,4.70125,1.02767125,1.31773625,2.07857,4.42742,10547.1375,2.08875,117.3,6237.9375,4.93,3.23,0.66335175,0.9224870000000001,1.36381625,2.95124125,182.8,8019.2,0.783391625,0.9419015000000001,1.5704325000000001,3.297285
2026-02-05 05:45:00+00:00,0.0,5.336538461538462,0.0,0.0,0.0,0.715,0.7775,0.7,0.6575,0.0,4.8,4.45,29.75,2.15,2.8000000000000003,2.225,0.42500000000000004,7.285,7.4375,5.6225000000000005,8.785,50.0,406.95,236.125,408.625,234.6,407.75,236.25,407.8,235.625,4.71,1.7504275,1.3168925,2.070735,5.1269125,10548.1,2.08,117.3,6238.7,4.93,3.23,1.39334325,0.9216592499999999,1.3614,3.6827475,182.8,8019.849999999999,1.05086575,0.94198575,1.5686624999999998,3.5626975
2026-02-05 06:00:00+00:00,0.0,5.344444444444444,0.0,0.0,0.0,0.7042857142857143,0.7471428571428571,0.7,0.6557142857142857,0.0,3.5285714285714285,4.4125,32.371428571428574,1.8,2.442857142857143,2.0714285714285716,0.4857142857142857,7.03,6.695714285714287,5.611428571428571,8.772857142857143,50.0,406.65714285714284,236.02857142857144,408.37142857142857,234.34285714285716,407.54285714285714,236.1142857142857,407.5571428571429,235.45714285714286,4.688571428571429,1.576567142857143,1.3139442857142858,2.07025,4.951467142857142,10548.842857142858,2.08,117.3,6239.271428571429,4.93,3.2085714285714286,1.218342,0.9178975714285713,1.3585214285714287,3.498227142857143,182.8,8020.414285714286,0.9862561428571429,0.9398431428571428,1.5660942857142857,3.4926228571428575
2026-02-05 06:15:00+00:00,0.0,5.394230769230769,0.0,0.0,0.0,0.685,0.6925,0.7,0.6525000000000001,0.0,4.325,5.85,36.925,1.625,2.225,2.0999999999999996,0.575,6.5600000000000005,5.33,5.592499999999999,8.745000000000001,50.0,406.175,235.85,407.825,233.875,407.175,235.85,407.1,235.175,4.59,1.25488,1.30782,2.0688475,4.6306325,10550.1,2.075,117.3,6240.174999999999,4.93,3.1175,0.8973285,0.9142915,1.35413,3.1633775,182.8,8021.325000000001,0.86421075,0.9353305,1.5594325,3.357855
2026-02-05 06:30:00+00:00,0.0,5.576576576576577,0.0,0.0,0.0,0.7075,0.75625,0.7,0.66,0.0,6.6875,6.9375,31.375,1.8125,2.6,2.25,0.5375,7.04375,6.81875,5.577500000000001,8.72625,50.0,404.9375,234.875,406.7,233.35,405.975,235.2875,405.9375,234.5,4.47375,1.5962574999999999,1.3022925,2.05493875,4.95473375,10551.6375,2.05625,117.3,6241.225,4.93,3.03125,1.25090775,0.917294125,1.35084125,3.515435,182.8,8022.2625,0.98116275,0.926613625,1.54759375,3.45577875
2026-02-05 06:45:00+00:00,0.0,5.329113924050633,0.0,0.0,0.0,0.7000000000000001,0.735,0.705,0.66,0.0,7.1499999999999995,6.3,33.050000000000004,1.4000000000000001,2.6,2.9499999999999997,0.5499999999999999,6.830000000000001,6.235,5.574999999999999,8.69,49.9,403.65000000000003,234.4,405.25,232.65,404.7,234.44999999999996,404.5,233.79999999999998,4.63,1.4560985000000002,1.29471,2.03602,4.78653,10552.9,2.05,117.3,6242.150000000001,4.93,3.2000000000000006,1.1155505,0.9105025000000001,1.34117,3.3719750000000004,182.80000000000004,8023.2,0.9193045,0.916319,1.52808,3.363885
2026-02-05 07:00:00+00:00,0.0,5.483870967741935,0.0,0.0,0.0,0.6957142857142857,0.7228571428571428,0.7057142857142856,0.66,0.0,6.942857142857143,2.55,34.042857142857144,3.257142857142857,3.142857142857143,4.3,0.5571428571428572,6.731428571428572,5.937142857142858,5.57,8.692857142857143,49.94285714285714,403.34285714285716,234.02857142857144,405.07142857142856,232.32857142857142,404.54285714285714,234.37142857142857,404.38571428571424,233.64285714285714,4.63,1.3876711428571429,1.2919857142857143,2.0363857142857142,4.713461428571429,10553.914285714287,2.04,117.3,6242.871428571429,4.93,3.2,1.0442742857142857,0.9119772857142856,1.3455871428571429,3.298974285714286,182.8,8023.871428571429,0.89586,0.9155618571428572,1.530602857142857,3.3402185714285717
2026-02-05 07:15:00+00:00,0.0,5.513274336283186,0.0,0.0,0.0,0.69,0.71,0.71,0.66,0.0,6.933333333333334,8.233333333333333,35.46666666666667,1.2333333333333334,1.7333333333333334,2.8666666666666667,0.5666666666666667,6.583333333333333,5.526666666666667,5.556666666666667,8.666666666666666,50.0,403.5333333333333,234.23333333333332,405.23333333333335,232.39999999999998,404.7,234.33333333333334,404.5,233.73333333333332,4.546666666666667,1.2937226666666666,1.2899866666666666,2.0302733333333336,4.61266,10554.933333333334,2.03,117.30000000000001,6243.666666666667,4.93,3.1333333333333337,0.9543073333333333,0.9130353333333334,1.3458166666666667,3.2152066666666665,182.8,8024.633333333333,0.8590413333333333,0.9123923333333335,1.5249133333333333,3.2935833333333333
2026-02-05 07:30:00+00:00,0.0,5.505376344086022,0.0,0.0,0.0,0.6957142857142857,0.7228571428571428,0.71,0.66,0.0,4.142857142857143,6.528571428571428,32.31428571428572,1.5,2.0,1.9428571428571428,0.5428571428571428,6.765714285714286,6.042857142857143,5.564285714285715,8.684285714285714,50.0,403.7285714285714,234.20000000000002,405.45714285714286,232.65714285714284,404.9428571428571,234.5,404.7285714285714,233.81428571428572,4.481428571428571,1.4127054285714284,1.291862857142857,2.0370171428571426,4.743107142857143,10556.357142857143,2.03,117.3,6244.628571428571,4.93,3.077142857142857,1.0659477142857143,0.9153969999999999,1.3468,3.3311457142857144,182.8,8025.628571428571,0.9126114285714285,0.9161547142857144,1.5312685714285712,3.3573971428571427
2026-02-05 07:45:00+00:00,0.0,5.582417582417582,0.0,0.0,0.0,0.6785714285714286,0.6757142857142858,0.71,0.66,0.0,7.1000000000000005,3.9428571428571426,38.32857142857143,1.3714285714285714,1.2285714285714289,1.5428571428571427,0.5857142857142856,6.331428571428572,4.7700000000000005,5.558571428571428,8.657142857142857,49.98571428571428,402.9142857142857,234.0285714285714,404.7142857142857,231.94285714285712,404.1714285714285,234.02857142857144,404.0142857142857,233.3857142857143,4.597142857142857,1.1184202857142858,1.2872285714285714,2.029762857142857,4.434768571428571,10557.242857142857,2.03,117.3,6245.3,4.93,3.1885714285714286,0.7752088571428573,0.9094468571428571,1.341352857142857,3.02204,182.8,8026.2,0.7955857142857143,0.9109621428571428,1.5228771428571428,3.2279000000000004
2026-02-05 08:00:00+00:00,0.0,5.3,0.0,0.0,0.0,0.6925,0.72125,0.7075,0.66,0.0,8.05,3.0875,34.6,2.6,2.175,2.575,0.5625,6.6137500000000005,5.63125,5.5575,8.655000000000001,49.9,403.0125,233.875,404.625,232.0,403.9125,233.9,403.9,233.35,4.6325,1.314085875,1.2884025,2.02467375,4.62646875,10558.5,2.03,117.3,6246.1875,4.93,3.2300000000000004,0.98060925,0.9101565,1.33912125,3.22645,182.8,8027.125,0.859562625,0.91324575,1.5206125,3.29276125
2026-02-05 08:15:00+00:00,0.0,5.282608695652174,0.0,0.0,0.0,0.67,0.65,0.7085714285714285,0.66,0.0,7.9,4.485714285714286,40.771428571428565,3.2857142857142856,3.3857142857142857,1.9428571428571428,0.5142857142857143,6.172857142857143,4.282857142857143,5.562857142857142,8.674285714285714,49.9,403.92857142857144,234.67142857142858,405.5142857142857,232.57142857142858,405.0,234.45714285714286,404.88571428571424,233.8714285714286,4.61,1.0009071428571428,1.290767142857143,2.0292299999999996,4.3146385714285715,10559.528571428571,2.03,117.3,6246.942857142857,4.93,3.2,0.653615142857143,0.9098151428571428,1.3369114285714285,2.897135714285714,182.8,8027.842857142857,0.7588774285714285,0.9172894285714286,1.5292085714285713,3.20551
2026-02-05 08:30:00+00:00,0.0,5.598130841121495,0.0,0.0,0.0,0.6925,0.71375,0.7012499999999999,0.66,0.0,6.637499999999999,5.8500000000000005,34.8875,2.25,3.625,3.5124999999999997,0.5125,6.640000000000001,5.70125,5.55375,8.66875,49.9125,403.4,234.1375,405.125,232.45,404.4625,234.35,404.3875,233.65,4.5962499999999995,1.33261625,1.288815,2.03219875,4.65115625,10560.825,2.03875,117.3,6247.887500000001,4.93,3.17625,0.989947,0.90937075,1.33908125,3.24138,182.8,8028.674999999999,0.8747551250000001,0.913775,1.52948625,3.3179775
2026-02-05 08:45:00+00:00,0.0,5.336633663366337,0.0,0.0,0.0,0.67,0.65,0.71,0.66,0.0,7.675000000000001,3.8,40.775,2.225,2.675,2.775,0.625,6.155,4.262499999999999,5.547499999999999,8.6625,50.0,403.525,234.55,405.175,232.3,404.7,234.175,404.475,233.675,4.515000000000001,0.9982285,1.287605,2.0292125,4.31635,10562.025,2.03,117.3,6248.725,4.93,3.0975,0.6512655,0.908548,1.3408324999999999,2.9016349999999997,182.8,8029.475,0.757877,0.912211,1.5260099999999999,3.1959925
2026-02-05 09:00:00+00:00,0.0,5.5,0.0,0.0,0.0,0.67,0.65,0.7057142857142856,0.66,0.0,6.885714285714286,4.3428571428571425,40.7,2.2714285714285714,2.8857142857142857,2.157142857142857,0.6571428571428571,6.154285714285714,4.268571428571429,5.535714285714286,8.65857142857143,49.957142857142856,403.8,234.62857142857143,405.40000000000003,232.47142857142856,404.9428571428571,234.32857142857142,404.74285714285713,233.87142857142857,4.482857142857143,1.000209142857143,1.2861757142857144,2.0270957142857142,4.315885714285714,10562.885714285714,2.03,117.3,6249.357142857143,4.93,3.0685714285714285,0.6500788571428571,0.9054647142857143,1.3404271428571428,2.89819,182.8,8030.099999999999,0.7596471428571429,0.9130251428571429,1.5288000000000002,3.201504285714286
2026-02-05 09:15:00+00:00,0.0,5.421568627450981,0.0,0.0,0.0,0.73,0.82,0.7,0.66,0.0,3.625,6.3375,25.349999999999998,2.4375,3.075,2.4124999999999996,0.41250000000000003,7.43625,8.067499999999999,5.54125,8.69125,49.9,403.71250000000003,233.975,405.5875,232.7625,404.8875,234.67499999999998,404.6875,233.8625,4.65625,1.8828224999999998,1.2858725,2.03858125,5.20603,10564.225,2.03,117.3,6250.1875,4.93,3.23625,1.55214875,0.904736,1.3394362499999999,3.79746375,182.8,8030.987499999999,1.0705275,0.91579,1.536105,3.52056125
2026-02-05 09:30:00+00:00,0.0,5.32,0.0,0.0,0.0,0.7128571428571429,0.7685714285714286,0.7,0.66,0.0,5.757142857142858,5.871428571428572,30.485714285714288,1.3285714285714287,2.9857142857142853,3.028571428571429,0.5285714285714286,7.158571428571428,7.228571428571429,5.55,8.7,49.92857142857143,404.7285714285714,234.78571428571428,406.42857142857144,233.25714285714284,405.75714285714287,235.25714285714284,405.5571428571429,234.41428571428574,4.63,1.6900814285714285,1.2928342857142856,2.0479314285714283,5.027251428571428,10565.328571428572,2.0328571428571425,117.3,6251.0,4.93,3.207142857142857,1.3381374285714287,0.9067432857142858,1.3418785714285715,3.58706,182.8,8031.800000000001,1.019953142857143,0.9199064285714286,1.5438414285714284,3.4827728571428573
2026-02-05 09:45:00+00:00,0.0,5.329670329670329,0.0,0.0,0.0,0.6928571428571428,0.72,0.7,0.6528571428571429,0.0,16.54285714285714,5.057142857142857,34.91428571428572,3.6142857142857143,2.8000000000000003,3.6857142857142855,0.5714285714285714,6.722857142857143,5.88,5.5600000000000005,8.741428571428571,49.92857142857143,405.87142857142857,235.58571428571426,407.65714285714284,233.8714285714286,407.0,235.81428571428572,406.84285714285716,235.05714285714288,4.6414285714285715,1.3846057142857142,1.2996871428571428,2.060894285714286,4.743265714285714,10566.514285714287,2.045714285714286,117.3,6251.900000000001,4.93,3.2028571428571433,1.0338988571428571,0.906309,1.349322857142857,3.291517142857143,182.8,8032.614285714286,0.9014340000000001,0.9291981428571429,1.5596271428571427,3.3896671428571428
2026-02-05 10:00:00+00:00,0.0,5.3,0.0,0.0,0.0,0.6857142857142857,0.7185714285714286,0.7,0.65,0.0,6.8999999999999995,5.671428571428572,34.31428571428571,1.6714285714285713,2.742857142857143,2.8000000000000003,0.4571428571428572,6.785714285714286,5.998571428571429,5.574285714285715,8.778571428571428,49.9,407.3,236.32857142857142,409.0857142857143,234.72857142857146,408.4142857142857,236.65714285714284,408.2142857142857,235.8857142857143,4.678571428571429,1.4140157142857142,1.3069414285714287,2.07516,4.795095714285714,10567.728571428572,2.064285714285714,117.3,6252.771428571429,4.93,3.2142857142857144,1.0550004285714285,0.9095127142857143,1.3499985714285714,3.315444285714286,182.8,8033.314285714286,0.9226425714285714,0.937304,1.5746585714285715,3.436382857142857
2026-02-05 10:15:00+00:00,0.0,5.5046728971962615,0.0,0.0,0.0,0.6825,0.7025,0.6912499999999999,0.65,0.0,6.225,5.5125,35.5625,1.35,2.6625,2.125,0.4625,6.32625,4.375,5.62125,8.83625,49.9875,409.5625,237.7625,411.2375,235.86249999999998,410.8125,237.7625,410.5375,237.1625,4.715,1.42529625,1.3264225,2.1036525,4.85738625,10568.8,2.08,117.3,6253.6875,4.93,3.225,1.04643425,0.918215875,1.36372625,3.3301575,182.8,8034.1,0.9523492499999999,0.95699075,1.6013225,3.508895
2026-02-05 10:30:00+00:00,0.0,5.3652173913043475,0.0,0.0,0.0,0.6633333333333334,0.6333333333333333,0.6933333333333332,0.65,0.0,5.566666666666666,5.566666666666666,40.6,2.2,1.8666666666666663,1.3666666666666667,0.5333333333333333,6.276666666666666,4.376666666666667,5.626666666666667,8.83,49.96666666666667,409.6333333333334,237.70000000000002,411.23333333333335,235.79999999999998,410.76666666666665,237.73333333333332,410.5666666666667,237.16666666666666,4.763333333333333,1.0407133333333334,1.3265533333333335,2.10164,4.465076666666667,10569.866666666667,2.0999999999999996,117.30000000000001,6254.466666666666,4.93,3.2433333333333336,0.6614503333333334,0.9203016666666666,1.3653633333333335,2.9397966666666666,182.8,8034.866666666667,0.8025093333333334,0.9576959999999999,1.5982366666666667,3.3571966666666664
2026-02-05 10:45:00+00:00,0.0,5.391304347826087,0.0,0.0,0.0,0.7277777777777777,0.82,0.7,0.65,0.0,5.055555555555555,3.0999999999999996,25.133333333333333,1.4777777777777779,2.9555555555555553,3.0555555555555554,0.4,7.4944444444444445,8.106666666666667,5.598888888888889,8.785555555555554,50.0,407.6111111111111,236.3777777777778,409.4555555555556,235.1222222222222,408.65555555555557,236.9777777777778,408.4555555555556,236.07777777777775,4.794444444444444,1.9100755555555555,1.3134322222222221,2.0819666666666667,5.304178888888889,10571.444444444445,2.1133333333333333,117.30000000000001,6255.555555555556,4.93,3.2655555555555558,1.5708044444444444,0.9189646666666665,1.3623788888888888,3.8469022222222216,182.8,8035.9333333333325,1.09029,0.9403214444444443,1.5741566666666666,3.604012222222222
2026-02-05 11:00:00+00:00,0.0,5.420454545454546,0.0,0.0,0.0,0.6685714285714285,0.6657142857142857,0.7,0.6585714285714286,0.0,7.042857142857144,7.657142857142858,38.628571428571426,2.085714285714286,8.12857142857143,6.085714285714286,0.5714285714285714,6.4399999999999995,4.909999999999999,5.604285714285714,8.814285714285715,50.0,408.09999999999997,236.91428571428574,409.84285714285716,235.21428571428572,409.38571428571424,237.17142857142858,409.09999999999997,236.35714285714286,4.731428571428572,1.16093,1.3175485714285717,2.090667142857143,4.565431428571428,10572.642857142857,2.0814285714285714,117.3,6256.442857142857,4.93,3.25,0.7944885714285714,0.9219907142857142,1.3691657142857143,3.0788900000000003,182.8,8036.742857142856,0.8357128571428571,0.9413795714285714,1.5786857142857145,3.356637142857143
2026-02-05 11:15:00+00:00,0.0,5.383928571428571,0.0,0.0,0.0,0.66,0.64,0.6977777777777777,0.6577777777777778,0.0,8.555555555555555,7.522222222222222,40.82222222222222,3.4000000000000004,8.033333333333333,5.566666666666666,0.5777777777777778,6.252222222222222,4.352222222222222,5.602222222222222,8.812222222222223,50.0,408.1111111111111,236.94444444444446,409.8333333333333,235.16666666666666,409.41111111111115,237.16666666666666,409.1111111111111,236.36666666666667,4.73,1.030552222222222,1.3178122222222222,2.0909866666666668,4.436346666666666,10573.166666666666,2.0822222222222226,117.30000000000001,6256.833333333333,4.93,3.25,0.6600158888888888,0.9205091111111111,1.36972,2.9466733333333335,182.8,8037.111111111111,0.7897162222222223,0.941689,1.5795533333333334,3.3119122222222224
2026-02-05 11:30:00+00:00,0.0,5.383838383838384,0.0,0.0,0.0,0.685,0.72,0.69875,0.65,0.0,4.25,4.800000000000001,32.512499999999996,1.6749999999999998,1.25,1.65,0.5375,6.8475,6.050000000000001,5.6225000000000005,8.8625,50.0375,408.9875,237.29999999999998,410.925,235.775,410.5125,237.9125,410.1625,237.0,4.75625,1.4319600000000001,1.3226499999999999,2.1093425,4.86354,10575.5,2.09,117.3,6258.4625,4.93,3.2675,1.0601975000000001,0.921247375,1.37261875,3.3486024999999997,182.8,8038.7,0.950377375,0.9497093750000001,1.60136125,3.5003125
2026-02-05 11:45:00+00:00,0.0,5.434108527131783,0.0,0.0,0.0,0.675,0.662,0.7,0.65,0.0,5.6899999999999995,6.710000000000001,37.45,2.3600000000000003,1.0699999999999998,1.8,0.5700000000000001,6.694,5.622,5.615,8.856,50.0,408.48,237.13000000000002,410.4,235.35999999999999,409.93,237.53000000000003,409.63,236.7,4.714,1.3312255,1.320779,2.104534,4.757678,10576.89,2.11,117.3,6259.5,4.93,3.192,0.926304,0.9184512,1.3681480000000001,3.21422,182.8,8039.74,0.9306914,0.9475988,1.5959720000000002,3.474617
2026-02-05 12:00:00+00:00,0.0,5.326923076923077,0.0,0.0,0.0,0.67625,0.65625,0.7,0.65,0.0,5.725,4.1125,36.487500000000004,1.725,1.65,2.05,0.5625,6.66375,5.5675,5.5975,8.82875,49.9375,407.3625,236.525,409.3375,234.7625,408.9625,236.9625,408.6,236.05,4.6875,1.3131745000000001,1.3117025,2.094215,4.7222275,10578.275,2.105,117.3,6260.462500000001,4.93,3.15,0.910780125,0.9177133749999999,1.3670275,3.1940825,182.8,8040.6875,0.924574,0.93832,1.58507,3.44827875
2026-02-05 12:15:00+00:00,0.0,5.451923076923077,0.0,0.0,0.0,0.65,0.57,0.7,0.65,0.0,7.449999999999999,4.8625,43.150000000000006,1.4375,2.2875,2.0375,0.6,6.1675,4.07375,5.59875,8.8325,49.9,407.775,236.9125,409.675,234.8125,409.375,237.0125,408.97499999999997,236.2625,4.67625,0.9647097499999999,1.31537,2.096155,4.37413,10579.5625,2.09,117.3,6261.35,4.93,3.15,0.5463257499999999,0.917907,1.36585,2.83109125,182.8,8041.5125,0.792886375,0.9408012499999999,1.5879637500000001,3.3216025
2026-02-05 12:30:00+00:00,0.0,5.5,0.0,0.0,0.0,0.685,0.685,0.7,0.65,0.0,5.525,4.7375,33.725,1.7249999999999999,1.775,1.875,0.55,6.9425,6.3675,5.6075,8.8525,50.0,407.6875,236.6,409.825,235.0,409.3,237.275,408.9,236.275,4.67625,1.3901235,1.3129675,2.09924375,4.804015,10580.8625,2.09625,117.3,6262.275000000001,4.93,3.15,1.1169495,0.921276375,1.37269125,3.41100125,182.8,8042.3875,0.98275275,0.93985025,1.59053625,3.47275125
2026-02-05 12:45:00+00:00,0.0,5.517543859649122,0.0,0.0,0.0,0.6655555555555556,0.6211111111111111,0.7,0.65,0.0,5.711111111111112,4.555555555555555,39.06666666666667,0.8444444444444446,2.122222222222222,2.0555555555555554,0.5777777777777778,6.449999999999999,4.905555555555556,5.607777777777778,8.844444444444443,49.922222222222224,407.73333333333335,236.84444444444443,409.7444444444444,235.0,409.22222222222223,237.04444444444445,408.9777777777778,236.27777777777777,4.68,1.1598017777777778,1.3184166666666668,2.0951677777777777,4.570722222222222,10581.866666666667,2.1,117.30000000000001,6263.011111111112,4.93,3.15,0.7535083333333333,0.9193722222222223,1.3630022222222222,3.033476666666667,182.8,8043.111111111111,0.8626557777777778,0.9426507777777778,1.5884866666666668,3.3936655555555557
2026-02-05 13:00:00+00:00,0.0,5.409090909090909,0.0,0.0,0.0,0.65,0.5655555555555556,0.7,0.65,0.0,6.722222222222222,3.1888888888888887,43.24444444444444,2.1666666666666665,2.888888888888889,2.2333333333333334,0.6333333333333333,6.177777777777777,4.077777777777778,5.61,8.855555555555554,49.97777777777778,408.15555555555557,237.15555555555557,410.1333333333333,235.16666666666666,409.82222222222225,237.35555555555553,409.4,236.53333333333336,4.68,0.9664595555555555,1.3182122222222223,2.101564444444444,4.387404444444444,10583.333333333334,2.1,117.30000000000001,6264.088888888889,4.93,3.15,0.5461548888888889,0.9200898888888889,1.3692066666666667,2.8338622222222223,182.8,8044.0666666666675,0.7950356666666667,0.9433607777777778,1.5916133333333333,3.3297511111111113
2026-02-05 13:15:00+00:00,0.0,5.520408163265306,0.0,0.0,0.0,0.6799999999999999,0.685,0.7,0.65,0.0,5.375,3.7874999999999996,33.7,1.55,2.5,1.7625,0.5875,6.7975,5.907500000000001,5.61125,8.8725,49.9875,408.35,237.1375,410.4375,235.3125,410.0125,237.63750000000002,409.5375,236.7,4.6925,1.398548125,1.3204075,2.10773,4.8301975,10584.6875,2.10625,117.3,6265.1,4.93,3.15625,1.0006552499999999,0.918449375,1.3758612499999998,3.3007275,182.8,8045.0125,0.95017475,0.946138375,1.59977625,3.49783625
2026-02-05 13:30:00+00:00,0.0,5.520408163265306,0.0,0.0,0.0,0.66875,0.6525000000000001,0.6962499999999999,0.65,0.0,6.875,2.4250000000000003,36.225,1.8375,2.3,3.8125,0.5625,6.68,5.52125,5.62375,8.90625,49.9375,409.33750000000003,237.375,411.3875,235.6375,411.0625,237.8875,410.625,237.225,4.70375,1.309443875,1.3269825,2.12016375,4.75794125,10586.1375,2.11375,117.3,6266.25,4.93,3.16,0.901006125,0.9201286249999999,1.381455,3.20359125,182.8,8045.912499999999,0.927530375,0.950309625,1.6086675,3.48655625
2026-02-05 13:45:00+00:00,0.0,5.389380530973451,0.0,0.0,0.0,0.6711111111111111,0.6666666666666666,0.6933333333333332,0.65,0.0,7.144444444444444,3.55,35.28888888888889,1.4000000000000001,1.6222222222222222,2.022222222222222,0.5555555555555556,6.817777777777778,5.8999999999999995,5.632222222222222,8.918888888888889,49.93333333333333,409.5222222222222,237.7555555555556,411.6333333333333,235.9888888888889,411.22222222222223,238.27777777777777,410.84444444444443,237.35555555555553,4.714444444444444,1.400745111111111,1.3284644444444444,2.1288644444444444,4.861692222222222,10587.477777777778,2.12,117.30000000000001,6267.211111111112,4.93,3.1622222222222223,0.9863464444444444,0.9259026666666667,1.385142222222222,3.295657777777778,182.8,8046.855555555555,0.9700817777777778,0.9545866666666666,1.6161633333333334,3.54248
2026-02-05 14:00:00+00:00,0.0,5.59,0.0,0.0,0.0,0.64,0.56,0.69,0.65,0.0,9.9875,4.1875,43.2,2.35,2.075,3.2875,0.6,6.2475000000000005,4.14375,5.6525,8.9525,49.9375,410.8625,238.8125,412.9,236.6625,412.5625,238.8875,412.1125,238.1625,4.737500000000001,0.9888485,1.3360425,2.1355675,4.4603225,10588.8125,2.1237500000000002,117.3,6268.1625,4.93,3.17375,0.55353375,0.926092125,1.385515,2.86781125,182.8,8047.712500000001,0.81801325,0.964232625,1.62594375,3.40865875
2026-02-05 14:15:00+00:00,0.0,5.476190476190476,0.0,0.0,0.0,0.68375,0.7100000000000001,0.69375,0.65,0.0,6.8,3.725,31.3,1.675,2.825,2.55,0.5375,6.9975,6.3975,5.65,8.94,50.0,410.5,238.2375,412.7,236.675,412.3625,238.975,411.85,237.9875,4.75625,1.5210777500000001,1.33455375,2.13663625,4.99183,10590.175,2.13,117.3,6269.1875,4.93,3.18,1.12620825,0.92707225,1.3882975,3.4380375,182.8,8048.625,1.003072875,0.9596555,1.6235587500000002,3.585595
2026-02-05 14:30:00+00:00,0.0,5.431034482758621,0.0,0.0,0.0,0.6788888888888889,0.6933333333333334,0.6933333333333332,0.65,0.0,5.455555555555556,3.7666666666666666,32.94444444444444,1.5555555555555556,1.9555555555555557,2.0777777777777775,0.5444444444444445,6.955555555555556,6.267777777777778,5.654444444444445,8.943333333333333,50.0,410.73333333333335,238.38888888888889,412.84444444444443,236.7444444444444,412.2444444444444,238.9777777777778,411.9111111111111,238.03333333333336,4.767777777777777,1.491617,1.3374588888888888,2.1368844444444446,4.9671199999999995,10591.422222222223,2.137777777777778,117.30000000000001,6270.1,4.93,3.195555555555556,1.0844957777777777,0.927722,1.3911288888888889,3.402541111111111,182.8,8049.488888888888,1.000301888888889,0.962018,1.6238611111111112,3.588052222222222
2026-02-05 14:45:00+00:00,0.0,5.4789915966386555,0.0,0.0,0.0,0.66625,0.64625,0.69,0.65,0.0,5.7125,5.5625,36.65,1.175,2.3875,2.45,0.5625,6.79,5.7275,5.66375,8.97875,50.0,411.3625,238.85,413.5,237.1125,413.3625,239.41250000000002,412.7,238.4625,4.76375,1.363047375,1.342455,2.14975875,4.853595,10592.8,2.14,117.3,6271.1125,4.93,3.19375,0.9360285,0.9289375,1.3936899999999999,3.2598237500000002,182.8,8050.35,0.967579375,0.9673715,1.63507125,3.56866625
2026-02-05 15:00:00+00:00,0.0,5.401960784313726,0.0,0.0,0.0,0.64,0.56,0.69,0.65,0.0,8.0375,5.675,43.1,1.0250000000000001,2.05,2.4625,0.6,6.25,4.1475,5.66,8.96,50.0,411.5,239.17499999999998,413.4625,237.0875,413.13750000000005,239.45,412.625,238.575,4.7775,0.99038375,1.3406799999999999,2.14058,4.47260375,10593.8375,2.1487499999999997,117.3,6271.775000000001,4.93,3.19,0.5545865,0.93139775,1.3973225,2.8839025,182.8,8050.975,0.8186471249999999,0.9656761250000001,1.62936,3.41301625
2026-02-05 15:15:00+00:00,0.0,5.232142857142857,0.0,0.0,0.0,0.64,0.56,0.69,0.65,0.0,8.5,5.677777777777778,42.9,2.0,1.7,1.6,0.6,6.29,4.19,5.68,9.01,50.0,413.2,240.1,415.0,238.0,414.7,240.2,414.3,239.4,4.78,1.00337,1.34907,2.15879,4.51297,10594.9,2.15,117.3,6272.7,4.93,3.19,0.559609,0.93271,1.3989,2.89463,182.8,8051.7,0.832581,0.97809,1.64776,3.45942
2026-02-05 15:30:00+00:00,0.0,5.336283185840708,0.0,0.0,0.0,0.68,0.6911111111111111,0.6988888888888888,0.6577777777777778,0.0,5.988888888888889,4.9,34.988888888888894,1.9222222222222223,2.6222222222222222,2.9333333333333336,0.6,6.593333333333334,5.34,5.607777777777778,8.834444444444445,50.0,407.7888888888889,236.8777777777778,409.70000000000005,234.8777777777778,409.44444444444446,237.16666666666666,409.0,236.31111111111113,4.796666666666666,1.2623837777777778,1.3161944444444444,2.0969088888888887,4.789121111111111,10596.566666666666,2.1533333333333338,117.30000000000001,6274.022222222222,4.93,3.197777777777778,0.860721,0.9219248888888889,1.3757044444444444,3.156111111111111,182.8,8052.888888888889,0.9008913333333334,0.9379388888888889,1.5820155555555555,3.42091
2026-02-05 15:45:00+00:00,0.0,5.456310679611651,0.0,0.0,0.0,0.6675,0.6725,0.7,0.6575,0.0,4.7625,6.3999999999999995,38.925,2.6125,1.9875,1.8,0.575,6.16125,4.06125,5.60125,8.81625,50.0375,407.55,236.7875,409.48749999999995,234.675,409.275,236.9125,408.725,236.1625,4.70125,0.962239,1.3143225,2.09303875,4.6157125,10598.0,2.1025,117.3,6275.0125,4.93,3.1825,0.5493257500000001,0.922277375,1.3740812500000001,2.8430625,182.8,8053.875,0.7894177499999999,0.9366561250000001,1.5776175000000001,3.303335
2026-02-05 16:00:00+00:00,0.0,5.3,0.0,0.0,0.0,0.68375,0.685,0.7,0.65375,0.0,4.9125000000000005,2.8874999999999997,33.525,1.675,2.2875,2.0,0.6,6.8,5.915,5.625,8.85375,50.0,408.52500000000003,237.1625,410.375,235.35,410.15,237.55,409.6625,236.7,4.6825,1.3980190000000001,1.31985125,2.101865,4.8193175,10599.325,2.09625,117.3,6275.9375,4.93,3.17,1.00671475,0.92160125,1.37824375,3.3058549999999998,182.8,8054.787499999999,0.9484525,0.944673625,1.5899025,3.4822725
2026-02-05 16:15:00+00:00,0.0,5.415841584158416,0.0,0.0,0.0,0.69125,0.71375,0.7,0.65375,0.0,4.8375,4.2375,31.775,2.15,2.025,1.5625,0.5375,7.0275,6.584999999999999,5.62625,8.8675,50.0,408.8625,237.275,410.6875,235.575,410.32500000000005,237.75,410.0375,236.8875,4.70125,1.557637,1.32426,2.10711875,4.98896125,10600.5,2.10375,117.3,6276.85,4.93,3.17375,1.16003425,0.923228125,1.3789525,3.461455,182.8,8055.575,1.019452625,0.947689625,1.5942975,3.5615725
2026-02-05 16:30:00+00:00,0.0,5.359550561797753,0.0,0.0,0.0,0.72,0.8,0.7,0.66,0.0,3.1,4.3,25.5,2.6,2.2,1.5,0.5,7.56,8.2,5.62,8.85,50.0,407.6,236.4,409.6,235.1,409.1,237.3,408.9,236.2,4.72,1.9304399999999997,1.32002,2.10008,5.353140000000001,10600.9,2.11,117.3,6277.2,4.93,3.18,1.54543,0.920742,1.37444,3.83885,182.8,8055.8,1.16278,0.940298,1.58687,3.69137
2026-02-05 16:45:00+00:00,0.0,5.3238095238095235,0.0,0.0,0.0,0.69125,0.71375,0.7,0.65375,0.0,5.7875000000000005,4.35,31.837500000000002,2.325,2.3875,1.5125,0.5375,7.02125,6.57125,5.62375,8.87125,50.0625,408.6,237.325,410.45,235.5,410.175,237.8,409.8,236.775,4.71375,1.554625125,1.32611,2.1122537500000003,4.99632125,10602.3375,2.11,117.3,6278.175,4.93,3.18,1.158203375,0.9221382499999999,1.37857625,3.46596625,182.8,8056.775,1.017991375,0.950361875,1.59823125,3.56682625
2026-02-05 17:00:00+00:00,0.0,5.468085106382978,0.0,0.0,0.0,0.6799999999999999,0.6971428571428573,0.6957142857142856,0.65,0.0,4.685714285714285,5.742857142857143,32.457142857142856,1.7857142857142858,1.6428571428571428,1.942857142857143,0.5428571428571428,6.954285714285715,6.298571428571429,5.652857142857143,8.912857142857144,50.028571428571425,410.24285714285713,238.08571428571426,412.07142857142856,236.3857142857143,411.8285714285715,238.65714285714284,411.40000000000003,237.67142857142858,4.731428571428572,1.494855,1.3319928571428572,2.1284899999999998,4.955412857142858,10604.0,2.117142857142857,117.3,6279.400000000001,4.93,3.187142857142857,1.0948785714285714,0.9258174285714286,1.3882028571428573,3.409721428571429,182.8,8057.928571428572,0.9974185714285715,0.958564,1.61477,3.5708242857142856
2026-02-05 17:15:00+00:00,0.0,5.409090909090909,0.0,0.0,0.0,0.6585714285714286,0.6028571428571429,0.6914285714285714,0.65,0.0,5.957142857142857,3.9,40.4,1.9857142857142858,1.6428571428571428,1.6285714285714286,0.5857142857142856,6.4142857142857155,4.682857142857143,5.651428571428572,8.901428571428571,50.0,410.38571428571424,238.29999999999998,412.04285714285714,236.28571428571428,411.8,238.4857142857143,411.5,237.74285714285716,4.74,1.1136282857142858,1.3306285714285713,2.1235585714285716,4.567677142857143,10605.014285714287,2.12,117.3,6280.057142857143,4.93,3.19,0.6919554285714286,0.9272968571428571,1.3869014285714287,3.0043414285714287,182.8,8058.557142857143,0.858284,0.958650857142857,1.6087257142857143,3.4266571428571426
2026-02-05 17:30:00+00:00,0.0,5.522935779816514,0.0,0.0,0.0,0.66875,0.6525,0.69,0.65,0.0,4.4,4.95,36.55,2.8125,3.5125,3.2125,0.5625,6.237500000000001,4.1425,5.6675,8.9075,50.0,411.0625,238.8125,412.66249999999997,236.7125,412.375,238.725,411.9875,238.07500000000002,4.74,1.36797975,1.3373025,2.1301900000000002,4.8338725,10606.15,2.12,117.3,6280.8875,4.93,3.1825,0.558137,0.928156875,1.38369125,2.86931,182.8,8059.3125,0.813920625,0.964267,1.6164175,3.54694375
2026-02-05 17:45:00+00:00,0.0,5.401869158878505,0.0,0.0,0.0,0.64625,0.5887500000000001,0.69,0.65,0.0,7.6375,3.7375000000000003,42.8375,2.1625,1.7249999999999999,1.575,0.6,6.42375,4.6187499999999995,5.6850000000000005,8.96625,50.0375,412.3375,239.4125,414.0,237.475,413.7875,239.61249999999998,413.425,238.8125,4.765000000000001,1.104463125,1.3483725,2.1486287500000003,4.6025625,10607.625,2.1325000000000003,117.3,6282.0375,4.93,3.1925000000000003,0.673979875,0.9313503750000001,1.3930799999999999,2.9972262499999998,182.8,8060.3375,0.8623894999999999,0.97545475,1.63612625,3.47446625
2026-02-05 18:00:00+00:00,0.0,5.482352941176471,0.0,0.0,0.0,0.6900000000000001,0.79,0.6900000000000001,0.65,0.0,7.8,4.2,42.7,0.6,1.4,1.6,0.6,7.46,7.72,5.69,8.97,50.0,411.8,238.8,413.5,237.3,412.9,239.3,412.8,238.5,4.78,1.84132,1.34536,2.14648,5.328830000000001,10608.3,2.14,117.3,6282.5,4.93,3.2,1.46801,0.9307609999999998,1.39129,3.79054,182.8,8060.8,1.11691,0.977944,1.63712,3.73076
2026-02-05 18:15:00+00:00,0.0,5.4,0.0,0.0,0.0,0.7,0.79,0.69,0.65,0.0,6.199999999999999,4.8428571428571425,35.114285714285714,0.75,1.5,1.7000000000000002,0.5571428571428572,7.529999999999999,7.91,5.695,8.995000000000001,50.0,412.3,239.0,414.1,237.7,413.54999999999995,239.75,413.4,238.85,4.79,1.8867500000000001,1.34988,2.1542149999999998,5.391795,10609.4,2.145,117.3,6283.3,4.93,3.1950000000000003,1.50061,0.9319455,1.3936799999999998,3.8262549999999997,182.8,8061.5,1.14768,0.9825445,1.646245,3.775835
2026-02-05 18:30:00+00:00,0.0,5.3979591836734695,0.0,0.0,0.0,0.6714285714285715,0.6614285714285714,0.6914285714285714,0.6514285714285715,0.0,6.857142857142857,6.9,34.150000000000006,1.6142857142857143,2.757142857142857,2.6714285714285713,0.55,6.878571428571428,5.967142857142856,5.691428571428572,8.971428571428572,50.0,412.1857142857143,239.14285714285714,413.95714285714286,237.52857142857144,413.5285714285714,239.6142857142857,413.2857142857143,238.74285714285716,4.805714285714286,1.4233525714285713,1.3501114285714286,2.1492785714285714,4.920617142857142,10611.271428571428,2.1557142857142857,117.3,6284.785714285715,4.93,3.1957142857142857,0.9968818571428572,0.9291951428571429,1.3893114285714285,3.3178014285714283,182.8,8062.771428571429,0.9919948571428572,0.9787461428571429,1.6395685714285713,3.6109814285714283
2026-02-05 18:45:00+00:00,0.0,5.311111111111111,0.0,0.0,0.0,0.65,0.58,0.7,0.66,0.0,7.514285714285714,3.5714285714285716,42.771428571428565,1.9142857142857144,1.9857142857142858,2.1571428571428575,0.6,6.1414285714285715,4.051428571428572,5.607142857142857,8.767142857142856,50.0,406.84285714285716,236.31428571428572,408.40000000000003,234.29999999999998,408.2857142857143,236.31428571428572,407.9142857142857,235.6142857142857,4.792857142857143,0.9569891428571429,1.3112971428571427,2.0725342857142857,4.340905714285715,10612.314285714285,2.1485714285714286,117.3,6285.571428571428,4.93,3.1942857142857144,0.5498208571428571,0.9210414285714286,1.3610114285714285,2.831712857142857,182.8,8063.471428571429,0.7819757142857142,0.9370374285714286,1.5631171428571429,3.279665714285714
2026-02-05 19:00:00+00:00,0.0,5.352941176470588,0.0,0.0,0.0,0.65,0.58,0.7,0.66,0.0,7.975,4.2250000000000005,42.824999999999996,1.925,2.575,2.3499999999999996,0.6,6.1274999999999995,4.0375,5.5975,8.7575,50.0,406.125,235.875,407.725,233.775,407.15,235.95,406.95000000000005,235.17499999999998,4.6825,0.95114525,1.3058725,2.06737,4.320202500000001,10613.3,2.0875,117.3,6286.299999999999,4.93,3.1675,0.54746275,0.91702175,1.353235,2.82816,182.8,8064.2,0.77503875,0.927533,1.5541825,3.2577024999999997
2026-02-05 19:15:00+00:00,0.0,5.287128712871287,0.0,0.0,0.0,0.685,0.69,0.7,0.66,0.0,5.775,6.2875000000000005,33.7875,1.8,2.3125,1.6875,0.5,6.79875,6.00875,5.605,8.7875,50.0,406.9125,236.175,408.5375,234.525,408.125,236.5,407.8625,235.6875,4.645,1.414461875,1.31083875,2.0756175,4.79746375,10614.6125,2.07,117.3,6287.1625,4.93,3.1550000000000002,1.0252805,0.918653625,1.3643637499999999,3.31474875,182.8,8065.0125,0.951449875,0.93530425,1.5652249999999999,3.4516375
2026-02-05 19:30:00+00:00,0.0,5.563218390804598,0.0,0.0,0.0,0.67,0.6428571428571429,0.7,0.66,0.0,7.557142857142858,6.771428571428571,37.699999999999996,0.8428571428571427,2.142857142857143,2.157142857142857,0.5428571428571428,6.524285714285715,5.177142857142856,5.602857142857142,8.785714285714286,50.0,406.95714285714286,236.28571428571428,408.61428571428576,234.44285714285715,408.2571428571428,236.4857142857143,407.95714285714286,235.65714285714284,4.647142857142858,1.2200000000000002,1.311802857142857,2.080972857142857,4.6111514285714295,10615.714285714286,2.077142857142857,117.3,6287.900000000001,4.93,3.1571428571428575,0.8218142857142857,0.9183579999999999,1.3709900000000002,3.1138185714285713,182.8,8065.699999999999,0.8804135714285714,0.9367138571428572,1.5690957142857143,3.3847957142857146
2026-02-05 19:45:00+00:00,0.0,5.310679611650485,0.0,0.0,0.0,0.65,0.5725,0.7,0.6525000000000001,0.0,7.4750000000000005,4.311111111111111,42.824999999999996,2.275,2.2,2.2750000000000004,0.6,6.165,4.0675,5.6075,8.8025,50.0,407.5,236.775,409.1,234.675,408.72499999999997,236.70000000000002,408.425,235.975,4.665,0.96272075,1.316445,2.0839625,4.3646375,10616.675,2.08,117.3,6288.7,4.93,3.16,0.55233625,0.91843075,1.3713175,2.8419749999999997,182.8,8066.425,0.7880555,0.9404605,1.5712275,3.299995
2026-02-05 20:00:00+00:00,0.0,5.465909090909091,0.0,0.0,0.0,0.6900000000000001,0.7014285714285714,0.7,0.6557142857142857,0.0,5.828571428571428,4.385714285714285,32.51428571428571,1.8857142857142857,2.542857142857143,2.142857142857143,0.5428571428571428,6.912857142857143,6.321428571428571,5.615714285714286,8.798571428571428,50.0,407.07142857142856,236.15714285714284,408.7857142857143,234.51428571428573,408.15714285714284,236.62857142857143,407.9714285714286,235.75714285714284,4.67,1.4897587142857145,1.3152285714285714,2.0787514285714286,4.883401428571429,10617.699999999999,2.08,117.3,6289.528571428571,4.93,3.16,1.1024275714285714,0.9197147142857143,1.3684057142857142,3.3897642857142856,182.8,8067.171428571429,0.9826369999999999,0.9394655714285715,1.5696342857142855,3.4919328571428574
2026-02-05 20:15:00+00:00,0.0,5.495145631067961,0.0,0.0,0.0,0.72,0.8,0.7,0.66,0.0,4.8,5.5,24.8,1.2,2.8,2.1,0.5,7.47,8.01,5.62,8.79,50.0,406.6,235.6,408.4,234.3,407.6,236.5,407.5,235.5,4.67,1.88387,1.313,2.07417,5.26894,10618.3,2.08,117.3,6290.0,4.93,3.16,1.51443,0.920658,1.36643,3.80052,182.8,8067.6,1.12739,0.937615,1.56774,3.63235
2026-02-05 20:30:00+00:00,0.0,5.604651162790698,0.0,0.0,0.0,0.6900000000000001,0.7014285714285714,0.7,0.6514285714285715,0.0,6.8999999999999995,5.8,32.04285714285714,1.9285714285714286,2.2857142857142856,4.542857142857143,0.5,6.878571428571428,6.188571428571429,5.628571428571428,8.815714285714286,50.0,407.88571428571424,236.54285714285714,409.5142857142857,235.02857142857144,408.9714285714286,236.97142857142856,408.74285714285713,236.1857142857143,4.67,1.4617588571428572,1.3204914285714284,2.0902371428571427,4.871851428571429,10620.314285714285,2.08,117.3,6291.371428571429,4.93,3.16,1.0776192857142857,0.922365,1.3641842857142856,3.367572857142857,182.8,8068.928571428572,0.9656141428571428,0.9449727142857143,1.5812485714285713,3.4925157142857146
2026-02-05 20:45:00+00:00,0.0,5.53921568627451,0.0,0.0,0.0,0.65,0.57875,0.7,0.6587500000000001,0.0,8.174999999999999,2.05,42.7,3.0875,2.2125,1.6625,0.5875,6.1625,4.06375,5.63,8.79375,50.0,407.98749999999995,236.9375,409.3875,234.85000000000002,408.75,236.85000000000002,408.71250000000003,236.1625,4.67,0.964458,1.316965,2.0810125,4.36690875,10621.6125,2.09,117.3,6292.287499999999,4.93,3.15,0.552409625,0.91975425,1.36573125,2.8421525,182.8,8069.787499999999,0.78694925,0.942868875,1.574735,3.30600875
2026-02-05 21:00:00+00:00,0.0,5.5,0.0,0.0,0.0,0.7000000000000001,0.7342857142857143,0.6928571428571428,0.6571428571428573,0.0,5.785714285714286,6.985714285714286,30.2,4.714285714285714,3.414285714285714,2.157142857142857,0.5,7.151428571428572,7.0042857142857144,5.63,8.827142857142857,50.0,408.2428571428572,236.70000000000002,409.85714285714283,235.27142857142857,409.30000000000007,237.27142857142857,409.14285714285717,236.3857142857143,4.684285714285714,1.6535165714285713,1.324697142857143,2.0988842857142855,5.056711428571428,10622.828571428572,2.09,117.3,6293.185714285714,4.93,3.164285714285714,1.2585245714285713,0.9218951428571429,1.3688157142857145,3.5458585714285715,182.8,8070.542857142857,1.0540282857142858,0.947299,1.5847300000000002,3.587472857142857
2026-02-05 21:15:00+00:00,0.0,5.383720930232558,0.0,0.0,0.0,0.6799999999999999,0.6685714285714285,0.6985714285714285,0.6514285714285715,0.0,5.785714285714286,3.642857142857143,39.771428571428565,2.7142857142857144,1.9000000000000001,1.842857142857143,0.5857142857142856,6.6971428571428575,5.672857142857143,5.627142857142857,8.807142857142859,50.0,408.07142857142856,236.72857142857143,409.57142857142856,235.0142857142857,409.07142857142856,236.9857142857143,408.8285714285715,236.24285714285716,4.681428571428571,1.3415942857142855,1.3213857142857144,2.0907957142857145,4.749499999999999,10623.914285714285,2.09,117.3,6294.0142857142855,4.93,3.1699999999999995,0.9487248571428571,0.9218888571428572,1.3633214285714286,3.238995714285714,182.8,8071.342857142858,0.9237137142857144,0.9467361428571428,1.580552857142857,3.4509014285714286
2026-02-05 21:30:00+00:00,0.0,5.424242424242424,0.0,0.0,0.0,0.685,0.68625,0.7012499999999999,0.655,0.0,8.05,3.7125,35.574999999999996,1.4000000000000001,1.925,2.0,0.5625,6.7675,5.895,5.61875,8.79625,50.0,407.2625,236.28750000000002,408.85,234.625,408.4625,236.6375,408.20000000000005,235.825,4.67125,1.388807125,1.31599125,2.079805,4.7817175,10625.225,2.09,117.3,6294.95,4.93,3.16125,1.006100875,0.919879875,1.3625924999999999,3.29031625,182.8,8072.2125,0.935891375,0.9415402500000001,1.57406375,3.4522987499999997
2026-02-05 21:45:00+00:00,0.0,5.359550561797753,0.0,0.0,0.0,0.65,0.58,0.71,0.66,0.0,10.5,4.2250000000000005,42.8,1.6,3.8,3.9,0.6,6.14,4.04,5.61,8.76,50.0,406.5,236.0,408.0,234.0,408.2,236.2,407.6,235.4,4.67,0.951848,1.3072199999999998,2.05761,4.31196,10625.9,2.09,117.3,6295.5,4.93,3.16,0.550282,0.917472,1.35955,2.83033,182.8,8072.7,0.777098,0.933758,1.55988,3.26914
2026-02-05 22:00:00+00:00,0.0,5.382352941176471,0.0,0.0,0.0,0.65,0.58,0.7062499999999999,0.66,0.0,9.075,5.475,42.8375,1.5625,3.05,2.9625,0.6,6.1362499999999995,4.04,5.6025,8.76,50.0,406.275,235.925,407.85,233.925,407.7875,236.0875,407.3,235.2875,4.6625,0.9504725,1.30540125,2.0582624999999997,4.31181,10626.6875,2.0825,117.3,6296.025,4.93,3.16,0.549716125,0.917314875,1.358725,2.8284175,182.8,8073.225,0.775848125,0.93151025,1.5574425,3.2639987500000003
2026-02-05 22:15:00+00:00,0.0,5.275229357798165,0.0,0.0,0.0,0.6825,0.6625,0.705,0.66,0.0,7.9625,6.225,35.825,2.45,3.85,2.2,0.5625,6.563750000000001,5.8525,5.57875,8.7325,50.0,404.6125,234.875,406.25,233.11249999999998,405.71250000000003,235.14999999999998,405.53749999999997,234.35,4.62625,1.262524625,1.29650625,2.0517175,4.61176,10628.7125,2.05875,117.3,6297.45,4.93,3.1487499999999997,0.883375875,0.9145378750000001,1.35189125,3.149145,182.8,8074.6375,0.880495875,0.921338875,1.5423125,3.342845
2026-02-05 22:30:00+00:00,0.0,5.34065934065934,0.0,0.0,0.0,0.7028571428571428,0.7371428571428572,0.7071428571428571,0.66,0.0,8.871428571428572,4.3,29.685714285714283,5.914285714285714,5.357142857142857,2.4285714285714284,0.5285714285714286,7.015714285714286,6.771428571428571,5.574285714285714,8.704285714285716,50.0,403.6285714285714,234.12857142857143,405.34285714285716,232.65714285714284,404.80000000000007,234.65714285714284,404.57142857142856,233.8142857142857,4.6,1.5776482857142857,1.2930971428571427,2.038337142857143,4.911417142857142,10629.828571428572,2.05,117.3,6298.214285714285,4.93,3.14,1.211422,0.9139118571428572,1.3451799999999998,3.468762857142857,182.8,8075.314285714286,0.9973911428571428,0.9160881428571429,1.5327857142857142,3.443887142857143
2026-02-05 22:45:00+00:00,0.0,5.564356435643564,0.0,0.0,0.0,0.6675,0.61625,0.71,0.66,0.0,6.3625,6.0125,40.4875,2.25,2.8125,2.1875,0.55,6.57625,5.76375,5.55875,8.66,50.0,402.2625,233.4375,403.9875,231.6625,403.52500000000003,233.675,403.5,232.95,4.57375,1.0367225,1.28513125,2.021305,4.3438925,10630.925,2.0324999999999998,117.3,6299.1125,4.93,3.13125,0.661936375,0.91346075,1.34069,2.91349,182.8,8076.075,0.78859775,0.906499125,1.5128875,3.2072575
2026-02-05 23:00:00+00:00,0.0,5.574712643678161,0.0,0.0,0.0,0.7000000000000001,0.7157142857142856,0.71,0.6657142857142857,0.0,10.571428571428571,4.857142857142857,31.72857142857143,5.6,2.914285714285714,5.9,0.5428571428571428,6.725714285714285,6.018571428571429,5.548571428571428,8.602857142857143,50.0,400.8285714285715,232.57142857142858,402.35714285714283,230.91428571428574,401.6857142857143,232.81428571428572,401.7,232.05714285714288,4.55,1.3958335714285715,1.2770057142857143,2.0001614285714284,4.675424285714286,10632.142857142857,2.02,117.3,6299.971428571429,4.93,3.13,1.0464062857142857,0.9116841428571429,1.3333942857142858,3.2906885714285714,182.8,8076.871428571429,0.9044928571428572,0.8968288571428572,1.492927142857143,3.2941728571428572
2026-02-05 23:15:00+00:00,0.0,5.3173076923076925,0.0,0.0,0.0,0.66,0.59,0.71,0.67,0.0,8.1,3.9,42.7,4.5,4.2,3.8,0.6,6.0,3.91,5.51,8.56,50.0,399.7,232.1,401.1,230.1,400.7,232.0,400.5,231.4,4.52,0.909842,1.27204,1.98588,4.16976,10632.9,2.0,117.3,6300.5,4.93,3.13,0.540032,0.906887,1.32642,2.76927,182.8,8077.3,0.729412,0.890517,1.48251,3.10586
2026-02-05 23:30:00+00:00,0.0,5.388888888888889,0.0,0.0,0.0,0.66,0.59,0.71,0.6657142857142857,0.0,8.357142857142858,5.6571428571428575,42.65714285714286,3.085714285714286,3.085714285714286,3.2857142857142856,0.6,6.038571428571428,3.9699999999999998,5.54,8.615714285714287,50.0,401.62857142857143,233.21428571428572,402.9428571428571,231.17142857142858,402.62857142857143,233.07142857142858,402.38571428571424,232.5142857142857,4.515714285714286,0.9204602857142857,1.280152857142857,2.0034085714285714,4.205584285714286,10633.671428571428,2.0,117.3,6301.057142857143,4.93,3.117142857142857,0.5434725714285714,0.9107047142857143,1.336517142857143,2.7877842857142854,182.8,8077.900000000001,0.7413057142857143,0.9017545714285714,1.4985257142857142,3.1422414285714284
2026-02-05 23:45:00+00:00,0.0,5.336842105263158,0.0,0.0,0.0,0.66,0.59,0.71,0.66,0.0,8.185714285714285,3.2857142857142856,42.42857142857143,1.8,2.1999999999999997,2.085714285714286,0.6,6.04,3.97,5.55,8.61,50.0,401.9,233.8,402.5,231.7,402.3,233.4,402.1,232.6,4.57,0.927198,1.28657,2.00906,4.2165,10635.214285714286,2.0342857142857143,117.3,6302.142857142857,4.93,3.1257142857142854,0.543596,0.8989009999999998,1.33327,2.77973,182.8,8079.1,0.739536,0.9060689999999999,1.49987,3.15769
2026-02-06 00:00:00+00:00,0.0,5.456310679611651,0.0,0.0,0.0,0.6725,0.6224999999999999,0.70875,0.6687500000000001,0.0,7.800000000000001,7.4,40.2375,2.6625,2.925,3.6,0.5875,6.17375,4.88875,5.53875,8.58125,49.95,401.175,232.85,402.45,230.95,402.075,232.85,401.8875,232.225,4.465000000000001,1.023885,1.27325625,1.9930824999999999,4.29066375,10636.6,2.0075,117.3,6303.2,4.93,3.05,0.65782925,0.907146375,1.3307325,2.89387625,182.8,8079.925,0.77401925,0.89663425,1.48711875,3.1572125
2026-02-06 00:15:00+00:00,0.0,5.403846153846154,0.0,0.0,0.0,0.675,0.645,0.7,0.66,0.0,6.824999999999999,10.425,37.95,2.875,1.575,1.575,0.575,6.4,4.9375,5.585,8.68,50.075,404.1,234.64999999999998,405.375,232.675,404.925,234.425,404.85,233.875,4.36,1.15840025,1.2992325,2.03712,4.4960474999999995,10637.550000000001,1.99,117.3,6303.925,4.93,2.98,0.78092875,0.918316,1.3482825,3.045485,182.8,8080.6,0.8377527499999999,0.92041725,1.5273675,3.2829800000000002
2026-02-06 00:30:00+00:00,0.0,5.376344086021505,0.0,0.0,0.0,0.6900000000000001,0.6799999999999999,0.71,0.66,0.0,6.357142857142857,4.185714285714286,35.15714285714286,2.6714285714285713,2.3857142857142857,1.9714285714285715,0.5571428571428572,6.648571428571429,5.7457142857142856,5.552857142857143,8.641428571428571,50.0,402.07142857142856,233.3857142857143,403.45714285714286,231.52857142857144,403.12857142857143,233.52857142857144,402.88571428571424,232.79999999999998,4.4,1.3366745714285713,1.283407142857143,2.0191285714285714,4.639504285714286,10638.92857142857,2.04,117.3,6304.871428571429,4.93,2.95,0.9644722857142858,0.9110491428571429,1.3403571428571428,3.2161728571428574,182.8,8081.528571428571,0.9060685714285714,0.9055422857142856,1.5094385714285714,3.3212085714285715
2026-02-06 00:45:00+00:00,0.0,5.46,0.0,0.0,0.0,0.66,0.59,0.71,0.67,0.0,7.699999999999999,5.6,42.8,2.775,2.7249999999999996,2.9499999999999997,0.525,6.035,3.9475000000000002,5.545,8.605,50.0,401.65,233.375,403.05,231.375,402.65,233.125,402.475,232.6,4.467499999999999,0.919144,1.2803925,2.0065475,4.2093225,10639.75,2.0175,117.3,6305.575,4.93,3.05,0.544654,0.9121585,1.3368675,2.789015,182.8,8082.175,0.74019125,0.90030525,1.4980125,3.13783
2026-02-06 01:00:00+00:00,0.0,5.5,0.0,0.0,0.0,0.6799999999999999,0.6528571428571429,0.71,0.6671428571428571,0.0,3.457142857142857,6.671428571428572,37.37142857142857,1.657142857142857,2.814285714285714,2.357142857142857,0.5714285714285714,6.38,5.011428571428572,5.532857142857144,8.595714285714285,50.0,400.97142857142853,232.77142857142857,402.42857142857144,230.94285714285712,401.9142857142857,232.81428571428572,401.81428571428575,232.15714285714287,4.46,1.1635842857142857,1.2774685714285714,2.0019314285714285,4.4449185714285715,10640.785714285714,2.01,117.3,6306.271428571429,4.93,3.05,0.7992257142857142,0.9082075714285713,1.331402857142857,3.0411528571428574,182.8,8082.871428571429,0.82503,0.8957834285714286,1.4918171428571427,3.21245
2026-02-06 01:15:00+00:00,0.0,5.383838383838384,0.0,0.0,0.0,0.69125,0.65,0.7175,0.6787500000000001,0.0,7.1,3.2,39.400000000000006,1.6625,2.725,2.8249999999999997,0.5625,6.48875,5.1125,5.53375,8.81375,50.0,400.25,232.35,401.6875,230.4625,401.0375,232.32500000000002,401.02500000000003,231.6875,4.39625,1.185266,1.2725149999999998,2.0479175,4.50808625,10642.05,2.0,117.3,6307.125,4.93,2.99625,0.82554525,0.911454,1.39223125,3.1275537499999997,182.8,8083.650000000001,0.8291357500000001,0.892416125,1.5017150000000001,3.2217100000000003
2026-02-06 01:30:00+00:00,0.0,5.301075268817204,0.0,0.0,0.0,0.7571428571428571,0.7928571428571428,0.7142857142857143,0.75,0.0,4.057142857142858,4.5875,40.385714285714286,2.0,2.6714285714285713,2.6571428571428575,0.4571428571428572,7.791428571428571,7.397142857142858,5.548571428571428,10.432857142857143,50.0,399.88571428571424,232.0285714285714,401.2285714285714,230.3714285714286,400.5285714285714,232.0142857142857,400.5857142857143,231.5142857142857,4.3757142857142854,1.7143600000000003,1.27621,2.4234428571428572,5.41596,10643.314285714285,2.0385714285714287,117.3,6307.971428571429,4.93,2.994285714285714,1.3730521428571427,0.9126331428571428,1.8092314285714284,4.093388571428571,182.8,8084.585714285714,1.0162077142857142,0.8932117142857142,1.6114899999999999,3.521117142857143
2026-02-06 01:45:00+00:00,0.0,5.3431372549019605,0.0,0.0,0.0,0.72875,0.7575000000000001,0.7175,0.72,0.0,6.6875,4.175,38.4625,2.1125,2.3875,2.7375,0.5,6.99,5.72625,5.53625,9.70375,50.0,399.7625,231.975,401.25,230.2125,400.775,232.0625,400.575,231.45,5.1525,1.32509125,1.272715,2.25094125,4.85175,10644.6375,2.3525,117.3,6308.85,4.93,3.82625,0.997027375,0.910010125,1.6191825,3.5281275,182.8,8085.5875,0.86693575,0.88934525,1.55458375,3.315855
2026-02-06 02:00:00+00:00,0.0,5.3522727272727275,0.0,0.0,0.0,0.71,0.6971428571428572,0.72,0.7085714285714285,0.0,3.885714285714286,5.257142857142858,41.24285714285714,2.314285714285714,2.6142857142857143,2.2142857142857144,0.5,6.662857142857143,5.038571428571429,5.534285714285715,9.415714285714285,50.0,399.59999999999997,231.95714285714286,401.04285714285714,230.12857142857143,400.4428571428571,231.82857142857142,400.4142857142857,231.34285714285716,5.19,1.1681844285714287,1.2736457142857145,2.18294,4.626537142857144,10645.785714285714,2.39,117.3,6309.671428571428,4.93,3.87,0.8257017142857144,0.9102047142857143,1.5473642857142857,3.283622857142857,182.8,8086.414285714286,0.8134767142857143,0.8891479999999999,1.5319985714285715,3.237152857142857
2026-02-06 02:15:00+00:00,0.0,5.445544554455446,0.0,0.0,0.0,0.74,0.75,0.72,0.75,0.0,5.25,5.8625,43.9625,2.0125,2.8625,1.95,0.5,7.1937500000000005,5.68375,5.53625,10.35,50.0,398.6625,231.4,400.1,229.7125,399.59999999999997,231.275,399.4625,230.8,4.62875,1.31415625,1.27259125,2.39828625,4.98204,10647.125,2.17375,117.3,6310.5875,4.93,3.28375,0.982581,0.91346075,1.79214,3.68689,182.8,8087.3,0.871686,0.8854203749999999,1.58930125,3.347425
2026-02-06 02:30:00+00:00,0.0,5.482758620689655,0.0,0.0,0.0,0.75,0.7857142857142857,0.71,0.7428571428571429,0.0,3.4285714285714284,4.257142857142857,39.9,2.314285714285714,2.6142857142857143,2.642857142857143,0.42857142857142855,7.83,7.405714285714285,5.6000000000000005,10.48142857142857,50.0,403.2857142857143,233.97142857142856,404.74285714285713,232.54285714285714,403.9142857142857,233.94285714285712,403.92857142857144,233.45714285714286,5.1814285714285715,1.729115714285714,1.3003057142857144,2.452995714285714,5.483358571428572,10648.414285714285,2.3685714285714283,117.3,6311.400000000001,4.93,3.857142857142857,1.3772134285714286,0.9204664285714286,1.8152057142857143,4.114958571428572,182.8,8088.271428571429,1.035791142857143,0.9160437142857143,1.6426957142857144,3.5985085714285714
2026-02-06 02:45:00+00:00,0.0,5.542553191489362,0.0,0.0,0.0,0.7414285714285713,0.7699999999999999,0.7,0.7371428571428572,0.0,3.2714285714285714,2.3428571428571425,41.42857142857143,1.6999999999999997,2.357142857142857,2.5285714285714285,0.37142857142857144,7.738571428571428,7.0042857142857144,5.6414285714285715,10.569999999999999,50.0,406.4142857142857,235.68571428571428,407.87142857142857,234.27142857142857,407.0571428571429,235.62857142857143,407.11428571428576,235.22857142857143,5.3742857142857146,1.6477642857142858,1.3213000000000001,2.494148571428571,5.4653285714285715,10649.57142857143,2.454285714285714,117.3,6312.271428571429,4.93,4.0,1.2879994285714287,0.9261048571428571,1.834507142857143,4.051852857142857,182.8,8089.128571428571,1.0150807142857143,0.9397861428571429,1.6830800000000001,3.6388614285714285
2026-02-06 03:00:00+00:00,0.0,5.54,0.0,0.0,0.0,0.74375,0.77625,0.7,0.73875,0.0,5.775,6.05,41.0375,1.625,1.6,2.05,0.3875,7.5825,6.547499999999999,5.64,10.56375,50.0,406.1125,235.675,407.5375,234.13750000000002,406.875,235.4125,406.8625,235.1125,5.41,1.5567325,1.31963875,2.48998125,5.36625375,10651.012499999999,2.49,117.3,6313.2,4.93,4.0,1.2132325,0.9253478749999999,1.829985,3.9737725,182.8,8090.2,0.96157925,0.94092725,1.6827325,3.58601875
2026-02-06 03:15:00+00:00,0.0,5.396396396396397,0.0,0.0,0.0,0.7625,0.83,0.7,0.74,0.0,4.725,6.2250000000000005,37.25,1.8250000000000002,2.2,1.9000000000000001,0.35,8.465,9.17,5.6475,10.5825,50.025,405.725,235.175,407.3,234.1,406.375,235.525,406.45,234.95,5.369999999999999,2.14872,1.3189475,2.4881925000000003,5.9528625,10652.275,2.49,117.3,6314.0,4.93,3.9875000000000003,1.7994025,0.927203,1.8324675,4.5660075,182.8,8091.125,1.170386,0.9384955,1.683325,3.7912049999999997
2026-02-06 03:30:00+00:00,0.0,5.3232323232323235,0.0,0.0,0.0,0.74,0.7700000000000001,0.7,0.74,0.0,2.1,7.2,41.6,1.0,4.3,1.3,0.5,7.46,6.17,5.64,10.56,50.1,406.1,235.7,407.6,234.1,406.9,235.6,406.9,235.1,5.55,1.45386,1.31786,2.4854999999999996,5.25573,10653.1,2.4899999999999998,117.3,6314.6,4.93,4.16,1.11262,0.927596,1.83597,3.87201,182.8,8091.8,0.930824,0.934597,1.67719,3.54276
2026-02-06 03:45:00+00:00,0.0,5.471264367816092,0.0,0.0,0.0,0.74,0.7700000000000001,0.7,0.74,0.0,2.1,3.085714285714286,41.6,1.4285714285714286,2.3285714285714287,1.6428571428571428,0.4142857142857143,7.442857142857143,6.152857142857143,5.64,10.542857142857143,50.01428571428572,405.5857142857143,235.35714285714286,407.0,233.75714285714284,406.2142857142857,235.25714285714284,406.3,234.75714285714284,5.541428571428571,1.4485542857142857,1.31522,2.4787971428571427,5.244707142857143,10654.642857142857,2.4899999999999998,117.3,6315.542857142857,4.93,4.151428571428572,1.1102457142857143,0.9269848571428572,1.8392014285714284,3.8818071428571423,182.8,8092.914285714286,0.9289194285714286,0.9329624285714286,1.6739585714285714,3.536631428571429
2026-02-06 04:00:00+00:00,0.0,5.42,0.0,0.0,0.0,0.73,0.76,0.7,0.735,0.0,5.35,7.300000000000001,41.650000000000006,2.55,2.4000000000000004,2.5,0.5,7.485,6.205,5.65,10.605,50.0,407.65,236.6,409.1,234.95,408.5,236.6,408.35,236.0,5.41,1.4653550000000002,1.32428,2.50788,5.300235000000001,10656.45,2.49,117.3,6316.8,4.93,4.01,1.1176949999999999,0.9274804999999999,1.8433,3.88983,182.8,8094.25,0.9471,0.9442075000000001,1.69922,3.592785
2026-02-06 04:15:00+00:00,0.0,5.488888888888889,0.0,0.0,0.0,0.7299999999999999,0.76,0.7,0.7299999999999999,0.0,5.8428571428571425,5.428571428571429,41.65714285714286,1.8,3.042857142857143,2.9857142857142853,0.4,7.49,6.204285714285715,5.660000000000001,10.61,50.0,407.9142857142857,236.68571428571428,409.40000000000003,235.12857142857143,408.6857142857143,236.5142857142857,408.5857142857143,236.12857142857143,5.42,1.4656814285714286,1.3268471428571427,2.5070728571428575,5.300515714285715,10657.842857142856,2.5100000000000002,117.3,6317.728571428571,4.93,4.01,1.1177914285714288,0.928596,1.8434971428571427,3.888198571428571,182.8,8095.328571428572,0.951508857142857,0.950452,1.703477142857143,3.6056314285714284
2026-02-06 04:30:00+00:00,0.0,5.42,0.0,0.0,0.0,0.73,0.76,0.7,0.73625,0.0,8.075,2.4625,41.4625,2.025,3.0625,2.325,0.4,7.483750000000001,6.20125,5.6537500000000005,10.59375,50.0,407.9875,236.65,409.325,235.1125,408.525,236.5375,408.6875,236.1125,5.58,1.4664525,1.3260525,2.50119625,5.29523125,10659.1375,2.51,117.3,6318.6125,4.93,4.17,1.11802625,0.926021625,1.84038875,3.88314125,182.8,8096.2125,0.950011125,0.950495625,1.7011875,3.6026237500000002
2026-02-06 04:45:00+00:00,0.0,5.32183908045977,0.0,0.0,0.0,0.7528571428571428,0.8114285714285714,0.7,0.7314285714285714,0.0,4.314285714285714,6.714285714285714,38.67142857142857,2.8857142857142857,3.085714285714286,2.7857142857142856,0.34285714285714286,8.319999999999999,8.684285714285714,5.661428571428572,10.615714285714287,50.0,407.85714285714283,236.3857142857143,409.35714285714283,235.31428571428572,408.5857142857143,236.64285714285714,408.5,236.1142857142857,5.548571428571428,2.0474542857142857,1.3299114285714286,2.510992857142857,5.88474,10660.542857142858,2.5100000000000002,117.3,6319.6,4.93,4.127142857142857,1.6786485714285715,0.9266858571428571,1.8409414285714285,4.449324285714286,182.8,8097.371428571429,1.1645732857142856,0.9522459999999999,1.7079671428571428,3.823952857142857
2026-02-06 05:00:00+00:00,0.0,5.43,0.0,0.0,0.0,0.73,0.76,0.6912499999999999,0.73,0.0,4.1875,3.9444444444444446,41.6875,3.2,3.2875,2.8,0.4,7.49125,6.202500000000001,5.657500000000001,10.5975,49.95,408.1125,236.875,409.5875,235.3125,408.9875,236.6125,408.975,236.25,5.449999999999999,1.46987625,1.328775,2.51306875,5.313335,10661.974999999999,2.51,117.3,6320.4625,4.93,4.02,1.11567375,0.925864375,1.83771875,3.8777150000000002,182.8,8098.4375,0.9574891249999999,0.953791625,1.7122825,3.6247262499999997
2026-02-06 05:15:00+00:00,0.0,5.474747474747475,0.0,0.0,0.0,0.73,0.76,0.7,0.73,0.0,5.3375,6.8375,41.5875,1.5125000000000002,2.425,2.3625,0.4,7.48375,6.2175,5.64875,10.58875,50.0375,408.35,236.9375,409.7875,235.375,409.03749999999997,236.775,409.0125,236.375,5.375,1.4692825,1.3250375,2.50553625,5.30092375,10663.4625,2.51,117.3,6321.45,4.93,3.945,1.12045625,0.925413375,1.83727375,3.8820225,182.8,8099.55,0.952007625,0.949675375,1.70424625,3.60657125
2026-02-06 05:30:00+00:00,0.0,5.488888888888889,0.0,0.0,0.0,0.7299999999999999,0.76,0.7,0.7299999999999999,0.0,6.057142857142857,6.1,41.55714285714286,2.1,3.128571428571429,2.257142857142857,0.4,7.482857142857143,6.204285714285715,5.644285714285714,10.6,50.0,408.37142857142857,236.92857142857142,409.7714285714286,235.35714285714286,409.0,236.75714285714284,409.04285714285714,236.35714285714286,5.581428571428572,1.4688785714285715,1.3248342857142856,2.5118685714285713,5.303215714285714,10664.814285714285,2.5100000000000002,117.3,6322.442857142857,4.93,4.154285714285714,1.1170371428571428,0.9237721428571428,1.8425357142857144,3.8825614285714285,182.8,8100.542857142857,0.9553541428571428,0.949934,1.7068828571428571,3.613914285714286
2026-02-06 05:45:00+00:00,0.0,5.355769230769231,0.0,0.0,0.0,0.73,0.76,0.69875,0.73,0.0,5.6125,5.0625,41.6,1.8250000000000002,2.325,2.0375,0.4,7.4925,6.2125,5.66125,10.6025,50.0,408.875,237.23749999999998,410.4625,235.73749999999998,409.6625,237.125,409.6625,236.73749999999998,5.61125,1.47127625,1.3305025000000001,2.51570875,5.319865,10665.6125,2.51125,117.3,6322.9375,4.93,4.188750000000001,1.11936875,0.930242375,1.84498875,3.89004875,182.8,8101.075,0.95668975,0.954276125,1.71279,3.6261
2026-02-06 06:00:00+00:00,0.0,5.488888888888889,0.0,0.0,0.0,0.7528571428571428,0.8114285714285714,0.6971428571428572,0.7299999999999999,0.0,5.414285714285714,5.614285714285714,38.74285714285714,1.5142857142857142,1.5857142857142859,2.642857142857143,0.34285714285714286,8.335714285714285,8.715714285714286,5.6657142857142855,10.631428571428572,50.0,409.0142857142857,237.14285714285714,410.54285714285714,236.0,409.7285714285714,237.31428571428572,409.61428571428576,236.8,5.590000000000001,2.0605385714285713,1.3370642857142858,2.5238142857142853,5.923307142857142,10667.614285714286,2.52,117.3,6324.242857142856,4.93,4.1499999999999995,1.6858042857142859,0.9280688571428571,1.846477142857143,4.466102857142857,182.8,8102.657142857142,1.1755772857142859,0.9600134285714287,1.7209814285714287,3.8581214285714287
2026-02-06 06:15:00+00:00,0.0,5.461538461538462,0.0,0.0,0.0,0.7414285714285713,0.7857142857142857,0.7,0.7299999999999999,0.0,2.8000000000000003,4.414285714285714,39.82857142857143,1.2,2.0714285714285716,2.3857142857142857,0.37142857142857144,7.859999999999999,7.307142857142857,5.654285714285714,10.615714285714287,49.957142857142856,408.2,236.82857142857145,409.6714285714285,235.55714285714288,408.92857142857144,236.91428571428574,408.84285714285716,236.31428571428572,5.4471428571428575,1.7273814285714284,1.3328271428571428,2.513247142857143,5.572014285714286,10668.92857142857,2.52,117.3,6325.099999999999,4.93,4.007142857142857,1.3727585714285715,0.927111,1.8424628571428572,4.147891428571429,182.8,8103.628571428571,1.0417795714285716,0.9564832857142858,1.7151014285714286,3.715634285714286
2026-02-06 06:30:00+00:00,0.0,5.362745098039215,0.0,0.0,0.0,0.755,0.81625,0.7,0.73,0.0,1.3875,4.8125,37.725,1.4625,2.4875,2.3375,0.3375,8.129999999999999,8.129999999999999,5.655,10.614999999999998,50.0,407.95000000000005,236.60000000000002,409.45,235.2,408.6,236.6,408.70000000000005,236.14999999999998,5.5625,1.9203799999999998,1.33117375,2.51307875,5.87556875,10670.0125,2.51625,117.3,6325.8,4.93,4.12625,1.566565,0.9283505,1.842225,4.338705,182.8,8104.4,1.103941,0.9539124999999999,1.711455,3.7703949999999997
2026-02-06 06:45:00+00:00,0.0,5.604651162790698,0.0,0.0,0.0,0.7299999999999999,0.76,0.7,0.7314285714285714,0.0,1.657142857142857,6.042857142857143,41.6,2.0571428571428574,3.757142857142857,2.9714285714285715,0.4,7.478571428571429,6.2,5.644285714285714,10.587142857142856,50.0,407.5142857142858,236.45714285714286,408.9142857142857,234.9,408.2857142857143,236.32857142857142,408.2142857142857,235.8857142857143,5.554285714285713,1.4633942857142856,1.325222857142857,2.500974285714286,5.291580000000001,10671.714285714286,2.5042857142857144,117.3,6327.042857142857,4.93,4.13,1.1175128571428572,0.9245928571428571,1.83402,3.8764028571428573,182.8,8105.685714285714,0.9503951428571428,0.948388857142857,1.6997742857142857,3.597041428571429
2026-02-06 07:00:00+00:00,0.0,5.45,0.0,0.0,0.0,0.73,0.76,0.7,0.7375,0.0,2.325,2.425,41.6,2.575,2.65,2.725,0.4,7.4725,6.2,5.6425,10.575,50.0,407.15,236.27499999999998,408.59999999999997,234.7,407.82500000000005,236.05,407.9,235.625,5.529999999999999,1.4648375,1.324475,2.494355,5.2802375,10672.725,2.5,117.3,6327.775000000001,4.93,4.109999999999999,1.115925,0.9246355,1.8284500000000001,3.8735675,182.8,8106.45,0.94741425,0.948101,1.6955125,3.5913125
2026-02-06 07:15:00+00:00,0.0,5.424242424242424,0.0,0.0,0.0,0.75,0.8049999999999999,0.7,0.73375,0.0,3.4875,4.2125,38.75,1.2125,2.875,3.1624999999999996,0.35,8.15375,8.205,5.655,10.598749999999999,50.0,407.65,236.2875,409.3125,235.1625,408.425,236.5375,408.4625,236.025,5.425,1.9334375,1.32748125,2.5073975,5.7667874999999995,10674.4875,2.5,117.3,6328.9,4.93,4.01,1.5804225,0.928219375,1.842765,4.35029125,182.8,8107.75,1.1090906249999999,0.948892375,1.7040625,3.75914125
2026-02-06 07:30:00+00:00,0.0,5.5,0.0,0.0,0.0,0.7471428571428572,0.7985714285714286,0.7,0.7299999999999999,0.0,5.0,4.914285714285714,39.17142857142857,1.442857142857143,2.742857142857143,2.957142857142857,0.35714285714285715,8.054285714285715,7.91857142857143,5.654285714285714,10.59142857142857,50.0,407.57142857142856,236.32857142857142,409.14285714285717,235.02857142857144,408.2285714285714,236.44285714285712,408.3142857142857,235.94285714285712,5.45,1.8662814285714284,1.3267414285714287,2.5065357142857145,5.696687142857143,10675.628571428571,2.5,117.3,6329.714285714285,4.93,4.04,1.5144728571428572,0.9266018571428571,1.8408342857142856,4.284047142857143,182.8,8108.585714285714,1.0856835714285713,0.9481587142857143,1.7019942857142856,3.734042857142857
2026-02-06 07:45:00+00:00,0.0,5.454545454545454,0.0,0.0,0.0,0.7414285714285713,0.7857142857142857,0.7,0.7299999999999999,0.0,1.457142857142857,5.685714285714285,40.75714285714286,2.5714285714285716,1.7428571428571427,2.0571428571428574,0.38571428571428573,7.852857142857142,7.295714285714285,5.6571428571428575,10.61,50.0,408.24285714285713,236.79999999999998,409.7714285714286,235.45714285714286,408.97142857142853,236.91428571428574,409.0,236.35714285714286,5.619999999999999,1.7238142857142857,1.3281628571428572,2.5130857142857144,5.562634285714286,10677.285714285714,2.5071428571428567,117.3,6330.728571428571,4.93,4.202857142857143,1.3726085714285714,0.9285512857142857,1.8435142857142854,4.140311428571429,182.8,8109.828571428572,1.0347788571428571,0.9505895714285714,1.7069142857142856,3.692665714285714
2026-02-06 08:00:00+00:00,0.0,5.466666666666667,0.0,0.0,0.0,0.74,0.7825,0.7,0.73375,0.0,2.325,3.5875,40.0,1.8125,1.1625,1.9125,0.375,7.80625,7.155,5.6525,10.60125,50.0,408.025,236.6875,409.65,235.275,408.8625,236.70000000000002,408.85,236.225,5.62125,1.6898925,1.3221475,2.50430625,5.5143,10678.5625,2.51,117.3,6331.55,4.93,4.20125,1.340315,0.928175125,1.8417837499999998,4.10900125,182.8,8110.7875,1.02546325,0.9475191249999999,1.700685,3.67159375
2026-02-06 08:15:00+00:00,0.0,5.336538461538462,0.0,0.0,0.0,0.73,0.76,0.69375,0.73,0.0,4.0875,6.1375,41.55,1.4375,1.675,1.525,0.4,7.4825,6.202500000000001,5.6525,10.594999999999999,50.0,408.1375,236.825,409.7125,235.2875,408.8375,236.625,408.8375,236.2625,5.55875,1.4691325,1.3266825,2.50584,5.3004725,10679.8125,2.51,117.3,6332.45,4.93,4.1325,1.117135,0.925617625,1.8391549999999999,3.88105125,182.8,8111.7625,0.956870125,0.95373675,1.71024875,3.6195675
2026-02-06 08:30:00+00:00,0.0,5.511363636363637,0.0,0.0,0.0,0.7471428571428572,0.7985714285714286,0.6942857142857142,0.7299999999999999,0.0,6.442857142857143,5.385714285714286,39.27142857142858,2.3000000000000003,2.6142857142857143,2.3285714285714287,0.35714285714285715,8.087142857142856,7.977142857142858,5.660000000000001,10.620000000000001,49.971428571428575,408.85714285714283,237.08571428571426,409.88571428571424,235.81428571428572,408.7571428571428,237.18571428571428,408.8285714285715,236.70000000000002,5.468571428571429,1.8877757142857143,1.3333642857142858,2.5205914285714286,5.740818571428571,10681.4,2.5100000000000002,117.3,6333.5,4.93,4.031428571428571,1.5260685714285713,0.9252182857142858,1.83977,4.290207142857143,182.8,8112.857142857143,1.1071242857142856,0.959612,1.7219585714285714,3.7865471428571427
2026-02-06 08:45:00+00:00,0.0,5.484536082474227,0.0,0.0,0.0,0.765,0.83,0.69,0.73,0.0,6.55,6.0875,37.412499999999994,2.1125,1.975,1.5,0.3125,8.42,8.16375,5.66,10.63875,49.9875,408.92499999999995,237.3125,410.6,235.88750000000002,409.525,237.375,409.7125,236.71249999999998,5.44,2.3944525000000003,1.33530875,2.5303975000000003,6.26026875,10682.525,2.51,117.3,6334.25,4.93,4.0,2.00684,0.925607625,1.8369875,4.78299875,182.8,8113.7375,1.3091599999999999,0.964533875,1.73084875,4.0022225
2026-02-06 09:00:00+00:00,0.0,5.383720930232558,0.0,0.0,0.0,0.7242857142857143,0.7542857142857143,0.6900000000000001,0.7299999999999999,0.0,7.942857142857143,5.325,41.6,3.157142857142857,2.8428571428571425,2.685714285714286,0.4,7.551428571428572,6.261428571428572,5.701428571428572,10.687142857142858,49.94285714285714,410.9857142857143,238.42857142857142,412.4428571428571,237.07142857142858,411.7857142857143,238.28571428571428,411.7857142857143,237.87142857142857,5.675714285714285,1.4888871428571429,1.3469114285714288,2.5450571428571425,5.384085714285715,10684.300000000001,2.525714285714286,117.3,6335.385714285715,4.93,4.214285714285714,1.121012857142857,0.9319587142857143,1.8483457142857145,3.900247142857143,182.8,8114.9857142857145,0.9819832857142857,0.9763327142857143,1.74872,3.705794285714286
2026-02-06 09:15:00+00:00,0.0,5.565656565656566,0.0,0.0,0.0,0.72,0.75,0.69,0.73,0.0,9.1,3.5,41.6,3.8,3.4,2.9,0.4,7.56,6.27,5.71,10.7,49.9,411.2,238.6,412.7,237.2,412.0,238.5,412.0,238.0,5.71,1.49142,1.3465,2.54654,5.38796,10684.6,2.53,117.3,6335.6,4.93,4.24,1.1219,0.931222,1.84769,3.89918,182.8,8115.2,0.984463,0.97742,1.75244,3.71422
2026-02-06 09:30:00+00:00,0.0,5.421052631578948,0.0,0.0,0.0,0.75,0.7971428571428572,0.6985714285714285,0.7385714285714285,0.0,3.5714285714285716,5.514285714285714,39.07142857142857,1.7428571428571427,1.9000000000000001,2.642857142857143,0.35714285714285715,8.031428571428572,7.859999999999999,5.6499999999999995,10.58,49.98571428571428,407.25714285714287,236.07142857142858,408.88571428571424,234.8857142857143,408.0142857142857,236.27142857142857,408.09999999999997,235.77142857142857,5.590000000000001,1.8502414285714288,1.3235285714285714,2.500095714285714,5.677421428571428,10686.785714285714,2.517142857142857,117.3,6337.057142857143,4.93,4.145714285714286,1.502282857142857,0.9269641428571429,1.83599,4.2667142857142855,182.8,8116.828571428572,1.0755858571428571,0.9464364285714285,1.6979942857142858,3.7226714285714286
2026-02-06 09:45:00+00:00,0.0,5.431578947368421,0.0,0.0,0.0,0.7299999999999999,0.7700000000000001,0.7,0.74,0.0,6.2,1.8,41.6,1.9,3.3,3.2,0.4,7.4799999999999995,6.2,5.65,10.58,50.0,408.0,236.8,409.5,235.3,408.8,236.6,408.8,236.2,5.4,1.45671,1.31591,2.4884999999999997,5.26131,10688.1,2.48,117.3,6337.9,4.93,4.02,1.11308,0.921455,1.83687,3.8749500000000006,182.8,8117.8,0.9465449999999999,0.940424,1.68644,3.57267
2026-02-06 10:00:00+00:00,0.0,5.333333333333333,0.0,0.0,0.0,0.754,0.8140000000000001,0.7,0.73,0.0,4.16,4.5,38.2,2.84,3.78,2.2800000000000002,0.33999999999999997,8.290000000000001,8.626000000000001,5.656000000000001,10.58,50.0,406.91999999999996,235.76,408.64,234.8,407.64,236.21999999999997,407.82,235.6,5.54,2.0310639999999998,1.3252260000000002,2.503322,5.860837999999999,10689.439999999999,2.494,117.3,6338.8,4.93,4.130000000000001,1.67532,0.9294323999999999,1.8376179999999998,4.44527,182.8,8118.8,1.1429712,0.9473874,1.699654,3.787016
2026-02-06 10:15:00+00:00,0.0,5.2926829268292686,0.0,0.0,0.0,0.73,0.7600000000000001,0.6999999999999998,0.73,0.0,5.366666666666667,5.633333333333333,41.56666666666667,2.033333333333333,2.9333333333333336,2.3000000000000003,0.4000000000000001,7.5,6.203333333333333,5.669999999999999,10.613333333333335,50.0,408.1333333333334,236.76666666666665,409.6666666666667,235.26666666666665,408.90000000000003,236.86666666666667,408.9666666666667,236.29999999999998,5.57,1.4653666666666665,1.32949,2.5130233333333334,5.308463333333333,10690.266666666666,2.5,117.3,6339.366666666666,4.93,4.16,1.1159466666666666,0.930279,1.8436833333333331,3.8935999999999997,182.80000000000004,8119.366666666666,0.9506666666666667,0.9514983333333333,1.70946,3.610803333333333
2026-02-06 10:30:00+00:00,0.0,5.5,0.0,0.0,0.0,0.73,0.7600000000000001,0.6999999999999998,0.73,0.0,5.3999999999999995,4.766666666666667,38.1,3.4,4.733333333333333,4.033333333333334,0.3666666666666667,7.510000000000001,6.21,5.68,10.63,50.0,408.56666666666666,237.0666666666667,410.2,235.5666666666667,409.26666666666665,237.03333333333333,409.3666666666666,236.5666666666667,5.483333333333333,1.4673966666666667,1.3320066666666666,2.517516666666667,5.31496,10690.633333333333,2.5033333333333334,117.3,6339.633333333334,4.93,4.07,1.1197133333333333,0.931418,1.8398666666666665,3.8919433333333333,182.80000000000004,8119.633333333334,0.952036,0.953175,1.71173,3.6163166666666666
2026-02-06 10:45:00+00:00,0.0,5.357142857142857,0.0,0.0,0.0,0.73,0.76,0.7,0.73,0.0,2.7,4.9,36.400000000000006,4.2,5.949999999999999,5.45,0.35,7.5,6.205,5.67,10.620000000000001,50.0,408.35,236.95,410.05,235.39999999999998,409.15,236.85,409.15,236.45,5.31,1.46682,1.3315649999999999,2.51537,5.31243,10691.3,2.51,117.3,6340.1,4.93,3.89,1.118465,0.930667,1.837845,3.887365,182.8,8120.15,0.953357,0.953325,1.710135,3.613225
2026-02-06 11:00:00+00:00,0.0,5.342105263157895,0.0,0.0,0.0,0.73,0.7600000000000001,0.6999999999999998,0.73,0.0,5.533333333333334,6.233333333333333,41.766666666666666,2.066666666666667,2.033333333333333,2.2666666666666666,0.4000000000000001,7.503333333333333,6.206666666666667,5.666666666666667,10.63,50.0,408.6333333333334,237.0666666666667,410.2,235.6,409.40000000000003,237.1,409.3666666666666,236.63333333333335,5.31,1.46961,1.3323233333333333,2.520183333333333,5.324599999999999,10692.033333333335,2.51,117.3,6340.566666666667,4.93,3.89,1.1124766666666668,0.9289656666666666,1.8458633333333332,3.8888800000000003,182.80000000000004,8120.733333333333,0.9576539999999999,0.955851,1.7193666666666667,3.6316666666666664
2026-02-06 11:15:00+00:00,0.0,5.2926829268292686,0.0,0.0,0.0,0.73,0.7600000000000001,0.6999999999999998,0.73,0.0,7.7,7.2,41.8,2.7000000000000006,1.8999999999999997,1.8999999999999997,0.4000000000000001,7.510000000000001,6.21,5.669999999999999,10.64,50.0,408.8999999999999,237.19999999999996,410.3999999999999,235.80000000000004,409.6000000000001,237.30000000000004,409.6000000000001,236.80000000000004,5.31,1.4710399999999997,1.3340699999999999,2.52474,5.33318,10692.2,2.51,117.3,6340.7,4.93,3.89,1.11098,0.92877,1.8497200000000003,3.89134,182.80000000000004,8120.899999999999,0.959247,0.956962,1.7242500000000003,3.6417
2026-02-06 11:30:00+00:00,0.0,5.672727272727273,0.0,0.0,0.0,0.76,0.8275,0.7,0.73,0.0,5.75,3.975,37.375,1.125,1.675,1.9,0.325,8.537500000000001,9.2625,5.6850000000000005,10.6775,50.0,409.425,237.2,411.075,236.325,410.35,237.75,410.275,237.1,5.535,2.1944225,1.3428525,2.5363425,6.0728375,10693.1,2.5175,117.3,6341.224999999999,4.93,4.1,1.8254450000000002,0.9332505,1.8541075,4.6160274999999995,182.8,8121.5,1.21295925,0.964555,1.7358075,3.9141825000000003
2026-02-06 11:45:00+00:00,0.0,5.196078431372549,0.0,0.0,0.0,0.74,0.7825,0.6924999999999999,0.73,0.0,5.7,3.8,40.25,0.9750000000000001,1.975,2.275,0.375,7.53,6.24,5.68,10.67,50.0,409.9,237.8,411.5,236.4,410.9,237.8,410.8,237.4,5.61,1.7219625,1.342855,2.5357925000000003,5.59852,10693.85,2.5275,117.3,6341.775,4.93,4.1625,1.12157,0.930342,1.85201,3.90563,182.8,8122.075,0.969601,0.965556,1.73385,3.66859
2026-02-06 12:00:00+00:00,0.0,5.435897435897436,0.0,0.0,0.0,0.73,0.7600000000000001,0.69,0.73,0.0,5.900000000000001,4.1,41.7,1.1,2.1,2.4,0.4000000000000001,7.53,6.239999999999999,5.68,10.67,50.0,409.8999999999999,237.80000000000004,411.5,236.4,410.8999999999999,237.80000000000004,410.8,237.4,5.61,1.4841,1.34188,2.53432,5.35823,10694.0,2.53,117.3,6341.899999999999,4.93,4.16,1.12157,0.930342,1.85201,3.90563,182.80000000000004,8122.2,0.969601,0.965556,1.7338499999999997,3.66859
2026-02-06 12:15:00+00:00,0.0,5.523809523809524,0.0,0.0,0.0,0.77,0.85,0.6999999999999998,0.73,0.0,3.7999999999999994,6.25,36.2,2.0,1.6000000000000003,2.3,0.4000000000000001,8.88,10.29,5.68,10.68,50.0,408.8,236.80000000000004,411.0,236.1,409.8999999999999,237.69999999999996,409.8,236.80000000000004,5.41,2.4313,1.33463,2.53958,6.307100000000001,10695.1,2.53,117.3,6342.7,4.93,3.9599999999999995,2.05908,0.932103,1.85328,4.84903,182.80000000000004,8123.0,1.29866,0.961636,1.73815,3.99792
2026-02-06 12:30:00+00:00,0.0,5.327586206896552,0.0,0.0,0.0,0.73,0.76,0.7,0.73,0.0,3.5,2.2,42.0,2.7,3.3,3.6,0.4,7.52,6.22,5.66,10.67,50.0,409.5,237.0,411.8,235.4,411.2,237.1,411.0,237.2,5.41,1.47914,1.34052,2.54784,5.36857,10695.8,2.53,117.3,6343.2,4.93,3.96,1.11448,0.932648,1.85884,3.90993,182.8,8123.5,0.971718,0.962768,1.73964,3.67255
2026-02-06 12:45:00+00:00,0.0,5.5,0.0,0.0,0.0,0.77,0.85,0.7,0.73,0.0,6.5,3.2,36.2,1.4,1.7,2.0,0.4,8.87,10.29,5.65,10.68,50.0,408.3,236.6,411.4,235.6,410.4,237.5,410.4,236.5,5.7,2.43677,1.34161,2.54532,6.31677,10696.6,2.54,117.3,6343.6,4.93,4.24,2.0553,0.929839,1.85567,4.85664,182.8,8124.1,1.29923,0.959058,1.74127,4.0005
2026-02-06 13:00:00+00:00,0.0,5.071428571428571,0.0,0.0,0.0,0.75,0.8049999999999999,0.7,0.73,0.0,5.1,4.15,39.0,1.75,1.45,2.05,0.4,8.18,8.245,5.645,10.655000000000001,50.0,408.0,236.75,410.5,235.39999999999998,409.6,237.1,409.5,236.35,5.7,1.9516,1.3339699999999999,2.530725,5.812895,10696.900000000001,2.54,117.3,6343.8,4.93,4.24,1.58332,0.926831,1.852425,4.37181,182.8,8124.35,1.127153,0.953273,1.72687,3.8095049999999997
2026-02-06 13:15:00+00:00,0.0,5.296296296296297,0.0,0.0,0.0,0.73,0.76,0.7,0.73,0.0,3.7,5.1,41.8,2.1,1.2,2.1,0.4,7.49,6.2,5.64,10.63,50.0,407.7,236.9,409.6,235.2,408.8,236.7,408.6,236.2,5.7,1.46643,1.32633,2.51613,5.30902,10697.2,2.54,117.3,6344.0,4.93,4.24,1.11134,0.923823,1.84918,3.88698,182.8,8124.6,0.955076,0.947488,1.71247,3.61851
2026-02-06 13:30:00+00:00,0.0,5.435897435897436,0.0,0.0,0.0,0.73,0.7600000000000001,0.6999999999999998,0.73,0.0,2.1,3.9,41.9,2.1,1.8,1.3999999999999997,0.4000000000000001,7.489999999999999,6.19,5.64,10.63,50.0,407.5,236.6,409.3999999999999,235.0,408.5,236.6,408.6000000000001,236.0,5.66,1.46526,1.32562,2.51566,5.30975,10698.5,2.53,117.3,6344.899999999999,4.93,4.22,1.10901,0.92462,1.84163,3.87306,182.80000000000004,8125.5,0.954971,0.946901,1.71289,3.6165
2026-02-06 13:45:00+00:00,0.0,5.6923076923076925,0.0,0.0,0.0,0.73,0.7600000000000001,0.6999999999999998,0.73,0.0,2.1,3.9,41.9,2.1,1.8,1.3999999999999997,0.4000000000000001,7.489999999999999,6.19,5.64,10.63,50.0,407.5,236.6,409.3999999999999,235.0,408.5,236.6,408.6000000000001,236.0,5.66,1.46526,1.32562,2.51566,5.30975,10698.5,2.53,117.3,6344.899999999999,4.93,4.22,1.10901,0.92462,1.84163,3.87306,182.80000000000004,8125.5,0.954971,0.946901,1.71289,3.6165
2026-02-06 14:00:00+00:00,0.0,5.287878787878788,0.0,0.0,0.0,0.73,0.76,0.7,0.73,0.0,3.4200000000000004,3.28,41.92,1.8800000000000001,1.7,1.46,0.42000000000000004,7.492,6.192,5.642,10.634,50.0,407.62,236.61999999999998,409.53999999999996,235.06,408.65999999999997,236.7,408.72,236.08,5.656000000000001,1.465294,1.326404,2.5173680000000003,5.3108900000000006,10698.84,2.5279999999999996,117.3,6345.12,4.93,4.215999999999999,1.10891,0.9255338,1.8429259999999998,3.875144,182.8,8125.76,0.9553902000000001,0.9472196,1.7140799999999998,3.6176699999999995
2026-02-06 14:15:00+00:00,0.0,5.421052631578948,0.0,0.0,0.0,0.7433333333333333,0.79,0.6999999999999998,0.73,0.0,7.333333333333333,2.5,39.9,1.4666666666666668,1.5,1.4666666666666668,0.4666666666666666,7.933333333333334,7.496666666666667,5.653333333333333,10.653333333333334,50.0,407.9666666666667,236.5666666666667,410.0333333333333,235.30000000000004,409.1333333333334,237.03333333333333,409.06666666666666,236.33333333333334,5.6433333333333335,1.7711133333333333,1.3293566666666665,2.525603333333333,5.620876666666667,10700.4,2.5233333333333334,117.3,6346.133333333334,4.93,4.203333333333333,1.41355,0.9285253333333333,1.8486966666666664,4.18892,182.80000000000004,8126.966666666667,1.0596346666666667,0.9488853333333332,1.7199866666666666,3.726656666666667
2026-02-06 14:30:00+00:00,0.0,5.472727272727273,0.0,0.0,0.0,0.75,0.8049999999999999,0.7,0.73,0.0,4.25,4.4,38.85,2.5,1.7,1.25,0.45,8.155000000000001,8.145,5.66,10.66,50.0,408.0,236.65,410.1,235.4,409.15,237.0,409.05,236.35,5.65,1.9241100000000002,1.32785,2.526115,5.77532,10701.099999999999,2.53,117.3,6346.6,4.93,4.21,1.5680899999999998,0.9280155,1.8493249999999999,4.34235,182.8,8127.5,1.1119875,0.9496469999999999,1.721265,3.78167
2026-02-06 14:45:00+00:00,0.0,5.326086956521739,0.0,0.0,0.0,0.73,0.7600000000000001,0.6999999999999998,0.73,0.0,3.9,2.9,42.0,2.6,1.5,1.5,0.5,7.510000000000001,6.2,5.66,10.66,50.0,408.3,237.0,410.3,235.5,409.5,237.1,409.3,236.5,5.650000000000001,1.46574,1.32671,2.52382,5.31891,10701.4,2.53,117.3,6346.8,4.93,4.21,1.11255,0.928833,1.8487800000000003,3.8849,182.80000000000004,8127.7,0.959205,0.949626,1.72025,3.6280699999999997
2026-02-06 15:00:00+00:00,0.0,4.983050847457627,0.0,0.0,0.0,0.73,0.76,0.7,0.735,0.0,3.3499999999999996,3.75,42.05,2.3,1.95,1.85,0.45,7.505,6.2,5.655,10.66,50.0,408.4,237.05,410.35,235.55,409.75,237.25,409.4,236.6,5.65,1.466695,1.323785,2.52057,5.30978,10702.05,2.53,117.3,6347.25,4.93,4.21,1.11168,0.928812,1.850265,3.8903499999999998,182.8,8128.2,0.9612905,0.9502235,1.7221549999999999,3.632135
2026-02-06 15:15:00+00:00,0.0,5.8,0.0,0.0,0.0,0.7566666666666667,0.82,0.6999999999999998,0.7333333333333334,0.0,3.0666666666666664,2.3333333333333335,38.63333333333333,0.9333333333333332,2.3333333333333335,2.4,0.4000000000000001,8.486666666666666,9.139999999999999,5.656666666666666,10.68,50.0,408.3666666666666,236.76666666666665,410.3999999999999,235.66666666666666,409.4666666666667,237.4,409.3666666666666,236.63333333333333,5.650000000000001,2.1502033333333332,1.3271199999999999,2.5253799999999997,6.010396666666666,10703.033333333335,2.53,117.3,6347.900000000001,4.93,4.21,1.7771966666666668,0.9306356666666667,1.8527566666666668,4.565133333333333,182.80000000000004,8128.966666666667,1.2148919999999999,0.951813,1.7248999999999999,3.89022
2026-02-06 15:30:00+00:00,0.0,5.450980392156863,0.0,0.0,0.0,0.74,0.7825,0.7,0.73,0.0,6.125,6.0,40.65,0.25,1.7,1.9,0.4,7.885,7.31,5.675,10.6675,50.0,408.6,237.2,410.625,235.7,409.65,237.25,409.6,236.67499999999998,5.657500000000001,1.7232625000000001,1.332215,2.527295,5.593865,10703.725,2.53,117.3,6348.299999999999,4.93,4.217499999999999,1.363975,0.93435625,1.85155,4.1524625,182.8,8129.475,1.05541525,0.9535825,1.724075,3.7346075
2026-02-06 15:45:00+00:00,0.0,5.594594594594595,0.0,0.0,0.0,0.73,0.7600000000000001,0.6999999999999998,0.73,0.0,7.099999999999999,7.599999999999999,41.9,0.20000000000000004,1.5,1.7,0.4000000000000001,7.52,6.21,5.68,10.66,50.0,408.7,237.4,410.7,235.69999999999996,409.8,237.19999999999996,409.7,236.69999999999996,5.66,1.4671899999999998,1.33287,2.52659,5.33673,10703.9,2.53,117.3,6348.399999999999,4.93,4.22,1.11517,0.935289,1.85098,3.90335,182.80000000000004,8129.600000000001,0.960337,0.9540070000000002,1.72366,3.6404
2026-02-06 16:00:00+00:00,0.0,5.519230769230769,0.0,0.0,0.0,0.76,0.85,0.7,0.73,0.0,3.425,5.65,37.175,1.25,2.625,2.075,0.4,8.8,10.03,5.68,10.71,50.0,409.1,237.1,411.2,236.2,410.2,237.8,410.3,237.0,5.6675,2.37118,1.33882,2.54763,6.25688,10704.8,2.5375,117.3,6349.0,4.93,4.2275,1.99659,0.928309,1.84312,4.80229,182.8,8130.275,1.26169,0.962118,1.74179,3.96219
2026-02-06 16:15:00+00:00,0.0,5.357142857142857,0.0,0.0,0.0,0.77,0.85,0.7,0.73,0.0,2.2,5.0,35.6,1.6,3.0,2.2,0.4,8.8,10.03,5.68,10.71,50.0,409.1,237.1,411.2,236.2,410.2,237.8,410.3,237.0,5.67,2.37118,1.33882,2.54763,6.25688,10705.1,2.54,117.3,6349.2,4.93,4.23,1.99659,0.928309,1.84312,4.80229,182.8,8130.5,1.26169,0.962118,1.74179,3.96219
2026-02-06 16:30:00+00:00,0.0,5.402985074626866,0.0,0.0,0.0,0.762,0.8320000000000001,0.7,0.73,0.0,3.16,3.84,37.1,1.28,1.7,2.1,0.4,8.586,9.366,5.6739999999999995,10.722,50.0,409.54,237.34,411.66,236.38000000000002,410.73999999999995,238.18,410.8,237.3,5.678,2.218802,1.338252,2.5541799999999997,6.114648,10706.26,2.54,117.3,6350.0,4.93,4.23,1.8494920000000001,0.9316793999999999,1.8599,4.644648,182.8,8131.3,1.2212322,0.9603872000000001,1.743518,3.923514
2026-02-06 16:45:00+00:00,0.0,5.82051282051282,0.0,0.0,0.0,0.73,0.7600000000000001,0.6999999999999998,0.73,0.0,5.2,5.5,41.9,1.5,2.5,2.3,0.4000000000000001,7.55,6.260000000000001,5.68,10.71,50.0,410.1000000000001,238.0,412.0,236.5,411.3999999999999,238.19999999999996,411.0,237.6,5.68,1.4753999999999998,1.32491,2.54738,5.3712100000000005,10707.0,2.54,117.3,6350.5,4.93,4.23,1.1183,0.925919,1.86081,3.89987,182.80000000000004,8131.8,0.969161,0.9490599999999999,1.7249,3.63771
2026-02-06 17:00:00+00:00,0.0,5.43859649122807,0.0,0.0,0.0,0.73,0.7575000000000001,0.6975,0.73,0.0,6.0,5.2,41.9,1.5,2.375,2.0,0.4,7.5525,6.26,5.68,10.715,50.0,410.25,238.1,412.15,236.6,411.525,238.27499999999998,411.175,237.675,5.6875,1.479625,1.3294575,2.5508800000000003,5.3764275,10707.3,2.5425,117.3,6350.675,4.93,4.2325,1.1198025,0.9280675,1.86299,3.90751,182.8,8132.05,0.97205375,0.9532835,1.7309625,3.6522
2026-02-06 17:15:00+00:00,0.0,5.82051282051282,0.0,0.0,0.0,0.7433333333333333,0.7799999999999999,0.69,0.73,0.0,6.300000000000001,3.1999999999999997,40.23333333333333,1.0333333333333334,1.8333333333333333,1.4666666666666668,0.4000000000000001,8.003333333333332,7.289999999999999,5.68,10.736666666666666,50.0,410.56666666666666,238.16666666666666,412.5333333333333,236.9,411.7333333333333,238.5666666666667,411.56666666666666,237.83333333333334,5.71,1.8387533333333332,1.3435066666666666,2.562063333333333,5.741133333333333,10708.366666666667,2.55,117.3,6351.366666666666,4.93,4.24,1.4616533333333332,0.9352256666666667,1.8696633333333335,4.2678,182.80000000000004,8132.933333333333,1.110808,0.9666316666666667,1.7512800000000002,3.827806666666666
2026-02-06 17:30:00+00:00,0.0,5.342105263157895,0.0,0.0,0.0,0.7566666666666667,0.8099999999999999,0.69,0.73,0.0,2.1,1.7666666666666666,38.6,0.5666666666666667,1.5333333333333332,2.1,0.43333333333333335,8.450000000000001,8.323333333333332,5.683333333333334,10.75,50.0,410.56666666666666,238.0666666666667,412.6333333333334,236.96666666666667,411.8,238.76666666666665,411.6666666666667,237.86666666666665,5.716666666666666,2.1864000000000003,1.3459966666666665,2.5663033333333334,6.0988299999999995,10708.966666666667,2.5533333333333332,117.3,6351.866666666666,4.93,4.243333333333333,1.7981300000000002,0.935631,1.8684900000000002,4.60239,182.80000000000004,8133.366666666666,1.2437136666666666,0.968665,1.7578466666666668,3.9703199999999996
2026-02-06 17:45:00+00:00,0.0,5.423076923076923,0.0,0.0,0.0,0.73,0.75,0.69,0.73,0.0,2.1,3.3,42.0,1.5,1.6,1.9,0.5,7.57,6.27,5.69,10.75,50.0,411.1,238.8,413.1,237.1,412.6,238.9,412.4,238.2,5.73,1.49588,1.34935,2.57205,5.41801,10709.5,2.56,117.3,6352.2,4.93,4.25,1.12171,0.933591,1.86561,3.92209,182.8,8133.7,0.989221,0.970021,1.76246,3.7268
2026-02-06 18:00:00+00:00,0.0,5.385964912280702,0.0,0.0,0.0,0.745,0.7949999999999999,0.69,0.73,0.0,2.1,4.55,38.8,1.35,1.6,1.65,0.45,8.545,9.157499999999999,5.6975,10.78,50.0,411.7,238.65,413.775,237.625,412.825,239.425,412.625,238.575,5.735,1.95004,1.353245,2.57862,5.88558,10710.05,2.565,117.3,6352.6,4.93,4.25,1.8015024999999998,0.93216,1.8746625,4.6079425,182.8,8134.15,1.21164775,0.9671755,1.7635175,3.948785
2026-02-06 18:15:00+00:00,0.0,5.4,0.0,0.0,0.0,0.7600000000000001,0.84,0.69,0.73,0.0,2.1,5.8,35.6,1.2,1.6000000000000003,1.3999999999999997,0.4000000000000001,8.87,10.12,5.7,10.79,50.0,411.8999999999999,238.6,414.0,237.80000000000004,412.8999999999999,239.6,412.7,238.69999999999996,5.739999999999999,2.4042,1.35714,2.58519,6.35315,10710.6,2.57,117.3,6353.0,4.93,4.25,2.0281,0.931683,1.87768,4.83656,182.80000000000004,8134.600000000001,1.28579,0.966227,1.76387,4.02278
2026-02-06 18:30:00+00:00,0.0,5.490196078431373,0.0,0.0,0.0,0.76,0.84,0.69,0.7224999999999999,0.0,2.1,5.35,35.975,0.9,2.2,2.225,0.4,8.9225,10.247499999999999,5.715,10.82,50.0,412.05,238.75,414.225,237.95,413.425,239.67499999999998,413.15,238.775,5.762499999999999,2.4410625,1.360065,2.5918725,6.3944975,10711.575,2.5775,117.3,6353.6,4.93,4.2575,2.0577175,0.9369495,1.8793675,4.875425,182.8,8135.275,1.3130375,0.976775,1.778045,4.0724
2026-02-06 18:45:00+00:00,0.0,5.153846153846154,0.0,0.0,0.0,0.7600000000000001,0.84,0.69,0.7200000000000001,0.0,2.1,5.2,36.1,0.8000000000000002,2.4,2.5,0.4000000000000001,8.94,10.29,5.72,10.83,50.0,412.1000000000001,238.80000000000004,414.3,238.0,413.6000000000001,239.69999999999996,413.3,238.80000000000004,5.77,2.45335,1.36104,2.5941,6.40828,10711.9,2.58,117.3,6353.8,4.93,4.26,2.06759,0.938705,1.87993,4.88838,182.80000000000004,8135.5,1.32212,0.9802909999999999,1.78277,4.08894
2026-02-06 19:00:00+00:00,0.0,5.508771929824562,0.0,0.0,0.0,0.76,0.84,0.69,0.72,0.0,2.1,5.2,36.1,0.8,2.4,2.5,0.4,8.94,10.29,5.72,10.83,50.0,412.1,238.8,414.3,238.0,413.6,239.7,413.3,238.8,5.77,2.45335,1.36104,2.5941,6.40828,10711.9,2.58,117.3,6353.8,4.93,4.26,2.06759,0.938705,1.87993,4.88838,182.8,8135.5,1.32212,0.980291,1.78277,4.08894
2026-02-06 19:15:00+00:00,0.0,5.264150943396227,0.0,0.0,0.0,0.7525,0.82,0.6924999999999999,0.725,0.0,3.0,6.25,37.55,1.225,2.55,2.55,0.42500000000000004,8.575,9.2625,5.695,10.7775,50.0,410.85,238.20000000000002,412.95,237.175,412.225,238.875,411.95,238.05,5.7524999999999995,2.2047875,1.350745,2.57172,6.1251175,10712.5,2.5725,117.3,6354.2,4.93,4.2575,1.828065,0.93585975,1.87253,4.638977499999999,182.8,8135.95,1.228572,0.96999925,1.7607825,3.961895
2026-02-06 19:30:00+00:00,0.0,5.512195121951219,0.0,0.0,0.0,0.73,0.7600000000000001,0.6999999999999998,0.7399999999999999,0.0,5.7,9.4,41.9,2.5,3.0,2.7000000000000006,0.5,7.48,6.18,5.62,10.62,50.0,407.1000000000001,236.4,408.8999999999999,234.69999999999996,408.1000000000001,236.4,407.8999999999999,235.80000000000004,5.7,1.4591,1.31986,2.50458,5.27563,10714.3,2.55,117.3,6355.399999999999,4.93,4.25,1.10949,0.927324,1.8503300000000003,3.89077,182.80000000000004,8137.3,0.947928,0.939124,1.69482,3.58076
2026-02-06 19:45:00+00:00,0.0,5.509433962264151,0.0,0.0,0.0,0.73,0.76,0.7,0.74,0.0,5.7,9.4,41.9,2.5,3.0,2.7,0.5,7.48,6.18,5.62,10.62,50.0,407.1,236.4,408.9,234.7,408.1,236.4,407.9,235.8,5.7,1.4591,1.31986,2.50458,5.27563,10714.3,2.55,117.3,6355.4,4.93,4.25,1.10949,0.927324,1.85033,3.89077,182.8,8137.3,0.947928,0.939124,1.69482,3.58076
2026-02-06 20:00:00+00:00,0.0,5.175438596491228,0.0,0.0,0.0,0.73,0.76,0.7,0.74,0.0,5.7,9.4,41.9,2.5,3.0,2.7,0.5,7.48,6.18,5.62,10.62,50.0,407.1,236.4,408.9,234.7,408.1,236.4,407.9,235.8,5.7,1.4591,1.31986,2.50458,5.27563,10714.3,2.55,117.3,6355.4,4.93,4.25,1.10949,0.927324,1.85033,3.89077,182.8,8137.3,0.947928,0.939124,1.69482,3.58076
2026-02-06 20:15:00+00:00,0.0,5.381818181818182,0.0,0.0,0.0,0.73,0.76,0.7,0.74,0.0,2.625,8.725,41.9,2.05,2.7750000000000004,2.175,0.5,7.487500000000001,6.1875,5.635,10.627500000000001,50.0,407.175,236.4,408.975,234.7,408.325,236.4,408.125,235.875,5.640000000000001,1.4613275,1.3195075,2.511795,5.294605,10716.025,2.5199999999999996,117.3,6356.525,4.93,4.2125,1.1076225,0.9262545,1.8462725,3.8815749999999998,182.8,8138.650000000001,0.95239275,0.9420325,1.704315,3.5992625
2026-02-06 20:30:00+00:00,0.0,5.571428571428571,0.0,0.0,0.0,0.77,0.85,0.6999999999999998,0.73,0.0,4.2,6.3,36.2,1.3999999999999997,1.5,1.5,0.4000000000000001,8.82,10.23,5.61,10.64,50.0,406.5,235.80000000000004,408.1000000000001,234.4,407.5,236.4,407.2,235.5,5.62,2.40925,1.32373,2.52185,6.257639999999999,10717.2,2.51,117.3,6357.3,4.93,4.2,2.0421,0.931264,1.85578,4.83359,182.80000000000004,8139.600000000001,1.28043,0.9443860000000001,1.7144199999999998,3.9360699999999995
2026-02-06 20:45:00+00:00,0.0,5.446428571428571,0.0,0.0,0.0,0.73,0.76,0.7,0.74,0.0,7.5,0.6,41.9,1.8,0.9,3.0,0.5,7.845000000000001,7.26,5.635,10.637500000000001,50.0,406.95,236.15,408.75,234.675,408.15,236.35000000000002,408.05,235.7,5.62,1.46742,1.32145,2.5103,5.29942,10717.9,2.51,117.3,6357.8,4.93,4.21,1.35652,0.926255,1.84503,3.88624,182.8,8140.0,0.95321,0.94231,1.70752,3.60512
2026-02-06 21:00:00+00:00,0.0,5.245283018867925,0.0,0.0,0.0,0.76,0.8275,0.7,0.7375,0.0,4.975,6.025,37.95,2.075,0.55,1.45,0.42500000000000004,8.56,9.385,5.65,10.66,49.925,407.075,235.975,409.125,234.975,408.325,236.65,408.17499999999995,235.85,5.625,2.207715,1.3226525,2.5179675,6.049275,10718.65,2.5124999999999997,117.3,6358.3,4.93,4.21,1.8365775,0.9255365,1.85324,4.6111325,182.8,8140.6,1.2196630000000002,0.94274525,1.7138149999999999,3.8771625
2026-02-06 21:15:00+00:00,0.0,5.435897435897436,0.0,0.0,0.0,0.73,0.7600000000000001,0.6999999999999998,0.73,0.0,4.566666666666666,5.6000000000000005,41.96666666666667,2.466666666666667,1.6333333333333335,1.6333333333333335,0.5,7.510000000000001,6.22,5.650000000000001,10.663333333333334,50.0,408.0333333333333,236.9,409.90000000000003,235.23333333333335,409.43333333333334,237.0666666666667,409.09999999999997,236.36666666666667,5.64,1.47232,1.32496,2.52587,5.322063333333333,10719.300000000001,2.52,117.3,6358.733333333334,4.93,4.21,1.1132566666666668,0.9238023333333333,1.8516466666666667,3.889863333333333,182.80000000000004,8141.066666666666,0.9605673333333334,0.9456153333333334,1.7194166666666666,3.6275
2026-02-06 21:30:00+00:00,0.0,5.614035087719298,0.0,0.0,0.0,0.73,0.76,0.7,0.73,0.0,5.1,7.0,41.9,2.2,2.3,1.7,0.5,7.51,6.22,5.65,10.67,50.0,408.3,237.1,410.1,235.3,409.7,237.0,409.3,236.5,5.64,1.4757,1.32914,2.52759,5.32975,10719.7,2.52,117.3,6359.0,4.93,4.21,1.11239,0.928665,1.84708,3.89019,182.8,8141.4,0.964298,0.949626,1.72027,3.63252
2026-02-06 21:45:00+00:00,0.0,5.574074074074074,0.0,0.0,0.0,0.73,0.76,0.7,0.73,0.0,4.725,7.449999999999999,42.05,1.225,1.625,1.8499999999999999,0.5,7.5175,6.22,5.657500000000001,10.6775,50.0,408.75,237.17499999999998,410.625,235.675,410.3,237.375,409.90000000000003,236.8,5.655,1.4758275,1.333415,2.5397775,5.3460624999999995,10720.675,2.5275,117.3,6359.525,4.93,4.217499999999999,1.1146850000000001,0.930426,1.8570324999999999,3.903045,182.8,8142.075,0.9655242500000001,0.95157525,1.7280475,3.6457724999999996
2026-02-06 22:00:00+00:00,0.0,5.3076923076923075,0.0,0.0,0.0,0.76,0.8275,0.7,0.73,0.0,3.25,6.1,37.45,1.725,1.775,2.65,0.42500000000000004,8.4875,9.122499999999999,5.66,10.695,50.0,408.9,236.975,410.8,235.95,410.20000000000005,237.72500000000002,409.95,236.9,5.675,2.15465,1.3329575,2.540885,6.0276625,10721.375,2.53,117.3,6360.075,4.93,4.235,1.7937874999999999,0.93231725,1.8582874999999999,4.5898224999999995,182.8,8142.675,1.19015825,0.952036,1.73088,3.8742825
2026-02-06 22:15:00+00:00,0.0,5.5,0.0,0.0,0.0,0.74,0.775,0.7,0.73,0.0,7.7250000000000005,6.575,40.55,2.4250000000000003,2.125,2.25,0.4,7.852499999999999,7.2075,5.6625,10.684999999999999,50.0,408.85,237.14999999999998,410.725,235.79999999999998,410.075,237.475,409.825,236.85000000000002,5.68,1.70729,1.3337599999999998,2.535045,5.5730125,10722.35,2.53,117.3,6360.700000000001,4.93,4.24,1.3447749999999998,0.93027875,1.854605,4.1300475,182.8,8143.325,1.0442935,0.9544414999999999,1.729765,3.7311675
2026-02-06 22:30:00+00:00,0.0,5.424242424242424,0.0,0.0,0.0,0.754,0.8099999999999999,0.7,0.73,0.0,5.0600000000000005,6.34,38.38,1.92,0.96,1.9,0.44000000000000006,8.334,8.606,5.6739999999999995,10.712,50.0,409.78000000000003,237.71999999999997,411.76000000000005,236.4,410.82,238.0,410.68,237.42,5.692,2.039106,1.3402720000000001,2.5477320000000003,5.925304,10723.079999999998,2.534,117.3,6361.16,4.93,4.248,1.67301,0.933876,1.862292,4.4674059999999995,182.8,8143.860000000001,1.1608192000000002,0.9608358000000001,1.73842,3.8585599999999998
2026-02-06 22:45:00+00:00,0.0,5.622641509433962,0.0,0.0,0.0,0.76,0.8175,0.7,0.73,0.0,2.0,3.325,37.75,2.625,1.35,1.375,0.42500000000000004,8.587499999999999,9.3575,5.68,10.73,50.0,409.625,237.525,411.675,236.375,411.075,238.05,410.8,237.325,5.71,2.2127025,1.340695,2.5547475,6.1071925,10723.875,2.54,117.3,6361.7,4.93,4.26,1.841715,0.93549825,1.8658125,4.6395925,182.8,8144.475,1.2339145,0.9628417499999999,1.7431074999999998,3.938345
2026-02-06 23:00:00+00:00,0.0,5.4363636363636365,0.0,0.0,0.0,0.74,0.7725,0.6924999999999999,0.73,0.0,5.05,4.0,40.775,1.7,1.775,2.975,0.475,7.9174999999999995,7.345,5.6825,10.735,50.0,410.27500000000003,238.075,412.075,236.575,411.025,238.45,411.17499999999995,237.7,5.71,1.7460425,1.3416675,2.5611,5.64561,10724.85,2.55,117.3,6362.4,4.93,4.25,1.3705775,0.9323224999999999,1.8687975,4.166987499999999,182.8,8145.125,1.07534725,0.96560325,1.751795,3.79231
2026-02-06 23:15:00+00:00,0.0,5.711864406779661,0.0,0.0,0.0,0.77,0.84,0.7,0.73,0.0,4.6,3.1,36.8,0.8,1.4,1.7,0.4,8.99,10.57,5.69,10.72,50.0,409.3,237.1,411.4,236.2,410.5,238.0,410.5,237.1,5.71,2.50187,1.33887,2.56113,6.40386,10725.3,2.55,117.3,6362.7,4.93,4.25,2.11064,0.935372,1.85943,4.90678,182.8,8145.5,1.34863,0.962223,1.745,4.05508
2026-02-06 23:30:00+00:00,0.0,5.594594594594595,0.0,0.0,0.0,0.7566666666666667,0.8099999999999999,0.6966666666666667,0.73,0.0,4.233333333333333,2.6333333333333333,38.5,1.2333333333333334,1.3333333333333333,1.6333333333333335,0.43333333333333335,8.513333333333334,9.136666666666667,5.69,10.723333333333334,50.0,409.73333333333335,237.53333333333333,411.7333333333333,236.36666666666665,411.0333333333333,238.13333333333333,410.93333333333334,237.33333333333334,5.713333333333334,2.1656033333333333,1.3410833333333334,2.5607166666666665,6.068873333333333,10725.699999999999,2.55,117.3,6362.933333333333,4.93,4.25,1.78064,0.9350296666666665,1.8610833333333332,4.582036666666667,182.80000000000004,8145.8,1.2269333333333334,0.9635226666666666,1.7462100000000003,3.9366533333333336
2026-02-06 23:45:00+00:00,0.0,5.287878787878788,0.0,0.0,0.0,0.754,0.8099999999999999,0.696,0.73,0.0,48.440000000000005,5.12,35.96,3.0,1.8,3.2400000000000007,0.5,8.328,8.55,5.69,10.742,50.0,410.6,238.16,412.52,236.88000000000002,411.91999999999996,238.51999999999998,411.73999999999995,237.85999999999999,5.72,2.032704,1.34731,2.561816,5.946838,10726.86,2.556,117.3,6363.64,4.93,4.25,1.6623080000000001,0.9361186,1.8716259999999998,4.472682000000001,182.8,8146.7,1.1603660000000002,0.970046,1.752656,3.8828240000000003
2026-02-07 00:00:00+00:00,0.0,5.232142857142857,0.0,0.0,0.0,0.74,0.7725,0.69,0.73,0.0,5.25,3.25,40.425,1.4,2.4499999999999997,2.6,0.475,7.8975,7.262499999999999,5.692500000000001,10.7425,50.0,410.75,238.32500000000002,412.625,236.89999999999998,412.15,238.7,411.85,237.95000000000002,5.72,1.727935,1.3463675,2.5641125,5.638059999999999,10727.949999999999,2.56,117.3,6364.325,4.93,4.25,1.3515975,0.9331922500000001,1.8664325000000002,4.154645,182.8,8147.425,1.063045,0.9677675,1.7562725000000001,3.7885524999999998
2026-02-07 00:15:00+00:00,0.0,4.927272727272728,0.0,0.0,0.0,0.7575000000000001,0.8175,0.69,0.73,0.0,4.425000000000001,6.7749999999999995,37.45,3.3,2.35,2.275,0.42500000000000004,8.5825,9.255,5.702500000000001,10.78,50.0,411.725,238.625,413.725,237.55,413.075,239.35000000000002,412.8,238.525,5.7225,2.20289,1.35337,2.5817,6.1359075,10728.575,2.5625,117.3,6364.825,4.93,4.25,1.8221325,0.935367,1.8714775000000001,4.6304324999999995,182.8,8147.9,1.2296675,0.9766285,1.770435,3.9755024999999997
2026-02-07 00:30:00+00:00,0.0,5.36,0.0,0.0,0.0,0.745,0.8,0.69,0.73,0.0,5.050000000000001,3.6,39.0,2.4000000000000004,0.85,1.7000000000000002,0.45,8.27,8.325,5.705,10.77,50.0,411.7,238.7,413.55,237.45,412.9,239.25,412.75,238.5,5.73,1.9829050000000001,1.35313,2.5818250000000003,5.916375,10729.35,2.57,117.3,6365.4,4.93,4.25,1.605365,0.9372484999999999,1.8762050000000001,4.415725,182.8,8148.45,1.15856,0.975051,1.7647599999999999,3.89764
2026-02-07 00:45:00+00:00,0.0,5.464285714285714,0.0,0.0,0.0,0.74,0.775,0.6975,0.73,0.0,4.775,4.8500000000000005,40.325,2.475,2.425,1.9500000000000002,0.475,7.904999999999999,7.289999999999999,5.692500000000001,10.7225,50.0,410.775,238.4,412.475,236.9,411.9,238.55,411.8,237.95,5.737500000000001,1.73478,1.3482699999999999,2.564295,5.6552625,10730.125,2.57,117.3,6365.9,4.93,4.25,1.365355,0.93702325,1.8724124999999998,4.1716175,182.8,8149.0,1.06757075,0.968852,1.751375,3.787865
2026-02-07 01:00:00+00:00,0.0,5.065573770491803,0.0,0.0,0.0,0.73,0.75,0.7,0.73,0.0,5.3,4.9,41.7,2.6,2.9,2.2,0.5,7.56,6.27,5.69,10.71,50.0,410.7,238.5,412.3,236.8,411.8,238.4,411.7,237.9,5.74,1.49414,1.34771,2.55949,5.41202,10730.3,2.57,117.3,6366.0,4.93,4.25,1.12735,0.937301,1.87095,3.93202,182.8,8149.1,0.983771,0.968218,1.74865,3.70125
2026-02-07 01:15:00+00:00,0.0,5.512195121951219,0.0,0.0,0.0,0.73,0.75,0.69,0.73,0.0,5.400000000000001,2.5,41.8,2.4,3.4,3.9,0.5,7.580000000000001,6.29,5.7,10.74,50.0,411.7,238.9,413.3,237.30000000000004,412.7,239.1,412.6000000000001,238.4,5.739999999999999,1.49637,1.34807,2.56786,5.4173,10731.6,2.57,117.3,6366.899999999999,4.93,4.25,1.12876,0.936127,1.8743100000000001,3.9337199999999997,182.80000000000004,8150.100000000001,0.988131,0.973081,1.75967,3.7229000000000005
2026-02-07 01:30:00+00:00,0.0,5.381818181818182,0.0,0.0,0.0,0.73,0.75,0.69,0.73,0.0,3.525,5.325,41.650000000000006,0.875,2.025,2.7,0.4,7.5975,6.305,5.72,10.754999999999999,50.075,412.6,239.35,414.07500000000005,237.85,413.425,239.3,413.34999999999997,238.85,5.74,1.5091525,1.35852,2.5751225,5.4406300000000005,10732.2,2.57,117.3,6367.3,4.93,4.25,1.137085,0.9409215,1.8766349999999998,3.9511700000000003,182.8,8150.625,0.99280525,0.98276425,1.76418,3.7384825
2026-02-07 01:45:00+00:00,0.0,5.647058823529412,0.0,0.0,0.0,0.7275,0.75,0.69,0.73,0.0,5.9,5.7749999999999995,41.5,2.15,0.75,2.0,0.4,7.5975,6.325,5.7225,10.75,50.0,412.525,239.375,414.2,237.85,413.45,239.175,413.425,238.85,5.7425,1.50907,1.357065,2.57049,5.43657,10732.925,2.57,117.3,6367.700000000001,4.93,4.2524999999999995,1.1375,0.938616,1.8693825,3.9432725,182.8,8151.1,0.9942519999999999,0.98433125,1.7654025,3.7420675
2026-02-07 02:00:00+00:00,0.0,5.235294117647059,0.0,0.0,0.0,0.72,0.75,0.69,0.73,0.0,4.7,8.7,41.5,2.6,2.1,1.7,0.4,7.62,6.34,5.73,10.78,50.0,413.2,239.9,414.8,238.3,414.2,239.7,414.1,239.3,5.75,1.51978,1.36557,2.58249,5.46966,10733.3,2.57,117.3,6368.0,4.93,4.26,1.13681,0.939858,1.88007,3.95099,182.8,8151.4,1.00444,0.990164,1.77699,3.77098
2026-02-07 02:15:00+00:00,0.0,5.333333333333333,0.0,0.0,0.0,0.7266666666666666,0.75,0.69,0.73,0.0,2.9,6.366666666666667,41.63333333333333,2.4,2.5666666666666664,2.2333333333333334,0.4000000000000001,7.6066666666666665,6.32,5.73,10.766666666666666,50.0,412.6666666666667,239.5,414.3333333333333,237.9666666666667,413.73333333333335,239.5,413.56666666666666,238.9666666666667,5.763333333333333,1.5088800000000002,1.3593633333333333,2.5752099999999998,5.446213333333334,10734.233333333334,2.5766666666666667,117.3,6368.599999999999,4.93,4.266666666666667,1.13151,0.939816,1.8763699999999999,3.9525966666666665,182.80000000000004,8152.0,0.996446,0.984714,1.7698766666666668,3.750366666666667
2026-02-07 02:30:00+00:00,0.0,5.178571428571429,0.0,0.0,0.0,0.745,0.8175,0.69,0.73,0.0,3.6,5.800000000000001,38.75,2.3,2.3499999999999996,1.95,0.4,8.5975,9.2875,5.73,10.7675,50.05,412.325,238.925,414.1,237.95,413.35,239.475,413.3,238.725,5.77,2.2134625000000003,1.3598599999999998,2.5792574999999998,6.148137500000001,10735.05,2.58,117.3,6369.1,4.93,4.27,1.8388025,0.94157175,1.87494,4.6517550000000005,182.8,8152.55,1.23218725,0.982445,1.7696049999999999,3.9883100000000002
2026-02-07 02:45:00+00:00,0.0,5.45945945945946,0.0,0.0,0.0,0.7399999999999999,0.7799999999999999,0.69,0.73,0.0,3.6666666666666665,5.266666666666667,39.666666666666664,2.1,1.8333333333333333,1.8666666666666665,0.4000000000000001,8.049999999999999,7.633333333333333,5.73,10.776666666666666,50.03333333333333,412.7,239.33333333333334,414.3,238.0666666666667,413.7,239.5,413.56666666666666,238.9,5.763333333333333,1.82132,1.3542733333333334,2.57184,5.738686666666666,10735.733333333332,2.5733333333333333,117.3,6369.566666666667,4.93,4.263333333333333,1.4456233333333335,0.9402353333333333,1.87378,4.255606666666666,182.80000000000004,8153.133333333334,1.1042533333333333,0.9855596666666666,1.76992,3.8591866666666665
2026-02-07 03:00:00+00:00,0.0,5.381818181818182,0.0,0.0,0.0,0.73,0.75,0.69,0.73,0.0,2.9,4.7,41.6,2.0,1.8,2.1,0.4,7.61,6.31,5.73,10.78,50.0,412.9,239.6,414.4,238.1,413.9,239.5,413.7,239.0,5.76,1.50691,1.35088,2.56685,5.41502,10735.9,2.57,117.3,6369.7,4.93,4.26,1.13071,0.939271,1.87313,3.94114,182.8,8153.3,1.00033,0.987041,1.76953,3.75325
2026-02-07 03:15:00+00:00,0.0,5.45945945945946,0.0,0.0,0.0,0.73,0.75,0.69,0.73,0.0,2.9,4.7,41.6,2.0,1.8,2.1,0.4000000000000001,7.61,6.31,5.73,10.78,50.0,412.8999999999999,239.6,414.3999999999999,238.1,413.8999999999999,239.5,413.7,239.0,5.760000000000001,1.5069100000000002,1.35088,2.56685,5.415020000000001,10735.9,2.57,117.3,6369.7,4.93,4.26,1.13071,0.9392710000000001,1.87313,3.9411399999999994,182.80000000000004,8153.3,1.00033,0.987041,1.7695300000000003,3.75325
2026-02-07 03:30:00+00:00,0.0,5.450980392156863,0.0,0.0,0.0,0.73,0.74,0.68,0.72,0.0,3.3,4.3,41.7,0.4,3.2,3.5,0.4,7.62,6.2975,5.7175,10.79,50.0,411.92499999999995,238.95000000000002,413.57500000000005,237.525,412.825,239.05,412.84999999999997,238.45000000000002,5.77,1.51343,1.34903,2.57431,5.43883,10737.7,2.58,117.3,6371.0,4.93,4.26,1.13351,0.93969,1.8702,3.95516,182.8,8154.6,1.00827,0.993182,1.768,3.7504
2026-02-07 03:45:00+00:00,0.0,5.68,0.0,0.0,0.0,0.7375,0.76,0.7,0.74,0.0,2.875,3.725,41.6,2.4499999999999997,2.175,2.575,0.4,7.4775,6.2,5.6475,10.594999999999999,50.0,407.45,236.35,408.925,234.85,408.1,236.425,408.125,235.875,5.7524999999999995,1.4577075000000002,1.3131499999999998,2.4889400000000004,5.2570475,10738.525,2.5700000000000003,117.3,6371.474999999999,4.93,4.2524999999999995,1.115715,0.9244362500000001,1.8385225,3.8706625,182.8,8155.200000000001,0.9459265,0.9365935,1.6837425,3.5604825
2026-02-07 04:00:00+00:00,0.0,5.2368421052631575,0.0,0.0,0.0,0.73,0.7600000000000001,0.6999999999999998,0.7399999999999999,0.0,3.4,1.7,41.6,1.3999999999999997,2.4,2.7999999999999994,0.4000000000000001,7.47,6.2,5.64,10.58,50.0,407.3,236.19999999999996,408.7,234.69999999999996,408.1000000000001,236.19999999999996,407.8999999999999,235.80000000000004,5.7,1.46247,1.32377,2.50082,5.28062,10738.9,2.54,117.3,6371.7,4.93,4.23,1.11501,0.929231,1.8363699999999998,3.8795799999999994,182.80000000000004,8155.5,0.947215,0.944281,1.69428,3.5835899999999996
2026-02-07 04:15:00+00:00,0.0,5.469387755102041,0.0,0.0,0.0,0.73,0.76,0.7,0.74,0.0,4.4,4.5,41.6,1.15,2.45,2.05,0.4,7.475,6.2,5.64,10.585,50.0,407.35,236.35,408.75,234.8,408.05,236.2,408.0,235.8,5.66,1.46377,1.3237299999999999,2.499155,5.282105,10739.5,2.52,117.3,6372.15,4.93,4.220000000000001,1.1158350000000001,0.9267890000000001,1.840855,3.882265,182.8,8156.0,0.9480955,0.945937,1.69478,3.58791
2026-02-07 04:30:00+00:00,0.0,5.421052631578948,0.0,0.0,0.0,0.73,0.7600000000000001,0.6999999999999998,0.7399999999999999,0.0,5.400000000000001,7.3,41.6,0.9,2.5,1.3,0.4000000000000001,7.48,6.2,5.64,10.59,50.0,407.3999999999999,236.5,408.8,234.9,408.0,236.19999999999996,408.1000000000001,235.80000000000004,5.62,1.46507,1.32369,2.49749,5.28359,10740.1,2.5,117.3,6372.600000000001,4.93,4.21,1.11666,0.924347,1.84534,3.88495,182.80000000000004,8156.5,0.948976,0.947593,1.6952799999999997,3.5922299999999994
2026-02-07 04:45:00+00:00,0.0,5.469387755102041,0.0,0.0,0.0,0.73,0.76,0.7,0.735,0.0,5.45,5.45,41.6,1.35,1.8,1.3,0.4,7.48,6.2,5.645,10.594999999999999,50.0,407.5,236.45,408.9,234.9,408.15,236.35,408.15,235.85000000000002,5.63,1.46635,1.3257349999999999,2.503655,5.29538,10740.75,2.505,117.3,6373.05,4.93,4.21,1.116765,0.926003,1.840885,3.88108,182.8,8156.95,0.9513024999999999,0.949343,1.701425,3.60292
2026-02-07 05:00:00+00:00,0.0,5.509090909090909,0.0,0.0,0.0,0.76,0.8275,0.6924999999999999,0.73,0.0,6.775,5.775,37.85,1.6500000000000001,2.825,2.275,0.325,8.575,9.4475,5.657500000000001,10.63,50.0,407.825,236.175,409.45000000000005,235.20000000000002,408.225,236.8,408.5,236.05,5.64,2.22591,1.331425,2.518715,6.0770375,10741.925,2.51,117.3,6373.799999999999,4.93,4.21,1.8556575,0.93062975,1.8455650000000001,4.6248024999999995,182.8,8157.7,1.23183475,0.953184,1.7142600000000001,3.9004625
2026-02-07 05:15:00+00:00,0.0,5.6923076923076925,0.0,0.0,0.0,0.77,0.85,0.69,0.73,0.0,7.2,6.5,36.6,1.6000000000000003,3.4,2.6,0.3,8.94,10.53,5.66,10.64,50.0,407.8999999999999,236.1,409.6000000000001,235.30000000000004,408.2,236.9,408.6000000000001,236.1,5.64,2.47867,1.33264,2.52168,6.333659999999999,10742.1,2.51,117.3,6373.899999999999,4.93,4.21,2.10192,0.93162,1.84861,4.874,182.80000000000004,8157.8,1.32457,0.953881,1.71649,3.9960800000000005
2026-02-07 05:30:00+00:00,0.0,5.396551724137931,0.0,0.0,0.0,0.74,0.7825,0.6975,0.73,0.0,7.05,4.925000000000001,40.275,1.075,1.3,1.775,0.375,7.51,6.23,5.67,10.64,50.0,409.2,237.4,410.6,236.0,410.0,237.2,409.9,236.8,5.64,1.47987,1.3366,2.52499,5.33822,10742.925000000001,2.5175,117.3,6374.425,4.93,4.21,1.12083,0.929503,1.84484,3.89658,182.8,8158.475,0.963124,0.958911,1.71696,3.64061
2026-02-07 05:45:00+00:00,0.0,5.195121951219512,0.0,0.0,0.0,0.73,0.7600000000000001,0.6999999999999998,0.73,0.0,6.5,2.5,41.6,2.7999999999999994,2.6,2.2,0.4000000000000001,8.77,10.01,5.669999999999999,10.64,50.0,408.5,236.5,410.2,235.80000000000004,409.3999999999999,237.19999999999996,409.3999999999999,236.5,5.64,1.47354,1.33465,2.52315,5.33247,10743.9,2.52,117.3,6375.0,4.93,4.21,2.00781,0.928414,1.85245,4.28347,182.80000000000004,8159.2,1.09008,0.955683,1.71358,3.6307999999999994
2026-02-07 06:00:00+00:00,0.0,5.203389830508475,0.0,0.0,0.0,0.73,0.76,0.7,0.73,0.0,6.5,2.5,41.6,2.8,2.6,2.2,0.4,8.77,10.01,5.67,10.64,50.0,408.5,236.5,410.2,235.8,409.4,237.2,409.4,236.5,5.64,1.47354,1.33465,2.52315,5.33247,10743.9,2.52,117.3,6375.0,4.93,4.21,2.00781,0.928414,1.85245,4.28347,182.8,8159.2,1.09008,0.955683,1.71358,3.6308
2026-02-07 06:15:00+00:00,0.0,5.45945945945946,0.0,0.0,0.0,0.73,0.7600000000000001,0.6966666666666667,0.73,0.0,5.733333333333333,2.6999999999999997,41.56666666666667,2.733333333333333,3.0,2.266666666666667,0.4000000000000001,8.356666666666667,8.756666666666666,5.676666666666667,10.643333333333333,50.0,408.93333333333334,236.9,410.5,235.9,409.76666666666665,237.29999999999998,409.7333333333333,236.70000000000002,5.646666666666666,1.47602,1.3352666666666666,2.524233333333333,5.335553333333333,10744.5,2.5233333333333334,117.3,6375.433333333333,4.93,4.21,1.7136333333333333,0.9291893333333333,1.8527766666666665,4.158293333333334,182.80000000000004,8159.666666666667,1.0485579999999999,0.9577303333333332,1.7168166666666667,3.6368966666666664
2026-02-07 06:30:00+00:00,0.0,5.338983050847458,0.0,0.0,0.0,0.74,0.7825,0.6924999999999999,0.73,0.0,3.975,3.9,40.15,2.1750000000000003,3.275,2.15,0.375,7.867500000000001,7.26,5.6875,10.6575,50.0,409.625,237.5,411.05,236.1,410.35,237.55,410.29999999999995,237.05,5.66,1.71902,1.336525,2.5297,5.5820549999999995,10745.875,2.53,117.3,6376.4,4.93,4.21,1.35962,0.930871,1.853745,4.1431875,182.8,8160.700000000001,1.047638,0.96139525,1.7254049999999999,3.7328650000000003
2026-02-07 06:45:00+00:00,0.0,5.571428571428571,0.0,0.0,0.0,0.7566666666666667,0.82,0.6966666666666667,0.73,0.0,5.1,5.866666666666667,38.0,1.4333333333333333,1.8,1.5,0.3666666666666667,8.426666666666668,8.94,5.676666666666667,10.676666666666668,50.0,409.06666666666666,237.0666666666667,410.8,236.0,410.0333333333333,237.66666666666666,410.0,236.9333333333333,5.663333333333334,2.11578,1.3367333333333333,2.5388333333333333,5.985916666666667,10746.566666666666,2.533333333333333,117.3,6376.833333333333,4.93,4.213333333333334,1.7483899999999999,0.92965,1.8545433333333332,4.534503333333333,182.80000000000004,8161.166666666667,1.185685,0.95968,1.7305,3.8752099999999996
2026-02-07 07:00:00+00:00,0.0,5.267857142857143,0.0,0.0,0.0,0.74,0.78,0.695,0.73,0.0,6.875,5.5,40.525,1.95,2.1,1.75,0.45,7.8475,7.28,5.645,10.6275,50.0,408.025,236.675,409.70000000000005,235.3,409.2,237.025,408.975,236.375,5.635,1.7204899999999999,1.328145,2.5214925,5.5671575,10762.25,2.5225,117.3,6387.15,4.93,4.2025,1.35756,0.92444675,1.843795,4.13009,182.8,8173.075,1.05046175,0.95115625,1.7174075,3.7196075
2026-02-07 07:15:00+00:00,0.0,5.333333333333333,0.0,0.0,0.0,0.7324999999999999,0.7625,0.7024999999999999,0.7324999999999999,0.0,5.1,6.35,41.9,1.4500000000000002,2.55,2.375,0.4,7.39,6.11,5.575,10.4825,50.0,404.6,234.85,406.4,233.325,405.775,234.925,405.625,234.35,5.525,1.4344725,1.300575,2.462865,5.19996,10808.074999999999,2.47,117.3,6417.175,4.93,4.1450000000000005,1.0927225,0.91430725,1.8078875,3.8214724999999996,182.8,8207.6,0.9277742499999999,0.92434725,1.6722075,3.5255875
2026-02-07 07:30:00+00:00,0.0,5.088888888888889,0.0,0.0,0.0,0.7399999999999999,0.77,0.71,0.7399999999999999,0.0,0.6,5.900000000000001,41.9,1.0,1.5,2.9,0.4000000000000001,7.39,6.11,5.59,10.49,50.0,404.3,234.69999999999996,406.1000000000001,233.1,405.3999999999999,234.69999999999996,405.3999999999999,234.19999999999996,5.510000000000001,1.43091,1.30059,2.46048,5.19828,10808.9,2.47,117.3,6417.7,4.93,4.13,1.09591,0.91525,1.81457,3.8330299999999995,182.80000000000004,8208.2,0.924976,0.9223979999999999,1.66422,3.5106699999999997
2026-02-07 07:45:00+00:00,0.0,5.614035087719298,0.0,0.0,0.0,0.74,0.7675000000000001,0.7024999999999999,0.74,0.0,8.95,6.175000000000001,41.775,1.575,1.0,1.675,0.5,7.39,6.12,5.5875,10.48,50.0,403.925,234.4,405.57500000000005,232.875,404.875,234.45,404.84999999999997,233.875,5.5175,1.4311274999999999,1.2971425,2.45742,5.187060000000001,10809.825,2.47,117.3,6418.200000000001,4.93,4.1375,1.0938075,0.9164445,1.813345,3.82337,182.8,8208.800000000001,0.9219625,0.91953675,1.6587,3.5000975
2026-02-07 08:00:00+00:00,0.0,5.75,0.0,0.0,0.0,0.7399999999999999,0.7600000000000001,0.71,0.7399999999999999,0.0,9.7,3.6,41.7,2.7000000000000006,3.4,2.7999999999999994,0.5,7.39,6.12,5.580000000000001,10.48,50.0,403.7,234.4,405.5,232.80000000000004,404.8,234.30000000000004,404.7,233.80000000000004,5.54,1.43166,1.29655,2.45259,5.18076,10810.2,2.47,117.3,6418.5,4.93,4.16,1.09434,0.915753,1.81627,3.83114,182.80000000000004,8209.1,0.919966,0.9191280000000001,1.6550400000000003,3.49373
2026-02-07 08:15:00+00:00,0.0,5.490196078431373,0.0,0.0,0.0,0.74,0.76,0.71,0.74,0.0,9.7,4.0,41.7,2.7,3.4,2.8,0.5,7.39,6.12,5.58,10.48,50.0,403.7,234.4,405.5,232.8,404.8,234.3,404.7,233.8,5.54,1.43166,1.29655,2.45259,5.18076,10810.2,2.47,117.3,6418.5,4.93,4.16,1.09434,0.915753,1.81627,3.83114,182.8,8209.1,0.919966,0.919128,1.65504,3.49373
2026-02-07 08:30:00+00:00,0.0,5.333333333333333,0.0,0.0,0.0,0.7399999999999999,0.7600000000000001,0.71,0.7399999999999999,0.0,9.7,3.6,41.7,2.7000000000000006,3.4,2.7999999999999994,0.5,7.39,6.12,5.580000000000001,10.48,50.0,403.7,234.4,405.5,232.80000000000004,404.8,234.30000000000004,404.7,233.80000000000004,5.54,1.43166,1.29655,2.45259,5.18076,10810.2,2.47,117.3,6418.5,4.93,4.16,1.09434,0.915753,1.81627,3.83114,182.80000000000004,8209.1,0.919966,0.9191280000000001,1.6550400000000003,3.49373
2026-02-07 08:45:00+00:00,0.0,5.384615384615385,0.0,0.0,0.0,0.74,0.76,0.71,0.74,0.0,6.449999999999999,4.75,41.8,2.35,2.6,2.5,0.5,7.385,6.109999999999999,5.575,10.485,50.0,403.85,234.45,405.6,232.85000000000002,404.95000000000005,234.4,404.79999999999995,233.9,5.529999999999999,1.42926,1.294925,2.4555049999999996,5.18383,10811.400000000001,2.465,117.3,6419.3,4.93,4.155,1.093,0.9142755,1.8156400000000001,3.825625,182.8,8210.0,0.9201235,0.917839,1.6565400000000001,3.49496
2026-02-07 09:00:00+00:00,0.0,5.575,0.0,0.0,0.0,0.7399999999999999,0.7666666666666666,0.71,0.7399999999999999,0.0,4.733333333333333,7.033333333333334,41.9,1.4666666666666668,1.1333333333333335,1.8,0.5,7.38,6.099999999999999,5.57,10.483333333333334,50.0,403.6666666666667,234.29999999999998,405.3,232.76666666666665,404.6333333333334,234.4333333333333,404.5,233.79999999999998,5.52,1.4258666666666666,1.29422,2.456326666666667,5.17924,10812.933333333334,2.46,117.3,6420.366666666666,4.93,4.15,1.0931666666666666,0.9143486666666667,1.8120366666666667,3.81979,182.80000000000004,8211.166666666666,0.917123,0.9159213333333334,1.6539533333333332,3.4865766666666667
2026-02-07 09:15:00+00:00,0.0,5.525,0.0,0.0,0.0,0.7399999999999999,0.77,0.71,0.7399999999999999,0.0,5.5,7.8,41.9,1.2,0.8000000000000002,1.6000000000000003,0.5,7.38,6.099999999999999,5.57,10.48,50.0,403.5,234.19999999999996,405.1000000000001,232.69999999999996,404.3999999999999,234.4,404.3,233.69999999999996,5.52,1.42537,1.29468,2.45528,5.17541,10813.1,2.46,117.3,6420.5,4.93,4.15,1.09392,0.915124,1.81055,3.81963,182.80000000000004,8211.3,0.915544,0.915607,1.65191,3.4817699999999996
2026-02-07 09:30:00+00:00,0.0,5.241379310344827,0.0,0.0,0.0,0.74,0.77,0.71,0.74,0.0,5.5,7.279999999999999,41.9,1.2,0.8,1.6,0.5,7.38,6.1,5.57,10.48,50.0,403.5,234.2,405.1,232.7,404.4,234.4,404.3,233.7,5.52,1.42537,1.29468,2.45528,5.17541,10813.1,2.46,117.3,6420.5,4.93,4.15,1.09392,0.915124,1.81055,3.81963,182.8,8211.3,0.915544,0.915607,1.65191,3.48177
2026-02-07 09:45:00+00:00,0.0,5.6,0.0,0.0,0.0,0.7600000000000001,0.8233333333333333,0.71,0.7399999999999999,0.0,4.433333333333334,5.733333333333333,37.833333333333336,1.9333333333333333,1.4666666666666668,2.0666666666666664,0.3666666666666667,8.246666666666666,8.686666666666667,5.57,10.486666666666666,50.0,403.5,233.9333333333333,405.3,232.9,404.59999999999997,234.46666666666667,404.5,233.76666666666665,5.513333333333333,2.0272633333333334,1.29802,2.459233333333333,5.78273,10814.300000000001,2.46,117.3,6421.233333333334,4.93,4.1433333333333335,1.6863533333333331,0.915236,1.8093166666666667,4.4115899999999995,182.80000000000004,8212.233333333334,1.1194613333333334,0.9182616666666666,1.6597099999999998,3.6960566666666668
2026-02-07 10:00:00+00:00,0.0,5.2,0.0,0.0,0.0,0.75,0.7966666666666667,0.71,0.7399999999999999,0.0,5.366666666666667,7.033333333333332,39.86666666666667,2.1,1.2666666666666666,1.8333333333333333,0.43333333333333335,7.8,7.38,5.5566666666666675,10.463333333333333,50.0,403.1666666666667,233.80000000000004,404.93333333333334,232.6,404.3666666666666,234.16666666666666,404.2,233.53333333333333,5.503333333333333,1.7221833333333334,1.2859433333333332,2.4421366666666664,5.4434499999999995,10815.300000000001,2.46,117.3,6421.866666666666,4.93,4.14,1.3878833333333336,0.9117146666666667,1.8061133333333335,4.10689,182.80000000000004,8212.966666666667,1.0157973333333332,0.9136783333333334,1.6457499999999998,3.56408
2026-02-07 10:15:00+00:00,0.0,5.340909090909091,0.0,0.0,0.0,0.7399999999999999,0.77,0.71,0.7399999999999999,0.0,6.099999999999999,8.2,41.9,2.0,1.0,1.6000000000000003,0.5,7.36,6.080000000000001,5.55,10.45,50.0,403.0,233.80000000000004,404.7,232.4,404.2,234.0,404.0,233.4,5.5,1.41917,1.27907,2.4326,5.12198,10815.5,2.46,117.3,6422.0,4.93,4.14,1.09054,0.909926,1.80482,3.80655,182.80000000000004,8213.1,0.912986,0.910723,1.63682,3.4445199999999994
2026-02-07 10:30:00+00:00,0.0,5.325,0.0,0.0,0.0,0.7399999999999999,0.77,0.71,0.7399999999999999,0.0,6.566666666666666,6.066666666666666,41.833333333333336,1.5333333333333332,1.5333333333333332,1.8666666666666665,0.43333333333333335,7.366666666666667,6.086666666666666,5.5633333333333335,10.456666666666667,50.0,403.0,233.86666666666667,404.6333333333334,232.4,404.06666666666666,234.0,403.93333333333334,233.4,5.493333333333333,1.4219233333333332,1.2895633333333334,2.44188,5.152093333333333,10816.366666666667,2.4533333333333336,117.3,6422.466666666667,4.93,4.133333333333333,1.0918400000000001,0.9140206666666666,1.8053533333333334,3.810283333333333,182.80000000000004,8213.699999999999,0.9136573333333334,0.914705,1.6463533333333331,3.4685399999999995
2026-02-07 10:45:00+00:00,0.0,5.469387755102041,0.0,0.0,0.0,0.74,0.77,0.71,0.74,0.0,6.8,5.0,41.8,1.3,1.8,2.0,0.4,7.37,6.09,5.57,10.46,50.0,403.0,233.9,404.6,232.4,404.0,234.0,403.9,233.4,5.49,1.4233,1.29481,2.44652,5.16715,10816.8,2.45,117.3,6422.7,4.93,4.13,1.09249,0.916068,1.80562,3.81215,182.8,8214.0,0.913993,0.916696,1.65112,3.48055
2026-02-07 11:00:00+00:00,0.0,5.466666666666667,0.0,0.0,0.0,0.7399999999999999,0.77,0.71,0.7399999999999999,0.0,3.466666666666667,6.866666666666667,41.8,0.8333333333333334,2.2666666666666666,1.8666666666666665,0.4666666666666666,7.37,6.083333333333333,5.576666666666667,10.453333333333333,50.0,403.1333333333334,233.9,404.8,232.46666666666667,404.1333333333334,234.0666666666667,404.0333333333333,233.46666666666667,5.510000000000001,1.4231999999999998,1.2940366666666667,2.4476333333333335,5.164943333333333,10817.533333333333,2.45,117.3,6423.233333333334,4.93,4.1499999999999995,1.0946033333333334,0.9178286666666667,1.8110866666666665,3.818716666666667,182.80000000000004,8214.6,0.9097443333333333,0.9132446666666666,1.6484066666666666,3.4719700000000002
2026-02-07 11:15:00+00:00,0.0,5.180327868852459,0.0,0.0,0.0,0.74,0.77,0.71,0.74,0.0,1.8,7.8,41.8,0.6,2.5,1.8,0.5,7.37,6.08,5.58,10.45,50.0,403.2,233.9,404.9,232.5,404.2,234.1,404.1,233.5,5.52,1.42315,1.29365,2.44819,5.16384,10817.9,2.45,117.3,6423.5,4.93,4.16,1.09566,0.918709,1.81382,3.822,182.8,8214.9,0.90762,0.911519,1.64705,3.46768
2026-02-07 11:30:00+00:00,0.0,5.3,0.0,0.0,0.0,0.7799999999999999,0.85,0.71,0.7399999999999999,0.0,3.0,7.8,35.6,2.6,1.8,1.5,0.4000000000000001,8.65,9.9,5.56,10.49,50.0,403.5,233.30000000000004,405.6000000000001,232.30000000000004,404.6000000000001,234.30000000000004,404.6000000000001,233.4,5.52,2.30908,1.29875,2.46649,6.06868,10819.1,2.45,117.3,6424.3,4.93,4.16,1.97427,0.9168850000000001,1.81834,4.71396,182.80000000000004,8215.8,1.20696,0.918038,1.66388,3.78966
2026-02-07 11:45:00+00:00,0.0,5.368421052631579,0.0,0.0,0.0,0.74,0.77,0.71,0.74,0.0,5.324999999999999,7.425,40.325,1.925,2.25,2.325,0.475,7.38,6.08,5.57,10.47,50.0,403.6,234.2,405.3,232.7,404.7,234.3,404.5,233.7,5.52,1.42321,1.29386,2.45345,5.17258,10819.475,2.4575,117.3,6424.525000000001,4.93,4.16,1.09189,0.916487,1.81505,3.82122,182.8,8216.175,0.914621,0.915942,1.65296,3.48378
2026-02-07 12:00:00+00:00,0.0,5.386363636363637,0.0,0.0,0.0,0.7399999999999999,0.77,0.71,0.7399999999999999,0.0,6.099999999999999,7.3,41.9,1.7,2.4,2.6,0.5,7.38,6.080000000000001,5.57,10.47,50.0,403.6000000000001,234.19999999999996,405.3,232.69999999999996,404.7,234.30000000000004,404.5,233.69999999999996,5.52,1.42321,1.29386,2.45345,5.17258,10819.6,2.46,117.3,6424.600000000001,4.93,4.16,1.09189,0.916487,1.81505,3.82122,182.80000000000004,8216.3,0.914621,0.9159419999999999,1.65296,3.48378
2026-02-07 12:15:00+00:00,0.0,5.548387096774194,0.0,0.0,0.0,0.74,0.7625,0.7024999999999999,0.74,0.0,5.8,6.3999999999999995,42.05,2.15,1.8,2.0,0.42500000000000004,7.387499999999999,6.095,5.57,10.4925,50.0,403.75,234.2,405.45,232.925,404.84999999999997,234.45,404.65,233.85,5.52,1.4296600000000002,1.2980900000000002,2.4621425,5.1907675,10820.725,2.46,117.3,6425.35,4.93,4.16,1.09261,0.91643975,1.8132575,3.8235,182.8,8216.975,0.91976225,0.92018625,1.664075,3.505695
2026-02-07 12:30:00+00:00,0.0,5.258620689655173,0.0,0.0,0.0,0.74,0.7625,0.7024999999999999,0.74,0.0,5.025,5.975,42.025,2.125,1.675,1.775,0.4,7.387499999999999,6.0975,5.5725,10.4925,50.0,403.825,234.25,405.525,232.95,404.92499999999995,234.475,404.75,233.9,5.5225,1.4305575,1.29841,2.464595,5.1939275,10821.35,2.46,117.3,6425.8,4.93,4.157500000000001,1.09175,0.91690075,1.81396,3.82492,182.8,8217.425000000001,0.9206322499999999,0.9210195,1.6665175,3.5095725
2026-02-07 12:45:00+00:00,0.0,5.619047619047619,0.0,0.0,0.0,0.75,0.7966666666666667,0.7066666666666667,0.7399999999999999,0.0,2.3666666666666667,4.933333333333333,39.96666666666666,1.4000000000000001,2.3666666666666667,2.233333333333333,0.3666666666666667,7.849999999999999,7.4799999999999995,5.586666666666666,10.49,50.0,404.1333333333334,234.4,405.9333333333334,233.0666666666667,405.3,234.66666666666666,405.1666666666667,234.0666666666667,5.53,1.74986,1.29762,2.46846,5.514806666666668,10822.333333333334,2.46,117.3,6426.533333333333,4.93,4.15,1.4056266666666666,0.9174646666666666,1.8194333333333335,4.14375,182.80000000000004,8218.266666666668,1.034174,0.921336,1.6671333333333334,3.6215266666666666
2026-02-07 13:00:00+00:00,0.0,5.309523809523809,0.0,0.0,0.0,0.77,0.85,0.6999999999999998,0.7399999999999999,0.0,1.1,3.6,36.3,1.0,3.2999999999999994,3.2999999999999994,0.3,8.79,10.26,5.599999999999999,10.53,50.0,404.6000000000001,234.4,406.6000000000001,233.6,405.8999999999999,235.19999999999996,405.7,234.4,5.53,2.39598,1.30258,2.47886,6.17398,10822.8,2.46,117.3,6426.8,4.93,4.15,2.03998,0.9157319999999999,1.82258,4.77745,182.80000000000004,8218.6,1.26632,0.925458,1.67594,3.866
2026-02-07 13:15:00+00:00,0.0,5.35,0.0,0.0,0.0,0.77,0.85,0.6999999999999998,0.7399999999999999,0.0,1.1,3.6,36.3,1.0,3.2999999999999994,3.2999999999999994,0.3,8.79,10.26,5.599999999999999,10.53,50.0,404.6000000000001,234.4,406.6000000000001,233.6,405.8999999999999,235.19999999999996,405.7,234.4,5.53,2.39598,1.30258,2.47886,6.17398,10822.8,2.46,117.3,6426.8,4.93,4.15,2.03998,0.9157319999999999,1.82258,4.77745,182.80000000000004,8218.6,1.26632,0.925458,1.67594,3.866
2026-02-07 13:30:00+00:00,0.0,5.568965517241379,0.0,0.0,0.0,0.77,0.85,0.7,0.74,0.0,1.1,4.36,36.3,1.0,3.3,3.3,0.3,8.79,10.26,5.6,10.53,50.0,404.6,234.4,406.6,233.6,405.9,235.2,405.7,234.4,5.53,2.39598,1.30258,2.47886,6.17398,10822.8,2.46,117.3,6426.8,4.93,4.15,2.03998,0.915732,1.82258,4.77745,182.8,8218.6,1.26632,0.925458,1.67594,3.866
2026-02-07 13:45:00+00:00,0.0,5.415094339622642,0.0,0.0,0.0,0.77,0.85,0.7,0.74,0.0,1.1,3.6,36.3,1.0,3.3,3.3,0.3,8.79,10.26,5.6,10.53,50.0,404.6,234.4,406.6,233.6,405.9,235.2,405.7,234.4,5.53,2.39598,1.30258,2.47886,6.17398,10822.8,2.46,117.3,6426.8,4.93,4.15,2.03998,0.915732,1.82258,4.77745,182.8,8218.6,1.26632,0.925458,1.67594,3.866
2026-02-07 14:00:00+00:00,0.0,5.714285714285714,0.0,0.0,0.0,0.77,0.85,0.7,0.74,0.0,1.1,3.6,36.3,1.0,3.3,3.3,0.3,8.79,10.26,5.6,10.53,50.0,404.6,234.4,406.6,233.6,405.9,235.2,405.7,234.4,5.53,2.39598,1.30258,2.47886,6.17398,10822.8,2.46,117.3,6426.8,4.93,4.15,2.03998,0.915732,1.82258,4.77745,182.8,8218.6,1.26632,0.925458,1.67594,3.866
2026-02-07 14:15:00+00:00,0.0,5.464285714285714,0.0,0.0,0.0,0.74,0.77,0.7,0.74,0.0,7.3,3.6,41.9,2.2,2.7,1.4,0.4,7.41,6.13,5.59,10.53,50.0,404.8,234.9,406.4,233.4,405.7,235.0,405.6,234.4,5.52,1.43879,1.30468,2.47123,5.21901,10826.4,2.48,117.3,6429.2,4.93,4.13,1.09792,0.917011,1.81947,3.84063,182.8,8221.3,0.929336,0.925668,1.67441,3.52773
2026-02-07 14:30:00+00:00,0.0,5.584905660377358,0.0,0.0,0.0,0.74,0.77,0.7,0.74,0.0,7.3,3.6,41.9,2.2,2.7,1.4,0.4,7.41,6.13,5.59,10.53,50.0,404.8,234.9,406.4,233.4,405.7,235.0,405.6,234.4,5.52,1.43879,1.30468,2.47123,5.21901,10826.4,2.48,117.3,6429.2,4.93,4.13,1.09792,0.917011,1.81947,3.84063,182.8,8221.3,0.929336,0.925668,1.67441,3.52773
2026-02-07 14:45:00+00:00,0.0,5.444444444444445,0.0,0.0,0.0,0.73,0.76,0.7,0.73,0.0,3.225,6.199999999999999,41.925,1.625,1.65,1.35,0.4,7.442500000000001,6.1525,5.6025,10.557500000000001,50.0,406.09999999999997,235.625,407.8,234.2,407.175,235.75,407.04999999999995,235.225,5.46,1.4503750000000002,1.310665,2.4916625,5.2522,10827.65,2.47,117.3,6430.0,4.93,4.08,1.102055,0.9184935,1.8268675,3.8433225,182.8,8222.300000000001,0.9407592499999999,0.9344395000000001,1.6902724999999998,3.56537
2026-02-07 15:00:00+00:00,0.0,5.348837209302325,0.0,0.0,0.0,0.73,0.7600000000000001,0.6999999999999998,0.73,0.0,6.3,1.3,42.0,1.1,2.4,1.5,0.4000000000000001,7.45,6.16,5.61,10.58,50.0,406.7,236.0,408.3999999999999,234.5,407.7,236.19999999999996,407.5,235.6,5.46,1.4474799999999999,1.31197,2.49881,5.25928,10828.1,2.47,117.3,6430.3,4.93,4.08,1.10111,0.917409,1.83061,3.84195,182.80000000000004,8222.6,0.943463,0.934786,1.69862,3.5786
2026-02-07 15:15:00+00:00,0.0,5.407407407407407,0.0,0.0,0.0,0.76,0.8275,0.7,0.73,0.0,3.325,3.4749999999999996,37.349999999999994,1.425,1.9000000000000001,1.6500000000000001,0.325,8.435,9.08,5.6274999999999995,10.614999999999998,49.975,406.875,235.825,408.825,234.875,408.1,236.4,407.975,235.7,5.55,2.1381175,1.31827,2.5079275,5.9599899999999995,10828.85,2.5,117.3,6430.8,4.93,4.13,1.7799949999999998,0.921287,1.83781,4.541145,182.8,8223.2,1.177032,0.942164,1.7087425,3.829055
2026-02-07 15:30:00+00:00,0.0,5.340425531914893,0.0,0.0,0.0,0.7433333333333333,0.79,0.6999999999999998,0.73,0.0,3.6666666666666665,5.266666666666667,40.03333333333333,2.233333333333333,2.0333333333333337,2.466666666666667,0.3666666666666667,7.91,7.506666666666667,5.62,10.603333333333333,49.9,406.73333333333335,236.0,408.6333333333334,234.76666666666665,408.0,236.36666666666667,407.8333333333333,235.66666666666666,5.55,1.7672466666666669,1.3175800000000002,2.505383333333333,5.586483333333334,10829.533333333333,2.5,117.3,6431.233333333334,4.93,4.13,1.4084,0.9189533333333334,1.83387,4.167903333333333,182.80000000000004,8223.666666666666,1.0560986666666665,0.9415143333333332,1.70821,3.7058733333333334
2026-02-07 15:45:00+00:00,0.0,5.475409836065574,0.0,0.0,0.0,0.75,0.8049999999999999,0.7,0.73,0.0,5.6,5.5,39.1,2.75,1.5,2.25,0.4,8.135,8.175,5.625,10.605,49.95,406.8,235.89999999999998,408.85,234.7,408.05,236.3,407.9,235.64999999999998,5.58,1.926625,1.32102,2.510865,5.754485000000001,10830.3,2.505,117.3,6431.7,4.93,4.16,1.56587,0.9218109999999999,1.83686,4.324565,182.8,8224.2,1.112899,0.9437884999999999,1.71204,3.76919
2026-02-07 16:00:00+00:00,0.0,5.590909090909091,0.0,0.0,0.0,0.7433333333333333,0.79,0.6999999999999998,0.73,0.0,6.633333333333333,6.533333333333334,40.26666666666667,1.5666666666666664,1.7666666666666668,2.5,0.4666666666666666,7.936666666666667,7.580000000000001,5.633333333333333,10.616666666666667,49.96666666666667,407.1333333333334,236.13333333333333,409.2,234.9,408.40000000000003,236.53333333333333,408.23333333333335,235.83333333333334,5.61,1.7864366666666667,1.3208266666666668,2.5130833333333333,5.618143333333333,10830.800000000001,2.51,117.3,6432.033333333333,4.93,4.19,1.4246066666666668,0.9210843333333333,1.83632,4.183773333333334,182.80000000000004,8224.566666666666,1.0712253333333333,0.9444833333333333,1.71455,3.72977
2026-02-07 16:15:00+00:00,0.0,5.450980392156863,0.0,0.0,0.0,0.77,0.85,0.7,0.73,0.0,3.5,7.2,36.6,2.3,2.7,2.5,0.4,8.89,10.4,5.64,10.65,49.9,407.4,236.0,409.6,235.3,408.6,237.0,408.5,236.1,5.61,2.44297,1.32004,2.51525,6.27627,10831.2,2.51,117.3,6432.3,4.93,4.19,2.06746,0.923697,1.8387,4.82692,182.8,8224.9,1.3078,0.945014,1.72211,3.97663
2026-02-07 16:30:00+00:00,0.0,5.414634146341464,0.0,0.0,0.0,0.7433333333333333,0.79,0.6999999999999998,0.73,0.0,3.4333333333333336,4.333333333333333,40.26666666666667,1.3666666666666665,2.766666666666667,1.7,0.4666666666666666,7.9433333333333325,7.580000000000001,5.626666666666666,10.636666666666668,49.96666666666667,407.0666666666666,236.0666666666667,409.06666666666666,234.83333333333334,408.3333333333333,236.6,408.1666666666667,235.83333333333334,5.623333333333334,1.7868300000000001,1.3183266666666666,2.51241,5.6153900000000005,10832.0,2.51,117.3,6432.833333333333,4.93,4.196666666666666,1.42654,0.9234456666666667,1.8424266666666667,4.1909133333333335,182.80000000000004,8225.5,1.0703866666666666,0.9417306666666666,1.7135033333333334,3.72995
2026-02-07 16:45:00+00:00,0.0,5.173076923076923,0.0,0.0,0.0,0.73,0.76,0.7,0.73,0.0,6.0,4.98,42.05,2.775,1.9,2.275,0.5,7.455,6.1625,5.612500000000001,10.6075,49.925,406.375,235.875,408.35,234.29999999999998,407.675,236.025,407.54999999999995,235.4,5.6225000000000005,1.4553025000000002,1.31453,2.5022375,5.2712325,10832.85,2.51,117.3,6433.4,4.93,4.2,1.103815,0.92297425,1.8378325,3.86727,182.8,8226.175,0.94855175,0.937998,1.70302,3.5911825
2026-02-07 17:00:00+00:00,0.0,5.487804878048781,0.0,0.0,0.0,0.73,0.7600000000000001,0.6999999999999998,0.73,0.0,8.6,5.400000000000001,42.0,3.4,1.6000000000000003,2.6,0.5,7.45,6.16,5.61,10.6,49.9,406.2,235.80000000000004,408.2,234.19999999999996,407.5,235.9,407.3999999999999,235.30000000000004,5.62,1.45415,1.31355,2.49932,5.26666,10833.0,2.51,117.3,6433.5,4.93,4.2,1.10306,0.922859,1.83568,3.86539,182.80000000000004,8226.3,0.947509,0.937301,1.70096,3.58604
2026-02-07 17:15:00+00:00,0.0,5.647058823529412,0.0,0.0,0.0,0.76,0.8275,0.7,0.73,0.0,6.125,4.275,37.275000000000006,2.5749999999999997,1.975,2.375,0.42500000000000004,8.425,9.055,5.625,10.6075,49.975,406.575,235.65,408.65,234.65,407.5,236.35,407.55,235.525,5.62,2.13674,1.320495,2.5116575,5.9695525,10833.974999999999,2.51,117.3,6434.1,4.93,4.2,1.780835,0.9258770000000001,1.84003,4.5436825,182.8,8226.9,1.1748422500000002,0.9413885,1.7115274999999999,3.82847
2026-02-07 17:30:00+00:00,0.0,5.195121951219512,0.0,0.0,0.0,0.73,0.7600000000000001,0.6999999999999998,0.73,0.0,8.0,7.099999999999999,42.2,2.2,0.8000000000000002,1.1,0.5,7.48,6.169999999999999,5.63,10.64,50.0,407.3,236.4,409.3999999999999,235.0,408.7,236.80000000000004,408.5,236.0,5.62,1.45908,1.32361,2.51872,5.29409,10834.8,2.51,117.3,6434.7,4.93,4.2,1.1022,0.926904,1.8454,3.8774600000000006,182.80000000000004,8227.6,0.955432,0.945014,1.71559,3.61457
2026-02-07 17:45:00+00:00,0.0,5.235294117647059,0.0,0.0,0.0,0.77,0.85,0.7,0.73,0.0,5.975,4.8,37.7,1.75,2.15,3.125,0.42500000000000004,8.82,10.17,5.64,10.66,50.0,407.6,236.0,409.8,235.4,408.9,237.2,408.8,236.2,5.62,2.39743,1.32616,2.52596,6.24177,10835.25,2.51,117.3,6435.0,4.93,4.2,2.03082,0.927093,1.84565,4.8051,182.8,8227.975,1.27577,0.945098,1.72236,3.94347
2026-02-07 18:00:00+00:00,0.0,5.333333333333333,0.0,0.0,0.0,0.73,0.7600000000000001,0.6999999999999998,0.73,0.0,6.099999999999999,4.5,42.1,3.2000000000000006,2.4,1.8999999999999997,0.5,7.46,6.169999999999999,5.61,10.61,50.0,406.7,236.1,408.6000000000001,234.5,408.0,236.30000000000004,407.8,235.6,5.63,1.45293,1.3151,2.50787,5.27598,10836.0,2.52,117.3,6435.5,4.93,4.2,1.10274,0.925039,1.83857,3.86407,182.80000000000004,8228.5,0.9487869999999999,0.938055,1.70549,3.59154
2026-02-07 18:15:00+00:00,0.0,5.517857142857143,0.0,0.0,0.0,0.73,0.76,0.7,0.73,0.0,6.1,4.5,42.1,3.2,2.4,1.9,0.5,7.46,6.17,5.61,10.61,50.0,406.7,236.1,408.6,234.5,408.0,236.3,407.8,235.6,5.63,1.45293,1.3151,2.50787,5.27598,10836.0,2.52,117.3,6435.5,4.93,4.2,1.10274,0.925039,1.83857,3.86407,182.8,8228.5,0.948787,0.938055,1.70549,3.59154
2026-02-07 18:30:00+00:00,0.0,5.435897435897436,0.0,0.0,0.0,0.73,0.7600000000000001,0.6999999999999998,0.73,0.0,6.599999999999999,6.400000000000001,42.2,0.4000000000000001,2.5,3.1,0.5,7.47,6.18,5.63,10.62,50.0,407.0,236.30000000000004,409.1000000000001,234.69999999999996,408.5,236.5,408.2,235.80000000000004,5.64,1.4557899999999997,1.31753,2.51231,5.28806,10837.4,2.51,117.3,6436.399999999999,4.93,4.21,1.10012,0.923991,1.8388599999999997,3.86656,182.80000000000004,8229.6,0.95233,0.941996,1.7089299999999998,3.60103
2026-02-07 18:45:00+00:00,0.0,5.1875,0.0,0.0,0.0,0.754,0.8140000000000001,0.7,0.73,0.0,4.319999999999999,3.4,38.36,1.06,2.38,2.8,0.44000000000000006,8.526,9.292,5.638,10.644,50.0,407.32,236.06,409.41999999999996,235.1,408.58000000000004,236.82,408.36,236.04000000000002,5.64,2.18311,1.3225460000000002,2.519606,5.843948,10837.939999999999,2.51,117.3,6436.76,4.93,4.21,1.8301120000000002,0.9258022,1.84634,4.59088,182.8,8229.960000000001,1.196762,0.9432031999999999,1.7148340000000002,3.8543019999999997
2026-02-07 19:00:00+00:00,0.0,5.365853658536586,0.0,0.0,0.0,0.73,0.7600000000000001,0.6999999999999998,0.73,0.0,6.599999999999999,9.4,42.1,0.4000000000000001,2.0,1.8,0.5,7.47,6.169999999999999,5.62,10.62,50.0,407.1000000000001,236.1,409.1000000000001,234.5,408.5,236.5,408.3,235.80000000000004,5.63,1.46002,1.31489,2.51101,5.28026,10838.9,2.52,117.3,6437.399999999999,4.93,4.2,1.1039,0.923048,1.8434099999999998,3.86776,182.80000000000004,8230.7,0.952476,0.938999,1.7067500000000002,3.59864
2026-02-07 19:15:00+00:00,0.0,5.481481481481482,0.0,0.0,0.0,0.77,0.85,0.7,0.73,0.0,1.1,3.6,36.2,2.5,2.4,1.1,0.4,8.84,10.24,5.63,10.65,50.0,407.1,235.8,409.1,235.0,408.4,236.8,408.2,235.9,5.63,2.41143,1.32153,2.52197,6.2481,10839.4,2.52,117.3,6437.8,4.93,4.2,2.0444,0.924976,1.84582,4.82009,182.8,8231.1,1.28676,0.943904,1.71926,3.9476
2026-02-07 19:30:00+00:00,0.0,5.410714285714286,0.0,0.0,0.0,0.77,0.845,0.7,0.73,0.0,3.95,5.0,36.6,2.5,1.6,1.5,0.4,8.165,8.215,5.63,10.645,50.0,407.45000000000005,236.3,409.4,235.1,408.7,236.85000000000002,408.54999999999995,236.10000000000002,5.63,2.45794,1.322905,2.522685,6.296685,10840.05,2.52,117.3,6438.200000000001,4.93,4.2,2.04999,0.9260975,1.846945,4.852975000000001,182.8,8231.55,1.317855,0.9455385000000001,1.7203300000000001,3.9799100000000003
2026-02-07 19:45:00+00:00,0.0,5.553571428571429,0.0,0.0,0.0,0.77,0.84,0.7,0.73,0.0,6.8,6.4,37.0,2.5,0.8,1.9,0.4,7.49,6.19,5.63,10.64,50.0,407.8,236.8,409.7,235.2,409.0,236.9,408.9,236.3,5.63,2.50445,1.32428,2.5234,6.34527,10840.7,2.52,117.3,6438.6,4.93,4.2,2.05558,0.927219,1.84807,4.88586,182.8,8232.0,1.34895,0.947173,1.7214,4.01222
2026-02-07 20:00:00+00:00,0.0,5.303571428571429,0.0,0.0,0.0,0.74,0.78,0.7,0.73,0.0,5.225,5.8,40.900000000000006,1.8250000000000002,0.65,1.3,0.475,7.49,6.19,5.6225000000000005,10.6475,50.0,407.8,236.725,409.775,235.125,409.29999999999995,237.05,408.975,236.3,5.637499999999999,1.72883,1.3232225,2.5274575,5.5713675,10841.6,2.52,117.3,6439.2,4.93,4.2075,1.34413,0.9229897499999999,1.844605,4.132845,182.8,8232.675,1.0562325,0.94423375,1.721085,3.7209950000000003
2026-02-07 20:15:00+00:00,0.0,5.285714285714286,0.0,0.0,0.0,0.76,0.825,0.7,0.73,0.0,3.725,5.5,37.300000000000004,1.025,2.2249999999999996,2.0,0.42500000000000004,8.4525,9.05,5.64,10.665,50.0,407.675,236.25,409.8,235.25,408.97499999999997,237.025,408.875,236.2,5.64,2.13436,1.3234875,2.5264675,5.9825349999999995,10842.675,2.52,117.3,6439.9,4.93,4.2,1.77692,0.926847,1.8486575,4.547734999999999,182.8,8233.5,1.180815,0.9469585,1.72504,3.8532975
2026-02-07 20:30:00+00:00,0.0,5.052631578947368,0.0,0.0,0.0,0.73,0.75,0.7,0.73,0.0,4.4,1.9,42.1,1.1,2.0,2.0,0.5,7.5,6.2,5.64,10.65,50.0,408.2,237.0,410.1,235.4,409.2,237.1,409.4,236.5,5.64,1.46746,1.32564,2.52334,5.31694,10843.2,2.52,117.3,6440.2,4.93,4.2,1.11092,0.928875,1.85339,3.88568,182.8,8233.8,0.96084,0.948955,1.72132,3.63126
2026-02-07 20:45:00+00:00,0.0,5.551724137931035,0.0,0.0,0.0,0.73,0.75,0.7,0.73,0.0,4.4,1.9,42.1,1.1,2.0,2.0,0.5,7.5,6.2,5.64,10.65,50.0,408.2,237.0,410.1,235.4,409.2,237.1,409.4,236.5,5.64,1.46746,1.32564,2.52334,5.31694,10843.2,2.52,117.3,6440.2,4.93,4.2,1.11092,0.928875,1.85339,3.88568,182.8,8233.8,0.96084,0.948955,1.72132,3.63126
2026-02-07 21:00:00+00:00,0.0,5.285714285714286,0.0,0.0,0.0,0.76,0.8175,0.7,0.73,0.0,1.85,4.88,37.9,1.9250000000000003,2.2249999999999996,2.45,0.42500000000000004,8.5425,9.3125,5.64,10.6725,49.925,407.97499999999997,236.47500000000002,410.1,235.475,409.275,237.25,409.175,236.425,5.655,2.1953050000000003,1.32663,2.5281625,6.05422,10844.475,2.5275,117.3,6441.099999999999,4.93,4.215,1.8235625000000002,0.92775825,1.8535475,4.6025375,182.8,8234.85,1.21971,0.9487975,1.7282799999999998,3.89577
2026-02-07 21:15:00+00:00,0.0,5.6923076923076925,0.0,0.0,0.0,0.73,0.7600000000000001,0.6999999999999998,0.73,0.0,4.4,3.9,42.0,1.3,1.8,1.8999999999999997,0.5,7.489999999999999,6.19,5.64,10.65,49.9,407.8,236.80000000000004,409.8,235.19999999999996,409.1000000000001,237.0,408.8999999999999,236.30000000000004,5.66,1.4671899999999998,1.32342,2.52627,5.31296,10845.5,2.53,117.3,6441.8,4.93,4.22,1.10601,0.9264639999999998,1.8455900000000003,3.8739399999999997,182.80000000000004,8235.7,0.9603160000000001,0.946398,1.72224,3.62843
2026-02-07 21:30:00+00:00,0.0,5.625,0.0,0.0,0.0,0.73,0.76,0.7,0.73,0.0,4.4,3.9,42.0,1.3,1.8,1.9,0.5,7.49,6.19,5.64,10.65,49.9,407.8,236.8,409.8,235.2,409.1,237.0,408.9,236.3,5.66,1.46719,1.32342,2.52627,5.31296,10845.5,2.53,117.3,6441.8,4.93,4.22,1.10601,0.926464,1.84559,3.87394,182.8,8235.7,0.960316,0.946398,1.72224,3.62843
2026-02-07 21:45:00+00:00,0.0,5.470588235294118,0.0,0.0,0.0,0.73,0.75,0.696,0.73,0.0,3.1399999999999997,5.18,41.94,1.42,2.2600000000000002,2.46,0.45999999999999996,7.55,6.248,5.672,10.726,50.0,410.4,238.24,412.53999999999996,236.56,411.84,238.34,411.68,237.7,5.67,1.48718,1.342206,2.557104,5.388462,10847.039999999999,2.54,117.3,6442.76,4.93,4.22,1.120654,0.9328114,1.865434,3.9157699999999998,182.8,8236.76,0.9817626,0.9658576,1.752468,3.6980440000000003
2026-02-07 22:00:00+00:00,0.0,5.480769230769231,0.0,0.0,0.0,0.73,0.75,0.6975,0.73,0.0,3.725,6.05,42.150000000000006,1.75,0.85,1.65,0.475,7.557499999999999,6.26,5.6675,10.735,50.0,410.85,238.45,412.975,236.8,412.275,238.775,412.025,238.0,5.67,1.4895575,1.3424325000000001,2.5586175,5.397375,10847.925,2.54,117.3,6443.375,4.93,4.22,1.1243125,0.932836,1.8640225,3.9168875,182.8,8237.375,0.98500725,0.9666565,1.75578,3.7092549999999997
2026-02-07 22:15:00+00:00,0.0,5.634615384615385,0.0,0.0,0.0,0.73,0.75,0.6924999999999999,0.73,0.0,5.675000000000001,4.725,42.05,2.9499999999999997,2.475,1.275,0.5,7.54,6.24,5.67,10.71,50.0,410.3,238.4,412.2,236.6,411.6,238.4,411.4,237.8,5.7075,1.488135,1.3390900000000001,2.5546,5.3839425,10848.475,2.555,117.3,6443.799999999999,4.93,4.2275,1.11922,0.932731,1.86123,3.90867,182.8,8237.8,0.979788,0.962705,1.74854,3.69213
2026-02-07 22:30:00+00:00,0.0,5.647058823529412,0.0,0.0,0.0,0.7575000000000001,0.825,0.69,0.73,0.0,2.975,2.175,37.275000000000006,0.7,0.85,1.275,0.42500000000000004,8.5225,9.157499999999999,5.68,10.7425,50.0,410.725,238.1,412.825,237.1,412.025,238.725,411.875,237.975,5.717499999999999,2.177215,1.347315,2.5684,6.0893999999999995,10849.449999999999,2.56,117.3,6444.3,4.93,4.23,1.8066200000000001,0.9329354999999999,1.8684125,4.606260000000001,182.8,8238.5,1.2136580000000001,0.97024575,1.7621025000000001,3.947475
2026-02-07 22:45:00+00:00,0.0,5.2745098039215685,0.0,0.0,0.0,0.745,0.8,0.69,0.73,0.0,3.85,3.7,39.05,1.65,1.2000000000000002,2.4,0.45,8.23,8.25,5.6850000000000005,10.75,50.0,411.0,238.39999999999998,413.15,237.2,412.4,238.9,412.25,238.14999999999998,5.71,1.963305,1.3465150000000001,2.561925,5.86731,10850.25,2.56,117.3,6444.85,4.93,4.23,1.58966,0.9315260000000001,1.8683100000000001,4.3866700000000005,182.8,8239.05,1.148166,0.9701885,1.76377,3.883135
2026-02-07 23:00:00+00:00,0.0,5.509433962264151,0.0,0.0,0.0,0.745,0.8,0.69,0.73,0.0,3.7,7.5,39.05,1.45,1.1,2.2,0.45,8.23,8.255,5.69,10.75,50.0,411.29999999999995,238.45,413.35,237.3,412.6,239.0,412.45000000000005,238.25,5.720000000000001,1.96427,1.3473950000000001,2.567595,5.878165,10850.85,2.565,117.3,6445.3,4.93,4.235,1.5895650000000001,0.9360115,1.87027,4.395865000000001,182.8,8239.55,1.1492455000000001,0.9723470000000001,1.76705,3.8889199999999997
2026-02-07 23:15:00+00:00,0.0,5.454545454545454,0.0,0.0,0.0,0.7533333333333333,0.8099999999999999,0.69,0.73,0.0,3.6999999999999997,5.666666666666667,38.199999999999996,1.8999999999999997,1.2333333333333334,2.1999999999999997,0.43333333333333335,8.49,9.020000000000001,5.69,10.763333333333334,50.0,411.23333333333335,238.4666666666667,413.3333333333333,237.36666666666667,412.4333333333334,239.0,412.3333333333333,238.26666666666665,5.73,2.1412066666666667,1.3469466666666667,2.5724400000000003,6.065183333333334,10851.5,2.57,117.3,6445.766666666666,4.93,4.24,1.7630299999999999,0.9366926666666666,1.87292,4.57009,182.80000000000004,8240.066666666668,1.2150036666666666,0.9706493333333333,1.76694,3.9549633333333336
2026-02-07 23:30:00+00:00,0.0,5.392857142857143,0.0,0.0,0.0,0.7324999999999999,0.7725,0.69,0.73,0.0,3.425,7.775,40.5,3.0749999999999997,2.65,1.5499999999999998,0.475,7.93,7.315,5.69,10.7775,50.0,411.67499999999995,238.975,413.65,237.475,413.0,239.14999999999998,412.85,238.5,5.737500000000001,1.740345,1.3490849999999999,2.577595,5.669627500000001,10852.15,2.57,117.3,6446.2,4.93,4.2475000000000005,1.3608850000000001,0.9335592500000001,1.8706224999999999,4.1709525,182.8,8240.575,1.079588,0.97566425,1.7705075,3.82486
2026-02-07 23:45:00+00:00,0.0,5.245901639344262,0.0,0.0,0.0,0.76,0.84,0.69,0.73,0.0,3.4,6.1,37.0,2.0,2.7,2.0,0.4,9.07,10.73,5.7,10.8,50.0,411.9,238.6,413.9,237.8,413.2,239.5,412.9,238.6,5.74,2.54103,1.35218,2.58479,6.47626,10853.0,2.57,117.3,6446.7,4.93,4.25,2.14332,0.936085,1.87374,4.94485,182.8,8241.1,1.38316,0.97742,1.77336,4.13616
2026-02-08 00:00:00+00:00,0.0,5.4655172413793105,0.0,0.0,0.0,0.72,0.75,0.69,0.73,0.0,5.0,4.35,42.1,1.5750000000000002,2.125,2.0500000000000003,0.5,7.592499999999999,6.2925,5.692500000000001,10.7875,50.0,412.075,239.2,413.97499999999997,237.6,413.575,239.5,413.275,238.725,5.745,1.5041550000000001,1.34948,2.5861275,5.4303625,10853.85,2.5725,117.3,6447.325,4.93,4.25,1.12372,0.93218625,1.8805425,3.9412725,182.8,8241.7,0.9973385,0.9740555,1.7729325,3.7465450000000002
2026-02-08 00:15:00+00:00,0.0,5.404761904761905,0.0,0.0,0.0,0.7200000000000001,0.75,0.69,0.73,0.0,3.4,6.133333333333333,42.06666666666667,2.2666666666666666,1.0333333333333332,1.6333333333333335,0.5,7.603333333333333,6.3066666666666675,5.703333333333333,10.806666666666667,50.0,412.5,239.36666666666665,414.3666666666666,237.73333333333335,413.93333333333334,239.5666666666667,413.6333333333334,238.9333333333333,5.760000000000001,1.5104233333333335,1.3538133333333333,2.5909066666666667,5.452213333333333,10854.5,2.58,117.3,6447.833333333333,4.93,4.25,1.12894,0.9357846666666667,1.8812,3.9403333333333332,182.80000000000004,8242.166666666666,1.0037399999999999,0.9789983333333333,1.7796399999999999,3.763146666666666
2026-02-08 00:30:00+00:00,0.0,5.535714285714286,0.0,0.0,0.0,0.725,0.755,0.695,0.73,0.0,3.6999999999999997,4.85,42.0,2.65,5.25,4.800000000000001,0.5,7.54,6.25,5.66,10.705,50.0,409.7,237.85,411.54999999999995,236.15,411.1,237.95,410.75,237.35,5.765,1.486325,1.336025,2.5478300000000003,5.369895,10855.2,2.585,117.3,6448.3,4.93,4.255,1.120255,0.929074,1.86344,3.91169,182.8,8242.75,0.9770509999999999,0.9587749999999999,1.73841,3.676075
2026-02-08 00:45:00+00:00,0.0,5.344827586206897,0.0,0.0,0.0,0.73,0.76,0.7,0.73,0.0,1.8,5.1,42.0,4.5,8.8,7.9,0.5,7.47,6.18,5.61,10.61,50.0,406.5,236.0,408.4,234.3,408.0,236.2,407.6,235.5,5.77,1.4601,1.31677,2.5046,5.27833,10855.5,2.59,117.3,6448.5,4.93,4.26,1.10815,0.9207,1.84744,3.87954,182.8,8243.0,0.948662,0.934639,1.6974,3.58301
2026-02-08 01:00:00+00:00,0.0,5.471698113207547,0.0,0.0,0.0,0.73,0.76,0.7,0.73,0.0,5.55,6.45,42.075,3.075,4.825,3.4,0.5,7.4625,6.165,5.61,10.6025,50.0,406.20000000000005,235.85000000000002,408.025,234.075,407.475,235.975,407.225,235.27499999999998,5.665,1.4543475000000001,1.3129525,2.498705,5.265535,10856.474999999999,2.5375,117.3,6449.025,4.93,4.215,1.1045349999999998,0.9218474999999999,1.8450924999999998,3.8766,182.8,8243.675,0.9451085,0.9338845,1.69407,3.574565
2026-02-08 01:15:00+00:00,0.0,5.3584905660377355,0.0,0.0,0.0,0.76,0.8275,0.7075,0.74,0.0,3.325,7.324999999999999,37.5,2.2,3.1500000000000004,1.55,0.42500000000000004,8.467500000000001,9.1575,5.615,10.61,50.0,406.125,235.5,408.2,234.325,407.475,236.27499999999998,407.275,235.375,5.6225,2.1525525,1.3121975,2.505845,5.9718599999999995,10857.449999999999,2.515,117.3,6449.8,4.93,4.1975,1.7953875,0.9266894999999999,1.8481625,4.570975,182.8,8244.425,1.183823,0.93186175,1.6964725,3.8099524999999996
2026-02-08 01:30:00+00:00,0.0,5.333333333333333,0.0,0.0,0.0,0.74,0.7825,0.7,0.7375,0.0,4.35,3.375,40.625,2.4,2.5,2.375,0.475,7.8175,7.215,5.6274999999999995,10.6175,50.0,406.925,236.175,408.675,234.64999999999998,408.15,236.45,407.925,235.775,5.6,1.7018225,1.3129624999999998,2.5040925,5.5189575,10858.075,2.5,117.3,6450.200000000001,4.93,4.19,1.3406574999999998,0.9237547500000001,1.8466749999999998,4.1182575,182.8,8244.9,1.0343115,0.9355927500000001,1.6983525000000002,3.6679399999999998
2026-02-08 01:45:00+00:00,0.0,5.195121951219512,0.0,0.0,0.0,0.7566666666666667,0.82,0.6999999999999998,0.7333333333333334,0.0,4.3,3.733333333333333,38.36666666666667,2.266666666666667,1.1666666666666667,1.8333333333333333,0.43333333333333335,8.4,8.943333333333333,5.623333333333334,10.64,50.0,406.6333333333334,235.83333333333334,408.5333333333333,234.5666666666667,408.0,236.4,407.7,235.5666666666667,5.599999999999999,2.10495,1.31667,2.51561,5.9323533333333325,10858.800000000001,2.5,117.3,6450.633333333334,4.93,4.19,1.73721,0.9234736666666667,1.8468666666666664,4.509126666666667,182.80000000000004,8245.366666666667,1.1824906666666666,0.9381603333333333,1.7093766666666668,3.8283133333333335
2026-02-08 02:00:00+00:00,0.0,5.811320754716981,0.0,0.0,0.0,0.73,0.76,0.7,0.74,0.0,4.6,4.7,42.150000000000006,1.65,1.6,1.85,0.45,7.48,6.19,5.625,10.635000000000002,50.0,407.0,236.35,408.85,234.64999999999998,408.5,236.55,408.15,235.8,5.605,1.4598,1.3174350000000001,2.51406,5.289775000000001,10859.5,2.505,117.3,6451.1,4.93,4.195,1.1041699999999999,0.922775,1.84594,3.878795,182.8,8245.900000000001,0.9532309999999999,0.9372484999999999,1.7066400000000002,3.596765
2026-02-08 02:15:00+00:00,0.0,5.518518518518518,0.0,0.0,0.0,0.73,0.76,0.7,0.74,0.0,4.1,4.45,42.1,1.35,1.65,1.65,0.45,7.48,6.19,5.63,10.620000000000001,50.0,407.04999999999995,236.35,408.85,234.64999999999998,408.54999999999995,236.4,408.1,235.75,5.61,1.4627750000000002,1.3190499999999998,2.5124500000000003,5.294085000000001,10860.099999999999,2.51,117.3,6451.450000000001,4.93,4.2,1.106905,0.924033,1.84137,3.877085,182.8,8246.35,0.9519945000000001,0.938349,1.703865,3.594995
2026-02-08 02:30:00+00:00,0.0,5.298245614035087,0.0,0.0,0.0,0.73,0.76,0.7,0.74,0.0,6.125,2.56,42.0,2.675,2.2,2.45,0.5,7.4725,6.1825,5.625,10.61,50.0,406.9,236.27499999999998,408.775,234.55,408.25,236.3,408.05,235.725,5.6175,1.4614275,1.31839,2.508605,5.2826075,10860.925,2.51,117.3,6451.9,4.93,4.2,1.1112725,0.924436,1.8406150000000001,3.87236,182.8,8246.975,0.9500867500000001,0.93930225,1.7014475,3.5913825
2026-02-08 02:45:00+00:00,0.0,5.666666666666667,0.0,0.0,0.0,0.77,0.85,0.6999999999999998,0.7399999999999999,0.0,4.1,5.900000000000001,35.7,2.5,1.3,1.6000000000000003,0.4000000000000001,8.75,9.96,5.62,10.65,50.0,407.1000000000001,236.0,409.2,235.0,408.6000000000001,236.9,408.3,235.9,5.62,2.3428,1.31824,2.52078,6.192049999999999,10861.7,2.51,117.3,6452.5,4.93,4.2,1.99672,0.926946,1.84966,4.74742,182.80000000000004,8247.6,1.22736,0.9275540000000001,1.68424,3.83671
2026-02-08 03:00:00+00:00,0.0,5.4363636363636365,0.0,0.0,0.0,0.73,0.76,0.7,0.73,0.0,4.0,5.3,42.1,3.0,3.0,2.0,0.5,7.48,6.19,5.63,10.64,50.0,407.5,236.5,409.3,234.9,408.9,236.8,408.7,236.1,5.62,1.4635,1.32164,2.52306,5.30969,10862.2,2.51,117.3,6452.9,4.93,4.21,1.10933,0.929399,1.84813,3.8892,182.8,8248.0,0.955788,0.941074,1.71188,3.60893
2026-02-08 03:15:00+00:00,0.0,5.043478260869565,0.0,0.0,0.0,0.77,0.85,0.6999999999999998,0.73,0.0,4.3,6.625,35.9,1.8999999999999997,2.5,2.1,0.4000000000000001,8.82,10.12,5.64,10.68,50.0,408.0,236.4,410.0,235.5,409.3,237.30000000000004,409.2,236.4,5.62,2.38797,1.32684,2.5309,6.24487,10862.9,2.51,117.3,6453.3,4.93,4.21,2.02793,0.926758,1.85808,4.81617,182.80000000000004,8248.5,1.27125,0.949437,1.72314,3.94479
2026-02-08 03:30:00+00:00,0.0,5.071428571428571,0.0,0.0,0.0,0.74,0.7825,0.7,0.73,0.0,5.475,6.15,40.55,2.55,2.6,1.7,0.475,7.827500000000001,7.2175,5.625,10.6325,50.0,407.575,236.475,409.55,234.47500000000002,409.125,236.45000000000002,408.875,235.82500000000002,5.64,1.706085,1.3247275,2.5215825,5.5498875000000005,10863.675,2.52,117.3,6453.8,4.93,4.22,1.3451525,0.92521725,1.84626,4.1206975,182.8,8249.025,1.0416265,0.947126,1.7131875,3.7025550000000003
2026-02-08 03:45:00+00:00,0.0,5.454545454545454,0.0,0.0,0.0,0.76,0.8275,0.7,0.73,0.0,5.6,5.25,37.675000000000004,2.125,2.7249999999999996,1.1500000000000001,0.42500000000000004,8.5025,9.23,5.637499999999999,10.64,49.975,407.275,236.25,409.15000000000003,234.975,408.475,236.85,408.3,235.95,5.64,2.1777875,1.32321,2.5232799999999997,6.0141225,10864.325,2.52,117.3,6454.225,4.93,4.22,1.8112074999999999,0.925065,1.846195,4.584225,182.8,8249.5,1.20369875,0.94679625,1.7183575,3.8704925
2026-02-08 04:00:00+00:00,0.0,5.068181818181818,0.0,0.0,0.0,0.73,0.7600000000000001,0.6999999999999998,0.73,0.0,7.099999999999999,4.425,42.1,4.0,4.0,1.3,0.5,7.489999999999999,6.2,5.63,10.64,49.9,407.5,236.69999999999996,409.3,234.9,409.0,236.69999999999996,408.6000000000001,236.1,5.64,1.4675,1.3212,2.52061,5.30445,10864.7,2.52,117.3,6454.600000000001,4.93,4.22,1.10884,0.924138,1.84807,3.88035,182.80000000000004,8249.8,0.959435,0.94623,1.7139999999999997,3.61547
2026-02-08 04:15:00+00:00,0.0,5.694915254237288,0.0,0.0,0.0,0.735,0.77,0.705,0.735,0.0,7.4,4.5,42.0,2.85,3.0,1.7999999999999998,0.45,7.415,6.115,5.605,10.525,49.95,404.3,234.64999999999998,405.9,233.0,405.5,234.6,405.25,234.1,5.55,1.434905,1.303415,2.471835,5.2057649999999995,10895.45,2.4699999999999998,117.3,6474.75,4.93,4.1850000000000005,1.10012,0.9194530000000001,1.8235000000000001,3.84209,182.8,8272.9,0.9217375000000001,0.9263175,1.6662949999999999,3.511055
2026-02-08 04:30:00+00:00,0.0,5.450980392156863,0.0,0.0,0.0,0.74,0.78,0.71,0.74,0.0,7.7,5.1,41.9,1.7,2.0,2.3,0.4,7.34,6.03,5.58,10.41,50.0,401.1,232.6,402.5,231.1,402.0,232.5,401.9,232.1,5.46,1.40231,1.28563,2.42306,5.10708,10926.2,2.42,117.3,6494.9,4.93,4.15,1.0914,0.914768,1.79893,3.80383,182.8,8296.0,0.88404,0.906405,1.61859,3.40664
2026-02-08 04:45:00+00:00,0.0,5.4,0.0,0.0,0.0,0.7399999999999999,0.7799999999999999,0.71,0.7399999999999999,0.0,4.833333333333333,7.366666666666667,41.9,1.0999999999999999,2.6,2.9,0.4000000000000001,7.34,6.036666666666666,5.566666666666666,10.403333333333334,50.0,401.3666666666666,232.79999999999998,402.6333333333334,231.29999999999998,402.06666666666666,232.63333333333333,402.0333333333333,232.23333333333335,5.453333333333333,1.4034699999999998,1.2857833333333335,2.41944,5.109133333333333,10927.0,2.42,117.3,6495.433333333333,4.93,4.1433333333333335,1.0893933333333334,0.912798,1.7957766666666668,3.7991766666666664,182.80000000000004,8296.6,0.8852273333333334,0.9064610000000001,1.61887,3.4088333333333334
2026-02-08 05:00:00+00:00,0.0,5.584905660377358,0.0,0.0,0.0,0.77,0.84,0.71,0.74,0.0,4.3,6.699999999999999,37.324999999999996,1.85,2.075,2.525,0.325,8.344999999999999,9.0625,5.5675,10.4075,50.0,400.6,232.0,402.025,231.1,401.275,232.475,401.275,231.85,5.45,2.10038,1.286895,2.41829,5.800955,10927.85,2.42,117.3,6496.0,4.93,4.14,1.7704550000000001,0.913448,1.8001399999999999,4.482545,182.8,8297.275,1.1257977499999998,0.904917,1.6178925,3.6499375
2026-02-08 05:15:00+00:00,0.0,5.195121951219512,0.0,0.0,0.0,0.7799999999999999,0.86,0.71,0.7399999999999999,0.0,4.6,6.099999999999999,35.8,2.2,1.8,2.3,0.3,8.68,10.07,5.57,10.41,50.0,400.3,231.69999999999996,401.8,231.0,401.0,232.4,401.0,231.69999999999996,5.45,2.33249,1.28724,2.41851,6.03122,10928.0,2.42,117.3,6496.100000000001,4.93,4.14,1.99781,0.913993,1.8021199999999997,4.71111,182.80000000000004,8297.4,1.20579,0.9043930000000001,1.61752,3.7299400000000005
2026-02-08 05:30:00+00:00,0.0,5.407407407407407,0.0,0.0,0.0,0.7575000000000001,0.8,0.71,0.74,0.0,5.65,5.575,40.375,2.425,1.2750000000000001,2.6,0.375,7.6675,7.04,5.57,10.41,50.0,400.975,232.45,402.25,231.22500000000002,401.375,232.55,401.45000000000005,232.075,5.45,1.6295600000000001,1.2851175000000001,2.412525,5.3255525,10928.900000000001,2.42,117.3,6496.7,4.93,4.14,1.3126775,0.9130495,1.7989625,4.0203675,182.8,8298.074999999999,0.96112875,0.90245875,1.6154575,3.4778949999999997
2026-02-08 05:45:00+00:00,0.0,5.372549019607843,0.0,0.0,0.0,0.73,0.76,0.7,0.7324999999999999,0.0,2.725,5.275,41.75,2.275,2.125,2.825,0.4,7.4575,6.155,5.65,10.585,49.925,406.875,235.82500000000002,408.225,234.55,407.625,235.9,407.625,235.5,5.465,1.451225,1.3262825,2.5009725,5.2764325,10930.025,2.4275,117.3,6497.4,4.93,4.145,1.11011,0.9231625,1.8280475,3.8622125,182.8,8298.9,0.93640475,0.9474405,1.7004875,3.587955
2026-02-08 06:00:00+00:00,0.0,5.267857142857143,0.0,0.0,0.0,0.73,0.76,0.7,0.74,0.0,2.2,3.4,41.9,1.3,1.3,2.3,0.4,7.45,6.14,5.65,10.57,50.0,406.8,235.9,408.3,234.4,407.7,235.9,407.7,235.5,5.51,1.44602,1.32143,2.49858,5.25955,10930.4,2.45,117.3,6497.7,4.93,4.16,1.10717,0.923383,1.83107,3.86426,182.8,8299.2,0.934157,0.943212,1.69748,3.57714
2026-02-08 06:15:00+00:00,0.0,5.205128205128205,0.0,0.0,0.0,0.7333333333333334,0.7600000000000001,0.6999999999999998,0.7366666666666667,0.0,2.066666666666667,4.466666666666666,41.9,1.6666666666666667,1.5,2.3,0.4000000000000001,7.44,6.13,5.6433333333333335,10.556666666666667,49.96666666666667,406.3666666666666,235.70000000000002,407.8333333333333,234.23333333333335,407.23333333333335,235.66666666666666,407.2,235.23333333333335,5.536666666666666,1.4412266666666669,1.3196266666666667,2.49049,5.250486666666666,10930.800000000001,2.4633333333333334,117.3,6497.933333333333,4.93,4.170000000000001,1.1041299999999998,0.9209026666666666,1.82696,3.8530933333333333,182.80000000000004,8299.5,0.9286023333333334,0.9384676666666666,1.6844700000000001,3.5520633333333334
2026-02-08 06:30:00+00:00,0.0,5.508771929824562,0.0,0.0,0.0,0.755,0.8049999999999999,0.7,0.735,0.0,2.4,5.15,38.75,2.4,2.5999999999999996,2.0999999999999996,0.35,8.085,8.085,5.635,10.545,49.9,405.5,235.05,407.04999999999995,234.0,406.3,235.3,406.25,234.75,5.59,1.8934549999999999,1.3152249999999999,2.478625,5.692355,10931.900000000001,2.49,117.3,6498.6,4.93,4.19,1.5553599999999999,0.9212450000000001,1.820615,4.29899,182.8,8300.35,1.0762915,0.9339155,1.671565,3.6795850000000003
2026-02-08 06:45:00+00:00,0.0,5.2926829268292686,0.0,0.0,0.0,0.75,0.7966666666666667,0.6999999999999998,0.7399999999999999,0.0,5.6000000000000005,4.633333333333333,39.86666666666667,2.466666666666667,2.6999999999999997,1.3,0.3666666666666667,7.87,7.426666666666667,5.633333333333333,10.546666666666667,49.96666666666667,405.6333333333334,235.13333333333335,407.06666666666666,234.03333333333333,406.3666666666666,235.33333333333334,406.3,234.80000000000004,5.576666666666667,1.74083,1.3143966666666669,2.48104,5.53813,10932.666666666666,2.4833333333333334,117.3,6499.133333333334,4.93,4.183333333333334,1.4082766666666666,0.92346,1.8311033333333333,4.164853333333333,182.80000000000004,8300.866666666667,1.026992,0.9368813333333333,1.6804266666666665,3.6438066666666664
2026-02-08 07:00:00+00:00,0.0,5.140350877192983,0.0,0.0,0.0,0.755,0.81,0.7,0.74,0.0,4.9,5.25,39.05,1.4,1.7,1.4,0.35,8.125,8.2,5.625,10.54,50.0,405.35,234.85000000000002,406.75,233.9,406.04999999999995,235.2,406.0,234.60000000000002,5.57,1.919825,1.313315,2.4777750000000003,5.714105,10933.15,2.48,117.3,6499.5,4.93,4.18,1.57758,0.921067,1.828635,4.32887,182.8,8301.25,1.0948415,0.9351309999999999,1.677465,3.707745
2026-02-08 07:15:00+00:00,0.0,5.5,0.0,0.0,0.0,0.77,0.85,0.6999999999999998,0.7399999999999999,0.0,2.9,5.400000000000001,36.1,0.3,1.0,1.8,0.3,8.82,10.29,5.62,10.54,50.0,405.0,234.4,406.5,233.80000000000004,405.7,235.1,405.7,234.4,5.57,2.40604,1.31225,2.47546,6.19719,10933.4,2.48,117.3,6499.7,4.93,4.18,2.04908,0.9202179999999999,1.82186,4.79407,182.80000000000004,8301.5,1.26674,0.9343660000000001,1.67663,3.87841
2026-02-08 07:30:00+00:00,0.0,5.320754716981132,0.0,0.0,0.0,0.7475,0.79,0.7,0.74,0.0,5.0,6.525,40.45,1.2750000000000001,1.9749999999999999,1.6500000000000001,0.375,7.7625,7.147499999999999,5.62,10.524999999999999,50.0,405.15,234.85,406.57500000000005,233.65,405.84999999999997,235.025,405.84999999999997,234.475,5.57,1.672975,1.3096700000000001,2.4712975,5.4526125,10934.375,2.48,117.3,6500.224999999999,4.93,4.1875,1.3366850000000001,0.92190025,1.82207,4.077985,182.8,8302.099999999999,1.00271375,0.9310022499999999,1.6690325000000001,3.6037675
2026-02-08 07:45:00+00:00,0.0,5.517241379310345,0.0,0.0,0.0,0.77,0.85,0.7,0.74,0.0,4.2,4.8,35.3,2.2,2.3,1.5,0.3,8.3575,8.945,5.61,10.5175,50.0,404.625,234.32500000000002,406.27500000000003,233.5,405.525,234.875,405.5,234.225,5.57,2.09357,1.3059825,2.46997,6.09131,10935.2,2.48,117.3,6500.8,4.93,4.19,1.75919,0.9220415,1.8228325,4.50794,182.8,8302.8,1.133823,0.9303892500000001,1.67015,3.7346524999999997
2026-02-08 08:00:00+00:00,0.0,5.578947368421052,0.0,0.0,0.0,0.7399999999999999,0.77,0.71,0.7399999999999999,0.0,6.599999999999999,2.9,41.8,2.4,3.1,2.1,0.4000000000000001,7.39,6.080000000000001,5.61,10.48,50.0,403.8,234.4,405.3,232.9,404.3999999999999,234.19999999999996,404.6000000000001,233.69999999999996,5.55,1.42229,1.30422,2.45266,5.18225,10935.9,2.47,117.3,6501.2,4.93,4.17,1.09847,0.921224,1.81648,3.8396899999999996,182.80000000000004,8303.2,0.904602,0.924054,1.65215,3.48128
2026-02-08 08:15:00+00:00,0.0,5.435897435897436,0.0,0.0,0.0,0.7399999999999999,0.77,0.71,0.7399999999999999,0.0,6.599999999999999,2.9,41.8,2.4,3.1,2.1,0.4000000000000001,7.39,6.080000000000001,5.61,10.48,50.0,403.8,234.4,405.3,232.9,404.3999999999999,234.19999999999996,404.6000000000001,233.69999999999996,5.55,1.42229,1.30422,2.45266,5.18225,10935.9,2.47,117.3,6501.2,4.93,4.17,1.09847,0.921224,1.81648,3.8396899999999996,182.80000000000004,8303.2,0.904602,0.924054,1.65215,3.48128
2026-02-08 08:30:00+00:00,0.0,5.266666666666667,0.0,0.0,0.0,0.75,0.79,0.71,0.74,0.0,4.4,3.8249999999999997,40.45,1.4,1.225,1.725,0.375,7.745,7.1225000000000005,5.61,10.5075,50.0,404.425,234.5,405.925,233.375,404.875,234.64999999999998,405.125,234.20000000000002,5.53,1.6622375,1.3030149999999998,2.4615150000000003,5.4308499999999995,10937.15,2.46,117.3,6502.075,4.93,4.17,1.3339724999999998,0.92172725,1.8209975,4.072615,182.8,8304.225,0.99352175,0.92378675,1.6605850000000002,3.5749649999999997
2026-02-08 08:45:00+00:00,0.0,5.344827586206897,0.0,0.0,0.0,0.77,0.83,0.71,0.74,0.0,3.75,4.025,37.575,2.0,0.825,1.4,0.325,8.43,9.18,5.6075,10.4925,50.025,403.79999999999995,234.0,405.4,232.95,404.70000000000005,234.3,404.825,233.75,5.53,2.1425975,1.304445,2.4604299999999997,5.9029325,10937.75,2.46,117.3,6502.425,4.93,4.17,1.8008374999999999,0.92199475,1.8205149999999999,4.5461475,182.8,8304.7,1.1599485,0.92194175,1.6567275000000001,3.7399175
2026-02-08 09:00:00+00:00,0.0,5.433962264150943,0.0,0.0,0.0,0.74,0.77,0.71,0.74,0.0,3.95,5.65,42.05,2.2,1.5499999999999998,1.9000000000000001,0.4,7.375,6.055,5.6,10.465,50.1,403.4,234.0,404.9,232.55,404.3,234.0,404.3,233.55,5.52,1.416965,1.301495,2.451785,5.1700800000000005,10938.5,2.46,117.3,6503.0,4.93,4.165,1.093805,0.9223245,1.817295,3.831305,182.8,8305.25,0.8992990000000001,0.918132,1.645855,3.465125
2026-02-08 09:15:00+00:00,0.0,5.642857142857143,0.0,0.0,0.0,0.7399999999999999,0.77,0.71,0.7399999999999999,0.0,5.2,6.900000000000001,42.1,3.2999999999999994,2.7999999999999994,2.7000000000000006,0.4000000000000001,7.37,6.05,5.599999999999999,10.46,50.1,403.1000000000001,233.9,404.7,232.5,404.0,233.9,404.0,233.5,5.510000000000001,1.41374,1.30024,2.44932,5.16487,10938.799999999997,2.46,117.3,6503.2,4.93,4.16,1.09157,0.9210980000000001,1.81379,3.8323300000000002,182.80000000000004,8305.5,0.897014,0.9168850000000001,1.64426,3.45827
2026-02-08 09:30:00+00:00,0.0,5.346153846153846,0.0,0.0,0.0,0.74,0.77,0.71,0.74,0.0,3.325,5.325,42.025,2.325,2.65,2.25,0.4,7.3774999999999995,6.057499999999999,5.592499999999999,10.475000000000001,50.025,403.625,234.125,405.0,232.72500000000002,404.525,234.20000000000002,404.375,233.72500000000002,5.51,1.4182475,1.2997675,2.45052,5.1654175,10939.775,2.4525,117.3,6503.875,4.93,4.16,1.0906625,0.9160205,1.8149600000000001,3.82207,182.8,8306.175,0.90275225,0.91814275,1.6502825,3.4731425
2026-02-08 09:45:00+00:00,0.0,5.451612903225806,0.0,0.0,0.0,0.77,0.8375,0.71,0.74,0.0,3.75,4.575,36.974999999999994,1.475,2.375,1.65,0.325,8.34,8.932500000000001,5.5975,10.4875,50.0,403.725,233.75,405.325,233.025,404.7,234.375,404.57500000000005,233.725,5.51,2.088255,1.3034724999999998,2.4573475,5.845985,10940.475,2.45,117.3,6504.25,4.93,4.16,1.755055,0.92096175,1.8116524999999999,4.488685,182.8,8306.775,1.1253187500000001,0.92305825,1.6560175,3.70403
2026-02-08 10:00:00+00:00,0.0,5.351351351351352,0.0,0.0,0.0,0.7399999999999999,0.77,0.6999999999999998,0.7399999999999999,0.0,3.6,4.7,41.9,1.8999999999999997,3.1,1.8,0.4000000000000001,7.38,6.07,5.59,10.47,50.0,403.6000000000001,234.30000000000004,405.0,232.80000000000004,404.5,234.0,404.3999999999999,233.69999999999996,5.510000000000001,1.42059,1.29977,2.451,5.16552,10941.299999999997,2.45,117.3,6504.7,4.93,4.16,1.09314,0.917828,1.81532,3.82994,182.80000000000004,8307.3,0.908689,0.9246409999999999,1.65208,3.4842
2026-02-08 10:15:00+00:00,0.0,5.4655172413793105,0.0,0.0,0.0,0.77,0.8375,0.71,0.74,0.0,3.9,7.0,35.6,2.5,0.9,1.4,0.3,8.3675,9.0275,5.5875,10.4825,50.0,403.02500000000003,233.525,404.72499999999997,232.70000000000002,403.9,233.975,403.875,233.35,5.51,2.1017075000000003,1.30174,2.4493074999999997,5.8489474999999995,10942.025,2.45,117.3,6505.200000000001,4.93,4.16,1.7655875,0.91761375,1.8141475,4.495365,182.8,8307.9,1.13555425,0.9206635,1.650205,3.7025575
2026-02-08 10:30:00+00:00,0.0,5.345454545454546,0.0,0.0,0.0,0.75,0.79,0.71,0.74,0.0,6.300000000000001,2.5,40.55,2.25,1.725,1.7,0.375,7.72,7.1,5.58,10.4625,50.0,402.725,233.5,404.225,232.4,403.55,233.65,403.5,233.17499999999998,5.5,1.653915,1.2968099999999998,2.442745,5.3916625,10942.55,2.45,117.3,6505.625,4.93,4.15,1.3231225,0.91503525,1.8124875,4.0503575000000005,182.8,8308.300000000001,0.98514525,0.9165025,1.6410725,3.54094
2026-02-08 10:45:00+00:00,0.0,5.469387755102041,0.0,0.0,0.0,0.78,0.85,0.71,0.74,0.0,3.0,5.2,36.2,2.4,3.0,1.4,0.3,8.77,10.25,5.58,10.47,50.0,402.5,233.2,404.3,232.4,403.4,233.8,403.5,233.1,5.5,2.38659,1.293,2.45035,6.13078,10943.0,2.45,117.3,6506.0,4.93,4.15,2.0365,0.917535,1.81113,4.76045,182.8,8308.6,1.24677,0.915481,1.6481,3.8077
2026-02-08 11:00:00+00:00,0.0,5.45945945945946,0.0,0.0,0.0,0.7533333333333333,0.7966666666666667,0.71,0.7399999999999999,0.0,3.9333333333333336,4.8,40.06666666666667,2.0666666666666664,3.266666666666667,2.6,0.3666666666666667,7.830000000000001,7.4433333333333325,5.580000000000001,10.450000000000001,50.0,402.3666666666666,233.26666666666665,404.0333333333333,232.0666666666667,403.3333333333333,233.53333333333333,403.3,232.96666666666667,5.506666666666667,1.7345833333333331,1.2928066666666667,2.44117,5.46972,10943.866666666667,2.45,117.3,6506.533333333333,4.93,4.156666666666667,1.4056266666666666,0.9171576666666666,1.8065033333333333,4.1241433333333335,182.80000000000004,8309.266666666668,1.01332,0.914405,1.6412000000000002,3.5662333333333334
2026-02-08 11:15:00+00:00,0.0,5.46,0.0,0.0,0.0,0.74,0.77,0.71,0.74,0.0,4.050000000000001,3.5,42.05,2.3,2.25,2.4000000000000004,0.4,7.824999999999999,7.805,5.58,10.45,50.0,402.25,233.15,403.9,232.0,403.1,233.4,403.1,232.9,5.51,1.408875,1.29136,2.4354050000000003,5.13522,10944.599999999999,2.45,117.3,6507.0,4.93,4.16,1.086815,0.9154180000000001,1.8053249999999998,3.8053049999999997,182.8,8309.85,0.8967525000000001,0.9133325,1.637245,3.445525
2026-02-08 11:30:00+00:00,0.0,5.2368421052631575,0.0,0.0,0.0,0.7399999999999999,0.77,0.71,0.7399999999999999,0.0,3.7000000000000006,2.4,42.1,2.7000000000000006,1.1,1.6000000000000003,0.4000000000000001,8.29,9.57,5.580000000000001,10.46,50.0,402.2,233.0,403.8999999999999,232.1,402.8999999999999,233.4,403.0,232.9,5.510000000000001,1.4091700000000003,1.29001,2.43423,5.13125,10944.9,2.45,117.3,6507.2,4.93,4.16,1.08344,0.9138670000000001,1.8064600000000002,3.80462,182.80000000000004,8310.1,0.89691,0.912798,1.6367400000000003,3.4455499999999994
2026-02-08 11:45:00+00:00,0.0,5.571428571428571,0.0,0.0,0.0,0.74,0.77,0.71,0.74,0.0,3.7,2.4,42.1,2.7,1.1,1.6,0.4,8.29,9.57,5.58,10.46,50.0,402.2,233.0,403.9,232.1,402.9,233.4,403.0,232.9,5.51,1.40917,1.29001,2.43423,5.13125,10944.9,2.45,117.3,6507.2,4.93,4.16,1.08344,0.913867,1.80646,3.80462,182.8,8310.1,0.89691,0.912798,1.63674,3.44555
2026-02-08 12:00:00+00:00,0.0,5.423076923076923,0.0,0.0,0.0,0.74,0.77,0.71,0.74,0.0,6.4,5.8,42.2,2.5,2.6,2.7,0.4,7.35,7.045,5.57,10.445,50.0,401.95,233.0,403.475,231.85,403.075,233.275,402.85,232.7,5.48,1.40588,1.29057,2.43771,5.13033,10946.6,2.44,117.3,6508.2,4.93,4.15,1.08503,0.914454,1.80876,3.8107,182.8,8311.4,0.896972,0.910199,1.63697,3.44324
2026-02-08 12:15:00+00:00,0.0,5.225,0.0,0.0,0.0,0.7799999999999999,0.85,0.71,0.7399999999999999,0.0,0.5,4.9,35.9,0.6999999999999998,1.6000000000000003,1.3999999999999997,0.3,8.7,10.09,5.57,10.43,50.0,400.8999999999999,232.1,402.8,231.4,402.1000000000001,232.9,402.1000000000001,232.1,5.48,2.34519,1.29198,2.4339,6.06578,10947.299999999997,2.44,117.3,6508.600000000001,4.93,4.15,2.0024,0.9146420000000001,1.80032,4.71541,182.80000000000004,8311.8,1.21939,0.909758,1.63615,3.76721
2026-02-08 12:30:00+00:00,0.0,5.454545454545454,0.0,0.0,0.0,0.78,0.85,0.71,0.74,0.0,0.5,4.9,35.9,0.7,1.6,1.4,0.3,8.7,10.09,5.57,10.43,50.0,400.9,232.1,402.8,231.4,402.1,232.9,402.1,232.1,5.48,2.34519,1.29198,2.4339,6.06578,10947.3,2.44,117.3,6508.6,4.93,4.15,2.0024,0.914642,1.80032,4.71541,182.8,8311.8,1.21939,0.909758,1.63615,3.76721
2026-02-08 12:45:00+00:00,0.0,5.345454545454546,0.0,0.0,0.0,0.78,0.855,0.71,0.74,0.0,2.85,4.15,35.55,2.1,2.4000000000000004,1.2999999999999998,0.3,8.64,9.915,5.5649999999999995,10.43,50.0,401.04999999999995,232.25,402.85,231.5,402.15,233.05,402.1,232.25,5.470000000000001,2.30376,1.2890549999999998,2.43174,6.02148,10948.15,2.435,117.3,6509.15,4.93,4.140000000000001,1.9702450000000002,0.9134895,1.80403,4.690205000000001,182.8,8312.45,1.19298,0.9081545,1.63464,3.73541
2026-02-08 13:00:00+00:00,0.0,5.545454545454546,0.0,0.0,0.0,0.7799999999999999,0.86,0.71,0.7399999999999999,0.0,5.2,3.4,35.2,3.5,3.2000000000000006,1.2,0.3,8.58,9.74,5.56,10.43,50.0,401.2,232.4,402.8999999999999,231.6,402.2,233.19999999999996,402.1000000000001,232.4,5.46,2.26233,1.28613,2.42958,5.97718,10949.0,2.43,117.3,6509.7,4.93,4.13,1.93809,0.912337,1.80774,4.665,182.80000000000004,8313.1,1.16657,0.906551,1.6331300000000002,3.70361
2026-02-08 13:15:00+00:00,0.0,5.487804878048781,0.0,0.0,0.0,0.7733333333333334,0.8533333333333334,0.7033333333333333,0.7333333333333334,0.0,4.866666666666667,5.066666666666667,35.53333333333334,2.1,2.266666666666667,1.9333333333333333,0.3,8.706666666666665,9.966666666666667,5.613333333333333,10.53,50.0,404.59999999999997,234.33333333333334,406.3666666666666,233.6,405.5333333333333,235.0666666666667,405.5,234.33333333333334,5.46,2.335123333333333,1.30965,2.4786,6.119726666666666,10949.733333333332,2.43,117.3,6510.233333333334,4.93,4.136666666666667,1.99139,0.9202043333333334,1.8230666666666666,4.742540000000001,182.80000000000004,8313.633333333333,1.21753,0.9317463333333333,1.6797366666666669,3.8289566666666666
2026-02-08 13:30:00+00:00,0.0,4.927272727272728,0.0,0.0,0.0,0.75,0.8049999999999999,0.7,0.73,0.0,5.9,5.45,38.85,1.1,2.25,2.2,0.35,8.115,8.115,5.645,10.59,50.0,406.85,235.75,408.55,234.8,407.85,236.2,407.75,235.60000000000002,5.48,1.9120599999999999,1.32473,2.50533,5.736375,10950.400000000001,2.4400000000000004,117.3,6510.75,4.93,4.14,1.5602550000000002,0.925039,1.83442,4.323495,182.8,8314.15,1.092042,0.9471944999999999,1.70656,3.7466749999999998
2026-02-08 13:45:00+00:00,0.0,5.525,0.0,0.0,0.0,0.7566666666666667,0.82,0.6999999999999998,0.73,0.0,3.5,6.533333333333334,38.0,0.8666666666666667,1.9000000000000001,1.5666666666666667,0.3333333333333333,8.373333333333333,8.863333333333335,5.650000000000001,10.606666666666667,50.0,407.26666666666665,236.0,409.06666666666666,235.0666666666667,408.3,236.46666666666667,408.3,235.83333333333334,5.5,2.085433333333333,1.3287366666666667,2.5113966666666667,5.927503333333333,10951.1,2.45,117.3,6511.2,4.93,4.14,1.7296433333333334,0.9258839999999999,1.8357166666666664,4.495439999999999,182.80000000000004,8314.733333333332,1.1623780000000001,0.951275,1.7121066666666664,3.8262133333333335
2026-02-08 14:00:00+00:00,0.0,5.4,0.0,0.0,0.0,0.77,0.85,0.6999999999999998,0.73,0.0,1.7,7.3,36.0,0.9,1.5,1.3,0.3,8.83,10.22,5.650000000000001,10.61,50.0,407.2,235.9,409.1000000000001,235.1,408.2,236.5,408.3,235.80000000000004,5.5,2.40185,1.32908,2.51332,6.25038,10951.299999999997,2.45,117.3,6511.3,4.93,4.14,2.04323,0.925856,1.8345200000000002,4.81032,182.80000000000004,8314.9,1.27303,0.95189,1.71312,3.9384600000000005
2026-02-08 14:15:00+00:00,0.0,5.509433962264151,0.0,0.0,0.0,0.77,0.85,0.7,0.73,0.0,1.8499999999999999,2.65,36.525000000000006,2.3249999999999997,2.7,1.675,0.3,8.440000000000001,8.450000000000001,5.6275,10.58,50.0,406.75,235.975,408.575,234.79999999999998,407.825,236.27499999999998,407.77500000000003,235.575,5.5825000000000005,2.4558649999999997,1.322825,2.5043875,6.2864175,10952.125,2.4875,117.3,6511.900000000001,4.93,4.1775,2.08451,0.9237185,1.833125,4.8431625,182.8,8315.5,1.3052424999999999,0.943715,1.703655,3.9531075
2026-02-08 14:30:00+00:00,0.0,5.95,0.0,0.0,0.0,0.7433333333333333,0.79,0.6999999999999998,0.73,0.0,1.3,3.966666666666667,40.233333333333334,1.9333333333333333,2.6999999999999997,1.4666666666666668,0.3666666666666667,7.716666666666666,6.693333333333334,5.613333333333333,10.556666666666667,50.0,406.8,236.0666666666667,408.4666666666667,234.63333333333333,407.90000000000003,236.13333333333333,407.6666666666667,235.5666666666667,5.596666666666667,1.7861366666666665,1.3177200000000002,2.4928166666666667,5.59641,10952.933333333334,2.5,117.3,6512.366666666666,4.93,4.183333333333334,1.4322233333333332,0.9226286666666667,1.8288,4.182456666666667,182.80000000000004,8316.1,1.059992,0.9412833333333334,1.6956666666666667,3.6967233333333334
2026-02-08 14:45:00+00:00,0.0,5.351851851851852,0.0,0.0,0.0,0.73,0.7675000000000001,0.7,0.7375,0.0,4.675000000000001,2.7,42.075,1.5,1.525,1.3,0.4,7.42,6.11,5.6175,10.535,50.0,406.675,236.025,408.275,234.525,407.70000000000005,235.95,407.47499999999997,235.45,5.59,1.43717,1.3175599999999998,2.4857525000000003,5.2386425,10953.65,2.5,117.3,6512.799999999999,4.93,4.18,1.1025524999999998,0.9228802500000001,1.8250625,3.8435025,182.8,8316.6,0.926889,0.9381915,1.6891025000000002,3.5557925
2026-02-08 15:00:00+00:00,0.0,5.346153846153846,0.0,0.0,0.0,0.73,0.77,0.7,0.74,0.0,5.9,1.8,42.1,1.5,1.2,1.3,0.4,7.42,6.11,5.62,10.53,50.0,406.6,236.0,408.2,234.5,407.6,235.9,407.4,235.4,5.59,1.43547,1.31801,2.48483,5.23639,10953.8,2.5,117.3,6512.9,4.93,4.18,1.10367,0.923027,1.82446,3.84246,182.8,8316.7,0.925186,0.937112,1.68772,3.55236
2026-02-08 15:15:00+00:00,0.0,5.44,0.0,0.0,0.0,0.73,0.77,0.7,0.74,0.0,5.9,1.8,42.1,1.5,1.2,1.3,0.4,7.42,6.11,5.62,10.53,50.0,406.6,236.0,408.2,234.5,407.6,235.9,407.4,235.4,5.59,1.43547,1.31801,2.48483,5.23639,10953.8,2.5,117.3,6512.9,4.93,4.18,1.10367,0.923027,1.82446,3.84246,182.8,8316.7,0.925186,0.937112,1.68772,3.55236
2026-02-08 15:30:00+00:00,0.0,5.257142857142857,0.0,0.0,0.0,0.754,0.8160000000000001,0.7,0.738,0.0,3.7399999999999998,5.4,38.12,0.8400000000000001,2.22,2.62,0.33999999999999997,8.21,8.440000000000001,5.622,10.574,50.0,407.06,235.98000000000002,408.78000000000003,234.85999999999999,407.98,236.26,407.97999999999996,235.7,5.588,1.982656,1.31029,2.48627,5.772828,10955.36,2.5,117.3,6514.0199999999995,4.93,4.182,1.642708,0.9166042000000001,1.831324,4.383398000000001,182.8,8317.920000000002,1.1139282,0.936936,1.68752,3.736466
2026-02-08 15:45:00+00:00,0.0,4.976744186046512,0.0,0.0,0.0,0.73,0.7600000000000001,0.6999999999999998,0.73,0.0,3.7999999999999994,2.1,42.0,1.8,2.1,2.7999999999999994,0.4000000000000001,7.44,6.12,5.63,10.57,50.0,407.1000000000001,236.19999999999996,408.7,234.80000000000004,408.0,236.19999999999996,407.8999999999999,235.69999999999996,5.61,1.44392,1.31757,2.49548,5.25791,10956.200000000003,2.5,117.3,6514.600000000001,4.93,4.19,1.10042,0.9208469999999999,1.8271299999999997,3.8404000000000003,182.80000000000004,8318.6,0.935855,0.944281,1.69893,3.57934
2026-02-08 16:00:00+00:00,0.0,5.607142857142857,0.0,0.0,0.0,0.73,0.76,0.7,0.73,0.0,4.85,2.3,41.9,1.925,2.225,2.525,0.4,7.442500000000001,6.1225000000000005,5.6325,10.575,50.0,407.3,236.27499999999998,408.9,234.875,408.25,236.25,408.125,235.825,5.6075,1.4449325000000002,1.31954,2.4975975000000004,5.263927499999999,10956.5,2.5,117.3,6514.8,4.93,4.1875,1.1012675,0.92169575,1.827915,3.8451899999999997,182.8,8318.825,0.936468,0.94493075,1.6999725,3.5821
2026-02-08 16:15:00+00:00,0.0,5.348837209302325,0.0,0.0,0.0,0.7433333333333333,0.79,0.6999999999999998,0.73,0.0,6.2,2.8666666666666667,39.93333333333334,2.6,2.2333333333333334,1.8999999999999997,0.3666666666666667,7.936666666666667,7.583333333333333,5.64,10.596666666666666,50.0,407.7333333333333,236.29999999999998,409.4666666666667,235.16666666666666,408.8333333333333,236.53333333333333,408.6666666666667,236.13333333333333,5.599999999999999,1.78735,1.3260733333333334,2.5074433333333332,5.623296666666666,10957.6,2.5,117.3,6515.533333333333,4.93,4.18,1.4332433333333334,0.9249756666666666,1.8333366666666666,4.190063333333334,182.80000000000004,8319.633333333333,1.0631013333333332,0.9483123333333334,1.7076333333333331,3.72119
2026-02-08 16:30:00+00:00,0.0,5.480769230769231,0.0,0.0,0.0,0.75,0.8049999999999999,0.7,0.73,0.0,2.9000000000000004,4.5,39.25,2.0500000000000003,1.8,2.25,0.35,8.185,8.315,5.64,10.6,50.0,407.65,236.2,409.4,235.25,408.6,236.7,408.5,236.05,5.6,1.9602650000000001,1.3260100000000001,2.508705,5.789825,10958.35,2.5,117.3,6516.0,4.93,4.18,1.59667,0.924431,1.8357899999999998,4.357295,182.8,8320.15,1.1265045,0.9507055,1.71094,3.7899200000000004
2026-02-08 16:45:00+00:00,0.0,5.153846153846154,0.0,0.0,0.0,0.73,0.7600000000000001,0.6999999999999998,0.73,0.0,3.4,6.0,41.96666666666667,0.8333333333333334,2.5666666666666664,2.0,0.4000000000000001,7.473333333333334,6.153333333333333,5.646666666666667,10.603333333333333,50.0,408.3,236.9,409.8666666666666,235.5333333333333,409.1666666666667,236.86666666666667,409.1333333333334,236.4333333333333,5.599999999999999,1.4580266666666668,1.3314733333333333,2.51278,5.298940000000001,10959.033333333335,2.5066666666666664,117.3,6516.466666666667,4.93,4.18,1.1087633333333333,0.9270583333333334,1.8366966666666666,3.8722266666666667,182.80000000000004,8320.666666666666,0.9470683333333333,0.9555579999999999,1.7139666666666666,3.6164500000000004
2026-02-08 17:00:00+00:00,0.0,5.357142857142857,0.0,0.0,0.0,0.73,0.76,0.7,0.73,0.0,3.5,5.9,42.0,0.8,2.8,1.9,0.4,7.48,6.16,5.65,10.61,50.0,408.5,237.1,410.1,235.7,409.4,237.0,409.4,236.6,5.6,1.45983,1.33486,2.51768,5.31155,10959.2,2.51,117.3,6516.6,4.93,4.18,1.11253,0.929378,1.83899,3.87658,182.8,8320.8,0.950443,0.95822,1.71836,3.62616
2026-02-08 17:15:00+00:00,0.0,5.472727272727273,0.0,0.0,0.0,0.73,0.76,0.7,0.73,0.0,7.2,7.8,41.9,2.1,0.8,1.8,0.4,7.47,6.14,5.65,10.6,50.0,408.3,236.8,409.9,235.5,409.0,236.9,409.0,236.4,5.6,1.45115,1.32769,2.50925,5.28841,10959.8,2.51,117.3,6517.0,4.93,4.18,1.10306,0.929147,1.83941,3.8709,182.8,8321.3,0.943505,0.951407,1.71125,3.60384
2026-02-08 17:30:00+00:00,0.0,5.584905660377358,0.0,0.0,0.0,0.75,0.8049999999999999,0.7,0.73,0.0,6.25,6.35,38.7,2.35,1.05,1.8,0.35,8.12,8.075,5.655,10.620000000000001,50.0,408.25,236.55,410.0,235.65,409.1,237.0,409.1,236.4,5.609999999999999,1.9071500000000001,1.329925,2.51601,5.751945,10960.4,2.5149999999999997,117.3,6517.4,4.93,4.1850000000000005,1.5568399999999998,0.928906,1.842615,4.32489,182.8,8321.7,1.0969075,0.9533775,1.71691,3.7669249999999996
2026-02-08 17:45:00+00:00,0.0,5.481481481481482,0.0,0.0,0.0,0.74,0.7825,0.7,0.73,0.0,6.8,5.125,40.525000000000006,2.15,2.125,2.4,0.375,7.795,7.115,5.645,10.625,50.0,408.2,236.675,409.875,235.5,409.2,237.025,409.05,236.4,5.62,1.6796075,1.3278025,2.51263,5.526327500000001,10961.525000000001,2.5124999999999997,117.3,6518.1,4.93,4.19,1.330235,0.9270615,1.8447399999999998,4.0963275,182.8,8322.4,1.0213065000000001,0.95146525,1.7151224999999999,3.687895
2026-02-08 18:00:00+00:00,0.0,5.435897435897436,0.0,0.0,0.0,0.77,0.85,0.6999999999999998,0.73,0.0,5.5,6.900000000000001,35.7,1.2,2.7000000000000006,2.2,0.4000000000000001,8.79,10.11,5.64,10.62,50.0,407.3,235.9,409.3,235.1,408.2,236.69999999999996,408.3999999999999,235.9,5.62,2.37575,1.32537,2.50965,6.212419999999999,10962.299999999997,2.51,117.3,6518.600000000001,4.93,4.19,2.01992,0.923718,1.83463,4.77903,182.80000000000004,8323.1,1.2554,0.945811,1.71216,3.91079
2026-02-08 18:15:00+00:00,0.0,5.133333333333334,0.0,0.0,0.0,0.77,0.85,0.6999999999999998,0.73,0.0,5.5,6.900000000000001,35.7,1.2,2.7000000000000006,2.2,0.4000000000000001,8.79,10.11,5.64,10.62,50.0,407.3,235.9,409.3,235.1,408.2,236.69999999999996,408.3999999999999,235.9,5.62,2.37575,1.32537,2.50965,6.212419999999999,10962.299999999997,2.51,117.3,6518.600000000001,4.93,4.19,2.01992,0.923718,1.83463,4.77903,182.80000000000004,8323.1,1.2554,0.945811,1.71216,3.91079
2026-02-08 18:30:00+00:00,0.0,5.95,0.0,0.0,0.0,0.77,0.85,0.6999999999999998,0.73,0.0,3.6333333333333333,3.4333333333333336,36.233333333333334,1.7333333333333334,1.6333333333333335,2.8000000000000003,0.4000000000000001,8.85,10.276666666666666,5.64,10.64,50.0,407.90000000000003,236.16666666666666,409.90000000000003,235.4333333333333,409.06666666666666,237.1,409.0,236.23333333333335,5.62,2.41851,1.3266233333333333,2.52111,6.2695066666666674,10963.033333333333,2.5166666666666666,117.3,6519.066666666667,4.93,4.19,2.05104,0.9252553333333333,1.8390566666666668,4.82131,182.80000000000004,8323.699999999999,1.2876933333333334,0.9509949999999999,1.72342,3.959443333333333
2026-02-08 18:45:00+00:00,0.0,5.175,0.0,0.0,0.0,0.7433333333333333,0.79,0.6999999999999998,0.73,0.0,3.766666666666667,4.833333333333333,40.36666666666667,1.8666666666666665,1.5666666666666667,1.9666666666666668,0.4000000000000001,7.933333333333334,7.546666666666667,5.626666666666666,10.63,50.0,408.0,236.5,409.8,235.4,409.1666666666667,237.1,409.0333333333333,236.33333333333334,5.62,1.780776666666667,1.3239966666666667,2.5221733333333334,5.62559,10963.866666666667,2.52,117.3,6519.633333333334,4.93,4.19,1.42136,0.923816,1.83701,4.185556666666667,182.80000000000004,8324.333333333334,1.063994,0.9481516666666666,1.7202166666666667,3.7328566666666667
2026-02-08 19:00:00+00:00,0.0,5.320754716981132,0.0,0.0,0.0,0.73,0.76,0.7,0.73,0.0,5.575,6.625,42.25,2.85,2.7,1.325,0.475,7.467499999999999,6.1625,5.62,10.612499999999999,50.0,407.525,236.525,409.3,235.075,408.92499999999995,236.77499999999998,408.675,236.075,5.62,1.45323,1.3196325,2.5164125,5.2906275,10964.550000000001,2.52,117.3,6520.1,4.93,4.1825,1.1048375,0.92233475,1.838495,3.8660200000000002,182.8,8324.8,0.94459,0.943217,1.7119975,3.599135
2026-02-08 19:15:00+00:00,0.0,5.230769230769231,0.0,0.0,0.0,0.73,0.7600000000000001,0.6999999999999998,0.73,0.0,2.8000000000000003,3.766666666666667,42.2,2.4,2.0,1.9000000000000001,0.5,7.45,6.1433333333333335,5.613333333333333,10.596666666666666,50.0,406.93333333333334,236.23333333333335,408.73333333333335,234.66666666666666,408.3666666666666,236.4333333333333,408.0,235.79999999999998,5.62,1.4492333333333332,1.3157866666666667,2.5059033333333334,5.26741,10965.166666666666,2.52,117.3,6520.466666666667,4.93,4.18,1.1024966666666665,0.9205043333333333,1.8352000000000002,3.8581233333333333,182.80000000000004,8325.233333333332,0.9399976666666667,0.9388866666666668,1.7040766666666667,3.5813133333333336
2026-02-08 19:30:00+00:00,0.0,5.339285714285714,0.0,0.0,0.0,0.73,0.76,0.7,0.73,0.0,2.775,6.95,42.2,0.8,1.2000000000000002,1.825,0.5,7.44,6.1225000000000005,5.61,10.59,50.0,406.7,236.025,408.5,234.5,408.025,236.225,407.625,235.625,5.612500000000001,1.445265,1.3133599999999999,2.5058100000000003,5.26711,10965.775,2.5124999999999997,117.3,6520.9,4.93,4.195,1.0990875,0.9196835,1.8307674999999999,3.8520600000000003,182.8,8325.699999999999,0.936106,0.9370595,1.6982975,3.570465
2026-02-08 19:45:00+00:00,0.0,5.7368421052631575,0.0,0.0,0.0,0.77,0.85,0.6999999999999998,0.7399999999999999,0.0,4.0,5.2,35.7,2.1,2.2,2.5,0.4000000000000001,8.73,9.99,5.61,10.6,50.0,405.8,235.1,407.8999999999999,234.30000000000004,407.1000000000001,236.0,406.8999999999999,235.1,5.61,2.34303,1.31254,2.49772,6.15522,10966.5,2.51,117.3,6521.399999999999,4.93,4.2,1.99752,0.924305,1.83819,4.75595,182.80000000000004,8326.3,1.2314,0.933842,1.6977400000000002,3.86417
2026-02-08 20:00:00+00:00,0.0,5.878048780487805,0.0,0.0,0.0,0.77,0.85,0.6999999999999998,0.7399999999999999,0.0,4.0,5.2,35.7,2.1,2.2,2.5,0.4000000000000001,8.73,9.99,5.61,10.6,50.0,405.8,235.1,407.8999999999999,234.30000000000004,407.1000000000001,236.0,406.8999999999999,235.1,5.61,2.34303,1.31254,2.49772,6.15522,10966.5,2.51,117.3,6521.399999999999,4.93,4.2,1.99752,0.924305,1.83819,4.75595,182.80000000000004,8326.3,1.2314,0.933842,1.6977400000000002,3.86417
2026-02-08 20:15:00+00:00,0.0,5.62962962962963,0.0,0.0,0.0,0.77,0.85,0.7,0.7324999999999999,0.0,3.4000000000000004,4.6000000000000005,35.925,2.475,2.2,1.6,0.325,8.81,10.18,5.63,10.62,50.0,407.0,235.8,409.0,235.0,408.2,236.6,408.0,235.8,5.595,2.380995,1.318765,2.50912,6.2104800000000004,10967.400000000001,2.5025,117.3,6521.925,4.93,4.185,2.03747,0.925673,1.8439125,4.7933,182.8,8326.9,1.259585,0.9409325,1.7076850000000001,3.9087275
2026-02-08 20:30:00+00:00,0.0,5.1521739130434785,0.0,0.0,0.0,0.73,0.7600000000000001,0.6999999999999998,0.73,0.0,6.900000000000001,3.45,42.4,1.8,1.8999999999999997,1.2,0.4000000000000001,7.46,6.13,5.63,10.62,50.0,407.0,236.19999999999996,408.8999999999999,234.69999999999996,408.3,236.4,408.1000000000001,235.80000000000004,5.59,1.4457700000000002,1.31568,2.50497,5.26613,10968.299999999997,2.5,117.3,6522.600000000001,4.93,4.18,1.09962,0.923886,1.8367700000000002,3.87308,182.80000000000004,8327.6,0.939187,0.938663,1.7035,3.5834500000000005
2026-02-08 20:45:00+00:00,0.0,5.3584905660377355,0.0,0.0,0.0,0.76,0.8275,0.7,0.73,0.0,4.925,4.875,38.125,2.1,1.625,1.5250000000000001,0.4,8.567499999999999,9.4125,5.64,10.65,50.0,407.65,236.2,409.8,235.425,409.375,237.075,408.925,236.25,5.6,2.21229,1.32254,2.5260375,6.0636475,10969.05,2.51,117.3,6523.1,4.93,4.19,1.84276,0.92700375,1.849335,4.613637499999999,182.8,8328.15,1.22746125,0.9465705,1.722935,3.8963099999999997
2026-02-08 21:00:00+00:00,0.0,4.958333333333333,0.0,0.0,0.0,0.73,0.7600000000000001,0.6999999999999998,0.73,0.0,0.8000000000000002,7.2,42.4,2.1,1.1,1.3,0.4000000000000001,7.48,6.150000000000001,5.64,10.65,50.0,408.1000000000001,236.80000000000004,410.1000000000001,235.5,409.6000000000001,237.0,409.3,236.4,5.599999999999999,1.45467,1.32746,2.52522,5.30623,10969.5,2.51,117.3,6523.399999999999,4.93,4.19,1.10218,0.925353,1.84668,3.87683,182.80000000000004,8328.6,0.951345,0.9494789999999999,1.72163,3.6243
2026-02-08 21:15:00+00:00,0.0,5.069767441860465,0.0,0.0,0.0,0.73,0.7600000000000001,0.6999999999999998,0.73,0.0,3.7000000000000006,5.599999999999999,42.3,2.2,2.7000000000000006,2.4,0.5,7.48,6.150000000000001,5.64,10.64,50.0,408.3,237.0,410.2,235.5,409.5,237.19999999999996,409.3,236.5,5.62,1.45444,1.32478,2.52554,5.30164,10970.1,2.52,117.3,6523.8,4.93,4.2,1.1066,0.9283930000000001,1.85138,3.88365,182.80000000000004,8329.0,0.948117,0.946775,1.71746,3.61346
2026-02-08 21:30:00+00:00,0.0,5.578947368421052,0.0,0.0,0.0,0.73,0.76,0.7,0.73,0.0,4.95,6.575,42.5,1.375,1.275,1.9000000000000001,0.5,7.48,6.16,5.64,10.66,50.0,408.375,236.975,410.2,235.4,409.8,237.3,409.4,236.6,5.6225000000000005,1.457975,1.3252599999999999,2.5302375,5.309645,10970.949999999999,2.5225,117.3,6524.275,4.93,4.2,1.1050625,0.92679975,1.8542975000000002,3.8792625000000003,182.8,8329.6,0.95245525,0.94816425,1.72337,3.62322
2026-02-08 21:45:00+00:00,0.0,5.55,0.0,0.0,0.0,0.7433333333333333,0.79,0.6999999999999998,0.73,0.0,3.9,5.233333333333333,40.233333333333334,2.1333333333333333,2.3000000000000003,2.1,0.4666666666666666,7.906666666666666,7.436666666666667,5.636666666666667,10.66,50.0,408.0333333333333,236.70000000000002,409.8333333333333,235.46666666666667,409.3666666666666,237.30000000000004,408.9666666666667,236.53333333333333,5.63,1.7590566666666667,1.3285133333333332,2.528723333333333,5.614696666666667,10971.6,2.53,117.3,6524.666666666667,4.93,4.2,1.4028733333333332,0.92281,1.8477933333333334,4.16856,182.80000000000004,8330.066666666666,1.047708,0.9450216666666668,1.7251733333333334,3.7234866666666666
2026-02-08 22:00:00+00:00,0.0,5.43859649122807,0.0,0.0,0.0,0.76,0.8275,0.7,0.73,0.0,4.225,4.8,37.35,3.275,3.35,3.325,0.4,8.4375,9.030000000000001,5.6274999999999995,10.655000000000001,50.0,407.475,236.35000000000002,409.3,235.1,408.8,236.85000000000002,408.375,236.3,5.63,2.1313075,1.3270724999999999,2.532215,5.9936325,10972.125,2.53,117.3,6525.1,4.93,4.2,1.7718099999999999,0.92302675,1.84626,4.537865,182.8,8330.5,1.1669892499999999,0.94087475,1.72464,3.845135
2026-02-08 22:15:00+00:00,0.0,5.595238095238095,0.0,0.0,0.0,0.73,0.7600000000000001,0.6999999999999998,0.73,0.0,1.6000000000000003,7.5,42.3,1.7,1.7,2.2,0.4000000000000001,7.47,6.150000000000001,5.62,10.64,50.0,407.3999999999999,236.4,409.8999999999999,234.6,409.7,236.4,409.2,236.0,5.63,1.4557,1.32627,2.52887,5.31336,10972.5,2.53,117.3,6525.399999999999,4.93,4.2,1.10476,0.929881,1.8597600000000003,3.87908,182.80000000000004,8330.8,0.950297,0.947006,1.72014,3.6199999999999997
2026-02-08 22:30:00+00:00,0.0,5.21875,0.0,0.0,0.0,0.73,0.76,0.7,0.73,0.0,1.6,7.5,42.3,1.7,1.7,2.2,0.4,7.47,6.15,5.62,10.64,50.0,407.4,236.4,409.9,234.6,409.7,236.4,409.2,236.0,5.63,1.4557,1.32627,2.52887,5.31336,10972.5,2.53,117.3,6525.4,4.93,4.2,1.10476,0.929881,1.85976,3.87908,182.8,8330.8,0.950297,0.947006,1.72014,3.62
2026-02-08 22:45:00+00:00,0.0,5.690476190476191,0.0,0.0,0.0,0.73,0.7600000000000001,0.6999999999999998,0.73,0.0,1.6000000000000003,7.5,42.3,1.7,1.7,2.2,0.4000000000000001,7.47,6.150000000000001,5.62,10.64,50.0,407.3999999999999,236.4,409.8999999999999,234.6,409.7,236.4,409.2,236.0,5.63,1.4557,1.32627,2.52887,5.31336,10972.5,2.53,117.3,6525.399999999999,4.93,4.2,1.10476,0.929881,1.8597600000000003,3.87908,182.80000000000004,8330.8,0.950297,0.947006,1.72014,3.6199999999999997
2026-02-08 23:00:00+00:00,0.0,5.607843137254902,0.0,0.0,0.0,0.73,0.76,0.7,0.73,0.0,1.6,7.5,42.3,1.7,1.7,2.2,0.4,7.47,6.15,5.62,10.64,50.0,407.4,236.4,409.9,234.6,409.7,236.4,409.2,236.0,5.63,1.4557,1.32627,2.52887,5.31336,10972.5,2.53,117.3,6525.4,4.93,4.2,1.10476,0.929881,1.85976,3.87908,182.8,8330.8,0.950297,0.947006,1.72014,3.62
2026-02-08 23:15:00+00:00,0.0,5.5,0.0,0.0,0.0,0.73,0.7600000000000001,0.6999999999999998,0.73,0.0,0.4000000000000001,5.400000000000001,42.3,2.5,2.4,2.5,0.4000000000000001,7.489999999999999,6.150000000000001,5.64,10.67,50.0,408.6000000000001,237.1,410.3999999999999,235.6,409.8999999999999,237.4,409.7,236.69999999999996,5.650000000000001,1.45587,1.32707,2.53105,5.31776,10975.6,2.53,117.3,6527.3,4.93,4.22,1.10637,0.929965,1.85687,3.89184,182.80000000000004,8333.0,0.951785,0.948242,1.72482,3.62411
2026-02-08 23:30:00+00:00,0.0,5.285714285714286,0.0,0.0,0.0,0.77,0.85,0.6999999999999998,0.73,0.0,3.7000000000000006,4.824999999999999,35.4,3.2000000000000006,3.1,1.3,0.4000000000000001,8.74,9.93,5.64,10.66,50.0,407.7,236.30000000000004,409.8,235.4,408.8999999999999,237.1,408.8,236.30000000000004,5.650000000000001,2.33918,1.32734,2.52851,6.191950000000001,10976.200000000003,2.53,117.3,6527.8,4.93,4.22,1.99204,0.931327,1.8526999999999998,4.772,182.80000000000004,8333.5,1.23297,0.947278,1.72211,3.8971
2026-02-08 23:45:00+00:00,0.0,5.491228070175438,0.0,0.0,0.0,0.77,0.85,0.7,0.73,0.0,4.0,3.4999999999999996,35.5,2.875,2.975,1.425,0.4,8.7575,9.9725,5.6425,10.6675,50.0,408.075,236.47500000000002,410.175,235.6,409.325,237.325,409.2,236.5,5.6475,2.35228,1.3290175,2.533375,6.212070000000001,10976.525000000001,2.53,117.3,6528.0,4.93,4.217499999999999,2.0006500000000003,0.93090775,1.8544975,4.7847975,182.8,8333.725,1.2423549999999999,0.9496257499999999,1.7262075000000001,3.9144875
2026-02-09 00:00:00+00:00,0.0,5.684210526315789,0.0,0.0,0.0,0.77,0.85,0.6999999999999998,0.73,0.0,4.9,1.7,35.8,1.8999999999999997,2.6,1.8,0.4000000000000001,8.81,10.1,5.650000000000001,10.69,50.0,409.2,237.0,411.3,236.19999999999996,410.6000000000001,238.0,410.3999999999999,237.1,5.64,2.39158,1.3340500000000002,2.54797,6.27243,10977.5,2.53,117.3,6528.600000000001,4.93,4.21,2.02648,0.92965,1.85989,4.82319,182.80000000000004,8334.4,1.27051,0.9566690000000001,1.7385,3.96665
2026-02-09 00:15:00+00:00,0.0,5.684210526315789,0.0,0.0,0.0,0.77,0.85,0.6999999999999998,0.73,0.0,4.9,1.7,35.8,1.8999999999999997,2.6,1.8,0.4000000000000001,8.81,10.1,5.650000000000001,10.69,50.0,409.2,237.0,411.3,236.19999999999996,410.6000000000001,238.0,410.3999999999999,237.1,5.64,2.39158,1.3340500000000002,2.54797,6.27243,10977.5,2.53,117.3,6528.600000000001,4.93,4.21,2.02648,0.92965,1.85989,4.82319,182.80000000000004,8334.4,1.27051,0.9566690000000001,1.7385,3.96665
2026-02-09 00:30:00+00:00,0.0,5.413793103448276,0.0,0.0,0.0,0.77,0.85,0.7,0.73,0.0,0.7,7.7,36.2,1.3,2.2,1.2,0.4,8.86,10.24,5.65,10.71,50.0,409.3,237.1,411.4,236.3,411.5,238.1,410.7,237.2,5.64,2.42174,1.33702,2.5545,6.31823,10978.7,2.54,117.3,6529.4,4.93,4.2,2.05478,0.929608,1.86154,4.84388,182.8,8335.3,1.29233,0.957255,1.7449,3.997
2026-02-09 00:45:00+00:00,0.0,5.413793103448276,0.0,0.0,0.0,0.775,0.85,0.705,0.735,0.0,1.0499999999999998,7.0,36.25,1.3,2.1,1.6,0.35,8.84,10.31,5.635,10.595,50.0,406.5,235.45,408.29999999999995,234.60000000000002,407.9,236.2,407.5,235.45,5.5600000000000005,2.42044,1.323375,2.507235,6.255065,11009.400000000001,2.505,117.3,6549.7,4.93,4.155,2.0575799999999997,0.9273865,1.837605,4.824020000000001,182.8,8358.2,1.27793,0.941325,1.697915,3.91866
2026-02-09 01:00:00+00:00,0.0,5.5,0.0,0.0,0.0,0.7666666666666666,0.8266666666666667,0.71,0.7399999999999999,0.0,3.0666666666666664,5.733333333333333,36.23333333333333,1.4666666666666668,1.8666666666666665,1.7,0.3,8.333333333333334,8.936666666666667,5.609999999999999,10.47,50.0,403.3,233.73333333333335,404.73333333333335,232.6,404.09999999999997,234.0,403.9666666666667,233.46666666666667,5.48,2.08325,1.3050433333333336,2.452733333333333,5.840746666666667,11040.666666666666,2.466666666666667,117.3,6570.400000000001,4.93,4.113333333333333,1.7371100000000002,0.9228453333333334,1.8111899999999999,4.475006666666666,182.80000000000004,8381.533333333333,1.1396883333333334,0.9208256666666667,1.6439000000000001,3.704696666666667
2026-02-09 01:15:00+00:00,0.0,5.560975609756097,0.0,0.0,0.0,0.7433333333333333,0.7799999999999999,0.71,0.7399999999999999,0.0,6.400000000000001,4.6,36.1,1.8,1.6000000000000003,1.1,0.3,7.353333333333334,6.043333333333333,5.586666666666666,10.436666666666666,50.0,402.1333333333334,233.4333333333333,403.4666666666667,231.79999999999998,403.26666666666665,233.23333333333335,402.90000000000003,232.79999999999998,5.48,1.40804,1.2934733333333333,2.4332066666666665,5.1292599999999995,11041.966666666665,2.453333333333333,117.3,6571.333333333333,4.93,4.026666666666666,1.0902900000000002,0.9190583333333334,1.80746,3.8163766666666668,182.80000000000004,8382.566666666666,0.8888746666666667,0.90957,1.6262699999999999,3.4231866666666666
2026-02-09 01:30:00+00:00,0.0,5.517241379310345,0.0,0.0,0.0,0.75,0.78,0.71,0.74,0.0,4.0,4.4,41.8,2.6,0.2,3.4,0.5,7.34,6.03,5.58,10.41,50.0,401.4,233.1,402.8,231.4,402.4,232.9,402.1,232.4,5.17,1.40118,1.28908,2.4231,5.1109,11042.3,2.44,117.3,6571.6,4.93,3.84,1.08973,0.920763,1.80992,3.81573,182.8,8382.9,0.882614,0.905336,1.61913,3.40266
2026-02-09 01:45:00+00:00,0.0,5.0625,0.0,0.0,0.0,0.75,0.7799999999999999,0.71,0.7399999999999999,0.0,4.0,4.4,41.8,2.6,0.20000000000000004,3.4,0.5,7.34,6.03,5.580000000000001,10.41,50.0,401.3999999999999,233.1,402.8,231.4,402.3999999999999,232.9,402.1000000000001,232.4,5.17,1.40118,1.28908,2.4231,5.1109,11042.299999999997,2.44,117.3,6571.600000000001,4.93,3.84,1.08973,0.920763,1.80992,3.81573,182.80000000000004,8382.9,0.8826139999999999,0.905336,1.61913,3.4026599999999996
2026-02-09 02:00:00+00:00,0.0,5.552631578947368,0.0,0.0,0.0,0.77,0.8333333333333334,0.71,0.7399999999999999,0.0,5.2,3.8000000000000003,38.266666666666666,3.266666666666667,2.2666666666666666,2.9333333333333336,0.43333333333333335,8.306666666666667,8.91,5.580000000000001,10.43,50.0,401.1333333333334,232.4333333333333,402.6666666666667,231.33333333333334,401.93333333333334,232.83333333333334,401.9666666666667,232.20000000000002,5.316666666666666,2.06582,1.2889466666666667,2.4303266666666667,5.789533333333334,11043.1,2.4333333333333336,117.3,6572.066666666667,4.93,3.9933333333333336,1.7299633333333333,0.9212656666666668,1.8122933333333335,4.459843333333334,182.80000000000004,8383.5,1.1264846666666666,0.9049026666666666,1.6218166666666667,3.6502733333333333
2026-02-09 02:15:00+00:00,0.0,5.928571428571429,0.0,0.0,0.0,0.765,0.8200000000000001,0.71,0.74,0.0,4.0,5.05,39.25,2.5,1.7,2.1500000000000004,0.45,8.065,8.184999999999999,5.57,10.434999999999999,50.0,401.1,232.5,402.55,231.25,401.95,232.8,401.95,232.2,5.39,1.89924,1.28628,2.43093,5.6211400000000005,11043.75,2.43,117.3,6572.5,4.93,4.07,1.569725,0.91896,1.81025,4.29304,182.8,8384.05,1.066565,0.902265,1.6204,3.58683
2026-02-09 02:30:00+00:00,0.0,5.657894736842105,0.0,0.0,0.0,0.75,0.7799999999999999,0.71,0.7399999999999999,0.0,2.2,6.599999999999999,42.0,1.3999999999999997,0.10000000000000002,1.6000000000000003,0.5,7.34,6.02,5.56,10.43,50.0,401.2,232.9,402.5,231.19999999999996,402.2,232.80000000000004,402.0,232.30000000000004,5.39,1.40034,1.28368,2.42792,5.11343,11044.0,2.43,117.3,6572.7,4.93,4.07,1.08937,0.916403,1.8070200000000003,3.80418,182.80000000000004,8384.3,0.88471,0.899844,1.61764,3.39958
2026-02-09 02:45:00+00:00,0.0,5.467532467532467,0.0,0.0,0.0,0.75,0.7799999999999999,0.71,0.75,0.0,5.599999999999999,3.0,41.9,1.3999999999999997,1.3,0.9,0.6,7.34,6.04,5.57,10.43,50.0,401.2,232.80000000000004,402.6000000000001,231.1,402.3,232.80000000000004,402.0,232.30000000000004,5.41,1.40403,1.28653,2.42968,5.11725,11045.200000000003,2.42,117.3,6573.399999999999,4.93,4.11,1.09029,0.919463,1.80964,3.8086700000000007,182.80000000000004,8385.1,0.884438,0.901102,1.61559,3.40096
2026-02-09 03:00:00+00:00,0.0,5.3522727272727275,0.0,0.0,0.0,0.75,0.78,0.7157142857142856,0.75,0.0,7.0857142857142845,4.4,41.957142857142856,1.6857142857142855,2.557142857142857,1.3000000000000003,0.4857142857142857,7.3342857142857145,6.022857142857142,5.57,10.412857142857144,50.0,400.45714285714286,232.4,401.9142857142857,230.70000000000002,401.2714285714286,232.34285714285716,401.14285714285717,231.84285714285716,5.404285714285714,1.3986757142857142,1.2846957142857143,2.4252514285714284,5.107295714285714,11046.171428571428,2.4199999999999995,117.3,6574.028571428571,4.93,4.104285714285714,1.086552857142857,0.9182652857142858,1.8073542857142857,3.8080700000000003,182.8,8385.842857142858,0.8795391428571427,0.8978677142857142,1.612047142857143,3.3896914285714286
2026-02-09 03:15:00+00:00,0.0,5.5813953488372094,0.0,0.0,0.0,0.7485714285714286,0.7857142857142857,0.7042857142857143,0.7442857142857143,0.0,4.1571428571428575,3.242857142857143,41.199999999999996,2.042857142857143,1.5142857142857145,1.9285714285714286,0.4714285714285714,7.591428571428572,6.695714285714287,5.597142857142857,10.478571428571428,50.0,402.7142857142857,233.71428571428572,404.1857142857143,232.05714285714288,403.5571428571429,233.70000000000002,403.5571428571429,233.15714285714284,5.152857142857143,1.5665685714285715,1.2991442857142859,2.4548300000000003,5.320974285714286,11047.971428571429,2.4214285714285713,117.3,6575.185714285714,4.93,3.8685714285714283,1.2360285714285715,0.9204032857142858,1.8174442857142856,3.973872857142857,182.8,8387.185714285713,0.9552221428571429,0.9158427142857143,1.6461542857142857,3.5185871428571427
2026-02-09 03:30:00+00:00,0.0,5.512195121951219,0.0,0.0,0.0,0.7433333333333333,0.7966666666666667,0.6999999999999998,0.7399999999999999,0.0,3.8000000000000003,6.533333333333334,40.300000000000004,2.4,1.9666666666666666,2.566666666666667,0.43333333333333335,7.946666666666666,7.6066666666666665,5.646666666666667,10.603333333333333,50.0,406.6666666666667,235.86666666666667,408.2,234.5333333333333,407.6000000000001,236.20000000000002,407.4666666666667,235.46666666666667,5.41,1.7889433333333333,1.3217133333333333,2.5031266666666667,5.6154633333333335,11049.1,2.43,117.3,6575.966666666667,4.93,4.1,1.4354266666666666,0.9288743333333334,1.8424066666666665,4.209273333333333,182.80000000000004,8388.033333333335,1.0604306666666667,0.941961,1.69593,3.69726
2026-02-09 03:45:00+00:00,0.0,5.3625,0.0,0.0,0.0,0.755,0.805,0.705,0.7399999999999999,0.0,1.9000000000000001,3.1,39.449999999999996,2.75,2.6999999999999997,2.1,0.45,7.665,6.315,5.645,10.584999999999999,50.0,406.70000000000005,236.10000000000002,408.15000000000003,234.44999999999996,407.75,236.05000000000004,407.45,235.55000000000004,5.55,1.9674449999999999,1.3138150000000002,2.4930499999999998,5.775505,11050.199999999999,2.49,117.3,6576.599999999999,4.93,4.16,1.61276,0.9258875,1.839815,4.377714999999999,182.80000000000004,8388.85,1.129551,0.9360015,1.6831249999999998,3.7455699999999994
2026-02-09 04:00:00+00:00,0.0,5.294117647058823,0.0,0.0,0.0,0.74,0.77,0.7,0.74,0.0,5.779999999999999,3.84,42.0,1.8199999999999998,0.76,1.2,0.5,7.45,6.122,5.648000000000001,10.58,50.08,406.43999999999994,235.76,407.91999999999996,234.21999999999997,407.34000000000003,235.92,407.32,235.32000000000002,5.56,1.4421719999999998,1.3226600000000002,2.498914,5.2689520000000005,11051.220000000001,2.5,117.3,6577.38,4.93,4.16,1.104666,0.9299104,1.840644,3.876502,182.8,8389.68,0.9285730000000001,0.9389486,1.6907220000000003,3.559718
2026-02-09 04:15:00+00:00,0.0,5.185185185185185,0.0,0.0,0.0,0.755,0.81,0.6999999999999998,0.7383333333333333,0.0,3.3333333333333335,6.483333333333333,39.06666666666667,2.0,2.566666666666667,2.1999999999999997,0.39999999999999997,8.153333333333334,8.213333333333333,5.646666666666667,10.6,50.050000000000004,406.7666666666667,235.88333333333333,408.43333333333334,234.6,407.84999999999997,236.1833333333333,407.73333333333335,235.54999999999998,5.536666666666666,1.9332633333333333,1.32332,2.50131,5.759318333333333,11052.216666666667,2.5,117.3,6578.033333333333,4.93,4.138333333333334,1.5837116666666666,0.9295488333333334,1.8477583333333332,4.362478333333333,182.80000000000004,8390.35,1.1039816666666666,0.9427018333333333,1.69522,3.7424983333333337
2026-02-09 04:30:00+00:00,0.0,5.463157894736842,0.0,0.0,0.0,0.7457142857142857,0.7814285714285714,0.7014285714285714,0.7357142857142858,0.0,7.514285714285714,3.3857142857142857,41.08571428571429,3.271428571428572,3.642857142857143,2.5285714285714285,0.4714285714285714,7.658571428571428,6.717142857142858,5.651428571428572,10.605714285714285,50.01428571428572,407.2428571428572,236.24285714285716,408.80000000000007,234.75714285714284,408.3,236.3857142857143,408.2,235.79999999999998,5.42,1.5826542857142858,1.3225099999999999,2.5036185714285715,5.412832857142857,11053.385714285714,2.5,117.3,6578.785714285715,4.93,4.03,1.24094,0.9297455714285715,1.8449242857142856,4.018152857142857,182.8,8391.199999999999,0.9796661428571429,0.94402,1.6963571428571427,3.61722
2026-02-09 04:45:00+00:00,0.0,5.3,0.0,0.0,0.0,0.7514285714285714,0.7928571428571428,0.7028571428571428,0.74,0.0,6.371428571428572,3.085714285714286,40.24285714285714,1.885714285714286,1.5285714285714287,2.0571428571428574,0.4428571428571429,7.83,7.264285714285714,5.647142857142858,10.581428571428571,50.028571428571425,406.0571428571429,235.82857142857142,407.6857142857143,234.5,407.38571428571424,235.70000000000002,407.25714285714287,235.12857142857143,5.457142857142857,1.71062,1.3206585714285715,2.4987157142857144,5.5298228571428565,11054.771428571428,2.5,117.3,6579.628571428571,4.93,4.064285714285715,1.3677100000000002,0.9300032857142858,1.8411742857142859,4.143302857142857,182.8,8392.228571428572,1.0193031428571429,0.9417804285714286,1.6893814285714286,3.648914285714286
2026-02-09 05:00:00+00:00,0.0,5.369565217391305,0.0,0.0,0.0,0.74,0.7628571428571428,0.7,0.74,0.0,6.571428571428571,5.828571428571428,42.028571428571425,1.8571428571428572,1.9285714285714286,2.2285714285714286,0.4571428571428572,7.457142857142857,6.130000000000001,5.647142857142858,10.59,50.028571428571425,406.4857142857143,236.21428571428572,408.11428571428576,234.57142857142858,407.88571428571424,235.8857142857143,407.75714285714287,235.32857142857142,5.55,1.4457871428571427,1.3221842857142858,2.4995685714285716,5.265472857142858,11055.942857142858,2.5,117.3,6580.471428571429,4.93,4.15,1.10639,0.9296892857142858,1.8434428571428572,3.8809685714285713,182.8,8393.128571428571,0.9320247142857143,0.9404627142857143,1.6909485714285712,3.5626557142857145
2026-02-09 05:15:00+00:00,0.0,5.383720930232558,0.0,0.0,0.0,0.74,0.7642857142857142,0.7,0.7357142857142858,0.0,5.128571428571428,4.585714285714286,42.0,2.6142857142857143,2.0,1.9714285714285715,0.4571428571428572,7.461428571428571,6.1414285714285715,5.651428571428572,10.588571428571429,50.1,407.37142857142857,236.41428571428574,408.92857142857144,234.85714285714286,407.5428571428571,236.41428571428574,407.4428571428571,235.85714285714286,5.55,1.4475228571428571,1.3250342857142858,2.5051099999999997,5.276738571428572,11057.014285714287,2.5,117.3,6581.242857142856,4.93,4.15,1.1100442857142858,0.9309407142857143,1.8409328571428571,3.8790485714285716,182.8,8393.985714285714,0.9336057142857143,0.943002,1.694622857142857,3.57072
2026-02-09 05:30:00+00:00,0.0,5.511363636363637,0.0,0.0,0.0,0.7485714285714286,0.7999999999999999,0.7,0.7342857142857142,0.0,5.528571428571429,4.8,39.55714285714286,1.5714285714285714,2.028571428571429,2.6999999999999997,0.35714285714285715,8.08,7.964285714285714,5.661428571428572,10.615714285714287,50.05714285714286,407.62857142857143,236.3857142857143,409.25714285714287,235.18571428571428,408.45714285714286,236.64285714285714,408.2714285714286,236.0142857142857,5.567142857142857,1.878054285714286,1.3290685714285715,2.5099242857142854,5.717277142857142,11058.514285714287,2.5,117.3,6582.128571428571,4.93,4.167142857142857,1.523747142857143,0.9314375714285715,1.8463657142857142,4.306702857142857,182.8,8395.014285714286,1.0918211428571427,0.9492997142857142,1.7039214285714286,3.7426628571428573
2026-02-09 05:45:00+00:00,0.0,5.459770114942529,0.0,0.0,0.0,0.7299999999999999,0.76,0.7,0.7299999999999999,0.0,4.8,4.571428571428571,41.94285714285714,1.7,1.957142857142857,2.0714285714285716,0.4428571428571429,7.475714285714285,6.145714285714286,5.660000000000001,10.615714285714287,50.0,407.75714285714287,236.64285714285714,409.25714285714287,235.04285714285714,408.75714285714287,236.6,408.5142857142857,236.1,5.54,1.4556971428571426,1.3280557142857143,2.5135814285714284,5.293572857142857,11059.871428571429,2.5100000000000002,117.3,6582.971428571429,4.93,4.13,1.106437142857143,0.9268321428571429,1.8438314285714286,3.8786071428571427,182.8,8395.971428571429,0.9413941428571428,0.9493324285714285,1.7059957142857143,3.5969100000000003
2026-02-09 06:00:00+00:00,0.0,5.55,0.0,0.0,0.0,0.77,0.85,0.6999999999999998,0.7399999999999999,0.0,3.5,4.3,36.3,2.4,1.7,1.6000000000000003,0.3,8.92,10.44,5.68,10.65,50.1,408.1000000000001,236.30000000000004,409.7,235.5,409.0,237.0,409.0,236.30000000000004,5.36,2.46572,1.33702,2.52839,6.3336,11060.799999999997,2.51,117.3,6583.600000000001,4.93,3.9500000000000006,2.09287,0.934974,1.86324,4.89689,182.80000000000004,8396.7,1.30872,0.954656,1.7152199999999997,3.9789100000000004
2026-02-09 06:15:00+00:00,0.0,5.445652173913044,0.0,0.0,0.0,0.812857142857143,0.897142857142857,0.7857142857142857,0.7700000000000001,0.0,3.885714285714286,6.014285714285714,47.91428571428571,2.142857142857143,1.6142857142857143,1.5571428571428572,0.38571428571428573,7.081428571428572,7.435714285714285,4.484285714285714,9.325714285714286,50.05714285714286,407.54285714285714,236.25714285714284,409.4428571428571,235.07142857142858,408.8285714285715,236.52857142857144,409.04285714285714,235.91428571428574,5.450000000000001,1.7578532857142857,1.0557670000000001,2.21192,5.0275285714285705,11061.57142857143,2.514285714285714,117.3,6584.114285714286,4.93,4.035714285714286,1.5297314285714287,0.7967948571428571,1.6941514285714285,4.023457142857143,182.8,8397.300000000001,0.8483618571428572,0.6708778571428571,1.4239671428571428,2.9436999999999998
2026-02-09 06:30:00+00:00,0.0,5.447368421052632,0.0,0.0,0.0,0.75,0.805,0.6999999999999998,0.73,0.0,3.0500000000000003,5.8500000000000005,38.699999999999996,2.0500000000000003,2.35,3.1,0.45,8.14,8.115,5.669999999999999,10.63,50.0,408.5,236.35,410.05,235.04999999999998,409.5,236.9,409.25,236.5,5.19,1.92002,1.33582,2.523895,5.77706,11063.35,2.37,117.3,6585.3,4.93,3.9800000000000004,1.567455,0.9296709999999999,1.8397750000000002,4.33756,182.80000000000004,8398.699999999999,1.092726,0.9496675,1.713675,3.76544
2026-02-09 06:45:00+00:00,0.0,5.301204819277109,0.0,0.0,0.0,0.7399999999999999,0.7783333333333333,0.6999999999999998,0.7383333333333333,0.0,2.216666666666667,5.228571428571428,40.85,2.2333333333333334,2.2,2.35,0.45,7.683333333333334,6.788333333333333,5.653333333333333,10.59,50.0,407.5333333333333,236.33333333333334,409.0166666666667,234.86666666666667,408.15000000000003,236.4,408.25,235.9333333333333,5.076666666666667,1.6026299999999998,1.3234666666666666,2.494718333333333,5.416271666666667,11064.383333333333,2.316666666666667,117.3,6585.883333333334,4.93,3.94,1.260745,0.9281341666666667,1.8401933333333333,4.028978333333334,182.80000000000004,8399.449999999999,0.986276,0.9437986666666666,1.6922216666666667,3.6194566666666668
2026-02-09 07:00:00+00:00,0.0,5.626506024096385,0.0,0.0,0.0,0.7583333333333333,0.8216666666666667,0.6999999999999998,0.7383333333333333,0.0,2.6,6.566666666666666,37.63333333333333,2.316666666666667,2.25,2.4,0.3333333333333333,8.123333333333333,8.105,5.655,10.615,50.0,407.79999999999995,236.35,409.40000000000003,235.25,408.6333333333334,236.6833333333333,408.51666666666665,236.1,5.6000000000000005,1.911865,1.3210833333333334,2.5038016666666665,5.881075,11065.550000000001,2.5083333333333333,117.3,6586.683333333333,4.93,4.191666666666667,1.5643633333333333,0.9296818333333333,1.8472983333333335,4.338128333333334,182.80000000000004,8400.283333333333,1.0929613333333335,0.947488,1.7024416666666669,3.7423366666666666
2026-02-09 07:15:00+00:00,0.0,5.52,0.0,0.0,0.0,0.73,0.7399999999999999,0.6999999999999998,0.7316666666666666,0.0,5.433333333333334,4.45,43.449999999999996,1.4333333333333333,2.1666666666666665,2.433333333333333,0.45,7.373333333333334,5.908333333333334,5.645,10.581666666666667,50.01666666666667,407.05,236.25,408.4666666666667,234.6,407.8666666666666,236.15,407.75,235.65,5.538333333333333,1.3913183333333334,1.322725,2.497505,5.212058333333333,11066.516666666668,2.5,117.3,6587.433333333333,4.93,4.133333333333334,1.032427,0.9261879999999999,1.8384216666666668,3.8018983333333334,182.80000000000004,8401.050000000001,0.9319556666666667,0.9427715,1.6918566666666666,3.56621
2026-02-09 07:30:00+00:00,0.0,5.365591397849462,0.0,0.0,0.0,0.7357142857142858,0.7457142857142857,0.7,0.74,0.0,5.357142857142857,5.3375,42.92857142857143,1.657142857142857,1.7714285714285711,2.3142857142857145,0.4571428571428572,7.527142857142857,6.372857142857143,5.642857142857143,10.564285714285715,50.028571428571425,406.3285714285715,235.90000000000003,407.8,234.24285714285716,407.15714285714284,235.75714285714284,406.7857142857143,235.28571428571428,5.4799999999999995,1.5015928571428572,1.3184057142857142,2.489938571428571,5.312174285714286,11067.8,2.5,117.3,6588.228571428571,4.93,4.05,1.134969142857143,0.9292428571428573,1.8376457142857145,3.898221428571429,182.8,8401.942857142856,0.9787522857142857,0.9378909999999999,1.6837642857142858,3.602007142857143
2026-02-09 07:45:00+00:00,0.0,5.441558441558442,0.0,0.0,0.0,0.765,0.8283333333333333,0.7016666666666667,0.7399999999999999,0.0,3.266666666666667,3.4166666666666665,36.583333333333336,1.5833333333333333,2.3666666666666667,2.066666666666667,0.4166666666666667,8.511666666666667,9.341666666666667,5.636666666666667,10.566666666666668,50.0,405.98333333333335,235.30000000000004,407.65000000000003,234.20000000000002,407.0166666666667,235.78333333333333,405.48333333333335,235.11666666666665,5.445,2.19355,1.3169483333333334,2.49386,6.004833333333334,11068.616666666667,2.4983333333333335,117.3,6588.733333333334,4.93,4.016666666666667,1.8205366666666667,0.9268798333333333,1.8379433333333333,4.580288333333334,182.80000000000004,8402.55,1.2268521666666665,0.9371226666666667,1.6877566666666663,3.8519133333333335
2026-02-09 08:00:00+00:00,0.0,5.506172839506172,0.0,0.0,0.0,0.7600000000000001,0.8233333333333333,0.7033333333333333,0.7333333333333334,0.0,4.766666666666667,8.200000000000001,38.53333333333333,1.9666666666666668,1.3333333333333333,1.1333333333333333,0.43333333333333335,8.42,9.053333333333333,5.633333333333333,10.583333333333334,50.0,406.0,235.36666666666667,407.7,234.29999999999998,407.06666666666666,235.79999999999998,407.0,235.1,5.37,2.12677,1.3174700000000001,2.49403,5.94126,11069.966666666667,2.49,117.3,6589.666666666667,4.93,3.97,1.767966666666667,0.9246963333333333,1.8378666666666668,4.5219,182.80000000000004,8403.566666666668,1.1837609999999998,0.938265,1.68969,3.8114500000000002
2026-02-09 08:15:00+00:00,0.0,5.405405405405405,0.0,0.0,0.0,0.7399999999999999,0.77,0.6999999999999998,0.7399999999999999,0.0,3.9,1.8999999999999997,41.9,2.4,2.4,1.6000000000000003,0.4000000000000001,7.44,6.13,5.63,10.56,50.0,406.2,235.69999999999996,407.6000000000001,234.0,407.2,235.69999999999996,407.0,235.1,5.419999999999999,1.44396,1.31753,2.48942,5.25215,11070.9,2.49,117.3,6590.3,4.93,4.03,1.10429,0.925353,1.82887,3.85598,182.80000000000004,8404.2,0.926904,0.93619,1.68541,3.55171
2026-02-09 08:30:00+00:00,0.0,5.2727272727272725,0.0,0.0,0.0,0.7528571428571428,0.8042857142857143,0.7,0.74,0.0,5.085714285714286,4.1571428571428575,39.51428571428572,2.185714285714286,2.0714285714285716,2.157142857142857,0.4571428571428572,8.040000000000001,7.911428571428572,5.63,10.558571428571428,50.0,406.12857142857143,235.5,407.7142857142857,234.15714285714284,407.18571428571425,235.8,407.0285714285714,235.17142857142858,5.532857142857142,1.8589557142857143,1.31521,2.488097142857143,5.658734285714286,11072.300000000001,2.4899999999999998,117.3,6591.228571428571,4.93,4.138571428571429,1.5131728571428573,0.928072,1.8349171428571427,4.276015714285714,182.8,8405.328571428572,1.0742394285714287,0.9360914285714286,1.6835585714285715,3.6924014285714284
2026-02-09 08:45:00+00:00,0.0,5.407894736842105,0.0,0.0,0.0,0.755,0.81,0.705,0.735,0.0,4.3999999999999995,5.1000000000000005,38.85,1.8499999999999999,2.5500000000000003,2.25,0.35000000000000003,8.1,8.12,5.625,10.549999999999999,50.050000000000004,405.70000000000005,235.14999999999998,407.40000000000003,233.9,406.84999999999997,235.54999999999998,406.70000000000005,234.89999999999998,5.52,1.904075,1.31444,2.48346,5.7010000000000005,11073.550000000001,2.49,117.3,6592.0,4.93,4.13,1.563535,0.9260660000000001,1.8292650000000001,4.31558,182.80000000000004,8406.199999999999,1.0818895,0.9330775,1.6798549999999999,3.69288
2026-02-09 09:00:00+00:00,0.0,5.3125,0.0,0.0,0.0,0.7399999999999999,0.7666666666666666,0.6999999999999998,0.7399999999999999,0.0,4.933333333333333,3.966666666666667,42.0,1.9666666666666668,3.233333333333333,2.8666666666666667,0.4666666666666666,7.43,6.11,5.623333333333334,10.556666666666667,50.0,405.93333333333334,235.69999999999996,407.4666666666667,234.0,407.06666666666666,235.6,406.8333333333333,235.1,5.48,1.4404866666666667,1.3148533333333334,2.4839733333333336,5.23445,11074.6,2.49,117.3,6592.733333333334,4.93,4.09,1.1006866666666666,0.9238723333333333,1.8311766666666667,3.8647166666666664,182.80000000000004,8407.033333333333,0.9269813333333333,0.9340586666666667,1.6822100000000002,3.5449800000000002
2026-02-09 09:15:00+00:00,0.0,5.541176470588235,0.0,0.0,0.0,0.74,0.7657142857142858,0.7057142857142856,0.74,0.0,5.442857142857143,4.1000000000000005,42.114285714285714,1.2428571428571427,3.371428571428571,2.7714285714285714,0.4428571428571429,7.421428571428572,6.095714285714286,5.612857142857143,10.547142857142857,50.0,405.40000000000003,235.32857142857142,406.9714285714286,233.62857142857143,406.42857142857144,235.31428571428572,406.1857142857143,234.72857142857143,5.334285714285714,1.4332171428571427,1.311562857142857,2.4795771428571425,5.218724285714286,11075.771428571428,2.4899999999999998,117.3,6593.628571428571,4.93,3.9528571428571433,1.1001628571428572,0.9240838571428572,1.834552857142857,3.854355714285714,182.8,8407.842857142856,0.9203137142857143,0.9288028571428572,1.6720842857142857,3.520634285714286
2026-02-09 09:30:00+00:00,0.0,5.325581395348837,0.0,0.0,0.0,0.7600000000000001,0.8216666666666667,0.6999999999999998,0.7333333333333334,0.0,5.083333333333333,3.9857142857142853,38.55,1.9666666666666668,2.6333333333333333,2.65,0.4166666666666667,8.418333333333333,9.09,5.608333333333333,10.556666666666667,49.93333333333334,404.98333333333335,234.78333333333333,406.6333333333334,233.56666666666663,406.06666666666666,235.26666666666665,405.95000000000005,234.54999999999998,5.468333333333334,2.12195,1.3101383333333334,2.4847183333333334,5.91796,11076.916666666666,2.481666666666667,117.3,6594.383333333332,4.93,4.088333333333334,1.7666916666666668,0.9206021666666667,1.8309300000000002,4.518426666666667,182.80000000000004,8408.7,1.1837788333333334,0.932375,1.6817116666666667,3.7947333333333333
2026-02-09 09:45:00+00:00,0.0,5.2727272727272725,0.0,0.0,0.0,0.745,0.7783333333333333,0.6999999999999998,0.7333333333333334,0.0,4.75,7.116666666666667,41.11666666666667,2.5,1.8666666666666665,2.6666666666666665,0.4666666666666666,7.668333333333333,6.853333333333334,5.618333333333333,10.541666666666666,50.0,405.48333333333335,235.36666666666667,406.95000000000005,233.75,406.45,235.4,406.25,234.78333333333333,5.5200000000000005,1.6070250000000001,1.3130016666666666,2.4812499999999997,5.40759,11078.016666666668,2.48,117.3,6595.033333333333,4.93,4.133333333333333,1.2689683333333335,0.9232711666666665,1.828223333333333,4.020921666666666,182.80000000000004,8409.533333333335,0.9867295,0.9323575000000001,1.679145,3.597496666666667
2026-02-09 10:00:00+00:00,0.0,5.51063829787234,0.0,0.0,0.0,0.7485714285714286,0.7857142857142857,0.7,0.7371428571428572,0.0,6.314285714285715,5.671428571428572,40.557142857142864,1.6428571428571428,2.142857142857143,2.457142857142857,0.4428571428571429,7.857142857142857,7.384285714285714,5.627142857142857,10.567142857142857,50.0,406.1857142857143,235.54285714285717,407.8714285714286,234.21428571428572,407.24285714285713,235.91428571428574,407.14285714285717,235.22857142857146,5.5371428571428565,1.7336642857142857,1.317942857142857,2.491905714285714,5.538387142857142,11079.171428571428,2.487142857142857,117.3,6595.785714285715,4.93,4.147142857142858,1.386791428571429,0.9253232857142857,1.833462857142857,4.146628571428572,182.8,8410.357142857143,1.0367528571428573,0.9368157142857143,1.6866714285714284,3.660844285714286
2026-02-09 10:15:00+00:00,0.0,5.50561797752809,0.0,0.0,0.0,0.74,0.7628571428571428,0.7028571428571428,0.74,0.0,6.314285714285715,6.614285714285715,42.1,1.9857142857142858,1.885714285714286,2.5428571428571423,0.5,7.4314285714285715,6.118571428571428,5.624285714285714,10.561428571428573,49.971428571428575,406.07142857142856,235.57142857142858,407.67142857142863,234.1,407.09999999999997,235.74285714285716,406.97142857142853,235.17142857142858,5.488571428571428,1.437987142857143,1.31328,2.4840000000000004,5.228232857142857,11079.885714285714,2.4899999999999998,117.3,6596.214285714285,4.93,4.098571428571429,1.1008200000000001,0.923867857142857,1.8294742857142856,3.853802857142857,182.8,8410.871428571429,0.9274165714285714,0.9337257142857143,1.6805514285714285,3.542312857142857
2026-02-09 10:30:00+00:00,0.0,5.506666666666667,0.0,0.0,0.0,0.745,0.7833333333333333,0.7016666666666667,0.7383333333333333,0.0,5.683333333333334,5.266666666666667,41.1,3.4333333333333336,3.1,2.733333333333333,0.4666666666666666,7.873333333333334,7.466666666666666,5.616666666666667,10.543333333333333,49.9,404.90000000000003,234.88333333333333,406.5,233.5,405.9166666666667,235.08333333333334,405.73333333333335,234.48333333333335,5.363333333333333,1.7494766666666666,1.30715,2.4766316666666666,5.5355283333333345,11081.683333333334,2.4883333333333337,117.3,6597.416666666667,4.93,3.975,1.4078049999999998,0.9198266666666667,1.8240133333333333,4.151113333333334,182.80000000000004,8412.216666666667,1.032091,0.92666,1.6713216666666666,3.634911666666666
2026-02-09 10:45:00+00:00,0.0,5.506666666666667,0.0,0.0,0.0,0.745,0.7833333333333333,0.7016666666666667,0.7383333333333333,0.0,5.683333333333334,5.266666666666667,41.1,3.4333333333333336,3.1,2.733333333333333,0.4666666666666666,7.873333333333334,7.466666666666666,5.616666666666667,10.543333333333333,49.9,404.90000000000003,234.88333333333333,406.5,233.5,405.9166666666667,235.08333333333334,405.73333333333335,234.48333333333335,5.363333333333333,1.7494766666666666,1.30715,2.4766316666666666,5.5355283333333345,11081.683333333334,2.4883333333333337,117.3,6597.416666666667,4.93,3.975,1.4078049999999998,0.9198266666666667,1.8240133333333333,4.151113333333334,182.80000000000004,8412.216666666667,1.032091,0.92666,1.6713216666666666,3.634911666666666
2026-02-09 11:00:00+00:00,0.0,5.506666666666667,0.0,0.0,0.0,0.745,0.7833333333333333,0.7016666666666667,0.7383333333333333,0.0,5.683333333333334,5.266666666666667,41.1,3.4333333333333336,3.1,2.733333333333333,0.4666666666666666,7.873333333333334,7.466666666666666,5.616666666666667,10.543333333333333,49.9,404.90000000000003,234.88333333333333,406.5,233.5,405.9166666666667,235.08333333333334,405.73333333333335,234.48333333333335,5.363333333333333,1.7494766666666666,1.30715,2.4766316666666666,5.5355283333333345,11081.683333333334,2.4883333333333337,117.3,6597.416666666667,4.93,3.975,1.4078049999999998,0.9198266666666667,1.8240133333333333,4.151113333333334,182.80000000000004,8412.216666666667,1.032091,0.92666,1.6713216666666666,3.634911666666666
2026-02-09 11:15:00+00:00,0.0,5.506666666666667,0.0,0.0,0.0,0.745,0.7833333333333333,0.7016666666666667,0.7383333333333333,0.0,5.683333333333334,5.266666666666667,41.1,3.4333333333333336,3.1,2.733333333333333,0.4666666666666666,7.873333333333334,7.466666666666666,5.616666666666667,10.543333333333333,49.9,404.90000000000003,234.88333333333333,406.5,233.5,405.9166666666667,235.08333333333334,405.73333333333335,234.48333333333335,5.363333333333333,1.7494766666666666,1.30715,2.4766316666666666,5.5355283333333345,11081.683333333334,2.4883333333333337,117.3,6597.416666666667,4.93,3.975,1.4078049999999998,0.9198266666666667,1.8240133333333333,4.151113333333334,182.80000000000004,8412.216666666667,1.032091,0.92666,1.6713216666666666,3.634911666666666
2026-02-09 11:30:00+00:00,0.0,5.506666666666667,0.0,0.0,0.0,0.745,0.7833333333333333,0.7016666666666667,0.7383333333333333,0.0,5.683333333333334,5.266666666666667,41.1,3.4333333333333336,3.1,2.733333333333333,0.4666666666666666,7.873333333333334,7.466666666666666,5.616666666666667,10.543333333333333,49.9,404.90000000000003,234.88333333333333,406.5,233.5,405.9166666666667,235.08333333333334,405.73333333333335,234.48333333333335,5.363333333333333,1.7494766666666666,1.30715,2.4766316666666666,5.5355283333333345,11081.683333333334,2.4883333333333337,117.3,6597.416666666667,4.93,3.975,1.4078049999999998,0.9198266666666667,1.8240133333333333,4.151113333333334,182.80000000000004,8412.216666666667,1.032091,0.92666,1.6713216666666666,3.634911666666666
2026-02-09 11:45:00+00:00,0.0,5.506666666666667,0.0,0.0,0.0,0.745,0.7833333333333333,0.7016666666666667,0.7383333333333333,0.0,5.683333333333334,5.266666666666667,41.1,3.4333333333333336,3.1,2.733333333333333,0.4666666666666666,7.873333333333334,7.466666666666666,5.616666666666667,10.543333333333333,49.9,404.90000000000003,234.88333333333333,406.5,233.5,405.9166666666667,235.08333333333334,405.73333333333335,234.48333333333335,5.363333333333333,1.7494766666666666,1.30715,2.4766316666666666,5.5355283333333345,11081.683333333334,2.4883333333333337,117.3,6597.416666666667,4.93,3.975,1.4078049999999998,0.9198266666666667,1.8240133333333333,4.151113333333334,182.80000000000004,8412.216666666667,1.032091,0.92666,1.6713216666666666,3.634911666666666
2026-02-09 12:00:00+00:00,0.0,5.506666666666667,0.0,0.0,0.0,0.745,0.7833333333333333,0.7016666666666667,0.7383333333333333,0.0,5.683333333333334,5.266666666666667,41.1,3.4333333333333336,3.1,2.733333333333333,0.4666666666666666,7.873333333333334,7.466666666666666,5.616666666666667,10.543333333333333,49.9,404.90000000000003,234.88333333333333,406.5,233.5,405.9166666666667,235.08333333333334,405.73333333333335,234.48333333333335,5.363333333333333,1.7494766666666666,1.30715,2.4766316666666666,5.5355283333333345,11081.683333333334,2.4883333333333337,117.3,6597.416666666667,4.93,3.975,1.4078049999999998,0.9198266666666667,1.8240133333333333,4.151113333333334,182.80000000000004,8412.216666666667,1.032091,0.92666,1.6713216666666666,3.634911666666666
2026-02-09 12:15:00+00:00,0.0,5.506666666666667,0.0,0.0,0.0,0.745,0.7833333333333333,0.7016666666666667,0.7383333333333333,0.0,5.683333333333334,5.266666666666667,41.1,3.4333333333333336,3.1,2.733333333333333,0.4666666666666666,7.873333333333334,7.466666666666666,5.616666666666667,10.543333333333333,49.9,404.90000000000003,234.88333333333333,406.5,233.5,405.9166666666667,235.08333333333334,405.73333333333335,234.48333333333335,5.363333333333333,1.7494766666666666,1.30715,2.4766316666666666,5.5355283333333345,11081.683333333334,2.4883333333333337,117.3,6597.416666666667,4.93,3.975,1.4078049999999998,0.9198266666666667,1.8240133333333333,4.151113333333334,182.80000000000004,8412.216666666667,1.032091,0.92666,1.6713216666666666,3.634911666666666
2026-02-09 12:30:00+00:00,0.0,5.506666666666667,0.0,0.0,0.0,0.745,0.7833333333333333,0.7016666666666667,0.7383333333333333,0.0,5.683333333333334,5.266666666666667,41.1,3.4333333333333336,3.1,2.733333333333333,0.4666666666666666,7.873333333333334,7.466666666666666,5.616666666666667,10.543333333333333,49.9,404.90000000000003,234.88333333333333,406.5,233.5,405.9166666666667,235.08333333333334,405.73333333333335,234.48333333333335,5.363333333333333,1.7494766666666666,1.30715,2.4766316666666666,5.5355283333333345,11081.683333333334,2.4883333333333337,117.3,6597.416666666667,4.93,3.975,1.4078049999999998,0.9198266666666667,1.8240133333333333,4.151113333333334,182.80000000000004,8412.216666666667,1.032091,0.92666,1.6713216666666666,3.634911666666666
2026-02-09 12:45:00+00:00,0.0,5.506666666666667,0.0,0.0,0.0,0.745,0.7833333333333333,0.7016666666666667,0.7383333333333333,0.0,5.683333333333334,5.266666666666667,41.1,3.4333333333333336,3.1,2.733333333333333,0.4666666666666666,7.873333333333334,7.466666666666666,5.616666666666667,10.543333333333333,49.9,404.90000000000003,234.88333333333333,406.5,233.5,405.9166666666667,235.08333333333334,405.73333333333335,234.48333333333335,5.363333333333333,1.7494766666666666,1.30715,2.4766316666666666,5.5355283333333345,11081.683333333334,2.4883333333333337,117.3,6597.416666666667,4.93,3.975,1.4078049999999998,0.9198266666666667,1.8240133333333333,4.151113333333334,182.80000000000004,8412.216666666667,1.032091,0.92666,1.6713216666666666,3.634911666666666
2026-02-09 13:00:00+00:00,0.0,5.506666666666667,0.0,0.0,0.0,0.745,0.7833333333333333,0.7016666666666667,0.7383333333333333,0.0,5.683333333333334,5.266666666666667,41.1,3.4333333333333336,3.1,2.733333333333333,0.4666666666666666,7.873333333333334,7.466666666666666,5.616666666666667,10.543333333333333,49.9,404.90000000000003,234.88333333333333,406.5,233.5,405.9166666666667,235.08333333333334,405.73333333333335,234.48333333333335,5.363333333333333,1.7494766666666666,1.30715,2.4766316666666666,5.5355283333333345,11081.683333333334,2.4883333333333337,117.3,6597.416666666667,4.93,3.975,1.4078049999999998,0.9198266666666667,1.8240133333333333,4.151113333333334,182.80000000000004,8412.216666666667,1.032091,0.92666,1.6713216666666666,3.634911666666666
2026-02-09 13:15:00+00:00,0.0,5.506666666666667,0.0,0.0,0.0,0.745,0.7833333333333333,0.7016666666666667,0.7383333333333333,0.0,5.683333333333334,5.266666666666667,41.1,3.4333333333333336,3.1,2.733333333333333,0.4666666666666666,7.873333333333334,7.466666666666666,5.616666666666667,10.543333333333333,49.9,404.90000000000003,234.88333333333333,406.5,233.5,405.9166666666667,235.08333333333334,405.73333333333335,234.48333333333335,5.363333333333333,1.7494766666666666,1.30715,2.4766316666666666,5.5355283333333345,11081.683333333334,2.4883333333333337,117.3,6597.416666666667,4.93,3.975,1.4078049999999998,0.9198266666666667,1.8240133333333333,4.151113333333334,182.80000000000004,8412.216666666667,1.032091,0.92666,1.6713216666666666,3.634911666666666
2026-02-09 13:30:00+00:00,0.0,5.506666666666667,0.0,0.0,0.0,0.745,0.7833333333333333,0.7016666666666667,0.7383333333333333,0.0,5.683333333333334,5.266666666666667,41.1,3.4333333333333336,3.1,2.733333333333333,0.4666666666666666,7.873333333333334,7.466666666666666,5.616666666666667,10.543333333333333,49.9,404.90000000000003,234.88333333333333,406.5,233.5,405.9166666666667,235.08333333333334,405.73333333333335,234.48333333333335,5.363333333333333,1.7494766666666666,1.30715,2.4766316666666666,5.5355283333333345,11081.683333333334,2.4883333333333337,117.3,6597.416666666667,4.93,3.975,1.4078049999999998,0.9198266666666667,1.8240133333333333,4.151113333333334,182.80000000000004,8412.216666666667,1.032091,0.92666,1.6713216666666666,3.634911666666666
2026-02-09 13:45:00+00:00,0.0,5.506666666666667,0.0,0.0,0.0,0.745,0.7833333333333333,0.7016666666666667,0.7383333333333333,0.0,5.683333333333334,5.266666666666667,41.1,3.4333333333333336,3.1,2.733333333333333,0.4666666666666666,7.873333333333334,7.466666666666666,5.616666666666667,10.543333333333333,49.9,404.90000000000003,234.88333333333333,406.5,233.5,405.9166666666667,235.08333333333334,405.73333333333335,234.48333333333335,5.363333333333333,1.7494766666666666,1.30715,2.4766316666666666,5.5355283333333345,11081.683333333334,2.4883333333333337,117.3,6597.416666666667,4.93,3.975,1.4078049999999998,0.9198266666666667,1.8240133333333333,4.151113333333334,182.80000000000004,8412.216666666667,1.032091,0.92666,1.6713216666666666,3.634911666666666
2026-02-09 14:00:00+00:00,0.0,5.506666666666667,0.0,0.0,0.0,0.745,0.7833333333333333,0.7016666666666667,0.7383333333333333,0.0,5.683333333333334,5.266666666666667,41.1,3.4333333333333336,3.1,2.733333333333333,0.4666666666666666,7.873333333333334,7.466666666666666,5.616666666666667,10.543333333333333,49.9,404.90000000000003,234.88333333333333,406.5,233.5,405.9166666666667,235.08333333333334,405.73333333333335,234.48333333333335,5.363333333333333,1.7494766666666666,1.30715,2.4766316666666666,5.5355283333333345,11081.683333333334,2.4883333333333337,117.3,6597.416666666667,4.93,3.975,1.4078049999999998,0.9198266666666667,1.8240133333333333,4.151113333333334,182.80000000000004,8412.216666666667,1.032091,0.92666,1.6713216666666666,3.634911666666666
2026-02-09 14:15:00+00:00,0.0,5.506666666666667,0.0,0.0,0.0,0.745,0.7833333333333333,0.7016666666666667,0.7383333333333333,0.0,5.683333333333334,5.266666666666667,41.1,3.4333333333333336,3.1,2.733333333333333,0.4666666666666666,7.873333333333334,7.466666666666666,5.616666666666667,10.543333333333333,49.9,404.90000000000003,234.88333333333333,406.5,233.5,405.9166666666667,235.08333333333334,405.73333333333335,234.48333333333335,5.363333333333333,1.7494766666666666,1.30715,2.4766316666666666,5.5355283333333345,11081.683333333334,2.4883333333333337,117.3,6597.416666666667,4.93,3.975,1.4078049999999998,0.9198266666666667,1.8240133333333333,4.151113333333334,182.80000000000004,8412.216666666667,1.032091,0.92666,1.6713216666666666,3.634911666666666
2026-02-09 14:30:00+00:00,0.0,5.506666666666667,0.0,0.0,0.0,0.745,0.7833333333333333,0.7016666666666667,0.7383333333333333,0.0,5.683333333333334,5.266666666666667,41.1,3.4333333333333336,3.1,2.733333333333333,0.4666666666666666,7.873333333333334,7.466666666666666,5.616666666666667,10.543333333333333,49.9,404.90000000000003,234.88333333333333,406.5,233.5,405.9166666666667,235.08333333333334,405.73333333333335,234.48333333333335,5.363333333333333,1.7494766666666666,1.30715,2.4766316666666666,5.5355283333333345,11081.683333333334,2.4883333333333337,117.3,6597.416666666667,4.93,3.975,1.4078049999999998,0.9198266666666667,1.8240133333333333,4.151113333333334,182.80000000000004,8412.216666666667,1.032091,0.92666,1.6713216666666666,3.634911666666666
2026-02-09 14:45:00+00:00,0.0,5.506666666666667,0.0,0.0,0.0,0.745,0.7833333333333333,0.7016666666666667,0.7383333333333333,0.0,5.683333333333334,5.266666666666667,41.1,3.4333333333333336,3.1,2.733333333333333,0.4666666666666666,7.873333333333334,7.466666666666666,5.616666666666667,10.543333333333333,49.9,404.90000000000003,234.88333333333333,406.5,233.5,405.9166666666667,235.08333333333334,405.73333333333335,234.48333333333335,5.363333333333333,1.7494766666666666,1.30715,2.4766316666666666,5.5355283333333345,11081.683333333334,2.4883333333333337,117.3,6597.416666666667,4.93,3.975,1.4078049999999998,0.9198266666666667,1.8240133333333333,4.151113333333334,182.80000000000004,8412.216666666667,1.032091,0.92666,1.6713216666666666,3.634911666666666
2026-02-09 15:00:00+00:00,0.0,5.506666666666667,0.0,0.0,0.0,0.745,0.7833333333333333,0.7016666666666667,0.7383333333333333,0.0,5.683333333333334,5.266666666666667,41.1,3.4333333333333336,3.1,2.733333333333333,0.4666666666666666,7.873333333333334,7.466666666666666,5.616666666666667,10.543333333333333,49.9,404.90000000000003,234.88333333333333,406.5,233.5,405.9166666666667,235.08333333333334,405.73333333333335,234.48333333333335,5.363333333333333,1.7494766666666666,1.30715,2.4766316666666666,5.5355283333333345,11081.683333333334,2.4883333333333337,117.3,6597.416666666667,4.93,3.975,1.4078049999999998,0.9198266666666667,1.8240133333333333,4.151113333333334,182.80000000000004,8412.216666666667,1.032091,0.92666,1.6713216666666666,3.634911666666666
2026-02-09 15:15:00+00:00,0.0,5.506666666666667,0.0,0.0,0.0,0.745,0.7833333333333333,0.7016666666666667,0.7383333333333333,0.0,5.683333333333334,5.266666666666667,41.1,3.4333333333333336,3.1,2.733333333333333,0.4666666666666666,7.873333333333334,7.466666666666666,5.616666666666667,10.543333333333333,49.9,404.90000000000003,234.88333333333333,406.5,233.5,405.9166666666667,235.08333333333334,405.73333333333335,234.48333333333335,5.363333333333333,1.7494766666666666,1.30715,2.4766316666666666,5.5355283333333345,11081.683333333334,2.4883333333333337,117.3,6597.416666666667,4.93,3.975,1.4078049999999998,0.9198266666666667,1.8240133333333333,4.151113333333334,182.80000000000004,8412.216666666667,1.032091,0.92666,1.6713216666666666,3.634911666666666
2026-02-09 15:30:00+00:00,0.0,5.506666666666667,0.0,0.0,0.0,0.745,0.7833333333333333,0.7016666666666667,0.7383333333333333,0.0,5.683333333333334,5.266666666666667,41.1,3.4333333333333336,3.1,2.733333333333333,0.4666666666666666,7.873333333333334,7.466666666666666,5.616666666666667,10.543333333333333,49.9,404.90000000000003,234.88333333333333,406.5,233.5,405.9166666666667,235.08333333333334,405.73333333333335,234.48333333333335,5.363333333333333,1.7494766666666666,1.30715,2.4766316666666666,5.5355283333333345,11081.683333333334,2.4883333333333337,117.3,6597.416666666667,4.93,3.975,1.4078049999999998,0.9198266666666667,1.8240133333333333,4.151113333333334,182.80000000000004,8412.216666666667,1.032091,0.92666,1.6713216666666666,3.634911666666666
2026-02-09 15:45:00+00:00,0.0,5.506666666666667,0.0,0.0,0.0,0.745,0.7833333333333333,0.7016666666666667,0.7383333333333333,0.0,5.683333333333334,5.266666666666667,41.1,3.4333333333333336,3.1,2.733333333333333,0.4666666666666666,7.873333333333334,7.466666666666666,5.616666666666667,10.543333333333333,49.9,404.90000000000003,234.88333333333333,406.5,233.5,405.9166666666667,235.08333333333334,405.73333333333335,234.48333333333335,5.363333333333333,1.7494766666666666,1.30715,2.4766316666666666,5.5355283333333345,11081.683333333334,2.4883333333333337,117.3,6597.416666666667,4.93,3.975,1.4078049999999998,0.9198266666666667,1.8240133333333333,4.151113333333334,182.80000000000004,8412.216666666667,1.032091,0.92666,1.6713216666666666,3.634911666666666
2026-02-09 16:00:00+00:00,0.0,5.506666666666667,0.0,0.0,0.0,0.745,0.7833333333333333,0.7016666666666667,0.7383333333333333,0.0,5.683333333333334,5.266666666666667,41.1,3.4333333333333336,3.1,2.733333333333333,0.4666666666666666,7.873333333333334,7.466666666666666,5.616666666666667,10.543333333333333,49.9,404.90000000000003,234.88333333333333,406.5,233.5,405.9166666666667,235.08333333333334,405.73333333333335,234.48333333333335,5.363333333333333,1.7494766666666666,1.30715,2.4766316666666666,5.5355283333333345,11081.683333333334,2.4883333333333337,117.3,6597.416666666667,4.93,3.975,1.4078049999999998,0.9198266666666667,1.8240133333333333,4.151113333333334,182.80000000000004,8412.216666666667,1.032091,0.92666,1.6713216666666666,3.634911666666666
2026-02-09 16:15:00+00:00,0.0,5.506666666666667,0.0,0.0,0.0,0.745,0.7833333333333333,0.7016666666666667,0.7383333333333333,0.0,5.683333333333334,5.266666666666667,41.1,3.4333333333333336,3.1,2.733333333333333,0.4666666666666666,7.873333333333334,7.466666666666666,5.616666666666667,10.543333333333333,49.9,404.90000000000003,234.88333333333333,406.5,233.5,405.9166666666667,235.08333333333334,405.73333333333335,234.48333333333335,5.363333333333333,1.7494766666666666,1.30715,2.4766316666666666,5.5355283333333345,11081.683333333334,2.4883333333333337,117.3,6597.416666666667,4.93,3.975,1.4078049999999998,0.9198266666666667,1.8240133333333333,4.151113333333334,182.80000000000004,8412.216666666667,1.032091,0.92666,1.6713216666666666,3.634911666666666
2026-02-09 16:30:00+00:00,0.0,5.506666666666667,0.0,0.0,0.0,0.745,0.7833333333333333,0.7016666666666667,0.7383333333333333,0.0,5.683333333333334,5.266666666666667,41.1,3.4333333333333336,3.1,2.733333333333333,0.4666666666666666,7.873333333333334,7.466666666666666,5.616666666666667,10.543333333333333,49.9,404.90000000000003,234.88333333333333,406.5,233.5,405.9166666666667,235.08333333333334,405.73333333333335,234.48333333333335,5.363333333333333,1.7494766666666666,1.30715,2.4766316666666666,5.5355283333333345,11081.683333333334,2.4883333333333337,117.3,6597.416666666667,4.93,3.975,1.4078049999999998,0.9198266666666667,1.8240133333333333,4.151113333333334,182.80000000000004,8412.216666666667,1.032091,0.92666,1.6713216666666666,3.634911666666666
2026-02-09 16:45:00+00:00,0.0,5.506666666666667,0.0,0.0,0.0,0.745,0.7833333333333333,0.7016666666666667,0.7383333333333333,0.0,5.683333333333334,5.266666666666667,41.1,3.4333333333333336,3.1,2.733333333333333,0.4666666666666666,7.873333333333334,7.466666666666666,5.616666666666667,10.543333333333333,49.9,404.90000000000003,234.88333333333333,406.5,233.5,405.9166666666667,235.08333333333334,405.73333333333335,234.48333333333335,5.363333333333333,1.7494766666666666,1.30715,2.4766316666666666,5.5355283333333345,11081.683333333334,2.4883333333333337,117.3,6597.416666666667,4.93,3.975,1.4078049999999998,0.9198266666666667,1.8240133333333333,4.151113333333334,182.80000000000004,8412.216666666667,1.032091,0.92666,1.6713216666666666,3.634911666666666
2026-02-09 17:00:00+00:00,0.0,5.506666666666667,0.0,0.0,0.0,0.745,0.7833333333333333,0.7016666666666667,0.7383333333333333,0.0,5.683333333333334,5.266666666666667,41.1,3.4333333333333336,3.1,2.733333333333333,0.4666666666666666,7.873333333333334,7.466666666666666,5.616666666666667,10.543333333333333,49.9,404.90000000000003,234.88333333333333,406.5,233.5,405.9166666666667,235.08333333333334,405.73333333333335,234.48333333333335,5.363333333333333,1.7494766666666666,1.30715,2.4766316666666666,5.5355283333333345,11081.683333333334,2.4883333333333337,117.3,6597.416666666667,4.93,3.975,1.4078049999999998,0.9198266666666667,1.8240133333333333,4.151113333333334,182.80000000000004,8412.216666666667,1.032091,0.92666,1.6713216666666666,3.634911666666666
2026-02-09 17:15:00+00:00,0.0,5.506666666666667,0.0,0.0,0.0,0.745,0.7833333333333333,0.7016666666666667,0.7383333333333333,0.0,5.683333333333334,5.266666666666667,41.1,3.4333333333333336,3.1,2.733333333333333,0.4666666666666666,7.873333333333334,7.466666666666666,5.616666666666667,10.543333333333333,49.9,404.90000000000003,234.88333333333333,406.5,233.5,405.9166666666667,235.08333333333334,405.73333333333335,234.48333333333335,5.363333333333333,1.7494766666666666,1.30715,2.4766316666666666,5.5355283333333345,11081.683333333334,2.4883333333333337,117.3,6597.416666666667,4.93,3.975,1.4078049999999998,0.9198266666666667,1.8240133333333333,4.151113333333334,182.80000000000004,8412.216666666667,1.032091,0.92666,1.6713216666666666,3.634911666666666
2026-02-09 17:30:00+00:00,0.0,5.506666666666667,0.0,0.0,0.0,0.745,0.7833333333333333,0.7016666666666667,0.7383333333333333,0.0,5.683333333333334,5.266666666666667,41.1,3.4333333333333336,3.1,2.733333333333333,0.4666666666666666,7.873333333333334,7.466666666666666,5.616666666666667,10.543333333333333,49.9,404.90000000000003,234.88333333333333,406.5,233.5,405.9166666666667,235.08333333333334,405.73333333333335,234.48333333333335,5.363333333333333,1.7494766666666666,1.30715,2.4766316666666666,5.5355283333333345,11081.683333333334,2.4883333333333337,117.3,6597.416666666667,4.93,3.975,1.4078049999999998,0.9198266666666667,1.8240133333333333,4.151113333333334,182.80000000000004,8412.216666666667,1.032091,0.92666,1.6713216666666666,3.634911666666666
2026-02-09 17:45:00+00:00,0.0,5.506666666666667,0.0,0.0,0.0,0.745,0.7833333333333333,0.7016666666666667,0.7383333333333333,0.0,5.683333333333334,5.266666666666667,41.1,3.4333333333333336,3.1,2.733333333333333,0.4666666666666666,7.873333333333334,7.466666666666666,5.616666666666667,10.543333333333333,49.9,404.90000000000003,234.88333333333333,406.5,233.5,405.9166666666667,235.08333333333334,405.73333333333335,234.48333333333335,5.363333333333333,1.7494766666666666,1.30715,2.4766316666666666,5.5355283333333345,11081.683333333334,2.4883333333333337,117.3,6597.416666666667,4.93,3.975,1.4078049999999998,0.9198266666666667,1.8240133333333333,4.151113333333334,182.80000000000004,8412.216666666667,1.032091,0.92666,1.6713216666666666,3.634911666666666
2026-02-09 18:00:00+00:00,0.0,5.506666666666667,0.0,0.0,0.0,0.745,0.7833333333333333,0.7016666666666667,0.7383333333333333,0.0,5.683333333333334,5.266666666666667,41.1,3.4333333333333336,3.1,2.733333333333333,0.4666666666666666,7.873333333333334,7.466666666666666,5.616666666666667,10.543333333333333,49.9,404.90000000000003,234.88333333333333,406.5,233.5,405.9166666666667,235.08333333333334,405.73333333333335,234.48333333333335,5.363333333333333,1.7494766666666666,1.30715,2.4766316666666666,5.5355283333333345,11081.683333333334,2.4883333333333337,117.3,6597.416666666667,4.93,3.975,1.4078049999999998,0.9198266666666667,1.8240133333333333,4.151113333333334,182.80000000000004,8412.216666666667,1.032091,0.92666,1.6713216666666666,3.634911666666666
2026-02-09 18:15:00+00:00,0.0,5.506666666666667,0.0,0.0,0.0,0.745,0.7833333333333333,0.7016666666666667,0.7383333333333333,0.0,5.683333333333334,5.266666666666667,41.1,3.4333333333333336,3.1,2.733333333333333,0.4666666666666666,7.873333333333334,7.466666666666666,5.616666666666667,10.543333333333333,49.9,404.90000000000003,234.88333333333333,406.5,233.5,405.9166666666667,235.08333333333334,405.73333333333335,234.48333333333335,5.363333333333333,1.7494766666666666,1.30715,2.4766316666666666,5.5355283333333345,11081.683333333334,2.4883333333333337,117.3,6597.416666666667,4.93,3.975,1.4078049999999998,0.9198266666666667,1.8240133333333333,4.151113333333334,182.80000000000004,8412.216666666667,1.032091,0.92666,1.6713216666666666,3.634911666666666
2026-02-09 18:30:00+00:00,0.0,5.506666666666667,0.0,0.0,0.0,0.745,0.7833333333333333,0.7016666666666667,0.7383333333333333,0.0,5.683333333333334,5.266666666666667,41.1,3.4333333333333336,3.1,2.733333333333333,0.4666666666666666,7.873333333333334,7.466666666666666,5.616666666666667,10.543333333333333,49.9,404.90000000000003,234.88333333333333,406.5,233.5,405.9166666666667,235.08333333333334,405.73333333333335,234.48333333333335,5.363333333333333,1.7494766666666666,1.30715,2.4766316666666666,5.5355283333333345,11081.683333333334,2.4883333333333337,117.3,6597.416666666667,4.93,3.975,1.4078049999999998,0.9198266666666667,1.8240133333333333,4.151113333333334,182.80000000000004,8412.216666666667,1.032091,0.92666,1.6713216666666666,3.634911666666666
2026-02-09 18:45:00+00:00,0.0,5.506666666666667,0.0,0.0,0.0,0.745,0.7833333333333333,0.7016666666666667,0.7383333333333333,0.0,5.683333333333334,5.266666666666667,41.1,3.4333333333333336,3.1,2.733333333333333,0.4666666666666666,7.873333333333334,7.466666666666666,5.616666666666667,10.543333333333333,49.9,404.90000000000003,234.88333333333333,406.5,233.5,405.9166666666667,235.08333333333334,405.73333333333335,234.48333333333335,5.363333333333333,1.7494766666666666,1.30715,2.4766316666666666,5.5355283333333345,11081.683333333334,2.4883333333333337,117.3,6597.416666666667,4.93,3.975,1.4078049999999998,0.9198266666666667,1.8240133333333333,4.151113333333334,182.80000000000004,8412.216666666667,1.032091,0.92666,1.6713216666666666,3.634911666666666
2026-02-09 19:00:00+00:00,0.0,5.506666666666667,0.0,0.0,0.0,0.745,0.7833333333333333,0.7016666666666667,0.7383333333333333,0.0,5.683333333333334,5.266666666666667,41.1,3.4333333333333336,3.1,2.733333333333333,0.4666666666666666,7.873333333333334,7.466666666666666,5.616666666666667,10.543333333333333,49.9,404.90000000000003,234.88333333333333,406.5,233.5,405.9166666666667,235.08333333333334,405.73333333333335,234.48333333333335,5.363333333333333,1.7494766666666666,1.30715,2.4766316666666666,5.5355283333333345,11081.683333333334,2.4883333333333337,117.3,6597.416666666667,4.93,3.975,1.4078049999999998,0.9198266666666667,1.8240133333333333,4.151113333333334,182.80000000000004,8412.216666666667,1.032091,0.92666,1.6713216666666666,3.634911666666666
2026-02-09 19:15:00+00:00,0.0,5.506666666666667,0.0,0.0,0.0,0.745,0.7833333333333333,0.7016666666666667,0.7383333333333333,0.0,5.683333333333334,5.266666666666667,41.1,3.4333333333333336,3.1,2.733333333333333,0.4666666666666666,7.873333333333334,7.466666666666666,5.616666666666667,10.543333333333333,49.9,404.90000000000003,234.88333333333333,406.5,233.5,405.9166666666667,235.08333333333334,405.73333333333335,234.48333333333335,5.363333333333333,1.7494766666666666,1.30715,2.4766316666666666,5.5355283333333345,11081.683333333334,2.4883333333333337,117.3,6597.416666666667,4.93,3.975,1.4078049999999998,0.9198266666666667,1.8240133333333333,4.151113333333334,182.80000000000004,8412.216666666667,1.032091,0.92666,1.6713216666666666,3.634911666666666
2026-02-09 19:30:00+00:00,0.0,5.506666666666667,0.0,0.0,0.0,0.745,0.7833333333333333,0.7016666666666667,0.7383333333333333,0.0,5.683333333333334,5.266666666666667,41.1,3.4333333333333336,3.1,2.733333333333333,0.4666666666666666,7.873333333333334,7.466666666666666,5.616666666666667,10.543333333333333,49.9,404.90000000000003,234.88333333333333,406.5,233.5,405.9166666666667,235.08333333333334,405.73333333333335,234.48333333333335,5.363333333333333,1.7494766666666666,1.30715,2.4766316666666666,5.5355283333333345,11081.683333333334,2.4883333333333337,117.3,6597.416666666667,4.93,3.975,1.4078049999999998,0.9198266666666667,1.8240133333333333,4.151113333333334,182.80000000000004,8412.216666666667,1.032091,0.92666,1.6713216666666666,3.634911666666666
2026-02-09 19:45:00+00:00,0.0,5.506666666666667,0.0,0.0,0.0,0.745,0.7833333333333333,0.7016666666666667,0.7383333333333333,0.0,5.683333333333334,5.266666666666667,41.1,3.4333333333333336,3.1,2.733333333333333,0.4666666666666666,7.873333333333334,7.466666666666666,5.616666666666667,10.543333333333333,49.9,404.90000000000003,234.88333333333333,406.5,233.5,405.9166666666667,235.08333333333334,405.73333333333335,234.48333333333335,5.363333333333333,1.7494766666666666,1.30715,2.4766316666666666,5.5355283333333345,11081.683333333334,2.4883333333333337,117.3,6597.416666666667,4.93,3.975,1.4078049999999998,0.9198266666666667,1.8240133333333333,4.151113333333334,182.80000000000004,8412.216666666667,1.032091,0.92666,1.6713216666666666,3.634911666666666
2026-02-09 20:00:00+00:00,0.0,5.506666666666667,0.0,0.0,0.0,0.745,0.7833333333333333,0.7016666666666667,0.7383333333333333,0.0,5.683333333333334,5.266666666666667,41.1,3.4333333333333336,3.1,2.733333333333333,0.4666666666666666,7.873333333333334,7.466666666666666,5.616666666666667,10.543333333333333,49.9,404.90000000000003,234.88333333333333,406.5,233.5,405.9166666666667,235.08333333333334,405.73333333333335,234.48333333333335,5.363333333333333,1.7494766666666666,1.30715,2.4766316666666666,5.5355283333333345,11081.683333333334,2.4883333333333337,117.3,6597.416666666667,4.93,3.975,1.4078049999999998,0.9198266666666667,1.8240133333333333,4.151113333333334,182.80000000000004,8412.216666666667,1.032091,0.92666,1.6713216666666666,3.634911666666666
2026-02-09 20:15:00+00:00,0.0,5.506666666666667,0.0,0.0,0.0,0.745,0.7833333333333333,0.7016666666666667,0.7383333333333333,0.0,5.683333333333334,5.266666666666667,41.1,3.4333333333333336,3.1,2.733333333333333,0.4666666666666666,7.873333333333334,7.466666666666666,5.616666666666667,10.543333333333333,49.9,404.90000000000003,234.88333333333333,406.5,233.5,405.9166666666667,235.08333333333334,405.73333333333335,234.48333333333335,5.363333333333333,1.7494766666666666,1.30715,2.4766316666666666,5.5355283333333345,11081.683333333334,2.4883333333333337,117.3,6597.416666666667,4.93,3.975,1.4078049999999998,0.9198266666666667,1.8240133333333333,4.151113333333334,182.80000000000004,8412.216666666667,1.032091,0.92666,1.6713216666666666,3.634911666666666
2026-02-09 20:30:00+00:00,0.0,5.506666666666667,0.0,0.0,0.0,0.745,0.7833333333333333,0.7016666666666667,0.7383333333333333,0.0,5.683333333333334,5.266666666666667,41.1,3.4333333333333336,3.1,2.733333333333333,0.4666666666666666,7.873333333333334,7.466666666666666,5.616666666666667,10.543333333333333,49.9,404.90000000000003,234.88333333333333,406.5,233.5,405.9166666666667,235.08333333333334,405.73333333333335,234.48333333333335,5.363333333333333,1.7494766666666666,1.30715,2.4766316666666666,5.5355283333333345,11081.683333333334,2.4883333333333337,117.3,6597.416666666667,4.93,3.975,1.4078049999999998,0.9198266666666667,1.8240133333333333,4.151113333333334,182.80000000000004,8412.216666666667,1.032091,0.92666,1.6713216666666666,3.634911666666666
2026-02-09 20:45:00+00:00,0.0,5.506666666666667,0.0,0.0,0.0,0.745,0.7833333333333333,0.7016666666666667,0.7383333333333333,0.0,5.683333333333334,5.266666666666667,41.1,3.4333333333333336,3.1,2.733333333333333,0.4666666666666666,7.873333333333334,7.466666666666666,5.616666666666667,10.543333333333333,49.9,404.90000000000003,234.88333333333333,406.5,233.5,405.9166666666667,235.08333333333334,405.73333333333335,234.48333333333335,5.363333333333333,1.7494766666666666,1.30715,2.4766316666666666,5.5355283333333345,11081.683333333334,2.4883333333333337,117.3,6597.416666666667,4.93,3.975,1.4078049999999998,0.9198266666666667,1.8240133333333333,4.151113333333334,182.80000000000004,8412.216666666667,1.032091,0.92666,1.6713216666666666,3.634911666666666
2026-02-09 21:00:00+00:00,0.0,5.506666666666667,0.0,0.0,0.0,0.745,0.7833333333333333,0.7016666666666667,0.7383333333333333,0.0,5.683333333333334,5.266666666666667,41.1,3.4333333333333336,3.1,2.733333333333333,0.4666666666666666,7.873333333333334,7.466666666666666,5.616666666666667,10.543333333333333,49.9,404.90000000000003,234.88333333333333,406.5,233.5,405.9166666666667,235.08333333333334,405.73333333333335,234.48333333333335,5.363333333333333,1.7494766666666666,1.30715,2.4766316666666666,5.5355283333333345,11081.683333333334,2.4883333333333337,117.3,6597.416666666667,4.93,3.975,1.4078049999999998,0.9198266666666667,1.8240133333333333,4.151113333333334,182.80000000000004,8412.216666666667,1.032091,0.92666,1.6713216666666666,3.634911666666666
2026-02-09 21:15:00+00:00,0.0,5.506666666666667,0.0,0.0,0.0,0.745,0.7833333333333333,0.7016666666666667,0.7383333333333333,0.0,5.683333333333334,5.266666666666667,41.1,3.4333333333333336,3.1,2.733333333333333,0.4666666666666666,7.873333333333334,7.466666666666666,5.616666666666667,10.543333333333333,49.9,404.90000000000003,234.88333333333333,406.5,233.5,405.9166666666667,235.08333333333334,405.73333333333335,234.48333333333335,5.363333333333333,1.7494766666666666,1.30715,2.4766316666666666,5.5355283333333345,11081.683333333334,2.4883333333333337,117.3,6597.416666666667,4.93,3.975,1.4078049999999998,0.9198266666666667,1.8240133333333333,4.151113333333334,182.80000000000004,8412.216666666667,1.032091,0.92666,1.6713216666666666,3.634911666666666
2026-02-09 21:30:00+00:00,0.0,5.506666666666667,0.0,0.0,0.0,0.745,0.7833333333333333,0.7016666666666667,0.7383333333333333,0.0,5.683333333333334,5.266666666666667,41.1,3.4333333333333336,3.1,2.733333333333333,0.4666666666666666,7.873333333333334,7.466666666666666,5.616666666666667,10.543333333333333,49.9,404.90000000000003,234.88333333333333,406.5,233.5,405.9166666666667,235.08333333333334,405.73333333333335,234.48333333333335,5.363333333333333,1.7494766666666666,1.30715,2.4766316666666666,5.5355283333333345,11081.683333333334,2.4883333333333337,117.3,6597.416666666667,4.93,3.975,1.4078049999999998,0.9198266666666667,1.8240133333333333,4.151113333333334,182.80000000000004,8412.216666666667,1.032091,0.92666,1.6713216666666666,3.634911666666666
2026-02-09 21:45:00+00:00,0.0,5.506666666666667,0.0,0.0,0.0,0.745,0.7833333333333333,0.7016666666666667,0.7383333333333333,0.0,5.683333333333334,5.266666666666667,41.1,3.4333333333333336,3.1,2.733333333333333,0.4666666666666666,7.873333333333334,7.466666666666666,5.616666666666667,10.543333333333333,49.9,404.90000000000003,234.88333333333333,406.5,233.5,405.9166666666667,235.08333333333334,405.73333333333335,234.48333333333335,5.363333333333333,1.7494766666666666,1.30715,2.4766316666666666,5.5355283333333345,11081.683333333334,2.4883333333333337,117.3,6597.416666666667,4.93,3.975,1.4078049999999998,0.9198266666666667,1.8240133333333333,4.151113333333334,182.80000000000004,8412.216666666667,1.032091,0.92666,1.6713216666666666,3.634911666666666
2026-02-09 22:00:00+00:00,0.0,5.506666666666667,0.0,0.0,0.0,0.745,0.7833333333333333,0.7016666666666667,0.7383333333333333,0.0,5.683333333333334,5.266666666666667,41.1,3.4333333333333336,3.1,2.733333333333333,0.4666666666666666,7.873333333333334,7.466666666666666,5.616666666666667,10.543333333333333,49.9,404.90000000000003,234.88333333333333,406.5,233.5,405.9166666666667,235.08333333333334,405.73333333333335,234.48333333333335,5.363333333333333,1.7494766666666666,1.30715,2.4766316666666666,5.5355283333333345,11081.683333333334,2.4883333333333337,117.3,6597.416666666667,4.93,3.975,1.4078049999999998,0.9198266666666667,1.8240133333333333,4.151113333333334,182.80000000000004,8412.216666666667,1.032091,0.92666,1.6713216666666666,3.634911666666666
2026-02-09 22:15:00+00:00,0.0,5.506666666666667,0.0,0.0,0.0,0.745,0.7833333333333333,0.7016666666666667,0.7383333333333333,0.0,5.683333333333334,5.266666666666667,41.1,3.4333333333333336,3.1,2.733333333333333,0.4666666666666666,7.873333333333334,7.466666666666666,5.616666666666667,10.543333333333333,49.9,404.90000000000003,234.88333333333333,406.5,233.5,405.9166666666667,235.08333333333334,405.73333333333335,234.48333333333335,5.363333333333333,1.7494766666666666,1.30715,2.4766316666666666,5.5355283333333345,11081.683333333334,2.4883333333333337,117.3,6597.416666666667,4.93,3.975,1.4078049999999998,0.9198266666666667,1.8240133333333333,4.151113333333334,182.80000000000004,8412.216666666667,1.032091,0.92666,1.6713216666666666,3.634911666666666
2026-02-09 22:30:00+00:00,0.0,5.506666666666667,0.0,0.0,0.0,0.745,0.7833333333333333,0.7016666666666667,0.7383333333333333,0.0,5.683333333333334,5.266666666666667,41.1,3.4333333333333336,3.1,2.733333333333333,0.4666666666666666,7.873333333333334,7.466666666666666,5.616666666666667,10.543333333333333,49.9,404.90000000000003,234.88333333333333,406.5,233.5,405.9166666666667,235.08333333333334,405.73333333333335,234.48333333333335,5.363333333333333,1.7494766666666666,1.30715,2.4766316666666666,5.5355283333333345,11081.683333333334,2.4883333333333337,117.3,6597.416666666667,4.93,3.975,1.4078049999999998,0.9198266666666667,1.8240133333333333,4.151113333333334,182.80000000000004,8412.216666666667,1.032091,0.92666,1.6713216666666666,3.634911666666666
2026-02-09 22:45:00+00:00,0.0,5.506666666666667,0.0,0.0,0.0,0.745,0.7833333333333333,0.7016666666666667,0.7383333333333333,0.0,5.683333333333334,5.266666666666667,41.1,3.4333333333333336,3.1,2.733333333333333,0.4666666666666666,7.873333333333334,7.466666666666666,5.616666666666667,10.543333333333333,49.9,404.90000000000003,234.88333333333333,406.5,233.5,405.9166666666667,235.08333333333334,405.73333333333335,234.48333333333335,5.363333333333333,1.7494766666666666,1.30715,2.4766316666666666,5.5355283333333345,11081.683333333334,2.4883333333333337,117.3,6597.416666666667,4.93,3.975,1.4078049999999998,0.9198266666666667,1.8240133333333333,4.151113333333334,182.80000000000004,8412.216666666667,1.032091,0.92666,1.6713216666666666,3.634911666666666
2026-02-09 23:00:00+00:00,0.0,5.506666666666667,0.0,0.0,0.0,0.745,0.7833333333333333,0.7016666666666667,0.7383333333333333,0.0,5.683333333333334,5.266666666666667,41.1,3.4333333333333336,3.1,2.733333333333333,0.4666666666666666,7.873333333333334,7.466666666666666,5.616666666666667,10.543333333333333,49.9,404.90000000000003,234.88333333333333,406.5,233.5,405.9166666666667,235.08333333333334,405.73333333333335,234.48333333333335,5.363333333333333,1.7494766666666666,1.30715,2.4766316666666666,5.5355283333333345,11081.683333333334,2.4883333333333337,117.3,6597.416666666667,4.93,3.975,1.4078049999999998,0.9198266666666667,1.8240133333333333,4.151113333333334,182.80000000000004,8412.216666666667,1.032091,0.92666,1.6713216666666666,3.634911666666666
2026-02-09 23:15:00+00:00,0.0,5.506666666666667,0.0,0.0,0.0,0.745,0.7833333333333333,0.7016666666666667,0.7383333333333333,0.0,5.683333333333334,5.266666666666667,41.1,3.4333333333333336,3.1,2.733333333333333,0.4666666666666666,7.873333333333334,7.466666666666666,5.616666666666667,10.543333333333333,49.9,404.90000000000003,234.88333333333333,406.5,233.5,405.9166666666667,235.08333333333334,405.73333333333335,234.48333333333335,5.363333333333333,1.7494766666666666,1.30715,2.4766316666666666,5.5355283333333345,11081.683333333334,2.4883333333333337,117.3,6597.416666666667,4.93,3.975,1.4078049999999998,0.9198266666666667,1.8240133333333333,4.151113333333334,182.80000000000004,8412.216666666667,1.032091,0.92666,1.6713216666666666,3.634911666666666
2026-02-09 23:30:00+00:00,0.0,5.506666666666667,0.0,0.0,0.0,0.745,0.7833333333333333,0.7016666666666667,0.7383333333333333,0.0,5.683333333333334,5.266666666666667,41.1,3.4333333333333336,3.1,2.733333333333333,0.4666666666666666,7.873333333333334,7.466666666666666,5.616666666666667,10.543333333333333,49.9,404.90000000000003,234.88333333333333,406.5,233.5,405.9166666666667,235.08333333333334,405.73333333333335,234.48333333333335,5.363333333333333,1.7494766666666666,1.30715,2.4766316666666666,5.5355283333333345,11081.683333333334,2.4883333333333337,117.3,6597.416666666667,4.93,3.975,1.4078049999999998,0.9198266666666667,1.8240133333333333,4.151113333333334,182.80000000000004,8412.216666666667,1.032091,0.92666,1.6713216666666666,3.634911666666666
2026-02-09 23:45:00+00:00,0.0,5.506666666666667,0.0,0.0,0.0,0.745,0.7833333333333333,0.7016666666666667,0.7383333333333333,0.0,5.683333333333334,5.266666666666667,41.1,3.4333333333333336,3.1,2.733333333333333,0.4666666666666666,7.873333333333334,7.466666666666666,5.616666666666667,10.543333333333333,49.9,404.90000000000003,234.88333333333333,406.5,233.5,405.9166666666667,235.08333333333334,405.73333333333335,234.48333333333335,5.363333333333333,1.7494766666666666,1.30715,2.4766316666666666,5.5355283333333345,11081.683333333334,2.4883333333333337,117.3,6597.416666666667,4.93,3.975,1.4078049999999998,0.9198266666666667,1.8240133333333333,4.151113333333334,182.80000000000004,8412.216666666667,1.032091,0.92666,1.6713216666666666,3.634911666666666
2026-02-10 00:00:00+00:00,0.0,5.506666666666667,0.0,0.0,0.0,0.745,0.7833333333333333,0.7016666666666667,0.7383333333333333,0.0,5.683333333333334,5.266666666666667,41.1,3.4333333333333336,3.1,2.733333333333333,0.4666666666666666,7.873333333333334,7.466666666666666,5.616666666666667,10.543333333333333,49.9,404.90000000000003,234.88333333333333,406.5,233.5,405.9166666666667,235.08333333333334,405.73333333333335,234.48333333333335,5.363333333333333,1.7494766666666666,1.30715,2.4766316666666666,5.5355283333333345,11081.683333333334,2.4883333333333337,117.3,6597.416666666667,4.93,3.975,1.4078049999999998,0.9198266666666667,1.8240133333333333,4.151113333333334,182.80000000000004,8412.216666666667,1.032091,0.92666,1.6713216666666666,3.634911666666666
2026-02-10 00:15:00+00:00,0.0,5.506666666666667,0.0,0.0,0.0,0.745,0.7833333333333333,0.7016666666666667,0.7383333333333333,0.0,5.683333333333334,5.266666666666667,41.1,3.4333333333333336,3.1,2.733333333333333,0.4666666666666666,7.873333333333334,7.466666666666666,5.616666666666667,10.543333333333333,49.9,404.90000000000003,234.88333333333333,406.5,233.5,405.9166666666667,235.08333333333334,405.73333333333335,234.48333333333335,5.363333333333333,1.7494766666666666,1.30715,2.4766316666666666,5.5355283333333345,11081.683333333334,2.4883333333333337,117.3,6597.416666666667,4.93,3.975,1.4078049999999998,0.9198266666666667,1.8240133333333333,4.151113333333334,182.80000000000004,8412.216666666667,1.032091,0.92666,1.6713216666666666,3.634911666666666
2026-02-10 00:30:00+00:00,0.0,5.506666666666667,0.0,0.0,0.0,0.745,0.7833333333333333,0.7016666666666667,0.7383333333333333,0.0,5.683333333333334,5.266666666666667,41.1,3.4333333333333336,3.1,2.733333333333333,0.4666666666666666,7.873333333333334,7.466666666666666,5.616666666666667,10.543333333333333,49.9,404.90000000000003,234.88333333333333,406.5,233.5,405.9166666666667,235.08333333333334,405.73333333333335,234.48333333333335,5.363333333333333,1.7494766666666666,1.30715,2.4766316666666666,5.5355283333333345,11081.683333333334,2.4883333333333337,117.3,6597.416666666667,4.93,3.975,1.4078049999999998,0.9198266666666667,1.8240133333333333,4.151113333333334,182.80000000000004,8412.216666666667,1.032091,0.92666,1.6713216666666666,3.634911666666666
2026-02-10 00:45:00+00:00,0.0,5.506666666666667,0.0,0.0,0.0,0.745,0.7833333333333333,0.7016666666666667,0.7383333333333333,0.0,5.683333333333334,5.266666666666667,41.1,3.4333333333333336,3.1,2.733333333333333,0.4666666666666666,7.873333333333334,7.466666666666666,5.616666666666667,10.543333333333333,49.9,404.90000000000003,234.88333333333333,406.5,233.5,405.9166666666667,235.08333333333334,405.73333333333335,234.48333333333335,5.363333333333333,1.7494766666666666,1.30715,2.4766316666666666,5.5355283333333345,11081.683333333334,2.4883333333333337,117.3,6597.416666666667,4.93,3.975,1.4078049999999998,0.9198266666666667,1.8240133333333333,4.151113333333334,182.80000000000004,8412.216666666667,1.032091,0.92666,1.6713216666666666,3.634911666666666
2026-02-10 01:00:00+00:00,0.0,5.506666666666667,0.0,0.0,0.0,0.745,0.7833333333333333,0.7016666666666667,0.7383333333333333,0.0,5.683333333333334,5.266666666666667,41.1,3.4333333333333336,3.1,2.733333333333333,0.4666666666666666,7.873333333333334,7.466666666666666,5.616666666666667,10.543333333333333,49.9,404.90000000000003,234.88333333333333,406.5,233.5,405.9166666666667,235.08333333333334,405.73333333333335,234.48333333333335,5.363333333333333,1.7494766666666666,1.30715,2.4766316666666666,5.5355283333333345,11081.683333333334,2.4883333333333337,117.3,6597.416666666667,4.93,3.975,1.4078049999999998,0.9198266666666667,1.8240133333333333,4.151113333333334,182.80000000000004,8412.216666666667,1.032091,0.92666,1.6713216666666666,3.634911666666666
2026-02-10 01:15:00+00:00,0.0,5.506666666666667,0.0,0.0,0.0,0.745,0.7833333333333333,0.7016666666666667,0.7383333333333333,0.0,5.683333333333334,5.266666666666667,41.1,3.4333333333333336,3.1,2.733333333333333,0.4666666666666666,7.873333333333334,7.466666666666666,5.616666666666667,10.543333333333333,49.9,404.90000000000003,234.88333333333333,406.5,233.5,405.9166666666667,235.08333333333334,405.73333333333335,234.48333333333335,5.363333333333333,1.7494766666666666,1.30715,2.4766316666666666,5.5355283333333345,11081.683333333334,2.4883333333333337,117.3,6597.416666666667,4.93,3.975,1.4078049999999998,0.9198266666666667,1.8240133333333333,4.151113333333334,182.80000000000004,8412.216666666667,1.032091,0.92666,1.6713216666666666,3.634911666666666
2026-02-10 01:30:00+00:00,0.0,5.506666666666667,0.0,0.0,0.0,0.745,0.7833333333333333,0.7016666666666667,0.7383333333333333,0.0,5.683333333333334,5.266666666666667,41.1,3.4333333333333336,3.1,2.733333333333333,0.4666666666666666,7.873333333333334,7.466666666666666,5.616666666666667,10.543333333333333,49.9,404.90000000000003,234.88333333333333,406.5,233.5,405.9166666666667,235.08333333333334,405.73333333333335,234.48333333333335,5.363333333333333,1.7494766666666666,1.30715,2.4766316666666666,5.5355283333333345,11081.683333333334,2.4883333333333337,117.3,6597.416666666667,4.93,3.975,1.4078049999999998,0.9198266666666667,1.8240133333333333,4.151113333333334,182.80000000000004,8412.216666666667,1.032091,0.92666,1.6713216666666666,3.634911666666666
2026-02-10 01:45:00+00:00,0.0,5.506666666666667,0.0,0.0,0.0,0.745,0.7833333333333333,0.7016666666666667,0.7383333333333333,0.0,5.683333333333334,5.266666666666667,41.1,3.4333333333333336,3.1,2.733333333333333,0.4666666666666666,7.873333333333334,7.466666666666666,5.616666666666667,10.543333333333333,49.9,404.90000000000003,234.88333333333333,406.5,233.5,405.9166666666667,235.08333333333334,405.73333333333335,234.48333333333335,5.363333333333333,1.7494766666666666,1.30715,2.4766316666666666,5.5355283333333345,11081.683333333334,2.4883333333333337,117.3,6597.416666666667,4.93,3.975,1.4078049999999998,0.9198266666666667,1.8240133333333333,4.151113333333334,182.80000000000004,8412.216666666667,1.032091,0.92666,1.6713216666666666,3.634911666666666
2026-02-10 02:00:00+00:00,0.0,5.506666666666667,0.0,0.0,0.0,0.745,0.7833333333333333,0.7016666666666667,0.7383333333333333,0.0,5.683333333333334,5.266666666666667,41.1,3.4333333333333336,3.1,2.733333333333333,0.4666666666666666,7.873333333333334,7.466666666666666,5.616666666666667,10.543333333333333,49.9,404.90000000000003,234.88333333333333,406.5,233.5,405.9166666666667,235.08333333333334,405.73333333333335,234.48333333333335,5.363333333333333,1.7494766666666666,1.30715,2.4766316666666666,5.5355283333333345,11081.683333333334,2.4883333333333337,117.3,6597.416666666667,4.93,3.975,1.4078049999999998,0.9198266666666667,1.8240133333333333,4.151113333333334,182.80000000000004,8412.216666666667,1.032091,0.92666,1.6713216666666666,3.634911666666666
2026-02-10 02:15:00+00:00,0.0,5.506666666666667,0.0,0.0,0.0,0.745,0.7833333333333333,0.7016666666666667,0.7383333333333333,0.0,5.683333333333334,5.266666666666667,41.1,3.4333333333333336,3.1,2.733333333333333,0.4666666666666666,7.873333333333334,7.466666666666666,5.616666666666667,10.543333333333333,49.9,404.90000000000003,234.88333333333333,406.5,233.5,405.9166666666667,235.08333333333334,405.73333333333335,234.48333333333335,5.363333333333333,1.7494766666666666,1.30715,2.4766316666666666,5.5355283333333345,11081.683333333334,2.4883333333333337,117.3,6597.416666666667,4.93,3.975,1.4078049999999998,0.9198266666666667,1.8240133333333333,4.151113333333334,182.80000000000004,8412.216666666667,1.032091,0.92666,1.6713216666666666,3.634911666666666
2026-02-10 02:30:00+00:00,0.0,5.506666666666667,0.0,0.0,0.0,0.745,0.7833333333333333,0.7016666666666667,0.7383333333333333,0.0,5.683333333333334,5.266666666666667,41.1,3.4333333333333336,3.1,2.733333333333333,0.4666666666666666,7.873333333333334,7.466666666666666,5.616666666666667,10.543333333333333,49.9,404.90000000000003,234.88333333333333,406.5,233.5,405.9166666666667,235.08333333333334,405.73333333333335,234.48333333333335,5.363333333333333,1.7494766666666666,1.30715,2.4766316666666666,5.5355283333333345,11081.683333333334,2.4883333333333337,117.3,6597.416666666667,4.93,3.975,1.4078049999999998,0.9198266666666667,1.8240133333333333,4.151113333333334,182.80000000000004,8412.216666666667,1.032091,0.92666,1.6713216666666666,3.634911666666666
2026-02-10 02:45:00+00:00,0.0,5.506666666666667,0.0,0.0,0.0,0.745,0.7833333333333333,0.7016666666666667,0.7383333333333333,0.0,5.683333333333334,5.266666666666667,41.1,3.4333333333333336,3.1,2.733333333333333,0.4666666666666666,7.873333333333334,7.466666666666666,5.616666666666667,10.543333333333333,49.9,404.90000000000003,234.88333333333333,406.5,233.5,405.9166666666667,235.08333333333334,405.73333333333335,234.48333333333335,5.363333333333333,1.7494766666666666,1.30715,2.4766316666666666,5.5355283333333345,11081.683333333334,2.4883333333333337,117.3,6597.416666666667,4.93,3.975,1.4078049999999998,0.9198266666666667,1.8240133333333333,4.151113333333334,182.80000000000004,8412.216666666667,1.032091,0.92666,1.6713216666666666,3.634911666666666
2026-02-10 03:00:00+00:00,0.0,5.506666666666667,0.0,0.0,0.0,0.745,0.7833333333333333,0.7016666666666667,0.7383333333333333,0.0,5.683333333333334,5.266666666666667,41.1,3.4333333333333336,3.1,2.733333333333333,0.4666666666666666,7.873333333333334,7.466666666666666,5.616666666666667,10.543333333333333,49.9,404.90000000000003,234.88333333333333,406.5,233.5,405.9166666666667,235.08333333333334,405.73333333333335,234.48333333333335,5.363333333333333,1.7494766666666666,1.30715,2.4766316666666666,5.5355283333333345,11081.683333333334,2.4883333333333337,117.3,6597.416666666667,4.93,3.975,1.4078049999999998,0.9198266666666667,1.8240133333333333,4.151113333333334,182.80000000000004,8412.216666666667,1.032091,0.92666,1.6713216666666666,3.634911666666666
2026-02-10 03:15:00+00:00,0.0,5.506666666666667,0.0,0.0,0.0,0.745,0.7833333333333333,0.7016666666666667,0.7383333333333333,0.0,5.683333333333334,5.266666666666667,41.1,3.4333333333333336,3.1,2.733333333333333,0.4666666666666666,7.873333333333334,7.466666666666666,5.616666666666667,10.543333333333333,49.9,404.90000000000003,234.88333333333333,406.5,233.5,405.9166666666667,235.08333333333334,405.73333333333335,234.48333333333335,5.363333333333333,1.7494766666666666,1.30715,2.4766316666666666,5.5355283333333345,11081.683333333334,2.4883333333333337,117.3,6597.416666666667,4.93,3.975,1.4078049999999998,0.9198266666666667,1.8240133333333333,4.151113333333334,182.80000000000004,8412.216666666667,1.032091,0.92666,1.6713216666666666,3.634911666666666
2026-02-10 03:30:00+00:00,0.0,5.506666666666667,0.0,0.0,0.0,0.745,0.7833333333333333,0.7016666666666667,0.7383333333333333,0.0,5.683333333333334,5.266666666666667,41.1,3.4333333333333336,3.1,2.733333333333333,0.4666666666666666,7.873333333333334,7.466666666666666,5.616666666666667,10.543333333333333,49.9,404.90000000000003,234.88333333333333,406.5,233.5,405.9166666666667,235.08333333333334,405.73333333333335,234.48333333333335,5.363333333333333,1.7494766666666666,1.30715,2.4766316666666666,5.5355283333333345,11081.683333333334,2.4883333333333337,117.3,6597.416666666667,4.93,3.975,1.4078049999999998,0.9198266666666667,1.8240133333333333,4.151113333333334,182.80000000000004,8412.216666666667,1.032091,0.92666,1.6713216666666666,3.634911666666666
2026-02-10 03:45:00+00:00,0.0,5.506666666666667,0.0,0.0,0.0,0.745,0.7833333333333333,0.7016666666666667,0.7383333333333333,0.0,5.683333333333334,5.266666666666667,41.1,3.4333333333333336,3.1,2.733333333333333,0.4666666666666666,7.873333333333334,7.466666666666666,5.616666666666667,10.543333333333333,49.9,404.90000000000003,234.88333333333333,406.5,233.5,405.9166666666667,235.08333333333334,405.73333333333335,234.48333333333335,5.363333333333333,1.7494766666666666,1.30715,2.4766316666666666,5.5355283333333345,11081.683333333334,2.4883333333333337,117.3,6597.416666666667,4.93,3.975,1.4078049999999998,0.9198266666666667,1.8240133333333333,4.151113333333334,182.80000000000004,8412.216666666667,1.032091,0.92666,1.6713216666666666,3.634911666666666
2026-02-10 04:00:00+00:00,0.0,5.506666666666667,0.0,0.0,0.0,0.745,0.7833333333333333,0.7016666666666667,0.7383333333333333,0.0,5.683333333333334,5.266666666666667,41.1,3.4333333333333336,3.1,2.733333333333333,0.4666666666666666,7.873333333333334,7.466666666666666,5.616666666666667,10.543333333333333,49.9,404.90000000000003,234.88333333333333,406.5,233.5,405.9166666666667,235.08333333333334,405.73333333333335,234.48333333333335,5.363333333333333,1.7494766666666666,1.30715,2.4766316666666666,5.5355283333333345,11081.683333333334,2.4883333333333337,117.3,6597.416666666667,4.93,3.975,1.4078049999999998,0.9198266666666667,1.8240133333333333,4.151113333333334,182.80000000000004,8412.216666666667,1.032091,0.92666,1.6713216666666666,3.634911666666666
2026-02-10 04:15:00+00:00,0.0,5.506666666666667,0.0,0.0,0.0,0.745,0.7833333333333333,0.7016666666666667,0.7383333333333333,0.0,5.683333333333334,5.266666666666667,41.1,3.4333333333333336,3.1,2.733333333333333,0.4666666666666666,7.873333333333334,7.466666666666666,5.616666666666667,10.543333333333333,49.9,404.90000000000003,234.88333333333333,406.5,233.5,405.9166666666667,235.08333333333334,405.73333333333335,234.48333333333335,5.363333333333333,1.7494766666666666,1.30715,2.4766316666666666,5.5355283333333345,11081.683333333334,2.4883333333333337,117.3,6597.416666666667,4.93,3.975,1.4078049999999998,0.9198266666666667,1.8240133333333333,4.151113333333334,182.80000000000004,8412.216666666667,1.032091,0.92666,1.6713216666666666,3.634911666666666
2026-02-10 04:30:00+00:00,0.0,5.506666666666667,0.0,0.0,0.0,0.745,0.7833333333333333,0.7016666666666667,0.7383333333333333,0.0,5.683333333333334,5.266666666666667,41.1,3.4333333333333336,3.1,2.733333333333333,0.4666666666666666,7.873333333333334,7.466666666666666,5.616666666666667,10.543333333333333,49.9,404.90000000000003,234.88333333333333,406.5,233.5,405.9166666666667,235.08333333333334,405.73333333333335,234.48333333333335,5.363333333333333,1.7494766666666666,1.30715,2.4766316666666666,5.5355283333333345,11081.683333333334,2.4883333333333337,117.3,6597.416666666667,4.93,3.975,1.4078049999999998,0.9198266666666667,1.8240133333333333,4.151113333333334,182.80000000000004,8412.216666666667,1.032091,0.92666,1.6713216666666666,3.634911666666666
2026-02-10 04:45:00+00:00,0.0,5.506666666666667,0.0,0.0,0.0,0.745,0.7833333333333333,0.7016666666666667,0.7383333333333333,0.0,5.683333333333334,5.266666666666667,41.1,3.4333333333333336,3.1,2.733333333333333,0.4666666666666666,7.873333333333334,7.466666666666666,5.616666666666667,10.543333333333333,49.9,404.90000000000003,234.88333333333333,406.5,233.5,405.9166666666667,235.08333333333334,405.73333333333335,234.48333333333335,5.363333333333333,1.7494766666666666,1.30715,2.4766316666666666,5.5355283333333345,11081.683333333334,2.4883333333333337,117.3,6597.416666666667,4.93,3.975,1.4078049999999998,0.9198266666666667,1.8240133333333333,4.151113333333334,182.80000000000004,8412.216666666667,1.032091,0.92666,1.6713216666666666,3.634911666666666
2026-02-10 05:00:00+00:00,0.0,5.506666666666667,0.0,0.0,0.0,0.745,0.7833333333333333,0.7016666666666667,0.7383333333333333,0.0,5.683333333333334,5.266666666666667,41.1,3.4333333333333336,3.1,2.733333333333333,0.4666666666666666,7.873333333333334,7.466666666666666,5.616666666666667,10.543333333333333,49.9,404.90000000000003,234.88333333333333,406.5,233.5,405.9166666666667,235.08333333333334,405.73333333333335,234.48333333333335,5.363333333333333,1.7494766666666666,1.30715,2.4766316666666666,5.5355283333333345,11081.683333333334,2.4883333333333337,117.3,6597.416666666667,4.93,3.975,1.4078049999999998,0.9198266666666667,1.8240133333333333,4.151113333333334,182.80000000000004,8412.216666666667,1.032091,0.92666,1.6713216666666666,3.634911666666666
2026-02-10 05:15:00+00:00,0.0,5.506666666666667,0.0,0.0,0.0,0.745,0.7833333333333333,0.7016666666666667,0.7383333333333333,0.0,5.683333333333334,5.266666666666667,41.1,3.4333333333333336,3.1,2.733333333333333,0.4666666666666666,7.873333333333334,7.466666666666666,5.616666666666667,10.543333333333333,49.9,404.90000000000003,234.88333333333333,406.5,233.5,405.9166666666667,235.08333333333334,405.73333333333335,234.48333333333335,5.363333333333333,1.7494766666666666,1.30715,2.4766316666666666,5.5355283333333345,11081.683333333334,2.4883333333333337,117.3,6597.416666666667,4.93,3.975,1.4078049999999998,0.9198266666666667,1.8240133333333333,4.151113333333334,182.80000000000004,8412.216666666667,1.032091,0.92666,1.6713216666666666,3.634911666666666
2026-02-10 05:30:00+00:00,0.0,5.506666666666667,0.0,0.0,0.0,0.745,0.7833333333333333,0.7016666666666667,0.7383333333333333,0.0,5.683333333333334,5.266666666666667,41.1,3.4333333333333336,3.1,2.733333333333333,0.4666666666666666,7.873333333333334,7.466666666666666,5.616666666666667,10.543333333333333,49.9,404.90000000000003,234.88333333333333,406.5,233.5,405.9166666666667,235.08333333333334,405.73333333333335,234.48333333333335,5.363333333333333,1.7494766666666666,1.30715,2.4766316666666666,5.5355283333333345,11081.683333333334,2.4883333333333337,117.3,6597.416666666667,4.93,3.975,1.4078049999999998,0.9198266666666667,1.8240133333333333,4.151113333333334,182.80000000000004,8412.216666666667,1.032091,0.92666,1.6713216666666666,3.634911666666666
2026-02-10 05:45:00+00:00,0.0,5.506666666666667,0.0,0.0,0.0,0.745,0.7833333333333333,0.7016666666666667,0.7383333333333333,0.0,5.683333333333334,5.266666666666667,41.1,3.4333333333333336,3.1,2.733333333333333,0.4666666666666666,7.873333333333334,7.466666666666666,5.616666666666667,10.543333333333333,49.9,404.90000000000003,234.88333333333333,406.5,233.5,405.9166666666667,235.08333333333334,405.73333333333335,234.48333333333335,5.363333333333333,1.7494766666666666,1.30715,2.4766316666666666,5.5355283333333345,11081.683333333334,2.4883333333333337,117.3,6597.416666666667,4.93,3.975,1.4078049999999998,0.9198266666666667,1.8240133333333333,4.151113333333334,182.80000000000004,8412.216666666667,1.032091,0.92666,1.6713216666666666,3.634911666666666
2026-02-10 06:00:00+00:00,0.0,5.506666666666667,0.0,0.0,0.0,0.745,0.7833333333333333,0.7016666666666667,0.7383333333333333,0.0,5.683333333333334,5.266666666666667,41.1,3.4333333333333336,3.1,2.733333333333333,0.4666666666666666,7.873333333333334,7.466666666666666,5.616666666666667,10.543333333333333,49.9,404.90000000000003,234.88333333333333,406.5,233.5,405.9166666666667,235.08333333333334,405.73333333333335,234.48333333333335,5.363333333333333,1.7494766666666666,1.30715,2.4766316666666666,5.5355283333333345,11081.683333333334,2.4883333333333337,117.3,6597.416666666667,4.93,3.975,1.4078049999999998,0.9198266666666667,1.8240133333333333,4.151113333333334,182.80000000000004,8412.216666666667,1.032091,0.92666,1.6713216666666666,3.634911666666666
2026-02-10 06:15:00+00:00,0.0,5.506666666666667,0.0,0.0,0.0,0.745,0.7833333333333333,0.7016666666666667,0.7383333333333333,0.0,5.683333333333334,5.266666666666667,41.1,3.4333333333333336,3.1,2.733333333333333,0.4666666666666666,7.873333333333334,7.466666666666666,5.616666666666667,10.543333333333333,49.9,404.90000000000003,234.88333333333333,406.5,233.5,405.9166666666667,235.08333333333334,405.73333333333335,234.48333333333335,5.363333333333333,1.7494766666666666,1.30715,2.4766316666666666,5.5355283333333345,11081.683333333334,2.4883333333333337,117.3,6597.416666666667,4.93,3.975,1.4078049999999998,0.9198266666666667,1.8240133333333333,4.151113333333334,182.80000000000004,8412.216666666667,1.032091,0.92666,1.6713216666666666,3.634911666666666
2026-02-10 06:30:00+00:00,0.0,5.506666666666667,0.0,0.0,0.0,0.745,0.7833333333333333,0.7016666666666667,0.7383333333333333,0.0,5.683333333333334,5.266666666666667,41.1,3.4333333333333336,3.1,2.733333333333333,0.4666666666666666,7.873333333333334,7.466666666666666,5.616666666666667,10.543333333333333,49.9,404.90000000000003,234.88333333333333,406.5,233.5,405.9166666666667,235.08333333333334,405.73333333333335,234.48333333333335,5.363333333333333,1.7494766666666666,1.30715,2.4766316666666666,5.5355283333333345,11081.683333333334,2.4883333333333337,117.3,6597.416666666667,4.93,3.975,1.4078049999999998,0.9198266666666667,1.8240133333333333,4.151113333333334,182.80000000000004,8412.216666666667,1.032091,0.92666,1.6713216666666666,3.634911666666666
2026-02-10 06:45:00+00:00,0.0,5.506666666666667,0.0,0.0,0.0,0.745,0.7833333333333333,0.7016666666666667,0.7383333333333333,0.0,5.683333333333334,5.266666666666667,41.1,3.4333333333333336,3.1,2.733333333333333,0.4666666666666666,7.873333333333334,7.466666666666666,5.616666666666667,10.543333333333333,49.9,404.90000000000003,234.88333333333333,406.5,233.5,405.9166666666667,235.08333333333334,405.73333333333335,234.48333333333335,5.363333333333333,1.7494766666666666,1.30715,2.4766316666666666,5.5355283333333345,11081.683333333334,2.4883333333333337,117.3,6597.416666666667,4.93,3.975,1.4078049999999998,0.9198266666666667,1.8240133333333333,4.151113333333334,182.80000000000004,8412.216666666667,1.032091,0.92666,1.6713216666666666,3.634911666666666
2026-02-10 07:00:00+00:00,0.0,5.506666666666667,0.0,0.0,0.0,0.745,0.7833333333333333,0.7016666666666667,0.7383333333333333,0.0,5.683333333333334,5.266666666666667,41.1,3.4333333333333336,3.1,2.733333333333333,0.4666666666666666,7.873333333333334,7.466666666666666,5.616666666666667,10.543333333333333,49.9,404.90000000000003,234.88333333333333,406.5,233.5,405.9166666666667,235.08333333333334,405.73333333333335,234.48333333333335,5.363333333333333,1.7494766666666666,1.30715,2.4766316666666666,5.5355283333333345,11081.683333333334,2.4883333333333337,117.3,6597.416666666667,4.93,3.975,1.4078049999999998,0.9198266666666667,1.8240133333333333,4.151113333333334,182.80000000000004,8412.216666666667,1.032091,0.92666,1.6713216666666666,3.634911666666666
2026-02-10 07:15:00+00:00,0.0,5.184615384615385,0.0,0.0,0.0,0.772,0.8320000000000001,0.71,0.74,0.0,4.119999999999999,3.9500000000000006,36.42,2.02,3.4400000000000004,2.46,0.32,8.384,9.028,5.628,10.508,50.0,404.58000000000004,234.38000000000002,406.32,233.54000000000002,405.12,234.94,405.15999999999997,234.28000000000003,5.46,2.11198,1.311446,2.4705440000000003,5.88935,11205.0,2.47,117.3,6679.360000000001,4.93,4.09,1.781386,0.9274328000000001,1.8285,4.536202,182.8,8504.08,1.1343238,0.9291638000000001,1.6636680000000001,3.7250579999999998
2026-02-10 07:30:00+00:00,0.0,5.482352941176471,0.0,0.0,0.0,0.7485714285714286,0.7857142857142857,0.71,0.74,0.0,3.857142857142857,2.6142857142857143,40.55714285714286,3.1,3.485714285714286,1.8142857142857143,0.37142857142857144,7.691428571428572,6.988571428571428,5.622857142857143,10.474285714285715,50.0,404.4428571428571,234.55714285714285,406.0,233.32857142857145,404.34285714285716,234.72857142857143,404.2,234.17142857142855,5.46,1.6365228571428572,1.309307142857143,2.4589399999999997,5.405667142857142,11205.742857142857,2.47,117.3,6679.857142857143,4.93,4.095714285714286,1.3132985714285714,0.9259282857142858,1.8236742857142858,4.062098571428572,182.8,8504.657142857142,0.9728507142857143,0.926171,1.6586771428571427,3.557967142857143
2026-02-10 07:45:00+00:00,0.0,5.35,0.0,0.0,0.0,0.745,0.7816666666666667,0.71,0.7399999999999999,0.0,0.8333333333333334,5.933333333333334,41.550000000000004,1.7,2.733333333333333,2.9333333333333336,0.38333333333333336,7.5616666666666665,6.543333333333334,5.63,10.501666666666667,50.0,404.73333333333335,234.76666666666665,406.2833333333333,233.4,405.65000000000003,234.80000000000004,405.65000000000003,234.29999999999998,5.435,1.5312483333333333,1.30996,2.4657733333333334,5.307213333333333,11207.183333333334,2.4616666666666664,117.3,6680.900000000001,4.93,4.085,1.20612,0.9261358333333334,1.8219450000000001,3.9558816666666665,182.80000000000004,8505.7,0.941839,0.9274316666666667,1.6608,3.5281016666666667
2026-02-10 08:00:00+00:00,0.0,5.516129032258065,0.0,0.0,0.0,0.74,0.76,0.71,0.74,0.0,3.1,6.271428571428571,43.0,2.0142857142857142,3.6714285714285713,2.8999999999999995,0.4,7.35,5.917142857142857,5.634285714285714,10.504285714285714,50.0,405.04285714285714,235.0,406.4428571428571,233.55714285714288,406.0,234.94285714285712,405.7714285714286,234.44285714285712,5.3585714285714285,1.3882142857142858,1.3110785714285715,2.4680685714285713,5.152635714285714,11208.342857142856,2.46,117.3,6681.671428571428,4.93,4.001428571428572,1.0587628571428571,0.9252542857142857,1.821232857142857,3.805155714285714,182.8,8506.57142857143,0.8967835714285715,0.9299675714285714,1.6637057142857141,3.490607142857143
2026-02-10 08:15:00+00:00,0.0,5.4,0.0,0.0,0.0,0.7399999999999999,0.7616666666666667,0.7033333333333333,0.7399999999999999,0.0,8.033333333333333,5.966666666666668,42.98333333333333,2.716666666666667,2.733333333333333,1.8666666666666665,0.4000000000000001,7.358333333333333,5.921666666666667,5.636666666666667,10.51,50.0,405.11666666666673,235.0666666666667,406.6166666666666,233.61666666666667,406.09999999999997,235.01666666666665,405.90000000000003,234.5,5.288333333333333,1.391098333333333,1.3135966666666665,2.4729066666666664,5.166946666666667,11209.516666666668,2.4683333333333333,117.3,6682.400000000001,4.93,3.9283333333333332,1.061815,0.9259016666666667,1.8215366666666666,3.8122249999999998,182.80000000000004,8507.416666666666,0.9002319999999999,0.9329236666666666,1.6681266666666668,3.5013799999999997
2026-02-10 08:30:00+00:00,0.0,5.435897435897436,0.0,0.0,0.0,0.7466666666666667,0.7833333333333333,0.71,0.7399999999999999,0.0,5.183333333333334,3.266666666666667,41.71666666666666,2.3833333333333333,4.5,4.2,0.38333333333333336,7.591666666666666,6.635000000000001,5.628333333333333,10.505,50.0,404.8833333333334,234.91666666666666,406.51666666666665,233.5,405.84999999999997,234.96666666666667,405.75,234.41666666666666,5.3116666666666665,1.5515483333333335,1.311185,2.4693166666666664,5.333305,11210.633333333333,2.47,117.3,6683.133333333334,4.93,3.9516666666666667,1.2241833333333334,0.9278266666666667,1.8245116666666668,3.9762350000000004,182.80000000000004,8508.25,0.9533803333333334,0.9274071666666667,1.6618066666666669,3.54486
2026-02-10 08:45:00+00:00,0.0,5.623376623376624,0.0,0.0,0.0,0.7799999999999999,0.85,0.71,0.7399999999999999,0.0,2.3,5.7,35.8,1.5,2.4,1.7,0.3,8.78,10.22,5.62,10.49,50.0,403.7,233.80000000000004,405.5,233.1,404.5,234.6,404.6000000000001,233.80000000000004,5.47,2.37447,1.30451,2.45863,6.135940000000001,11211.299999999997,2.47,117.3,6683.600000000001,4.93,4.11,2.02355,0.923781,1.81857,4.7694,182.80000000000004,8508.8,1.25003,0.92114,1.6548299999999998,3.8257099999999995
2026-02-10 09:00:00+00:00,0.0,5.4,0.0,0.0,0.0,0.755,0.81,0.71,0.7399999999999999,0.0,3.5,5.2,39.25,3.0,3.6,3.75,0.35000000000000003,8.045,8.01,5.625,10.51,50.0,404.79999999999995,234.64999999999998,406.45000000000005,233.5,405.75,234.9,405.65000000000003,234.35,5.43,1.8763250000000002,1.3103550000000002,2.468085,5.6525549999999996,11212.75,2.46,117.3,6684.5,4.93,4.08,1.53765,0.9256465,1.8274800000000002,4.284505,182.80000000000004,8509.85,1.070201,0.9293144999999999,1.666135,3.664965
2026-02-10 09:15:00+00:00,0.0,5.545454545454546,0.0,0.0,0.0,0.74,0.7642857142857142,0.71,0.74,0.0,7.228571428571429,3.142857142857143,42.957142857142856,2.5142857142857147,2.5,2.742857142857143,0.4,7.351428571428571,5.9157142857142855,5.631428571428572,10.497142857142858,50.0,405.17142857142863,235.20000000000002,406.7714285714286,233.58571428571432,406.11428571428576,234.94285714285712,406.07142857142856,234.54285714285714,5.46,1.390272857142857,1.311972857142857,2.469062857142857,5.169128571428572,11214.042857142858,2.47,117.3,6685.328571428572,4.93,4.1,1.0608071428571428,0.9271022857142858,1.8230028571428571,3.8125485714285716,182.8,8510.828571428572,0.8957508571428571,0.9278538571428571,1.6606585714285715,3.4870571428571426
2026-02-10 09:30:00+00:00,0.0,5.2727272727272725,0.0,0.0,0.0,0.735,0.7600000000000001,0.705,0.7399999999999999,0.0,5.949999999999999,2.65,42.949999999999996,2.4,1.8499999999999999,1.8500000000000003,0.4000000000000001,7.375,5.94,5.645,10.535,50.050000000000004,406.6000000000001,236.04999999999998,408.15000000000003,234.4,407.55,235.79999999999998,407.5,235.4,5.355,1.4007100000000001,1.32199,2.484505,5.2054,11214.849999999999,2.47,117.3,6685.849999999999,4.93,3.9899999999999998,1.06595,0.93051,1.83078,3.8260799999999997,182.80000000000004,8511.449999999999,0.9064575,0.9372590000000001,1.678145,3.526245
2026-02-10 09:45:00+00:00,0.0,5.604651162790698,0.0,0.0,0.0,0.7528571428571428,0.8114285714285714,0.7,0.7299999999999999,0.0,2.8428571428571425,2.6999999999999997,38.25714285714286,2.4,2.5714285714285716,3.1571428571428575,0.34285714285714286,8.14857142857143,8.165714285714285,5.671428571428572,10.608571428571429,50.0,408.37142857142857,236.74285714285716,410.07142857142856,235.6,409.37142857142857,237.0,409.2714285714286,236.48571428571427,5.352857142857142,1.9302442857142856,1.3327271428571428,2.5126128571428574,5.776552857142858,11216.342857142856,2.487142857142857,117.3,6686.885714285715,4.93,3.9714285714285715,1.5853271428571427,0.9356328571428572,1.8439028571428573,4.365105714285714,182.8,8512.585714285713,1.093358,0.9521078571428571,1.7065057142857143,3.7513542857142856
2026-02-10 10:00:00+00:00,0.0,5.462686567164179,0.0,0.0,0.0,0.746,0.796,0.7,0.73,0.0,2.6,5.779999999999999,39.760000000000005,3.5800000000000005,2.34,2.0,0.42000000000000004,7.952,7.564,5.682,10.623999999999999,50.04,408.82,237.11999999999998,410.46000000000004,235.85999999999999,409.7,237.21999999999997,409.78000000000003,236.74,5.497999999999999,1.79206,1.339042,2.522868,5.65192,11217.48,2.504,117.3,6687.660000000001,4.93,4.1,1.441316,0.9366934,1.847334,4.224366,182.8,8513.4,1.0540002,0.9585087999999999,1.7165120000000003,3.728996
2026-02-10 10:15:00+00:00,0.0,5.476744186046512,0.0,0.0,0.0,0.7528571428571428,0.8071428571428572,0.7,0.7299999999999999,0.0,3.6714285714285713,5.042857142857144,38.5,1.2142857142857142,2.742857142857143,2.3428571428571425,0.34285714285714286,8.235714285714286,8.332857142857142,5.704285714285715,10.668571428571429,50.01428571428572,410.15714285714284,237.72857142857143,411.9428571428571,236.65714285714284,411.2,238.04285714285714,411.09999999999997,237.4857142857143,5.617142857142857,1.9772242857142857,1.3478157142857143,2.5382399999999996,5.86246,11218.542857142858,2.5185714285714282,117.3,6688.328571428572,4.93,4.194285714285715,1.617967142857143,0.9391724285714285,1.853832857142857,4.41213,182.8,8514.214285714286,1.1280175714285714,0.9674092857142857,1.73531,3.830707142857143
2026-02-10 10:30:00+00:00,0.0,5.510869565217392,0.0,0.0,0.0,0.7528571428571428,0.8071428571428572,0.6914285714285714,0.7299999999999999,0.0,1.9571428571428573,3.1375,38.6,0.9285714285714286,2.0714285714285716,2.2857142857142856,0.34285714285714286,8.278571428571428,8.425714285714285,5.714285714285714,10.697142857142856,50.042857142857144,411.07142857142856,238.31428571428572,412.8,237.14285714285714,411.9857142857143,238.54285714285714,411.9428571428571,238.02857142857144,5.6657142857142855,2.0049014285714284,1.3548657142857141,2.552764285714286,5.914907142857143,11219.814285714285,2.5385714285714287,117.3,6689.114285714286,4.93,4.2,1.6370485714285716,0.9399388571428571,1.8597714285714286,4.4356985714285715,182.8,8515.1,1.149494142857143,0.9743117142857143,1.7484899999999999,3.8729000000000005
2026-02-10 10:45:00+00:00,0.0,5.329670329670329,0.0,0.0,0.0,0.7342857142857142,0.76,0.7042857142857143,0.74,0.0,4.971428571428571,4.7625,43.0,4.371428571428572,5.628571428571429,2.042857142857143,0.4,7.374285714285714,5.93,5.644285714285714,10.554285714285715,50.042857142857144,406.54285714285714,235.97142857142856,408.32857142857137,234.47142857142856,407.59999999999997,235.91428571428568,407.54285714285714,235.41428571428568,5.7,1.399282857142857,1.3217785714285715,2.4917142857142855,5.204790000000001,11221.185714285715,2.55,117.3,6690.128571428571,4.93,4.24,1.0655714285714286,0.9328214285714286,1.8325685714285715,3.8341428571428575,182.8,8516.128571428571,0.907357,0.9390375714285716,1.6849057142857142,3.531635714285714
2026-02-10 11:00:00+00:00,0.0,5.383838383838384,0.0,0.0,0.0,0.73,0.76,0.7,0.73,0.0,3.9,3.2,43.1,2.4,2.4,2.1,0.4,7.38,5.94,5.66,10.56,50.0,406.8,236.0,408.5,234.8,408.0,236.1,407.8,235.6,5.59,1.40267,1.32419,2.5012,5.23454,11222.1,2.51,117.3,6690.7,4.93,4.19,1.0643,0.93051,1.83863,3.83202,182.8,8516.8,0.916843,0.943883,1.69681,3.55731
2026-02-10 11:15:00+00:00,0.0,5.416666666666667,0.0,0.0,0.0,0.7414285714285713,0.7857142857142857,0.7,0.7299999999999999,0.0,5.071428571428571,2.628571428571429,40.75714285714286,2.085714285714286,1.657142857142857,1.5285714285714287,0.37142857142857144,7.791428571428571,7.105714285714286,5.668571428571428,10.6,50.0,407.8857142857143,236.54285714285714,409.6714285714285,235.37142857142857,409.0,236.75714285714284,408.85714285714283,236.25714285714284,5.572857142857144,1.6762785714285715,1.3280928571428572,2.5055828571428576,5.508277142857142,11223.757142857143,2.5014285714285713,117.3,6691.757142857144,4.93,4.17,1.33584,0.9301802857142858,1.8442242857142859,4.107608571428571,182.8,8518.114285714286,1.0100112857142858,0.9479487142857143,1.7043157142857144,3.661647142857143
2026-02-10 11:30:00+00:00,0.0,5.525,0.0,0.0,0.0,0.7433333333333333,0.79,0.6999999999999998,0.7366666666666667,0.0,2.733333333333333,2.466666666666667,40.43333333333334,1.7666666666666666,1.3333333333333333,1.7,0.3666666666666667,7.84,7.28,5.656666666666666,10.586666666666666,50.0,407.2666666666667,236.36666666666667,409.06666666666666,235.0,408.23333333333335,236.4666666666667,408.23333333333335,235.9,5.57,1.7153,1.3253766666666669,2.5016333333333334,5.5432266666666665,11224.9,2.5,117.3,6692.466666666667,4.93,4.16,1.3752699999999998,0.9311593333333333,1.83859,4.144053333333333,182.80000000000004,8518.933333333334,1.020118,0.944197,1.6981333333333335,3.6641033333333333
2026-02-10 11:45:00+00:00,0.0,5.518518518518518,0.0,0.0,0.0,0.73,0.76,0.7,0.74,0.0,2.7,3.1,43.1,1.8,1.5,2.0,0.4,7.39,5.96,5.65,10.57,50.0,407.1,236.5,408.8,234.8,408.0,236.3,408.0,235.8,5.57,1.40504,1.32315,2.49925,5.23027,11225.1,2.5,117.3,6692.6,4.93,4.16,1.06881,0.930782,1.83511,3.83426,182.8,8519.1,0.914517,0.942625,1.69524,3.55423
2026-02-10 12:00:00+00:00,0.0,5.5,0.0,0.0,0.0,0.73,0.75,0.7,0.73,0.0,1.1,6.7,43.3,2.4,1.8,1.1,0.5,7.43,5.99,5.65,10.64,49.9,408.7,237.3,410.5,235.7,410.1,237.4,409.8,236.8,5.56,1.42154,1.33199,2.52422,5.2754,11226.3,2.51,117.3,6693.5,4.93,4.15,1.06556,0.929776,1.85008,3.84889,182.8,8520.0,0.938202,0.954698,1.7249,3.61707
2026-02-10 12:15:00+00:00,0.0,5.345454545454546,0.0,0.0,0.0,0.73,0.75,0.7,0.73,0.0,1.6500000000000001,3.85,43.25,2.3,1.9500000000000002,1.7,0.5,7.415,5.975,5.640000000000001,10.625,49.95,408.15,237.05,410.0,235.39999999999998,409.55,237.05,409.25,236.5,5.56,1.415125,1.32698,2.5164,5.25797,11226.599999999999,2.51,117.3,6693.7,4.93,4.15,1.061515,0.9277845,1.844965,3.836965,182.8,8520.2,0.9320394999999999,0.9489655,1.716695,3.59678
2026-02-10 12:30:00+00:00,0.0,5.348837209302325,0.0,0.0,0.0,0.73,0.7566666666666667,0.6999999999999998,0.73,0.0,3.5333333333333337,5.666666666666667,43.26666666666667,2.466666666666667,2.9,1.9666666666666668,0.5,7.3933333333333335,5.953333333333333,5.63,10.59,50.0,407.3333333333333,236.4666666666667,409.1666666666667,234.9,408.6666666666667,236.5666666666667,408.3666666666666,236.0,5.579999999999999,1.4042233333333334,1.3189966666666668,2.5016466666666664,5.22204,11227.366666666667,2.5166666666666666,117.3,6694.099999999999,4.93,4.156666666666667,1.0590233333333334,0.9283643333333332,1.8373033333333335,3.8284933333333337,182.80000000000004,8520.733333333332,0.9208183333333334,0.9408989999999999,1.70075,3.561396666666667
2026-02-10 12:45:00+00:00,0.0,5.558139534883721,0.0,0.0,0.0,0.73,0.7600000000000001,0.6999999999999998,0.73,0.0,5.866666666666667,4.866666666666666,43.23333333333333,1.4000000000000001,2.3000000000000003,2.1333333333333333,0.43333333333333335,7.39,5.95,5.63,10.586666666666666,50.0,407.1333333333334,236.36666666666667,409.06666666666666,234.9333333333333,408.3666666666666,236.63333333333333,408.2,236.03333333333333,5.59,1.40026,1.3195766666666666,2.4989933333333334,5.2171899999999996,11227.933333333334,2.52,117.3,6694.466666666667,4.93,4.16,1.0605533333333332,0.9293846666666666,1.8366166666666668,3.8294599999999996,182.80000000000004,8521.166666666666,0.9148936666666666,0.9386559999999999,1.6956999999999998,3.5480366666666665
2026-02-10 13:00:00+00:00,0.0,5.615384615384615,0.0,0.0,0.0,0.73,0.76,0.7,0.73,0.0,6.7,3.3,43.2,0.8,1.8,2.3,0.4,7.39,5.95,5.63,10.59,50.0,407.1,236.4,409.1,235.0,408.3,236.7,408.2,236.1,5.59,1.3994,1.32061,2.4994,5.21939,11228.1,2.52,117.3,6694.6,4.93,4.16,1.06093,0.929252,1.83691,3.82908,182.8,8521.3,0.913196,0.938118,1.69511,3.54513
2026-02-10 13:15:00+00:00,0.0,4.954545454545454,0.0,0.0,0.0,0.73,0.7600000000000001,0.6999999999999998,0.73,0.0,6.7,3.2999999999999994,43.20000000000001,0.8000000000000002,1.8,2.3,0.4000000000000001,7.39,5.95,5.63,10.59,50.0,407.1000000000001,236.4,409.1000000000001,235.0,408.3,236.69999999999996,408.2,236.1,5.59,1.3994,1.32061,2.4994,5.21939,11228.1,2.52,117.3,6694.600000000001,4.93,4.16,1.06093,0.929252,1.8369100000000003,3.82908,182.80000000000004,8521.3,0.913196,0.9381179999999999,1.69511,3.54513
2026-02-10 13:30:00+00:00,0.0,5.195121951219512,0.0,0.0,0.0,0.73,0.7600000000000001,0.6999999999999998,0.73,0.0,6.7,4.5,43.20000000000001,0.8000000000000002,1.8,2.3,0.4000000000000001,7.39,5.95,5.63,10.59,50.0,407.1000000000001,236.4,409.1000000000001,235.0,408.3,236.69999999999996,408.2,236.1,5.59,1.3994,1.32061,2.4994,5.21939,11228.1,2.52,117.3,6694.600000000001,4.93,4.16,1.06093,0.929252,1.8369100000000003,3.82908,182.80000000000004,8521.3,0.913196,0.9381179999999999,1.69511,3.54513
2026-02-10 13:45:00+00:00,0.0,5.041666666666667,0.0,0.0,0.0,0.73,0.7600000000000001,0.6999999999999998,0.73,0.0,6.7,3.2999999999999994,43.20000000000001,0.8000000000000002,1.8,2.3,0.4000000000000001,7.39,5.95,5.63,10.59,50.0,407.1000000000001,236.4,409.1000000000001,235.0,408.3,236.69999999999996,408.2,236.1,5.59,1.3994,1.32061,2.4994,5.21939,11228.1,2.52,117.3,6694.600000000001,4.93,4.16,1.06093,0.929252,1.8369100000000003,3.82908,182.80000000000004,8521.3,0.913196,0.9381179999999999,1.69511,3.54513
2026-02-10 14:00:00+00:00,0.0,5.195121951219512,0.0,0.0,0.0,0.73,0.7600000000000001,0.6999999999999998,0.73,0.0,6.7,3.2999999999999994,43.20000000000001,0.8000000000000002,1.8,2.3,0.4000000000000001,7.39,5.95,5.63,10.59,50.0,407.1000000000001,236.4,409.1000000000001,235.0,408.3,236.69999999999996,408.2,236.1,5.59,1.3994,1.32061,2.4994,5.21939,11228.1,2.52,117.3,6694.600000000001,4.93,4.16,1.06093,0.929252,1.8369100000000003,3.82908,182.80000000000004,8521.3,0.913196,0.9381179999999999,1.69511,3.54513
2026-02-10 14:15:00+00:00,0.0,4.785714285714286,0.0,0.0,0.0,0.77,0.85,0.71,0.73,0.0,3.1,5.4,36.0,1.6,2.9,2.2,0.4,8.78,10.15,5.61,10.59,50.0,406.1,235.3,408.2,234.5,407.6,236.1,407.3,235.3,5.52,2.38397,1.31623,2.50049,6.19909,11231.1,2.49,117.3,6696.5,4.93,4.13,2.02623,0.927973,1.83247,4.78206,182.8,8523.5,1.2671,0.935121,1.70042,3.90358
2026-02-10 14:30:00+00:00,0.0,5.475,0.0,0.0,0.0,0.7566666666666667,0.82,0.7066666666666667,0.73,0.0,3.4333333333333336,6.6000000000000005,38.46666666666667,1.2666666666666668,2.6999999999999997,2.4,0.43333333333333335,8.306666666666667,8.74,5.6066666666666665,10.58,49.96666666666667,405.90000000000003,235.33333333333334,408.0,234.26666666666665,407.40000000000003,235.96666666666667,407.09999999999997,235.20000000000002,5.513333333333333,2.0547533333333337,1.3143166666666666,2.49863,5.866289999999999,11231.333333333334,2.49,117.3,6696.7,4.93,4.123333333333334,1.7016966666666666,0.9261286666666667,1.8307666666666667,4.456486666666667,182.80000000000004,8523.666666666666,1.1490413333333331,0.9333603333333333,1.6977166666666665,3.7804
2026-02-10 14:45:00+00:00,0.0,5.35,0.0,0.0,0.0,0.73,0.7600000000000001,0.6999999999999998,0.73,0.0,4.1,9.0,43.4,0.6,2.3,2.7999999999999994,0.5,7.36,5.919999999999999,5.599999999999999,10.56,49.9,405.5,235.4,407.6000000000001,233.80000000000004,407.0,235.69999999999996,406.7,235.0,5.5,1.39632,1.31049,2.49491,5.20069,11231.799999999997,2.49,117.3,6697.100000000001,4.93,4.11,1.05263,0.92244,1.8273599999999999,3.8053399999999997,182.80000000000004,8524.0,0.912924,0.929839,1.69231,3.5340399999999996
2026-02-10 15:00:00+00:00,0.0,5.538461538461538,0.0,0.0,0.0,0.77,0.85,0.6999999999999998,0.73,0.0,3.9,1.3,35.9,0.10000000000000002,1.7,1.3999999999999997,0.4000000000000001,8.76,10.08,5.62,10.6,49.9,405.3999999999999,235.0,407.8,234.1,407.0,236.0,406.7,235.0,5.5,2.36651,1.31231,2.50309,6.17792,11232.5,2.49,117.3,6697.600000000001,4.93,4.11,2.00169,0.9223979999999999,1.8264500000000001,4.75477,182.80000000000004,8524.5,1.26133,0.9358340000000002,1.7079200000000003,3.9075
2026-02-10 15:15:00+00:00,0.0,5.4,0.0,0.0,0.0,0.77,0.85,0.7,0.73,0.0,3.9,1.3,35.9,0.1,1.7,1.4,0.4,8.76,10.08,5.62,10.6,49.9,405.4,235.0,407.8,234.1,407.0,236.0,406.7,235.0,5.5,2.36651,1.31231,2.50309,6.17792,11232.5,2.49,117.3,6697.6,4.93,4.11,2.00169,0.922398,1.82645,4.75477,182.8,8524.5,1.26133,0.935834,1.70792,3.9075
2026-02-10 15:30:00+00:00,0.0,4.909090909090909,0.0,0.0,0.0,0.77,0.85,0.6999999999999998,0.73,0.0,3.9,1.3,35.9,0.10000000000000002,1.7,1.3999999999999997,0.4000000000000001,8.76,10.08,5.62,10.6,49.9,405.3999999999999,235.0,407.8,234.1,407.0,236.0,406.7,235.0,5.5,2.36651,1.31231,2.50309,6.17792,11232.5,2.49,117.3,6697.600000000001,4.93,4.11,2.00169,0.9223979999999999,1.8264500000000001,4.75477,182.80000000000004,8524.5,1.26133,0.9358340000000002,1.7079200000000003,3.9075
2026-02-10 15:45:00+00:00,0.0,5.214285714285714,0.0,0.0,0.0,0.77,0.85,0.7,0.73,0.0,3.9,1.3,35.9,0.1,1.7,1.4,0.4,8.76,10.08,5.62,10.6,49.9,405.4,235.0,407.8,234.1,407.0,236.0,406.7,235.0,5.5,2.36651,1.31231,2.50309,6.17792,11232.5,2.49,117.3,6697.6,4.93,4.11,2.00169,0.922398,1.82645,4.75477,182.8,8524.5,1.26133,0.935834,1.70792,3.9075
2026-02-10 16:00:00+00:00,0.0,5.285714285714286,0.0,0.0,0.0,0.73,0.75,0.6999999999999998,0.73,0.0,6.7,3.6,43.5,1.8999999999999997,2.4,1.2,0.5,7.39,5.95,5.62,10.6,49.9,406.7,236.1,408.6000000000001,234.5,408.2,236.30000000000004,407.8999999999999,235.6,5.53,1.40521,1.31334,2.50101,5.21767,11234.299999999997,2.51,117.3,6698.7,4.93,4.11,1.0581,0.922943,1.83593,3.81387,182.80000000000004,8525.9,0.925437,0.937364,1.70578,3.5688599999999995
2026-02-10 16:15:00+00:00,0.0,5.25,0.0,0.0,0.0,0.73,0.75,0.7,0.73,0.0,3.0,3.5,43.5,1.2,1.8,1.4,0.5,7.4,5.96,5.62,10.62,49.9,407.0,236.6,409.1,234.9,408.7,236.6,408.3,235.9,5.53,1.40829,1.31795,2.5155,5.24033,11234.9,2.51,117.3,6699.1,4.93,4.11,1.05984,0.923006,1.84419,3.8216,182.8,8526.3,0.929839,0.939816,1.71289,3.58194
2026-02-10 16:30:00+00:00,0.0,5.5,0.0,0.0,0.0,0.75,0.8,0.7,0.73,0.0,4.1,3.6,39.4,1.75,2.25,2.15,0.45,8.05,7.91,5.62,10.614999999999998,49.9,406.8,236.14999999999998,408.9,234.8,408.35,236.5,408.05,235.75,5.525,1.8665450000000001,1.318705,2.514585,5.69921,11235.2,2.505,117.3,6699.35,4.93,4.11,1.5143499999999999,0.922419,1.83854,4.271085,182.8,8526.5,1.0819845,0.940581,1.71268,3.734565
2026-02-10 16:45:00+00:00,0.0,5.380952380952381,0.0,0.0,0.0,0.77,0.85,0.6999999999999998,0.73,0.0,5.2,3.7000000000000006,35.3,2.3,2.7000000000000006,2.9,0.4000000000000001,8.7,9.86,5.62,10.61,49.9,406.6000000000001,235.69999999999996,408.7,234.69999999999996,408.0,236.4,407.8,235.6,5.52,2.3248,1.31946,2.51367,6.158089999999999,11235.5,2.5,117.3,6699.600000000001,4.93,4.11,1.96886,0.9218319999999999,1.83289,4.72057,182.80000000000004,8526.7,1.23413,0.9413459999999999,1.71247,3.88719
2026-02-10 17:00:00+00:00,0.0,5.658536585365853,0.0,0.0,0.0,0.77,0.8466666666666667,0.6999999999999998,0.73,0.0,5.2,3.7000000000000006,35.3,2.3,2.7000000000000006,2.9,0.4000000000000001,8.729999999999999,9.933333333333332,5.626666666666666,10.62,49.9,406.7666666666667,235.69999999999996,408.93333333333334,234.83333333333334,408.2,236.53333333333333,408.0,235.70000000000002,5.52,2.3417700000000004,1.3202266666666667,2.5152066666666664,6.176193333333333,11235.5,2.5,117.3,6699.600000000001,4.93,4.11,1.983056666666667,0.9236416666666667,1.8351899999999999,4.7410266666666665,182.80000000000004,8527.0,1.24533,0.9426106666666666,1.7152633333333334,3.90296
2026-02-10 17:15:00+00:00,0.0,5.552631578947368,0.0,0.0,0.0,0.77,0.84,0.6999999999999998,0.73,0.0,3.9,5.5,35.9,2.4,1.0,0.9,0.4000000000000001,8.79,10.08,5.64,10.64,49.9,407.1000000000001,235.69999999999996,409.3999999999999,235.1,408.6000000000001,236.80000000000004,408.3999999999999,235.9,5.55,2.37571,1.32176,2.51828,6.2124,11236.700000000003,2.51,117.3,6700.3,4.93,4.14,2.01145,0.927261,1.83979,4.78194,182.80000000000004,8527.6,1.26773,0.94514,1.7208499999999998,3.9345
2026-02-10 17:30:00+00:00,0.0,5.380952380952381,0.0,0.0,0.0,0.77,0.84,0.6999999999999998,0.73,0.0,3.9,5.5,35.9,2.4,1.0,0.9,0.4000000000000001,8.79,10.08,5.64,10.64,49.9,407.1000000000001,235.69999999999996,409.3999999999999,235.1,408.6000000000001,236.80000000000004,408.3999999999999,235.9,5.55,2.37571,1.32176,2.51828,6.2124,11236.700000000003,2.51,117.3,6700.3,4.93,4.14,2.01145,0.927261,1.83979,4.78194,182.80000000000004,8527.6,1.26773,0.94514,1.7208499999999998,3.9345
2026-02-10 17:45:00+00:00,0.0,5.488888888888889,0.0,0.0,0.0,0.77,0.84,0.6999999999999998,0.73,0.0,3.9,5.5,35.9,2.4,1.0,0.9,0.4000000000000001,8.79,10.08,5.64,10.64,49.9,407.1000000000001,235.69999999999996,409.3999999999999,235.1,408.6000000000001,236.80000000000004,408.3999999999999,235.9,5.55,2.37571,1.32176,2.51828,6.2124,11236.700000000003,2.51,117.3,6700.3,4.93,4.14,2.01145,0.927261,1.83979,4.78194,182.80000000000004,8527.6,1.26773,0.94514,1.7208499999999998,3.9345
2026-02-10 18:00:00+00:00,0.0,5.261904761904762,0.0,0.0,0.0,0.77,0.84,0.6999999999999998,0.73,0.0,3.9,5.5,35.9,2.4,1.0,0.9,0.4000000000000001,8.79,10.08,5.64,10.64,49.9,407.1000000000001,235.69999999999996,409.3999999999999,235.1,408.6000000000001,236.80000000000004,408.3999999999999,235.9,5.55,2.37571,1.32176,2.51828,6.2124,11236.700000000003,2.51,117.3,6700.3,4.93,4.14,2.01145,0.927261,1.83979,4.78194,182.80000000000004,8527.6,1.26773,0.94514,1.7208499999999998,3.9345
2026-02-10 18:15:00+00:00,0.0,5.195121951219512,0.0,0.0,0.0,0.77,0.84,0.6999999999999998,0.73,0.0,3.9,5.5,35.9,2.4,1.0,0.9,0.4000000000000001,8.79,10.08,5.64,10.64,49.9,407.1000000000001,235.69999999999996,409.3999999999999,235.1,408.6000000000001,236.80000000000004,408.3999999999999,235.9,5.55,2.37571,1.32176,2.51828,6.2124,11236.700000000003,2.51,117.3,6700.3,4.93,4.14,2.01145,0.927261,1.83979,4.78194,182.80000000000004,8527.6,1.26773,0.94514,1.7208499999999998,3.9345
2026-02-10 18:30:00+00:00,0.0,5.660377358490566,0.0,0.0,0.0,0.77,0.85,0.7,0.73,0.0,5.9,4.9,35.4,1.1,3.8,3.3,0.4,8.72,9.87,5.65,10.65,50.0,407.8,236.5,410.0,235.425,409.2,237.225,409.0,236.3,5.57,2.3288,1.32696,2.52424,6.1826,11239.7,2.52,117.3,6702.3,4.93,4.15,1.97287,0.929503,1.85129,4.75014,182.8,8529.9,1.23798,0.946104,1.7215,3.90568
2026-02-10 18:45:00+00:00,0.0,5.119047619047619,0.0,0.0,0.0,0.73,0.75,0.6999999999999998,0.73,0.0,5.8,7.6,43.5,1.6000000000000003,0.8000000000000002,2.7999999999999994,0.5,7.419999999999999,5.98,5.64,10.64,50.0,408.3,237.1,410.3999999999999,235.5,410.0,237.30000000000004,409.6000000000001,236.69999999999996,5.57,1.41531,1.32468,2.52436,5.26062,11240.200000000003,2.52,117.3,6702.600000000001,4.93,4.15,1.06416,0.93227,1.85018,3.84887,182.80000000000004,8530.3,0.9288120000000001,0.942876,1.7134100000000003,3.58548
2026-02-10 19:00:00+00:00,0.0,5.4186046511627906,0.0,0.0,0.0,0.73,0.75,0.6999999999999998,0.73,0.0,5.8,7.599999999999999,43.5,1.6000000000000003,0.8000000000000002,2.7999999999999994,0.5,7.419999999999999,5.98,5.64,10.64,50.0,408.3,237.1,410.3999999999999,235.5,410.0,237.30000000000004,409.6000000000001,236.69999999999996,5.57,1.41531,1.32468,2.52436,5.26062,11240.200000000003,2.52,117.3,6702.600000000001,4.93,4.15,1.06416,0.93227,1.85018,3.84887,182.80000000000004,8530.3,0.9288120000000001,0.942876,1.7134100000000003,3.58548
2026-02-10 19:15:00+00:00,0.0,5.380952380952381,0.0,0.0,0.0,0.73,0.75,0.6999999999999998,0.73,0.0,5.8,7.599999999999999,43.5,1.6000000000000003,0.8000000000000002,2.7999999999999994,0.5,7.419999999999999,5.98,5.64,10.64,50.0,408.3,237.1,410.3999999999999,235.5,410.0,237.30000000000004,409.6000000000001,236.69999999999996,5.57,1.41531,1.32468,2.52436,5.26062,11240.200000000003,2.52,117.3,6702.600000000001,4.93,4.15,1.06416,0.93227,1.85018,3.84887,182.80000000000004,8530.3,0.9288120000000001,0.942876,1.7134100000000003,3.58548
2026-02-10 19:30:00+00:00,0.0,5.52542372881356,0.0,0.0,0.0,0.73,0.75,0.7,0.73,0.0,5.8,7.6,43.5,1.6,0.8,2.8,0.5,7.42,5.98,5.64,10.64,50.0,408.3,237.1,410.4,235.5,410.0,237.3,409.6,236.7,5.57,1.41531,1.32468,2.52436,5.26062,11240.2,2.52,117.3,6702.6,4.93,4.15,1.06416,0.93227,1.85018,3.84887,182.8,8530.3,0.928812,0.942876,1.71341,3.58548
2026-02-10 19:45:00+00:00,0.0,5.846153846153846,0.0,0.0,0.0,0.73,0.75,0.7,0.73,0.0,5.8,7.6,43.5,1.6,0.8,2.8,0.5,7.42,5.98,5.64,10.64,50.0,408.3,237.1,410.4,235.5,410.0,237.3,409.6,236.7,5.57,1.41531,1.32468,2.52436,5.26062,11240.2,2.52,117.3,6702.6,4.93,4.15,1.06416,0.93227,1.85018,3.84887,182.8,8530.3,0.928812,0.942876,1.71341,3.58548
2026-02-10 20:00:00+00:00,0.0,5.846153846153846,0.0,0.0,0.0,0.73,0.75,0.7,0.73,0.0,5.8,7.6,43.5,1.6,0.8,2.8,0.5,7.42,5.98,5.64,10.64,50.0,408.3,237.1,410.4,235.5,410.0,237.3,409.6,236.7,5.57,1.41531,1.32468,2.52436,5.26062,11240.2,2.52,117.3,6702.6,4.93,4.15,1.06416,0.93227,1.85018,3.84887,182.8,8530.3,0.928812,0.942876,1.71341,3.58548
2026-02-10 20:15:00+00:00,0.0,5.333333333333333,0.0,0.0,0.0,0.76,0.825,0.7,0.73,0.0,5.975,5.4,37.349999999999994,2.6500000000000004,1.775,2.0,0.525,8.3875,8.8675,5.635,10.67,50.0,407.5,236.5,409.75,235.125,409.4,237.225,408.875,236.275,5.65,2.09269,1.323575,2.527915,5.9451625,11243.949999999999,2.55,117.3,6705.1,4.93,4.21,1.74189,0.9303205,1.8578925,4.532195,182.8,8533.125,1.155206,0.9427402500000001,1.7221849999999999,3.8238725
2026-02-10 20:30:00+00:00,0.0,5.3,0.0,0.0,0.0,0.73,0.75,0.6999999999999998,0.73,0.0,8.0,3.375,43.5,1.0,1.3999999999999997,2.3,0.6,7.45,6.010000000000001,5.650000000000001,10.699999999999998,50.0,409.0,237.69999999999996,411.1000000000001,235.80000000000004,411.5,237.9,410.6000000000001,237.1,5.650000000000001,1.43032,1.33145,2.53927,5.30713,11244.4,2.55,117.3,6705.399999999999,4.93,4.21,1.0716,0.93271,1.86324,3.8744,182.80000000000004,8533.5,0.945224,0.951135,1.73498,3.6345499999999995
2026-02-10 20:45:00+00:00,0.0,5.555555555555555,0.0,0.0,0.0,0.73,0.75,0.6999999999999998,0.73,0.0,8.0,3.0,43.5,1.0,1.3999999999999997,2.3,0.6,7.45,6.010000000000001,5.650000000000001,10.699999999999998,50.0,409.0,237.69999999999996,411.1000000000001,235.80000000000004,411.5,237.9,410.6000000000001,237.1,5.650000000000001,1.43032,1.33145,2.53927,5.30713,11244.4,2.55,117.3,6705.399999999999,4.93,4.21,1.0716,0.93271,1.86324,3.8744,182.80000000000004,8533.5,0.945224,0.951135,1.73498,3.6345499999999995
2026-02-10 21:00:00+00:00,0.0,5.32,0.0,0.0,0.0,0.73,0.75,0.7,0.73,0.0,8.0,3.0,43.5,1.0,1.4,2.3,0.6,7.45,6.01,5.65,10.7,50.0,409.0,237.7,411.1,235.8,411.5,237.9,410.6,237.1,5.65,1.43032,1.33145,2.53927,5.30713,11244.4,2.55,117.3,6705.4,4.93,4.21,1.0716,0.93271,1.86324,3.8744,182.8,8533.5,0.945224,0.951135,1.73498,3.63455
2026-02-10 21:15:00+00:00,0.0,5.304347826086956,0.0,0.0,0.0,0.73,0.75,0.6999999999999998,0.73,0.0,6.066666666666666,4.8999999999999995,43.53333333333333,1.2,1.4333333333333333,1.8999999999999997,0.6,7.453333333333333,6.010000000000001,5.650000000000001,10.699999999999998,50.0,409.1666666666667,237.76666666666665,411.23333333333335,235.9,411.4666666666667,238.0,410.7,237.20000000000002,5.646666666666667,1.4300333333333333,1.3326933333333333,2.5438933333333336,5.310156666666667,11245.233333333332,2.55,117.3,6705.966666666667,4.93,4.206666666666667,1.0713133333333333,0.9321443333333334,1.8648600000000002,3.87125,182.80000000000004,8534.1,0.9463906666666667,0.9519106666666666,1.7362666666666666,3.6364933333333336
2026-02-10 21:30:00+00:00,0.0,5.409090909090909,0.0,0.0,0.0,0.73,0.75,0.6999999999999998,0.73,0.0,2.2,8.7,43.6,1.6000000000000003,1.5,1.1,0.6,7.46,6.010000000000001,5.650000000000001,10.699999999999998,50.0,409.5,237.9,411.5,236.1,411.3999999999999,238.19999999999996,410.8999999999999,237.4,5.64,1.42946,1.33518,2.55314,5.31621,11246.9,2.55,117.3,6707.100000000001,4.93,4.2,1.07074,0.931013,1.8681,3.86495,182.80000000000004,8535.3,0.948724,0.953462,1.73884,3.64038
2026-02-10 21:45:00+00:00,0.0,5.195121951219512,0.0,0.0,0.0,0.73,0.75,0.6999999999999998,0.73,0.0,2.6,6.333333333333333,43.6,1.8666666666666665,1.5999999999999999,1.2333333333333334,0.5666666666666667,7.813333333333333,7.283333333333334,5.663333333333334,10.729999999999999,50.03333333333333,410.06666666666666,238.1,412.1666666666667,236.53333333333333,412.0666666666666,238.6,411.5,237.73333333333335,5.6433333333333335,1.4351200000000002,1.3381566666666667,2.5611333333333333,5.332313333333333,11247.266666666668,2.55,117.3,6707.333333333333,4.93,4.2,1.0738466666666666,0.9337656666666666,1.8726766666666668,3.877463333333333,182.80000000000004,8535.6,0.95474,0.9584783333333333,1.7472733333333332,3.658333333333333
2026-02-10 22:00:00+00:00,0.0,5.3090909090909095,0.0,0.0,0.0,0.73,0.75,0.7,0.73,0.0,3.4,2.5500000000000003,43.575,2.0,1.85,1.55,0.5,8.015,7.945,5.69,10.785,50.075,411.5,238.85,413.6,237.35000000000002,413.54999999999995,239.4,412.95,238.55,5.65,1.4469675,1.3456549999999998,2.5782325,5.3685075,11248.15,2.55,117.3,6707.9,4.93,4.2,1.080295,0.938045,1.88156,3.901525,182.8,8536.300000000001,0.9670654999999999,0.969507,1.7658800000000001,3.70114
2026-02-10 22:15:00+00:00,0.0,5.5227272727272725,0.0,0.0,0.0,0.73,0.75,0.6999999999999998,0.73,0.0,3.4,5.400000000000001,43.5,0.8000000000000002,2.0,1.7,0.5,7.510000000000001,6.06,5.69,10.78,50.0,411.8,239.19999999999996,413.7,237.30000000000004,413.7,239.4,413.2,238.69999999999996,5.650000000000001,1.44855,1.35029,2.58157,5.38047,11248.6,2.55,117.3,6708.2,4.93,4.2,1.08053,0.936819,1.88129,3.90056,182.80000000000004,8536.6,0.967359,0.970503,1.76762,3.70804
2026-02-10 22:30:00+00:00,0.0,5.2926829268292686,0.0,0.0,0.0,0.73,0.75,0.6999999999999998,0.73,0.0,4.7,4.7,43.5,1.5333333333333332,2.033333333333333,1.9333333333333333,0.5333333333333333,7.496666666666666,6.046666666666667,5.683333333333334,10.76,50.0,411.26666666666665,238.9,413.2,237.0,413.1333333333334,239.0666666666667,412.6333333333334,238.36666666666665,5.670000000000001,1.4439966666666668,1.3465033333333334,2.5731,5.3623666666666665,11249.033333333333,2.5566666666666666,117.3,6708.5,4.93,4.213333333333334,1.0787833333333332,0.9363436666666667,1.87554,3.893356666666667,182.80000000000004,8536.9,0.961322,0.9658426666666666,1.7583066666666667,3.6873799999999997
2026-02-10 22:45:00+00:00,0.0,5.528301886792453,0.0,0.0,0.0,0.75,0.7949999999999999,0.7,0.73,0.0,5.85,2.0,39.55,2.35,1.9500000000000002,1.9,0.5,8.15,8.03,5.675,10.745000000000001,50.0,410.35,238.2,412.45,236.65,412.2,238.7,411.7,237.85,5.71,1.911045,1.341675,2.567385,5.81833,11250.15,2.57,117.3,6709.3,4.93,4.24,1.545655,0.936389,1.86972,4.35437,182.8,8537.75,1.1154789999999999,0.959247,1.750055,3.8267499999999997
2026-02-10 23:00:00+00:00,0.0,5.2727272727272725,0.0,0.0,0.0,0.7433333333333333,0.7799999999999999,0.6999999999999998,0.73,0.0,4.366666666666667,1.4333333333333333,38.199999999999996,2.3666666666666667,2.1333333333333333,2.0666666666666664,0.4666666666666666,7.93,7.373333333333332,5.68,10.75,50.0,410.7,238.5666666666667,412.76666666666665,236.83333333333334,412.4666666666667,238.86666666666667,411.9666666666667,238.0666666666667,5.683333333333334,1.7552599999999998,1.3436666666666668,2.565936666666667,5.664113333333333,11250.866666666667,2.563333333333333,117.3,6709.766666666666,4.93,4.226666666666667,1.3894666666666666,0.936211,1.8756199999999998,4.204743333333333,182.80000000000004,8538.266666666666,1.0646526666666667,0.9621813333333332,1.7531633333333332,3.7795133333333335
2026-02-10 23:15:00+00:00,0.0,5.471698113207547,0.0,0.0,0.0,0.73,0.75,0.7,0.73,0.0,4.3,2.9,43.4,2.7,2.3,2.4,0.6,7.48,6.04,5.68,10.74,50.0,410.8,238.8,412.8,236.8,412.5,238.8,412.0,238.1,5.67,1.43929,1.34329,2.5596,5.34092,11251.1,2.56,117.3,6709.9,4.93,4.22,1.07619,0.935624,1.87573,3.89222,182.8,8538.4,0.956124,0.962286,1.74953,3.66555
2026-02-10 23:30:00+00:00,0.0,5.3,0.0,0.0,0.0,0.73,0.75,0.7,0.73,0.0,4.3,2.9,43.4,2.7,2.3,2.4,0.6,7.48,6.04,5.68,10.74,50.0,410.8,238.8,412.8,236.8,412.5,238.8,412.0,238.1,5.67,1.43929,1.34329,2.5596,5.34092,11251.1,2.56,117.3,6709.9,4.93,4.22,1.07619,0.935624,1.87573,3.89222,182.8,8538.4,0.956124,0.962286,1.74953,3.66555
2026-02-10 23:45:00+00:00,0.0,5.195121951219512,0.0,0.0,0.0,0.73,0.75,0.6999999999999998,0.73,0.0,4.3,2.9,43.4,2.7000000000000006,2.3,2.4,0.6,7.48,6.04,5.68,10.74,50.0,410.8,238.80000000000004,412.8,236.80000000000004,412.5,238.80000000000004,412.0,238.1,5.669999999999999,1.43929,1.3432900000000003,2.5596,5.34092,11251.1,2.56,117.3,6709.899999999999,4.93,4.22,1.07619,0.9356240000000001,1.87573,3.89222,182.80000000000004,8538.4,0.956124,0.9622860000000001,1.74953,3.66555
2026-02-11 00:00:00+00:00,0.0,5.446808510638298,0.0,0.0,0.0,0.73,0.75,0.6999999999999998,0.73,0.0,4.3,2.9,43.4,2.7000000000000006,2.3,2.4,0.6,7.48,6.04,5.68,10.74,50.0,410.8,238.80000000000004,412.8,236.80000000000004,412.5,238.80000000000004,412.0,238.1,5.669999999999999,1.43929,1.3432900000000003,2.5596,5.34092,11251.1,2.56,117.3,6709.899999999999,4.93,4.22,1.07619,0.9356240000000001,1.87573,3.89222,182.80000000000004,8538.4,0.956124,0.9622860000000001,1.74953,3.66555
2026-02-11 00:15:00+00:00,0.0,5.552631578947368,0.0,0.0,0.0,0.73,0.7399999999999999,0.6999999999999998,0.73,0.0,4.4,2.7999999999999994,43.6,2.5,1.3,2.2,0.5,7.5,6.05,5.69,10.76,50.0,411.3999999999999,238.9,413.3,237.1,413.3,239.19999999999996,412.6000000000001,238.4,5.7,1.44623,1.34683,2.5763,5.376549999999999,11254.1,2.58,117.3,6711.899999999999,4.93,4.23,1.07876,0.9372380000000001,1.87936,3.89419,182.80000000000004,8540.6,0.96455,0.966415,1.76204,3.69267
2026-02-11 00:30:00+00:00,0.0,5.7317073170731705,0.0,0.0,0.0,0.7600000000000001,0.84,0.6999999999999998,0.73,0.0,4.3,3.6,35.3,2.7999999999999994,0.6,1.8999999999999997,0.4000000000000001,8.81,9.94,5.7,10.79,50.0,411.6000000000001,238.69999999999996,413.7,237.6,413.2,239.4,413.0,238.6,5.7,2.36347,1.3481499999999997,2.57915,6.29147,11254.799999999997,2.57,117.3,6712.3,4.93,4.23,1.9966099999999998,0.9363579999999999,1.8841600000000003,4.81992,182.80000000000004,8541.1,1.27066,0.9698319999999999,1.76812,4.00771
2026-02-11 00:45:00+00:00,0.0,5.423076923076923,0.0,0.0,0.0,0.73,0.75,0.69,0.73,0.0,3.0,4.5,43.4,0.5,1.5,1.5,0.5,7.51,6.06,5.7,10.77,50.0,411.7,239.2,413.6,237.3,413.1,239.2,413.2,238.6,5.7,1.44881,1.34803,2.57538,5.37938,11255.3,2.57,117.3,6712.8,4.93,4.23,1.08061,0.94034,1.87399,3.90083,182.8,8541.5,0.968658,0.973773,1.7654,3.70609
2026-02-11 01:00:00+00:00,0.0,5.435897435897436,0.0,0.0,0.0,0.7266666666666666,0.7466666666666667,0.69,0.73,0.0,4.366666666666666,3.966666666666667,43.4,0.7333333333333334,1.5999999999999999,1.4000000000000001,0.5,7.513333333333333,6.066666666666666,5.7,10.773333333333333,50.0,411.8666666666666,239.33333333333334,413.7666666666667,237.4333333333333,413.3,239.33333333333334,413.3,238.70000000000002,5.7,1.4511899999999998,1.35079,2.5791533333333336,5.38692,11255.733333333332,2.5733333333333333,117.3,6713.066666666667,4.93,4.226666666666667,1.0819933333333334,0.9402213333333332,1.8758566666666667,3.901403333333333,182.80000000000004,8541.833333333334,0.969713,0.975212,1.7674933333333334,3.711356666666667
2026-02-11 01:15:00+00:00,0.0,5.153846153846154,0.0,0.0,0.0,0.7200000000000001,0.7399999999999999,0.69,0.73,0.0,7.099999999999999,2.9,43.4,1.2,1.8,1.2,0.5,7.52,6.080000000000001,5.7,10.78,50.0,412.2,239.6,414.1000000000001,237.69999999999996,413.7,239.6,413.5,238.9,5.7,1.4559500000000003,1.35631,2.5867,5.402,11256.6,2.58,117.3,6713.600000000001,4.93,4.22,1.08476,0.939984,1.87959,3.90255,182.80000000000004,8542.5,0.971823,0.97809,1.77168,3.72189
2026-02-11 01:30:00+00:00,0.0,5.2368421052631575,0.0,0.0,0.0,0.7200000000000001,0.7399999999999999,0.69,0.73,0.0,7.099999999999999,2.9,43.4,1.2,1.8,1.2,0.5,7.52,6.080000000000001,5.7,10.78,50.0,412.2,239.6,414.1000000000001,237.69999999999996,413.7,239.6,413.5,238.9,5.7,1.4559500000000003,1.35631,2.5867,5.402,11256.6,2.58,117.3,6713.600000000001,4.93,4.22,1.08476,0.939984,1.87959,3.90255,182.80000000000004,8542.5,0.971823,0.97809,1.77168,3.72189
2026-02-11 01:45:00+00:00,0.0,5.285714285714286,0.0,0.0,0.0,0.73,0.7600000000000001,0.6999999999999998,0.73,0.0,5.8,1.3999999999999997,43.5,1.5,3.0,3.0,0.5,7.400000000000001,5.96,5.63,10.61,50.0,406.6000000000001,236.19999999999996,408.5,234.4,408.2,236.30000000000004,407.8,235.69999999999996,5.739999999999999,1.4065900000000002,1.31656,2.50933,5.23073,11257.9,2.59,117.3,6714.5,4.93,4.25,1.06001,0.9273859999999999,1.84303,3.83468,182.80000000000004,8543.4,0.921853,0.933779,1.69665,3.55207
2026-02-11 02:00:00+00:00,0.0,5.333333333333333,0.0,0.0,0.0,0.73,0.76,0.7,0.73,0.0,5.8,1.4,43.5,1.5,3.0,3.0,0.5,7.4,5.96,5.63,10.61,50.0,406.6,236.2,408.5,234.4,408.2,236.3,407.8,235.7,5.74,1.40659,1.31656,2.50933,5.23073,11257.9,2.59,117.3,6714.5,4.93,4.25,1.06001,0.927386,1.84303,3.83468,182.8,8543.4,0.921853,0.933779,1.69665,3.55207
2026-02-11 02:15:00+00:00,0.0,5.255813953488372,0.0,0.0,0.0,0.73,0.7600000000000001,0.6999999999999998,0.73,0.0,5.8,1.3999999999999997,43.5,1.5,3.0,3.0,0.5,7.400000000000001,5.96,5.63,10.61,50.0,406.6000000000001,236.19999999999996,408.5,234.4,408.2,236.30000000000004,407.8,235.69999999999996,5.739999999999999,1.4065900000000002,1.31656,2.50933,5.23073,11257.9,2.59,117.3,6714.5,4.93,4.25,1.06001,0.9273859999999999,1.84303,3.83468,182.80000000000004,8543.4,0.921853,0.933779,1.69665,3.55207
2026-02-11 02:30:00+00:00,0.0,5.2592592592592595,0.0,0.0,0.0,0.73,0.76,0.7,0.73,0.0,5.8,1.4,43.5,1.5,3.0,3.0,0.5,7.4,5.96,5.63,10.61,50.0,406.6,236.2,408.5,234.4,408.2,236.3,407.8,235.7,5.74,1.40659,1.31656,2.50933,5.23073,11257.9,2.59,117.3,6714.5,4.93,4.25,1.06001,0.927386,1.84303,3.83468,182.8,8543.4,0.921853,0.933779,1.69665,3.55207
2026-02-11 02:45:00+00:00,0.0,5.309523809523809,0.0,0.0,0.0,0.7399999999999999,0.7600000000000001,0.71,0.7399999999999999,0.0,7.3,6.7,43.4,1.7,3.2999999999999994,3.1,0.5,7.38,5.95,5.62,10.58,50.0,405.8999999999999,235.80000000000004,407.8,234.0,407.6000000000001,235.9,407.1000000000001,235.19999999999996,5.56,1.39684,1.30944,2.49621,5.20134,11259.700000000003,2.51,117.3,6715.600000000001,4.93,4.17,1.06659,0.929105,1.8448,3.83412,182.80000000000004,8544.7,0.9123579999999999,0.925647,1.6831500000000001,3.52071
2026-02-11 03:00:00+00:00,0.0,5.5,0.0,0.0,0.0,0.77,0.85,0.71,0.74,0.0,7.2,0.9,35.1,1.6,2.2,2.5,0.5,8.67,9.77,5.62,10.6,50.0,405.3,235.1,407.4,233.9,407.2,235.8,406.7,235.0,5.52,2.29591,1.30793,2.49322,6.10462,11260.2,2.49,117.3,6716.0,4.93,4.14,1.95096,0.925877,1.8413,4.71901,182.8,8545.2,1.21065,0.928854,1.68885,3.82764
2026-02-11 03:15:00+00:00,0.0,5.177777777777778,0.0,0.0,0.0,0.7433333333333333,0.79,0.71,0.7399999999999999,0.0,5.266666666666667,2.9250000000000003,40.63333333333333,2.1999999999999997,2.466666666666667,2.1666666666666665,0.5,7.823333333333333,7.2299999999999995,5.62,10.606666666666667,50.0,405.90000000000003,235.70000000000002,407.8,234.1,407.59999999999997,235.9333333333333,407.09999999999997,235.26666666666665,5.52,1.6993833333333335,1.31109,2.49526,5.51146,11260.666666666666,2.49,117.3,6716.266666666666,4.93,4.14,1.3591266666666666,0.9258069999999999,1.8394666666666666,4.126916666666666,182.80000000000004,8545.466666666667,1.0145273333333333,0.9304466666666666,1.6881233333333334,3.6324666666666663
2026-02-11 03:30:00+00:00,0.0,5.777777777777778,0.0,0.0,0.0,0.73,0.76,0.71,0.74,0.0,4.3,3.2,43.4,2.5,2.6,2.0,0.5,7.4,5.96,5.62,10.61,50.0,406.2,236.0,408.0,234.2,407.8,236.0,407.3,235.4,5.52,1.40112,1.31267,2.49628,5.21488,11260.9,2.49,117.3,6716.4,4.93,4.14,1.06321,0.925772,1.83855,3.83087,182.8,8545.6,0.916466,0.931243,1.68776,3.53488
2026-02-11 03:45:00+00:00,0.0,5.95,0.0,0.0,0.0,0.73,0.7600000000000001,0.71,0.7399999999999999,0.0,4.3,3.2000000000000006,43.4,2.5,2.6,2.0,0.5,7.400000000000001,5.96,5.62,10.61,50.0,406.2,236.0,408.0,234.19999999999996,407.8,236.0,407.3,235.4,5.52,1.40112,1.31267,2.49628,5.21488,11260.9,2.49,117.3,6716.399999999999,4.93,4.14,1.06321,0.9257719999999999,1.83855,3.8308699999999996,182.80000000000004,8545.6,0.9164660000000001,0.9312429999999999,1.68776,3.53488
2026-02-11 04:00:00+00:00,0.0,5.725,0.0,0.0,0.0,0.73,0.7600000000000001,0.71,0.7399999999999999,0.0,4.3,3.2000000000000006,43.4,2.5,2.6,2.0,0.5,7.400000000000001,5.96,5.62,10.61,50.0,406.2,236.0,408.0,234.19999999999996,407.8,236.0,407.3,235.4,5.52,1.40112,1.31267,2.49628,5.21488,11260.9,2.49,117.3,6716.399999999999,4.93,4.14,1.06321,0.9257719999999999,1.83855,3.8308699999999996,182.80000000000004,8545.6,0.9164660000000001,0.9312429999999999,1.68776,3.53488
2026-02-11 04:15:00+00:00,0.0,4.882352941176471,0.0,0.0,0.0,0.77,0.85,0.71,0.74,0.0,5.7,7.3,36.0,1.8,2.4,2.3,0.5,8.82,10.21,5.63,10.61,50.0,406.0,235.4,407.9,234.2,407.5,236.2,407.2,235.3,5.54,2.39049,1.31778,2.50569,6.20985,11262.6,2.5,117.3,6717.7,4.93,4.15,2.03659,0.929063,1.84867,4.81262,182.8,8547.0,1.27001,0.93313,1.69004,3.89281
2026-02-11 04:30:00+00:00,0.0,5.4,0.0,0.0,0.0,0.75,0.7966666666666667,0.71,0.7399999999999999,0.0,5.5,7.566666666666666,40.733333333333334,1.1333333333333335,2.3333333333333335,2.5,0.5,7.846666666666667,7.3500000000000005,5.63,10.563333333333333,50.0,405.59999999999997,235.33333333333334,407.1666666666667,233.79999999999998,406.76666666666665,235.5333333333333,406.5333333333333,234.9,5.413333333333333,1.7254166666666666,1.31578,2.486083333333333,5.5252300000000005,11302.733333333332,2.48,117.3,6743.966666666667,4.93,4.036666666666666,1.3869033333333334,0.9276096666666667,1.8379833333333335,4.154066666666666,182.80000000000004,8577.066666666668,1.0230513333333333,0.9304886666666666,1.67372,3.6285900000000004
2026-02-11 04:45:00+00:00,0.0,5.82051282051282,0.0,0.0,0.0,0.7399999999999999,0.7633333333333333,0.71,0.7399999999999999,0.0,5.933333333333334,5.1000000000000005,43.1,2.3333333333333335,3.4333333333333336,3.1999999999999997,0.43333333333333335,7.366666666666667,5.933333333333334,5.63,10.54,50.0,405.8,235.5666666666667,407.3333333333333,233.86666666666667,407.0,235.46666666666667,406.6666666666667,234.96666666666667,5.349999999999999,1.396626666666667,1.3150199999999999,2.47864,5.189080000000001,11323.199999999999,2.47,117.3,6757.366666666666,4.93,3.98,1.0622266666666667,0.9285743333333333,1.8298133333333333,3.8252633333333335,182.80000000000004,8592.366666666667,0.9033866666666667,0.931474,1.6724933333333334,3.5084
2026-02-11 05:00:00+00:00,0.0,5.769230769230769,0.0,0.0,0.0,0.74,0.76,0.71,0.74,0.0,6.2,3.8,43.1,3.1,4.0,3.5,0.4,7.37,5.94,5.63,10.54,50.0,406.0,235.7,407.6,234.0,407.3,235.6,406.9,235.1,5.35,1.3985,1.31514,2.47982,5.19216,11323.4,2.47,117.3,6757.5,4.93,3.98,1.06231,0.92942,1.8284,3.8255,182.8,8592.5,0.905294,0.932627,1.67596,3.51436
2026-02-11 05:15:00+00:00,0.0,5.239130434782608,0.0,0.0,0.0,0.77,0.85,0.71,0.7399999999999999,0.0,3.5,3.5,35.0,2.6,4.2,3.6,0.3,8.66,9.82,5.63,10.55,50.0,405.2,234.80000000000004,406.8999999999999,233.80000000000004,406.1000000000001,235.30000000000004,406.1000000000001,234.69999999999996,5.28,2.30113,1.31451,2.47802,6.091269999999999,11324.0,2.48,117.3,6758.0,4.93,3.92,1.96138,0.9299019999999999,1.8374999999999997,4.72425,182.80000000000004,8593.0,1.20616,0.9326690000000001,1.67239,3.8073099999999998
2026-02-11 05:30:00+00:00,0.0,5.365853658536586,0.0,0.0,0.0,0.7399999999999999,0.7600000000000001,0.71,0.7399999999999999,0.0,7.099999999999999,6.7,43.1,1.7,1.0,2.7999999999999994,0.5,7.349999999999999,5.93,5.61,10.52,50.0,405.3999999999999,235.30000000000004,406.8999999999999,233.69999999999996,406.5,235.30000000000004,406.2,234.69999999999996,5.28,1.3912699999999998,1.31074,2.47462,5.17789,11324.6,2.48,117.3,6758.399999999999,4.93,3.92,1.06413,0.925626,1.82524,3.81624,182.80000000000004,8593.5,0.8993829999999999,0.9266739999999999,1.67042,3.4956
2026-02-11 05:45:00+00:00,0.0,5.594594594594595,0.0,0.0,0.0,0.7399999999999999,0.77,0.71,0.7399999999999999,0.0,5.400000000000001,3.0,43.1,1.7,1.8,2.1,0.5,7.36,5.93,5.62,10.53,50.0,405.3,235.30000000000004,406.8,233.69999999999996,406.6000000000001,235.19999999999996,406.3,234.69999999999996,5.48,1.3786700000000003,1.29445,2.44763,5.16961,11325.1,2.48,117.3,6758.8,4.93,4.11,1.05992,0.923718,1.8243,3.81162,182.80000000000004,8593.8,0.904099,0.9284339999999999,1.6555600000000001,3.46609
2026-02-11 06:00:00+00:00,0.0,4.9787234042553195,0.0,0.0,0.0,0.7600000000000001,0.8233333333333333,0.71,0.7399999999999999,0.0,2.8000000000000003,4.333333333333333,37.699999999999996,2.2333333333333334,2.533333333333333,2.5666666666666664,0.3666666666666667,8.213333333333333,8.496666666666666,5.62,10.53,50.0,404.8333333333333,234.76666666666665,406.59999999999997,233.69999999999996,406.0,235.0666666666667,405.8333333333333,234.4333333333333,5.48,1.985496666666667,1.3038966666666667,2.463643333333333,5.7684299999999995,11325.566666666666,2.48,117.3,6759.066666666667,4.93,4.11,1.6548266666666667,0.9254373333333333,1.8290333333333333,4.40536,182.80000000000004,8594.199999999999,1.0991863333333334,0.9280573333333333,1.6651333333333334,3.6847100000000004
2026-02-11 06:15:00+00:00,0.0,4.870967741935484,0.0,0.0,0.0,0.755,0.8049999999999999,0.71,0.74,0.0,3.3,5.9,39.05,2.3,2.65,2.25,0.35,7.99,7.845,5.609999999999999,10.515,50.0,404.5,234.6,406.2,233.39999999999998,405.6,234.8,405.45000000000005,234.25,5.460000000000001,1.83927,1.308765,2.4736700000000003,5.618045,11326.099999999999,2.475,117.3,6759.35,4.93,4.09,1.50674,0.924515,1.82981,4.256045,182.8,8594.599999999999,1.046254,0.9264435,1.6654650000000002,3.637525
2026-02-11 06:30:00+00:00,0.0,5.488372093023256,0.0,0.0,0.0,0.7399999999999999,0.7600000000000001,0.71,0.7399999999999999,0.0,5.333333333333333,5.8,43.13333333333333,2.266666666666667,2.3666666666666667,1.8333333333333333,0.4000000000000001,7.333333333333333,5.903333333333333,5.596666666666667,10.493333333333334,49.96666666666667,404.3,234.5666666666667,405.8,233.0666666666667,405.3666666666666,234.5666666666667,405.2,234.13333333333333,5.44,1.3864866666666666,1.3064666666666667,2.4702266666666666,5.156299999999999,11326.566666666666,2.47,117.3,6759.633333333334,4.93,4.07,1.0580966666666667,0.9215103333333333,1.8221533333333333,3.7999033333333334,182.80000000000004,8594.966666666665,0.8937726666666667,0.9224396666666667,1.65886,3.4758533333333332
2026-02-11 06:45:00+00:00,0.0,5.2682926829268295,0.0,0.0,0.0,0.7399999999999999,0.7600000000000001,0.71,0.7399999999999999,0.0,5.8,3.7999999999999994,43.20000000000001,2.6,2.3,2.1,0.4000000000000001,7.32,5.89,5.59,10.48,49.9,404.1000000000001,234.30000000000004,405.6000000000001,233.0,405.1000000000001,234.5,405.0,234.0,5.44,1.3802,1.30158,2.4593,5.1324,11326.9,2.47,117.3,6759.899999999999,4.93,4.07,1.05189,0.9190650000000001,1.81002,3.77999,182.80000000000004,8595.3,0.889762,0.917283,1.65456,3.4655
2026-02-11 07:00:00+00:00,0.0,5.340909090909091,0.0,0.0,0.0,0.7399999999999999,0.77,0.71,0.7399999999999999,0.0,9.5,5.5,43.1,1.3,3.2000000000000006,3.6,0.5,7.3,5.87,5.59,10.45,50.0,402.5,233.69999999999996,404.2,232.0,403.7,233.6,403.5,233.1,5.36,1.36888,1.29458,2.44543,5.10926,11327.6,2.46,117.3,6760.3,4.93,4.01,1.04862,0.921895,1.81088,3.7876500000000006,182.80000000000004,8595.8,0.8787160000000002,0.9107439999999999,1.6392999999999998,3.4274399999999994
2026-02-11 07:15:00+00:00,0.0,5.15625,0.0,0.0,0.0,0.74,0.77,0.71,0.74,0.0,9.5,4.8,43.1,1.3,3.2,3.6,0.5,7.3,5.87,5.59,10.45,50.0,402.5,233.7,404.2,232.0,403.7,233.6,403.5,233.1,5.36,1.36888,1.29458,2.44543,5.10926,11327.6,2.46,117.3,6760.3,4.93,4.01,1.04862,0.921895,1.81088,3.78765,182.8,8595.8,0.878716,0.910744,1.6393,3.42744
2026-02-11 07:30:00+00:00,0.0,5.4,0.0,0.0,0.0,0.7399999999999999,0.77,0.71,0.7399999999999999,0.0,3.5666666666666664,7.2,43.03333333333333,1.0999999999999999,1.5333333333333332,2.266666666666667,0.43333333333333335,7.286666666666666,5.8500000000000005,5.583333333333333,10.423333333333334,50.0,401.76666666666665,233.23333333333335,403.5333333333333,231.6,402.90000000000003,233.13333333333333,402.8333333333333,232.70000000000002,5.36,1.3627333333333336,1.2912400000000002,2.4321966666666666,5.087073333333334,11328.333333333334,2.46,117.3,6760.833333333333,4.93,4.01,1.04788,0.919505,1.8015866666666664,3.7700833333333335,182.80000000000004,8596.333333333334,0.8727346666666667,0.9068593333333332,1.62984,3.40734
2026-02-11 07:45:00+00:00,0.0,5.609756097560975,0.0,0.0,0.0,0.7666666666666666,0.8300000000000001,0.71,0.7399999999999999,0.0,1.8,6.866666666666667,37.46666666666667,2.3333333333333335,1.9000000000000001,1.9333333333333336,0.3333333333333333,8.133333333333335,8.393333333333333,5.580000000000001,10.43,50.0,401.7333333333333,232.9333333333333,403.4666666666667,231.73333333333335,402.7,233.16666666666666,402.6333333333334,232.63333333333333,5.239999999999999,1.9523866666666665,1.2926166666666667,2.4303133333333333,5.675059999999999,11329.1,2.4466666666666668,117.3,6761.3,4.93,3.91,1.6357100000000002,0.9201266666666666,1.8046133333333332,4.359166666666667,182.80000000000004,8596.866666666667,1.063168,0.9058809999999999,1.62701,3.59727
2026-02-11 08:00:00+00:00,0.0,5.75,0.0,0.0,0.0,0.7666666666666666,0.8300000000000001,0.71,0.7399999999999999,0.0,3.8666666666666667,5.966666666666666,37.5,2.3000000000000003,2.733333333333333,2.466666666666667,0.3333333333333333,8.136666666666667,8.396666666666667,5.583333333333333,10.433333333333332,50.0,401.9666666666667,233.0,403.6666666666667,231.86666666666667,402.93333333333334,233.30000000000004,402.8,232.73333333333335,5.18,1.9537066666666665,1.2943966666666666,2.4331566666666666,5.68046,11329.5,2.44,117.3,6761.533333333333,4.93,3.86,1.6358500000000002,0.9217546666666667,1.8110433333333333,4.366703333333334,182.80000000000004,8597.166666666666,1.0636783333333335,0.9072783333333333,1.6284966666666667,3.6016999999999997
2026-02-11 08:15:00+00:00,0.0,5.5,0.0,0.0,0.0,0.7399999999999999,0.77,0.71,0.7399999999999999,0.0,6.333333333333333,5.766666666666667,43.13333333333333,1.4333333333333333,3.3000000000000003,3.1666666666666665,0.43333333333333335,7.286666666666666,5.853333333333333,5.583333333333333,10.423333333333334,49.96666666666667,402.0333333333333,233.23333333333335,403.7,231.80000000000004,403.1666666666667,233.30000000000004,402.93333333333334,232.80000000000004,5.25,1.3631366666666667,1.2913133333333333,2.432703333333333,5.08784,11330.066666666666,2.436666666666667,117.3,6761.933333333333,4.93,3.9333333333333336,1.04779,0.9212026666666667,1.8116933333333334,3.7787333333333333,182.80000000000004,8597.633333333333,0.8729166666666667,0.907509,1.6302333333333332,3.4106799999999997
2026-02-11 08:30:00+00:00,0.0,5.761904761904762,0.0,0.0,0.0,0.7399999999999999,0.77,0.71,0.7399999999999999,0.0,5.400000000000001,5.900000000000001,43.20000000000001,2.5,3.5,3.1,0.5,7.28,5.86,5.57,10.43,49.9,401.8999999999999,233.30000000000004,403.5,231.80000000000004,403.1000000000001,233.30000000000004,402.8,232.80000000000004,5.39,1.36217,1.28412,2.42989,5.07916,11330.4,2.43,117.3,6762.2,4.93,4.08,1.04751,0.91722,1.80262,3.76838,182.80000000000004,8597.9,0.8762,0.904309,1.6315599999999997,3.41088
2026-02-11 08:45:00+00:00,0.0,5.5,0.0,0.0,0.0,0.7433333333333333,0.77,0.7133333333333333,0.7399999999999999,0.0,5.466666666666666,4.433333333333334,43.20000000000001,1.9666666666666668,2.566666666666667,2.9333333333333336,0.5,7.273333333333333,5.8500000000000005,5.566666666666666,10.42,49.93333333333334,401.5666666666666,233.1,403.2,231.6,402.73333333333335,233.1,402.4666666666667,232.6,5.38,1.3603066666666666,1.2841966666666667,2.4249233333333335,5.07279,11330.833333333334,2.43,117.3,6762.433333333333,4.93,4.07,1.0481033333333334,0.9177373333333333,1.803403333333333,3.7703233333333337,182.80000000000004,8598.199999999999,0.870904,0.9016956666666666,1.625,3.3970100000000003
2026-02-11 09:00:00+00:00,0.0,5.033333333333333,0.0,0.0,0.0,0.75,0.77,0.72,0.74,0.0,5.6,1.5,43.2,0.9,0.7,2.6,0.5,7.26,5.83,5.56,10.4,50.0,400.9,232.7,402.6,231.2,402.0,232.7,401.8,232.2,5.36,1.35658,1.28435,2.41499,5.06005,11331.7,2.43,117.3,6762.9,4.93,4.05,1.04929,0.918772,1.80497,3.77421,182.8,8598.8,0.860312,0.896469,1.61188,3.36927
2026-02-11 09:15:00+00:00,0.0,5.425531914893617,0.0,0.0,0.0,0.75,0.77,0.7200000000000001,0.7399999999999999,0.0,5.599999999999999,1.5,43.20000000000001,0.9,0.6999999999999998,2.6,0.5,7.260000000000001,5.830000000000001,5.56,10.4,50.0,400.8999999999999,232.69999999999996,402.6000000000001,231.19999999999996,402.0,232.69999999999996,401.8,232.19999999999996,5.36,1.35658,1.28435,2.41499,5.06005,11331.700000000003,2.43,117.3,6762.899999999999,4.93,4.05,1.04929,0.918772,1.80497,3.77421,182.80000000000004,8598.8,0.860312,0.8964690000000001,1.61188,3.36927
2026-02-11 09:30:00+00:00,0.0,5.333333333333333,0.0,0.0,0.0,0.77,0.8300000000000001,0.7200000000000001,0.7399999999999999,0.0,4.466666666666666,2.225,37.733333333333334,0.7000000000000001,1.6333333333333335,2.1999999999999997,0.3666666666666667,8.106666666666667,8.39,5.553333333333334,10.38,50.0,400.1666666666667,231.96666666666667,401.9333333333334,231.0,401.2,232.4333333333333,401.1333333333334,231.79999999999998,5.260000000000001,1.9426800000000002,1.2806300000000002,2.4132833333333337,5.643436666666666,11332.433333333334,2.4166666666666665,117.3,6763.433333333333,4.93,3.9633333333333334,1.6290966666666666,0.9185340000000001,1.79755,4.347356666666667,182.80000000000004,8599.4,1.0522173333333333,0.8931716666666666,1.60928,3.5551100000000004
2026-02-11 09:45:00+00:00,0.0,5.65,0.0,0.0,0.0,0.7600000000000001,0.8066666666666666,0.7200000000000001,0.7466666666666667,0.0,5.7,5.966666666666666,40.4,2.466666666666667,3.5,3.533333333333333,0.3666666666666667,7.6499999999999995,7.09,5.536666666666666,10.343333333333334,50.0,399.40000000000003,231.73333333333335,400.6666666666667,230.36666666666667,400.3333333333333,231.9,400.1333333333334,231.33333333333334,5.21,1.6372033333333331,1.27153,2.3920033333333333,5.303263333333334,11333.133333333331,2.41,117.3,6763.966666666667,4.93,3.92,1.3314133333333333,0.9126856666666666,1.7856066666666666,4.031423333333334,182.80000000000004,8599.966666666667,0.946958,0.886157,1.5948066666666667,3.42545
2026-02-11 10:00:00+00:00,0.0,5.512820512820513,0.0,0.0,0.0,0.75,0.7799999999999999,0.7200000000000001,0.75,0.0,7.466666666666666,6.6000000000000005,43.1,2.566666666666667,5.066666666666666,5.266666666666667,0.43333333333333335,7.213333333333334,5.8,5.533333333333334,10.33,50.0,399.1333333333334,231.73333333333335,400.3,230.03333333333333,400.1000000000001,231.6,399.8333333333333,231.13333333333333,5.21,1.33873,1.2657100000000001,2.382516666666667,4.98687,11333.5,2.41,117.3,6764.233333333334,4.93,3.92,1.0392466666666667,0.9081723333333334,1.7815833333333335,3.7290733333333335,182.80000000000004,8600.233333333334,0.846911,0.8814476666666667,1.5846333333333333,3.309816666666667
2026-02-11 10:15:00+00:00,0.0,5.282051282051282,0.0,0.0,0.0,0.75,0.7766666666666667,0.7200000000000001,0.75,0.0,8.266666666666666,5.766666666666667,43.13333333333333,1.0333333333333334,4.933333333333333,5.966666666666666,0.5,7.226666666666667,6.1866666666666665,5.536666666666666,10.34,50.0,399.43333333333334,231.83333333333334,401.0,230.16666666666666,400.56666666666666,231.73333333333335,400.3333333333333,231.26666666666665,5.19,1.3419233333333331,1.26463,2.3903000000000003,4.997616666666667,11334.1,2.4066666666666667,117.3,6764.599999999999,4.93,3.9066666666666663,1.0405666666666666,0.908026,1.7842766666666667,3.7320933333333333,182.80000000000004,8600.666666666666,0.850202,0.8804763333333333,1.5859699999999999,3.3158499999999997
2026-02-11 10:30:00+00:00,0.0,5.414634146341464,0.0,0.0,0.0,0.75,0.77,0.7200000000000001,0.75,0.0,6.400000000000001,7.7,43.20000000000001,1.3,1.2,3.5,0.5,7.239999999999999,6.96,5.53,10.36,50.0,400.3,232.30000000000004,402.0,230.69999999999996,401.5,232.4,401.2,231.80000000000004,5.15,1.34515,1.27127,2.40296,5.02095,11334.5,2.4,117.3,6764.8,4.93,3.8800000000000003,1.0367,0.9143279999999999,1.78929,3.7425200000000003,182.80000000000004,8601.0,0.854548,0.8866390000000001,1.60299,3.34529
2026-02-11 10:45:00+00:00,0.0,5.090909090909091,0.0,0.0,0.0,0.7466666666666667,0.77,0.7166666666666667,0.7466666666666667,0.0,5.3,5.8999999999999995,43.20000000000001,1.3,1.2333333333333334,3.033333333333333,0.4666666666666666,7.263333333333333,6.596666666666667,5.55,10.393333333333333,50.0,401.4666666666667,233.0,403.1666666666667,231.4333333333333,402.6333333333334,233.0,402.40000000000003,232.4666666666667,5.19,1.3556333333333335,1.2808766666666667,2.4203566666666667,5.055523333333333,11334.866666666667,2.4033333333333333,117.3,6765.066666666667,4.93,3.9166666666666665,1.0421433333333334,0.915984,1.79558,3.75427,182.80000000000004,8601.233333333334,0.8661883333333332,0.89779,1.6195766666666664,3.3833466666666667
2026-02-11 11:00:00+00:00,0.0,5.255813953488372,0.0,0.0,0.0,0.7399999999999999,0.77,0.71,0.7399999999999999,0.0,3.1,2.3,43.20000000000001,1.3,1.3,2.1,0.4000000000000001,7.31,5.87,5.59,10.46,50.0,404.3,234.70000000000002,406.0,233.16666666666666,405.3999999999999,234.5333333333333,405.3,234.1,5.27,1.3766,1.30009,2.45515,5.12467,11335.6,2.41,117.3,6765.600000000001,4.93,3.99,1.05303,0.919296,1.80816,3.77777,182.80000000000004,8601.7,0.889469,0.920092,1.65275,3.45946
2026-02-11 11:15:00+00:00,0.0,5.325,0.0,0.0,0.0,0.7399999999999999,0.7600000000000001,0.71,0.7399999999999999,0.0,8.4,8.1,43.20000000000001,2.7999999999999994,2.6,2.1,0.4000000000000001,7.34,5.900000000000001,5.62,10.5,50.0,405.3,235.30000000000004,407.0,233.69999999999996,406.3999999999999,235.19999999999996,406.3,234.69999999999996,5.27,1.38645,1.31082,2.47305,5.17068,11336.200000000003,2.41,117.3,6765.899999999999,4.93,3.99,1.05667,0.92833,1.8190099999999998,3.80207,182.80000000000004,8602.2,0.8975589999999999,0.926087,1.6693299999999998,3.4950500000000004
2026-02-11 11:30:00+00:00,0.0,5.196428571428571,0.0,0.0,0.0,0.74,0.76,0.71,0.74,0.0,8.25,7.2749999999999995,43.150000000000006,2.375,2.4,2.2,0.4,7.3375,5.9,5.6175,10.495000000000001,50.0,405.25,235.275,406.9,233.67499999999998,406.275,235.17499999999998,406.175,234.67499999999998,5.31,1.3869775,1.3108725,2.47098,5.1693125,11336.475,2.42,117.3,6766.099999999999,4.93,4.0125,1.057095,0.9283405,1.82051,3.8024575,182.8,8602.400000000001,0.89700875,0.9262965,1.66798,3.4930975
2026-02-11 11:45:00+00:00,0.0,5.3,0.0,0.0,0.0,0.7399999999999999,0.7633333333333333,0.71,0.7399999999999999,0.0,6.7,4.1000000000000005,43.0,1.8666666666666665,2.2333333333333334,2.2666666666666666,0.4000000000000001,7.326666666666667,5.896666666666667,5.61,10.476666666666667,50.0,405.0,235.1,406.5,233.5,405.8333333333333,235.0,405.7,234.5,5.44,1.38645,1.3103733333333334,2.4654833333333332,5.16024,11337.5,2.456666666666667,117.3,6766.866666666666,4.93,4.083333333333333,1.0576,0.9269466666666667,1.8215666666666668,3.8008466666666667,182.80000000000004,8603.166666666666,0.8946663333333333,0.9266246666666667,1.6623433333333333,3.484023333333333
2026-02-11 12:00:00+00:00,0.0,5.545454545454546,0.0,0.0,0.0,0.7399999999999999,0.7666666666666666,0.71,0.7399999999999999,0.0,4.733333333333333,4.033333333333334,43.0,2.766666666666667,2.6,1.9333333333333336,0.4000000000000001,7.330000000000001,5.8999999999999995,5.616666666666667,10.486666666666666,50.0,405.3,235.20000000000002,406.8,233.6,406.2,235.1,406.0,234.6,5.46,1.3855933333333335,1.3106466666666667,2.4687699999999997,5.162073333333333,11338.1,2.47,117.3,6767.333333333333,4.93,4.09,1.0574733333333333,0.9248363333333334,1.8179066666666668,3.8003699999999996,182.80000000000004,8603.633333333333,0.8968813333333334,0.9279033333333334,1.6641233333333334,3.48752
2026-02-11 12:15:00+00:00,0.0,5.5,0.0,0.0,0.0,0.7399999999999999,0.7600000000000001,0.71,0.7399999999999999,0.0,5.2,6.7,43.0,1.5,1.6000000000000003,2.2,0.4000000000000001,7.349999999999999,5.919999999999999,5.63,10.52,50.0,406.3,235.80000000000004,407.8,234.19999999999996,407.2,235.69999999999996,407.0,235.19999999999996,5.46,1.39232,1.31382,2.47249,5.18562,11338.5,2.47,117.3,6767.600000000001,4.93,4.09,1.0603,0.926317,1.8243599999999998,3.8105099999999994,182.80000000000004,8603.9,0.904078,0.9316619999999999,1.67403,3.50738
2026-02-11 12:30:00+00:00,0.0,5.159090909090909,0.0,0.0,0.0,0.73,0.7600000000000001,0.6999999999999998,0.7399999999999999,0.0,3.6,2.7000000000000006,43.1,3.4,3.2000000000000006,1.3,0.4000000000000001,7.34,5.919999999999999,5.599999999999999,10.51,50.0,406.3,235.80000000000004,407.8,234.30000000000004,407.3999999999999,235.69999999999996,407.1000000000001,235.30000000000004,5.46,1.3942000000000003,1.31229,2.47353,5.17885,11339.1,2.47,117.3,6767.8,4.93,4.09,1.05409,0.9223560000000001,1.81633,3.79651,182.80000000000004,8604.3,0.90848,0.9322909999999999,1.68011,3.52209
2026-02-11 12:45:00+00:00,0.0,5.512195121951219,0.0,0.0,0.0,0.77,0.85,0.6999999999999998,0.7399999999999999,0.0,2.7000000000000006,4.0,35.7,2.4,1.8999999999999997,1.5,0.3,8.75,10.09,5.62,10.53,50.0,406.1000000000001,235.19999999999996,407.8999999999999,234.4,407.1000000000001,235.9,406.8999999999999,235.19999999999996,5.17,2.36724,1.31665,2.48533,6.16612,11339.6,2.47,117.3,6768.3,4.93,3.81,2.01242,0.9255210000000001,1.8313,4.76282,182.80000000000004,8604.8,1.24936,0.933297,1.68388,3.86608
2026-02-11 13:00:00+00:00,0.0,5.439024390243903,0.0,0.0,0.0,0.73,0.7600000000000001,0.6999999999999998,0.73,0.0,5.599999999999999,4.1,43.0,2.9,3.4,2.7999999999999994,0.4000000000000001,7.349999999999999,5.919999999999999,5.62,10.51,50.0,405.8,235.5,407.3999999999999,233.9,406.8,235.4,406.7,234.9,5.17,1.39022,1.30967,2.47601,5.17271,11340.200000000003,2.47,117.3,6768.7,4.93,3.81,1.06051,0.92332,1.81275,3.79888,182.80000000000004,8605.2,0.9033859999999999,0.93248,1.6768,3.51205
2026-02-11 13:15:00+00:00,0.0,5.4,0.0,0.0,0.0,0.7399999999999999,0.7600000000000001,0.6999999999999998,0.73,0.0,3.7000000000000006,1.8,43.0,5.2,9.9,3.0,0.4000000000000001,7.36,5.919999999999999,5.63,10.53,50.0,405.8,235.6,407.3999999999999,233.9,406.8,235.5,406.8,235.0,5.489999999999999,1.39368,1.31267,2.47722,5.17887,11340.799999999997,2.48,117.3,6769.100000000001,4.93,4.11,1.06139,0.922,1.8289099999999998,3.8086700000000007,182.80000000000004,8605.5,0.9051680000000001,0.932731,1.67659,3.51402
2026-02-11 13:30:00+00:00,0.0,5.594594594594595,0.0,0.0,0.0,0.77,0.85,0.6999999999999998,0.73,0.0,3.2999999999999994,2.2,36.0,1.7,2.2,2.6,0.3,8.81,10.27,5.63,10.55,49.9,405.8999999999999,235.0,407.7,234.4,406.8999999999999,235.80000000000004,406.8,235.1,5.489999999999999,2.39386,1.30745,2.47295,6.19775,11341.299999999997,2.48,117.3,6769.5,4.93,4.11,2.03661,0.919086,1.8200399999999999,4.77691,182.80000000000004,8606.0,1.27131,0.925207,1.66759,3.86271
2026-02-11 13:45:00+00:00,0.0,5.590909090909091,0.0,0.0,0.0,0.7433333333333333,0.79,0.6999999999999998,0.73,0.0,3.1666666666666665,1.4000000000000001,40.733333333333334,2.5,3.0666666666666664,2.9333333333333336,0.3666666666666667,7.830000000000001,7.37,5.609999999999999,10.516666666666667,49.96666666666667,405.3666666666666,235.13333333333333,407.3666666666666,233.73333333333335,407.09999999999997,235.33333333333334,406.93333333333334,234.76666666666665,5.523333333333333,1.7289,1.3127966666666666,2.47873,5.526656666666667,11341.766666666668,2.48,117.3,6769.7,4.93,4.136666666666667,1.3832766666666665,0.9241306666666667,1.8252666666666666,4.132643333333333,182.80000000000004,8606.333333333334,1.0294933333333331,0.9319003333333334,1.6777766666666667,3.640496666666666
2026-02-11 14:00:00+00:00,0.0,5.196428571428571,0.0,0.0,0.0,0.73,0.76,0.7,0.7375,0.0,6.924999999999999,3.175,43.025,1.85,3.05,2.5,0.4,7.34,5.9125,5.6075,10.4925,50.0,405.25,235.05,407.2,233.25,406.9,234.875,406.92499999999995,234.375,5.54,1.3928725000000002,1.3122675,2.47835,5.18091,11342.45,2.48,117.3,6770.1,4.93,4.15,1.0564375000000001,0.925285,1.823605,3.80355,182.8,8606.8,0.9063837499999999,0.9341775,1.6784675,3.517015
2026-02-11 14:15:00+00:00,0.0,5.392857142857143,0.0,0.0,0.0,0.77,0.85,0.7,0.74,0.0,4.9,3.8,34.6,1.7,1.9,2.6,0.3,8.62,9.68,5.63,10.54,50.0,405.8,235.1,407.6,234.3,406.3,235.7,406.5,235.0,5.54,2.26646,1.31166,2.47737,6.05346,11343.1,2.48,117.3,6770.6,4.93,4.15,1.93365,0.925898,1.83151,4.69049,182.8,8607.5,1.18789,0.932061,1.67753,3.79701
2026-02-11 14:30:00+00:00,0.0,5.45945945945946,0.0,0.0,0.0,0.7566666666666667,0.82,0.6999999999999998,0.7399999999999999,0.0,5.400000000000001,5.1000000000000005,37.46666666666667,1.8,2.433333333333333,2.733333333333333,0.3666666666666667,8.2,8.426666666666668,5.63,10.54,49.96666666666667,405.8,235.23333333333335,407.5,234.16666666666666,406.5,235.63333333333333,406.5333333333333,235.0,5.533333333333334,1.9749866666666664,1.3113466666666669,2.4763133333333336,5.759296666666667,11343.333333333334,2.48,117.3,6770.733333333334,4.93,4.1433333333333335,1.6399966666666668,0.924277,1.8308866666666666,4.395123333333333,182.80000000000004,8607.633333333333,1.0935863333333333,0.9321726666666666,1.6775566666666666,3.7032333333333334
2026-02-11 14:45:00+00:00,0.0,5.535714285714286,0.0,0.0,0.0,0.75,0.8049999999999999,0.7,0.735,0.0,6.0,5.55,39.1,3.45,3.0,2.95,0.4,8.01,7.875,5.62,10.535,49.9,405.6,235.15,407.20000000000005,233.95,406.54999999999995,235.5,406.35,234.9,5.52,1.84735,1.3116500000000002,2.47698,5.63246,11344.099999999999,2.48,117.3,6771.2,4.93,4.13,1.505275,0.921161,1.824545,4.25158,182.8,8608.15,1.0586745,0.932658,1.6788150000000002,3.6705300000000003
2026-02-11 15:00:00+00:00,0.0,5.344827586206897,0.0,0.0,0.0,0.75,0.8049999999999999,0.7,0.73,0.0,6.1,4.133333333333334,39.05,3.0500000000000003,2.0,2.2,0.4,8.01,7.875,5.615,10.535,49.9,405.75,235.25,407.4,234.05,406.7,235.55,406.55,234.95,5.51,1.8484099999999999,1.313085,2.482295,5.64449,11344.7,2.48,117.3,6771.6,4.93,4.125,1.50584,0.9219995,1.819305,4.247085,182.8,8608.599999999999,1.0628565,0.9355294999999999,1.683775,3.68255
2026-02-11 15:15:00+00:00,0.0,5.3076923076923075,0.0,0.0,0.0,0.7433333333333333,0.79,0.6999999999999998,0.73,0.0,6.166666666666667,3.8000000000000003,40.699999999999996,1.5999999999999999,2.0,1.9666666666666668,0.43333333333333335,7.833333333333333,7.343333333333334,5.62,10.54,49.93333333333334,406.2666666666667,235.63333333333333,407.90000000000003,234.26666666666665,407.23333333333335,235.79999999999998,407.1666666666667,235.20000000000002,5.5,1.7258633333333335,1.3137833333333333,2.4854933333333333,5.525286666666666,11345.166666666666,2.48,117.3,6771.900000000001,4.93,4.12,1.3796633333333332,0.9229286666666666,1.8217100000000002,4.123259999999999,182.80000000000004,8608.933333333332,1.0324686666666667,0.9377270000000001,1.6885199999999998,3.658723333333333
2026-02-11 15:30:00+00:00,0.0,5.381818181818182,0.0,0.0,0.0,0.76,0.8275,0.7,0.73,0.0,5.675,6.025,37.7,1.95,2.85,2.9,0.325,8.424999999999999,9.125,5.6175,10.5375,50.0,406.675,235.675,408.325,234.625,407.425,236.14999999999998,407.55,235.45,5.5,2.1414874999999998,1.314895,2.4856825,5.939010000000001,11345.675,2.4825,117.3,6772.25,4.93,4.115,1.7888075,0.9228905000000001,1.8264125,4.5350399999999995,182.8,8609.325,1.18079925,0.93704975,1.6894099999999999,3.8066924999999996
2026-02-11 15:45:00+00:00,0.0,5.340909090909091,0.0,0.0,0.0,0.73,0.7600000000000001,0.6999999999999998,0.7333333333333334,0.0,6.8,6.099999999999999,43.1,0.6,2.4,2.9,0.4000000000000001,7.373333333333334,5.9433333333333325,5.62,10.546666666666667,50.0,407.4666666666667,236.5,408.9666666666667,235.0,408.40000000000003,236.36666666666667,408.3,235.9333333333333,5.5,1.4030033333333334,1.3159233333333333,2.4863733333333333,5.205086666666666,11346.4,2.49,117.3,6772.8,4.93,4.1,1.0641433333333332,0.923523,1.8304799999999999,3.81546,182.80000000000004,8609.833333333334,0.9157670000000001,0.9413536666666666,1.6931133333333335,3.5448166666666663
2026-02-11 16:00:00+00:00,0.0,5.205128205128205,0.0,0.0,0.0,0.73,0.7600000000000001,0.6999999999999998,0.7399999999999999,0.0,56.1,0.8000000000000002,32.7,2.7000000000000006,1.8,5.7,0.3,7.400000000000001,5.97,5.64,10.58,50.0,408.6000000000001,237.1,410.1000000000001,235.6,409.6000000000001,237.1,409.5,236.6,5.5,1.41273,1.31363,2.49458,5.21798,11346.799999999997,2.49,117.3,6773.0,4.93,4.1,1.07007,0.927617,1.841,3.83994,182.80000000000004,8610.1,0.925227,0.949081,1.70706,3.56129
2026-02-11 16:15:00+00:00,0.0,5.0,0.0,0.0,0.0,0.73,0.7600000000000001,0.6999999999999998,0.73,0.0,5.900000000000001,3.2000000000000006,43.20000000000001,2.4,2.7999999999999994,2.6,0.4000000000000001,7.41,5.97,5.66,10.61,50.1,409.1000000000001,237.4,410.8999999999999,235.9,410.3999999999999,237.5,410.2,236.9,5.54,1.41925,1.33396,2.52753,5.27957,11347.5,2.5,117.3,6773.399999999999,4.93,4.13,1.07277,0.933444,1.84394,3.85042,182.80000000000004,8610.6,0.927428,0.9516589999999999,1.7166,3.6016
2026-02-11 16:30:00+00:00,0.0,5.44,0.0,0.0,0.0,0.73,0.76,0.7,0.73,0.0,4.9,6.1,43.1,3.1,2.8,2.2,0.4,7.42,5.98,5.66,10.61,50.0,409.4,237.5,411.0,236.0,410.4,237.6,410.2,237.0,5.54,1.41753,1.33153,2.52065,5.27284,11348.1,2.5,117.3,6773.8,4.93,4.13,1.06594,0.931306,1.8366,3.83845,182.8,8611.1,0.927638,0.951827,1.71608,3.59487
2026-02-11 16:45:00+00:00,0.0,5.095238095238095,0.0,0.0,0.0,0.73,0.7600000000000001,0.6999999999999998,0.73,0.0,4.9,6.099999999999999,43.1,3.1,2.7999999999999994,2.2,0.4000000000000001,7.419999999999999,7.359999999999999,5.66,10.61,50.0,409.5333333333333,237.4333333333333,411.2,236.20000000000002,410.5,237.73333333333335,410.40000000000003,237.1,5.54,1.41753,1.33153,2.52065,5.27284,11348.1,2.5,117.3,6773.8,4.93,4.13,1.06594,0.9313059999999999,1.8366,3.83845,182.80000000000004,8611.1,0.927638,0.9518270000000001,1.71608,3.59487
2026-02-11 17:00:00+00:00,0.0,5.571428571428571,0.0,0.0,0.0,0.77,0.85,0.69,0.73,0.0,3.1,5.8,35.5,3.4,3.1,2.5,0.3,8.81,10.12,5.669999999999999,10.64,50.0,409.8,237.30000000000004,411.6000000000001,236.6,410.7,238.0,410.8,237.30000000000004,5.32,2.39824,1.34019,2.53683,6.279039999999999,11349.299999999997,2.52,117.3,6774.7,4.93,3.89,2.02948,0.92921,1.83859,4.79975,182.80000000000004,8611.9,1.28428,0.9661430000000001,1.73947,3.98929
2026-02-11 17:15:00+00:00,0.0,5.578947368421052,0.0,0.0,0.0,0.7200000000000001,0.75,0.69,0.7200000000000001,0.0,6.900000000000001,4.7,43.1,2.4,1.8999999999999997,2.6,0.4000000000000001,7.46,6.010000000000001,5.68,10.68,50.1,411.8,239.0,413.6000000000001,237.5,413.0,239.1,412.8,238.5,5.32,1.4382399999999997,1.3501,2.55432,5.34094,11349.9,2.52,117.3,6775.2,4.93,3.89,1.07594,0.93684,1.85978,3.8695800000000005,182.80000000000004,8612.4,0.952979,0.974653,1.75521,3.6852700000000005
2026-02-11 17:30:00+00:00,0.0,5.232142857142857,0.0,0.0,0.0,0.7224999999999999,0.7525,0.6924999999999999,0.7224999999999999,0.0,6.775,4.3,43.1,2.2,2.05,2.35,0.4,7.4275,5.9875,5.654999999999999,10.635,50.075,410.425,238.2,411.95000000000005,236.675,411.4,238.25,411.175,237.7,5.4,1.42712,1.3410025,2.5346325,5.30156,11350.225,2.525,117.3,6775.4,4.93,3.9625,1.0709075,0.93128,1.8483525,3.8481275,182.8,8612.625,0.94050225,0.96245375,1.7346325,3.6416475
2026-02-11 17:45:00+00:00,0.0,5.7368421052631575,0.0,0.0,0.0,0.73,0.7600000000000001,0.6999999999999998,0.73,0.0,6.400000000000001,3.1,43.1,1.6000000000000003,2.5,1.6000000000000003,0.4000000000000001,7.330000000000001,5.919999999999999,5.580000000000001,10.5,50.0,406.3,235.80000000000004,407.0,234.19999999999996,406.6000000000001,235.69999999999996,406.3,235.30000000000004,5.64,1.39376,1.31371,2.47557,5.18342,11351.200000000003,2.54,117.3,6776.0,4.93,4.18,1.05581,0.9146,1.81407,3.78377,182.80000000000004,8613.3,0.903072,0.925856,1.6729,3.51078
2026-02-11 18:00:00+00:00,0.0,5.155555555555556,0.0,0.0,0.0,0.73,0.7600000000000001,0.6999999999999998,0.73,0.0,6.400000000000001,3.1,43.1,1.6000000000000003,2.5,1.6000000000000003,0.4000000000000001,7.330000000000001,5.919999999999999,5.580000000000001,10.5,50.0,406.3,235.80000000000004,407.0,234.19999999999996,406.6000000000001,235.69999999999996,406.3,235.30000000000004,5.64,1.39376,1.31371,2.47557,5.18342,11351.200000000003,2.54,117.3,6776.0,4.93,4.18,1.05581,0.9146,1.81407,3.78377,182.80000000000004,8613.3,0.903072,0.925856,1.6729,3.51078
2026-02-11 18:15:00+00:00,0.0,5.245283018867925,0.0,0.0,0.0,0.73,0.76,0.7,0.7324999999999999,0.0,1.575,4.925,43.025,1.5,2.875,2.45,0.4,7.37,5.94,5.63,10.545,50.1,407.875,236.7,409.5,235.15,408.875,236.65,408.75,236.125,5.5325,1.4072425,1.3238874999999999,2.4989925,5.23063,11352.449999999999,2.515,117.3,6776.8,4.93,4.1000000000000005,1.06689,0.92836125,1.83314,3.83096,182.8,8614.300000000001,0.917006,0.9431175,1.6966875000000001,3.5586425
2026-02-11 18:30:00+00:00,0.0,5.4,0.0,0.0,0.0,0.73,0.7600000000000001,0.6999999999999998,0.7399999999999999,0.0,2.1,2.9,43.1,0.3,1.6000000000000003,1.7,0.4000000000000001,7.34,5.91,5.599999999999999,10.5,50.1,406.3,235.80000000000004,408.0,234.4,407.3,235.9,407.1000000000001,235.30000000000004,5.48,1.39531,1.31386,2.48697,5.19229,11352.9,2.5,117.3,6777.100000000001,4.93,4.07,1.06095,0.925374,1.82132,3.81005,182.80000000000004,8614.6,0.905231,0.9317670000000001,1.6818,3.5215100000000006
2026-02-11 18:45:00+00:00,0.0,5.236363636363636,0.0,0.0,0.0,0.73,0.76,0.7,0.74,0.0,2.1,2.9,43.1,0.3,1.6,1.7,0.4,7.34,5.91,5.6,10.5,50.1,406.3,235.8,408.0,234.4,407.3,235.9,407.1,235.3,5.48,1.39531,1.31386,2.48697,5.19229,11352.9,2.5,117.3,6777.1,4.93,4.07,1.06095,0.925374,1.82132,3.81005,182.8,8614.6,0.905231,0.931767,1.6818,3.52151
2026-02-11 19:00:00+00:00,0.0,5.8,0.0,0.0,0.0,0.73,0.7600000000000001,0.7033333333333333,0.7399999999999999,0.0,4.566666666666666,3.4666666666666663,43.1,0.7000000000000001,1.3333333333333333,1.6666666666666667,0.43333333333333335,7.343333333333334,5.916666666666667,5.6066666666666665,10.506666666666666,50.06666666666666,406.3666666666666,235.83333333333334,408.06666666666666,234.36666666666667,407.40000000000003,235.9,407.1666666666667,235.33333333333334,5.493333333333333,1.39362,1.3108266666666666,2.48119,5.185203333333333,11353.5,2.4933333333333336,117.3,6777.5,4.93,4.09,1.0602099999999999,0.9229986666666666,1.8197133333333333,3.806976666666667,182.80000000000004,8615.033333333333,0.904742,0.928567,1.6754366666666665,3.509323333333333
2026-02-11 19:15:00+00:00,0.0,5.211538461538462,0.0,0.0,0.0,0.73,0.76,0.71,0.74,0.0,9.5,4.6,43.1,1.5,0.8,1.6,0.5,7.35,5.93,5.62,10.52,50.0,406.5,235.9,408.2,234.3,407.6,235.9,407.3,235.4,5.52,1.39024,1.30476,2.46963,5.17103,11354.7,2.48,117.3,6778.3,4.93,4.13,1.05873,0.918248,1.8165,3.80083,182.8,8615.9,0.903764,0.922167,1.66271,3.48495
2026-02-11 19:30:00+00:00,0.0,5.365853658536586,0.0,0.0,0.0,0.73,0.7600000000000001,0.71,0.7399999999999999,0.0,9.5,4.6,43.1,1.5,0.8000000000000002,1.6000000000000003,0.5,7.349999999999999,5.93,5.62,10.52,50.0,406.5,235.9,408.2,234.30000000000004,407.6000000000001,235.9,407.3,235.4,5.52,1.3902399999999997,1.30476,2.46963,5.17103,11354.700000000003,2.48,117.3,6778.3,4.93,4.13,1.05873,0.9182479999999998,1.8165000000000002,3.80083,182.80000000000004,8615.9,0.9037640000000001,0.922167,1.66271,3.48495
2026-02-11 19:45:00+00:00,0.0,5.238095238095238,0.0,0.0,0.0,0.73,0.76,0.71,0.74,0.0,9.5,4.6,43.1,1.5,0.8,1.6,0.5,7.35,5.93,5.62,10.52,50.0,406.5,235.9,408.2,234.3,407.6,235.9,407.3,235.4,5.52,1.39024,1.30476,2.46963,5.17103,11354.7,2.48,117.3,6778.3,4.93,4.13,1.05873,0.918248,1.8165,3.80083,182.8,8615.9,0.903764,0.922167,1.66271,3.48495
2026-02-11 20:00:00+00:00,0.0,5.435897435897436,0.0,0.0,0.0,0.77,0.85,0.6999999999999998,0.7399999999999999,0.0,4.9,1.8,35.2,3.2999999999999994,3.2999999999999994,3.5,0.4000000000000001,8.7,9.86,5.63,10.6,50.0,407.2,236.0,409.3,235.0,408.5,236.69999999999996,408.3999999999999,235.9,5.32,2.32234,1.32432,2.50435,6.15457,11356.9,2.49,117.3,6779.899999999999,4.93,3.93,1.9759,0.930719,1.8423,4.75519,182.80000000000004,8617.7,1.23029,0.94361,1.7047099999999997,3.8745099999999995
2026-02-11 20:15:00+00:00,0.0,5.163636363636364,0.0,0.0,0.0,0.77,0.85,0.7,0.74,0.0,4.9,1.8,35.2,3.3,3.3,3.5,0.4,8.7,9.86,5.63,10.6,50.0,407.2,236.0,409.3,235.0,408.5,236.7,408.4,235.9,5.32,2.32234,1.32432,2.50435,6.15457,11356.9,2.49,117.3,6779.9,4.93,3.93,1.9759,0.930719,1.8423,4.75519,182.8,8617.7,1.23029,0.94361,1.70471,3.87451
2026-02-11 20:30:00+00:00,0.0,5.188679245283019,0.0,0.0,0.0,0.77,0.85,0.7,0.73,0.0,1.5,2.4,35.7,1.5,3.9,1.5,0.4,8.79,10.1,5.64,10.62,50.0,407.5,236.1,409.7,235.3,408.7,237.0,408.5,236.1,5.55,2.37034,1.31443,2.50386,6.18457,11358.1,2.51,117.3,6780.6,4.93,4.13,2.01194,0.927994,1.83909,4.77861,182.8,8618.6,1.26722,0.935163,1.6992,3.89838
2026-02-11 20:45:00+00:00,0.0,5.594594594594595,0.0,0.0,0.0,0.7566666666666667,0.8166666666666668,0.6999999999999998,0.73,0.0,3.3000000000000003,3.033333333333333,38.300000000000004,1.5333333333333332,2.9,1.6666666666666667,0.43333333333333335,8.323333333333332,8.713333333333333,5.636666666666667,10.613333333333332,50.0,407.43333333333334,236.16666666666666,409.56666666666666,235.16666666666666,408.76666666666665,236.9,408.5,236.0666666666667,5.55,2.0476933333333336,1.3159666666666665,2.5052166666666666,5.865659999999999,11358.5,2.51,117.3,6780.866666666666,4.93,4.13,1.6946366666666668,0.9279523333333334,1.8380999999999998,4.4602233333333325,182.80000000000004,8618.9,1.1520766666666666,0.9363786666666667,1.7011366666666667,3.786986666666667
2026-02-11 21:00:00+00:00,0.0,5.5,0.0,0.0,0.0,0.73,0.75,0.7,0.73,0.0,6.9,4.3,43.5,1.6,0.9,2.0,0.5,7.39,5.94,5.63,10.6,50.0,407.3,236.3,409.3,234.9,408.9,236.7,408.5,236.0,5.55,1.4024,1.31904,2.50793,5.22784,11359.3,2.51,117.3,6781.4,4.93,4.13,1.06003,0.927869,1.83612,3.82345,182.8,8619.5,0.92179,0.93881,1.70501,3.5642
2026-02-11 21:15:00+00:00,0.0,5.25,0.0,0.0,0.0,0.73,0.75,0.6999999999999998,0.73,0.0,6.900000000000001,4.3,43.5,1.6000000000000003,0.9,2.0,0.5,7.39,5.94,5.63,10.6,50.0,407.3,236.30000000000004,409.3,234.9,408.8999999999999,236.69999999999996,408.5,236.0,5.55,1.4024,1.31904,2.50793,5.22784,11359.299999999997,2.51,117.3,6781.399999999999,4.93,4.13,1.06003,0.9278689999999999,1.83612,3.82345,182.80000000000004,8619.5,0.92179,0.93881,1.70501,3.5642
2026-02-11 21:30:00+00:00,0.0,5.529411764705882,0.0,0.0,0.0,0.754,0.8099999999999999,0.7,0.73,0.0,6.24,5.8,38.52,1.4200000000000002,1.26,1.64,0.44000000000000006,8.164,8.256,5.63,10.606,49.94,406.88,235.88000000000002,408.88,234.84,408.24,236.58,407.96000000000004,235.76,5.531999999999999,1.938044,1.3176780000000001,2.504696,5.761204,11360.380000000001,2.504,117.3,6782.06,4.93,4.1240000000000006,1.5981100000000001,0.9270638,1.8330600000000001,4.355428,182.8,8620.220000000001,1.09792,0.9359426,1.70273,3.7351280000000004
2026-02-11 21:45:00+00:00,0.0,5.608695652173913,0.0,0.0,0.0,0.73,0.7600000000000001,0.6999999999999998,0.73,0.0,7.0,4.5,43.5,2.2,2.5,2.0,0.5,7.39,5.95,5.62,10.61,50.0,407.0,236.4,409.0,234.69999999999996,408.7,236.5,408.3,235.9,5.52,1.4085600000000003,1.3195,2.50445,5.2301,11361.700000000003,2.5,117.3,6782.899999999999,4.93,4.12,1.06061,0.9297970000000001,1.83939,3.83061,182.80000000000004,8621.2,0.919757,0.935352,1.70163,3.561
2026-02-11 22:00:00+00:00,0.0,5.56,0.0,0.0,0.0,0.77,0.85,0.71,0.74,0.0,1.7,5.6,35.6,2.0,0.9,1.4,0.4,8.75,10.01,5.63,10.61,50.0,406.8,235.8,409.0,234.9,408.3,236.7,408.0,235.8,5.54,2.35144,1.31696,2.5116,6.17966,11362.3,2.5,117.3,6783.3,4.93,4.14,1.9984,0.928372,1.84364,4.77062,182.8,8621.6,1.24272,0.93139,1.69887,3.8761
2026-02-11 22:15:00+00:00,0.0,5.365384615384615,0.0,0.0,0.0,0.73,0.76,0.71,0.74,0.0,4.975,4.775,43.5,2.425,2.7,2.725,0.5,7.3825,5.94,5.62,10.59,50.025,406.825,236.4,408.875,234.65,408.5,236.525,408.1,235.77499999999998,5.54,1.399495,1.3100425,2.494995,5.20511,11363.05,2.5,117.3,6783.875,4.93,4.14,1.0628000000000002,0.9297394999999999,1.8487325000000001,3.8402325,182.8,8622.2,0.916157,0.9316202499999999,1.6954475,3.5335650000000003
2026-02-11 22:30:00+00:00,0.0,5.428571428571429,0.0,0.0,0.0,0.73,0.76,0.71,0.74,0.0,4.449999999999999,1.7,43.55,2.25,2.2,2.3,0.5,7.39,5.94,5.62,10.594999999999999,50.05,407.2,236.6,409.15,234.8,408.8,236.64999999999998,408.4,236.0,5.54,1.401405,1.318065,2.508475,5.2288499999999996,11363.8,2.505,117.3,6784.35,4.93,4.145,1.062065,0.9314,1.846525,3.83968,182.8,8622.75,0.9179855,0.934796,1.697895,3.5502000000000002
2026-02-11 22:45:00+00:00,0.0,5.450980392156863,0.0,0.0,0.0,0.73,0.76,0.71,0.74,0.0,4.6,1.4,43.6,2.3,2.6,3.0,0.5,7.39,5.94,5.62,10.6,50.0,407.2,236.5,409.2,234.8,408.8,236.7,408.4,236.0,5.54,1.39976,1.31969,2.51522,5.23324,11364.1,2.51,117.3,6784.6,4.93,4.15,1.05803,0.932165,1.84584,3.83831,182.8,8623.0,0.917849,0.935142,1.69996,3.55242
2026-02-11 23:00:00+00:00,0.0,5.0,0.0,0.0,0.0,0.73,0.76,0.7024999999999999,0.74,0.0,4.45,3.125,43.525,1.625,0.8,2.4000000000000004,0.5,7.39,5.94,5.612500000000001,10.6,50.0,407.125,236.5,409.125,234.725,408.725,236.625,408.325,236.0,5.54,1.402385,1.3169374999999999,2.5103,5.2336675,11365.075,2.5025,117.3,6785.2,4.93,4.15,1.0597325,0.92729225,1.8437025,3.831455,182.8,8623.75,0.9190437499999999,0.9327840000000001,1.699975,3.5538825000000003
2026-02-11 23:15:00+00:00,0.0,5.405405405405405,0.0,0.0,0.0,0.73,0.7600000000000001,0.6999999999999998,0.7399999999999999,0.0,5.3,1.7,43.5,3.0,3.4,3.1,0.5,7.39,5.94,5.62,10.61,50.0,407.3,236.4,409.3999999999999,234.9,408.8999999999999,236.69999999999996,408.5,236.0,5.54,1.4041,1.32285,2.5094,5.23142,11366.0,2.5,117.3,6785.8,4.93,4.15,1.06325,0.933172,1.84285,3.83667,182.80000000000004,8624.4,0.918017,0.937175,1.70239,3.5601800000000003
2026-02-11 23:30:00+00:00,0.0,5.320754716981132,0.0,0.0,0.0,0.78,0.85,0.71,0.74,0.0,5.9,7.9,35.4,1.0,3.8,1.3,0.3,8.71,10.01,5.62,10.49,50.0,404.2,234.2,405.6,233.2,404.7,234.5,404.8,234.0,5.3,2.33939,1.30944,2.45672,6.09599,11427.1,2.45,117.3,6826.3,4.93,3.96,1.9932,0.925165,1.81509,4.73436,182.8,8670.0,1.22463,0.92485,1.65529,3.80628
2026-02-11 23:45:00+00:00,0.0,5.481481481481482,0.0,0.0,0.0,0.75,0.79,0.71,0.74,0.0,2.525,6.025,41.025,1.225,1.55,2.05,0.375,7.66,6.9125,5.6049999999999995,10.459999999999999,50.0,403.22499999999997,233.825,404.55,232.375,404.09999999999997,233.825,403.975,233.39999999999998,5.4350000000000005,1.613915,1.3008375,2.4443,5.3576075,11428.0,2.45,117.3,6826.825,4.93,4.095,1.2871425,0.92063725,1.80978,4.019909999999999,182.8,8670.675,0.967191,0.91779175,1.6436724999999999,3.5273175
